Project_ID,Project,Algorithm,Threshold_Type,Threshold,Test_Samples,Flaky_Samples,MCC,F1-Score,Macro_F1,AUC-PR,ROC-AUC,Precision,Recall,Balanced_Acc,TP,FP,TN,FN
E00,activiti,RF_Baseline,Default_0.50,0.5,2044,32,0.07217366439852602,0.06012024048096192,0.46472158582978157,0.026636531335246252,0.651986518389662,0.032119914346895075,0.46875,0.6220489562624254,15,452,1560,17
E00,activiti,RF_Baseline,Tuned_InnerCV,0.15,2044,32,0.0340407309366609,0.034383954154727794,0.15761024425619444,0.026636531335246252,0.651986518389662,0.017513134851138354,0.9375,0.5505094433399602,30,1683,329,2
E00,activiti,RF_Balanced,Default_0.50,0.5,2044,32,-0.009276596233726495,0.0,0.4946847960444994,0.03178805462104477,0.6738630715705766,0.0,0.0,0.49726640159045726,0,11,2001,32
E00,activiti,RF_Balanced,Tuned_InnerCV,0.18,2044,32,0.046862567769557766,0.03592120509849363,0.16571674141461515,0.03178805462104477,0.6738630715705766,0.01829988193624557,0.96875,0.5711046222664016,31,1663,349,1
E00,activiti,RF_SMOTE,Default_0.50,0.5,2044,32,-0.009691472598609582,0.0,0.49455984174085066,0.029436511984930372,0.7046471172962225,0.0,0.0,0.4970178926441352,0,12,2000,32
E00,activiti,RF_SMOTE,Tuned_InnerCV,0.23,2044,32,0.04141216559379035,0.035629453681710214,0.18004434414534762,0.029436511984930372,0.7046471172962225,0.018159806295399514,0.9375,0.5656684890656064,30,1622,390,2
E00,activiti,RF_RUS,Default_0.50,0.5,2044,32,0.03160947310198517,0.034013605442176874,0.15039750840095073,0.025738593278283973,0.6604435884691848,0.017321016166281754,0.9375,0.545787773359841,30,1702,310,2
E00,activiti,RF_RUS,Tuned_InnerCV,0.43,2044,32,0.020589354137414046,0.03257328990228013,0.11958139116663427,0.025738593278283973,0.6604435884691848,0.016574585635359115,0.9375,0.5264040755467196,30,1780,232,2
E00,activiti,Balanced_RF,Default_0.50,0.5,2044,32,0.03619136178567258,0.0341221794166208,0.13066743052733287,0.027028543696546614,0.6824443961232604,0.017366946778711485,0.96875,0.5484903081510935,31,1754,258,1
E00,activiti,Balanced_RF,Tuned_InnerCV,0.41,2044,32,0.029694513342421947,0.03322615219721329,0.1106724820392007,0.027028543696546614,0.6824443961232604,0.016902944383860415,0.96875,0.5363133697813122,31,1803,209,1
E00,activiti,ExtraTrees_Balanced,Default_0.50,0.5,2044,32,-0.006245071144222538,0.0,0.4954332263638608,0.025334817693831495,0.604451416500994,0.0,0.0,0.49875745526838966,0,5,2007,32
E00,activiti,ExtraTrees_Balanced,Tuned_InnerCV,0.1,2044,32,0.037011432251429305,0.034863451481696686,0.1665656505401724,0.025334817693831495,0.604451416500994,0.017761989342806393,0.9375,0.5564736580516898,30,1659,353,2
E00,activiti,XGB_Baseline,Default_0.50,0.5,2044,32,0.036643078792734686,0.03582853486884197,0.21949842585026258,0.016671873812050153,0.5464168116302186,0.018288700195950358,0.875,0.5639910536779325,28,1503,509,4
E00,activiti,XGB_Baseline,Tuned_InnerCV,0.1,2044,32,0.04222419211208817,0.03577817531305903,0.18255105364574561,0.016671873812050153,0.5464168116302186,0.0182370820668693,0.9375,0.5674080516898609,30,1615,397,2
E00,activiti,XGB_ClassWeight,Default_0.50,0.5,2044,32,-0.025119821301060913,0.0,0.48617395676219205,0.012170766350334062,0.3909045725646123,0.0,0.0,0.48061630218687873,0,78,1934,32
E00,activiti,XGB_ClassWeight,Tuned_InnerCV,0.1,2044,32,-0.03704655362337502,0.01276595744680851,0.4422591534055491,0.012170766350334062,0.3909045725646123,0.00684931506849315,0.09375,0.4387736083499006,3,435,1577,29
E00,activiti,XGB_RUS,Default_0.50,0.5,2044,32,0.02989911071260262,0.03376477208778841,0.14539818007245325,0.021113157995700772,0.5652103006958251,0.017191977077363897,0.9375,0.5425571570576541,30,1715,297,2
E00,activiti,XGB_RUS,Tuned_InnerCV,0.49664658308029175,2044,32,0.029765821279589714,0.03374578177727784,0.14501141902716705,0.021113157995700772,0.5652103006958251,0.01718213058419244,0.9375,0.542308648111332,30,1716,296,2
E00,activiti,LightGBM_Baseline,Default_0.50,0.5,2044,32,0.024681031168376694,0.03462603878116344,0.2536972856538192,0.02267273230106618,0.5455392644135189,0.017705382436260624,0.78125,0.5459430914512923,25,1387,625,7
E00,activiti,LightGBM_Baseline,Tuned_InnerCV,0.1,2044,32,0.028973154717247852,0.03405754550792719,0.1721650410977791,0.02267273230106618,0.5455392644135189,0.017354877318970677,0.90625,0.545073310139165,29,1642,370,3
E00,activiti,LightGBM_Balanced,Default_0.50,0.5,2044,32,0.050673576844283974,0.03666469544648137,0.1785325980361318,0.02470781151592593,0.6171253727634195,0.018685955394816153,0.96875,0.579802435387674,31,1628,384,1
E00,activiti,LightGBM_Balanced,Tuned_InnerCV,0.1,2044,32,0.03445878154765756,0.033092037228541885,0.08246988119551513,0.02470781151592593,0.6171253727634195,0.016824395373291272,1.0,0.5352882703777336,32,1870,142,0
E00,activiti,LightGBM_SMOTE,Default_0.50,0.5,2044,32,0.03352765735288021,0.03524229074889868,0.2108984562988191,0.023693163130111553,0.6385825670974155,0.01798330122029544,0.875,0.5575298210735586,28,1529,483,4
E00,activiti,LightGBM_SMOTE,Tuned_InnerCV,0.1,2044,32,0.04010407361019577,0.03473389355742297,0.14328965628804713,0.023693163130111553,0.6385825670974155,0.017683970336565887,0.96875,0.5564425944333996,31,1722,290,1
E00,activiti,GradientBoosting_Balanced,Default_0.50,0.5,2044,32,0.04302902463802171,0.035227272727272725,0.15292291471415181,0.033976223239081046,0.6773421968190855,0.017939814814814815,0.96875,0.5626553180914513,31,1697,315,1
E00,activiti,GradientBoosting_Balanced,Tuned_InnerCV,0.3140541064618107,2044,32,0.02964067431386905,0.03250380904012189,0.0667474212732464,0.033976223239081046,0.6773421968190855,0.016520392359318535,1.0,0.5265904572564613,32,1905,107,0
E00,activiti,LogisticRegression_Balanced,Default_0.50,0.5,2044,32,0.022904149694116267,0.032443746729461015,0.09155490046624636,0.06637764019720054,0.7444862077534791,0.016498137307078234,0.96875,0.5251304671968191,31,1848,164,1
E00,activiti,LogisticRegression_Balanced,Tuned_InnerCV,0.7,2044,32,0.02662478080689193,0.03331482509716824,0.13602776672436023,0.06637764019720054,0.7444862077534791,0.016958733747880157,0.9375,0.5365929423459245,30,1739,273,2
E00,activiti,MLP_Balanced,Default_0.50,0.5,2044,32,0.05546444921022617,0.04081632653061224,0.29093257556187035,0.02887318151969363,0.6441196570576541,0.020914020139426802,0.84375,0.6077596918489065,27,1264,748,5
E00,activiti,MLP_Balanced,Tuned_InnerCV,0.21785076155442526,2044,32,0.05979777695543567,0.0395778364116095,0.23674070669725109,0.02887318151969363,0.6441196570576541,0.02021563342318059,0.9375,0.6074179920477137,30,1454,558,2
E00,activiti,Ensemble_Voting_Refined,Default_0.50,0.5,2044,32,-0.028123669426683727,0.008658008658008658,0.4746427196517941,0.019780486836524898,0.6086139413518886,0.005025125628140704,0.03125,0.4664202286282306,1,198,1814,31
E00,activiti,Ensemble_Voting_Refined,Tuned_InnerCV,0.35,2044,32,0.04405918382736336,0.036122817579771226,0.18823034162878136,0.019780486836524898,0.6086139413518886,0.01841620626151013,0.9375,0.5713841948310139,30,1599,413,2
E01,alluxio,RF_Baseline,Default_0.50,0.5,187,116,0.05736456539533723,0.017094017094017096,0.2848115999866973,0.9941218644231263,0.990711510441962,1.0,0.008620689655172414,0.5043103448275862,1,0,71,115
E01,alluxio,RF_Baseline,Tuned_InnerCV,0.1,187,116,0.8630881898414732,0.9411764705882353,0.9281045751633987,0.9941218644231263,0.990711510441962,0.9904761904761905,0.896551724137931,0.9412336085478388,104,1,70,12
E01,alluxio,RF_Balanced,Default_0.50,0.5,187,116,0.08134470965819217,0.03389830508474576,0.2942929025423729,0.9970687260822251,0.9958717824186497,1.0,0.017241379310344827,0.5086206896551724,2,0,71,114
E01,alluxio,RF_Balanced,Tuned_InnerCV,0.17,187,116,0.8209528488334449,0.9158878504672897,0.9016939252336449,0.9970687260822251,0.9958717824186497,1.0,0.8448275862068966,0.9224137931034483,98,0,71,18
E01,alluxio,RF_SMOTE,Default_0.50,0.5,187,116,0.27074281618730883,0.29411764705882354,0.4453781512605042,0.9984063735114743,0.9978144730451676,1.0,0.1724137931034483,0.5862068965517242,20,0,71,96
E01,alluxio,RF_SMOTE,Tuned_InnerCV,0.1,187,116,0.977424817717356,0.9914529914529915,0.9885836385836386,0.9984063735114743,0.9978144730451676,0.9830508474576272,1.0,0.9859154929577465,116,2,69,0
E01,alluxio,RF_RUS,Default_0.50,0.5,187,116,0.4404151646360276,0.5590062111801242,0.6128364389233953,0.9921689830893826,0.9887081107333656,1.0,0.3879310344827586,0.6939655172413793,45,0,71,71
E01,alluxio,RF_RUS,Tuned_InnerCV,0.43,187,116,0.5115152021721073,0.6511627906976745,0.6770665438636887,0.9921689830893826,0.9887081107333656,1.0,0.4827586206896552,0.7413793103448276,56,0,71,60
E01,alluxio,Balanced_RF,Default_0.50,0.5,187,116,0.8166740605237458,0.9166666666666666,0.9013713080168776,0.998033148639336,0.9970252549781448,0.99,0.853448275862069,0.9196818844099077,99,1,70,17
E01,alluxio,Balanced_RF,Tuned_InnerCV,0.38,187,116,0.9545896066051481,0.9827586206896551,0.9772948033025741,0.998033148639336,0.9970252549781448,0.9827586206896551,0.9827586206896551,0.9772948033025741,114,2,69,2
E01,alluxio,ExtraTrees_Balanced,Default_0.50,0.5,187,116,0.16539358380849112,0.12903225806451613,0.34851612903225804,0.9986640193442489,0.9981787275376396,1.0,0.06896551724137931,0.5344827586206896,8,0,71,108
E01,alluxio,ExtraTrees_Balanced,Tuned_InnerCV,0.1,187,116,0.8250764653708892,0.9354838709677419,0.9042498719918075,0.9986640193442489,0.9981787275376396,0.8787878787878788,1.0,0.8873239436619718,116,16,55,0
E01,alluxio,XGB_Baseline,Default_0.50,0.5,187,116,0.2856732318616829,0.3188405797101449,0.46026774748219107,0.9856272088256184,0.9776590577950461,1.0,0.1896551724137931,0.5948275862068966,22,0,71,94
E01,alluxio,XGB_Baseline,Tuned_InnerCV,0.1,187,116,0.5845840450671969,0.73224043715847,0.7378479672703344,0.9856272088256184,0.9776590577950461,1.0,0.5775862068965517,0.7887931034482758,67,0,71,49
E01,alluxio,XGB_ClassWeight,Default_0.50,0.5,187,116,0.23931069931917118,0.24242424242424243,0.41460055096418735,0.9570826358399451,0.932491500728509,1.0,0.13793103448275862,0.5689655172413793,16,0,71,100
E01,alluxio,XGB_ClassWeight,Tuned_InnerCV,0.1,187,116,0.381999642510674,0.47368421052631576,0.5566619250829777,0.9570826358399451,0.932491500728509,1.0,0.3103448275862069,0.6551724137931034,36,0,71,80
E01,alluxio,XGB_RUS,Default_0.50,0.5,187,116,0.27074281618730883,0.29411764705882354,0.4453781512605042,0.9512423730506852,0.9414764448761535,1.0,0.1724137931034483,0.5862068965517242,20,0,71,96
E01,alluxio,XGB_RUS,Tuned_InnerCV,0.1,187,116,0.48770764102582465,0.6703910614525139,0.6839134794442057,0.9512423730506852,0.9414764448761535,0.9523809523809523,0.5172413793103449,0.7374939290917921,60,3,68,56
E01,alluxio,LightGBM_Baseline,Default_0.50,0.5,187,116,0.05736456539533723,0.017094017094017096,0.2848115999866973,0.9670266216631056,0.9634531325886353,1.0,0.008620689655172414,0.5043103448275862,1,0,71,115
E01,alluxio,LightGBM_Baseline,Tuned_InnerCV,0.1,187,116,0.26310090343037307,0.2814814814814815,0.43781187044785375,0.9670266216631056,0.9634531325886353,1.0,0.16379310344827586,0.5818965517241379,19,0,71,97
E01,alluxio,LightGBM_Balanced,Default_0.50,0.5,187,116,0.3143937585658223,0.36619718309859156,0.4891330743079164,0.9145726829255981,0.8601262748907237,1.0,0.22413793103448276,0.6120689655172413,26,0,71,90
E01,alluxio,LightGBM_Balanced,Tuned_InnerCV,0.16714837659495657,187,116,0.41606947255072824,0.5696969696969697,0.6149920255183413,0.9145726829255981,0.8601262748907237,0.9591836734693877,0.4051724137931034,0.6885016998542982,47,2,69,69
E01,alluxio,LightGBM_SMOTE,Default_0.50,0.5,187,116,0.0998968733612135,0.05042016806722689,0.3036414565826331,0.9823964433814191,0.9775376396308888,1.0,0.02586206896551724,0.5129310344827587,3,0,71,113
E01,alluxio,LightGBM_SMOTE,Tuned_InnerCV,0.1,187,116,0.4081046169452613,0.5128205128205128,0.5820983298047517,0.9823964433814191,0.9775376396308888,1.0,0.3448275862068966,0.6724137931034483,40,0,71,76
E01,alluxio,GradientBoosting_Balanced,Default_0.50,0.5,187,116,0.3473635044203292,0.4774193548387097,0.5537781705700398,0.9479262853972386,0.9432977173385139,0.9487179487179487,0.31896551724137934,0.6453982515784362,37,2,69,79
E01,alluxio,GradientBoosting_Balanced,Tuned_InnerCV,0.3248271427391522,187,116,0.5212481787275376,0.7165775401069518,0.7165775401069518,0.9479262853972386,0.9432977173385139,0.9436619718309859,0.5775862068965517,0.7606240893637688,67,4,67,49
E01,alluxio,LogisticRegression_Balanced,Default_0.50,0.5,187,116,-0.14317225997192043,0.14388489208633093,0.31875095668146336,0.5664104262435701,0.30111704711024767,0.43478260869565216,0.08620689655172414,0.4515541525012142,10,13,58,106
E01,alluxio,LogisticRegression_Balanced,Tuned_InnerCV,0.7,187,116,0.14244149313813853,0.09836065573770492,0.3309263596148842,0.5664104262435701,0.30111704711024767,1.0,0.05172413793103448,0.5258620689655172,6,0,71,110
E01,alluxio,MLP_Balanced,Default_0.50,0.5,187,116,0.26310090343037307,0.2814814814814815,0.43781187044785375,0.9627329539450409,0.9283632831471588,1.0,0.16379310344827586,0.5818965517241379,19,0,71,97
E01,alluxio,MLP_Balanced,Tuned_InnerCV,0.19506218314541673,187,116,0.6473594416245535,0.7916666666666666,0.7859432234432234,0.9627329539450409,0.9283632831471588,1.0,0.6551724137931034,0.8275862068965517,76,0,71,40
E01,alluxio,Ensemble_Voting_Refined,Default_0.50,0.5,187,116,0.24740027597341951,0.2556390977443609,0.42242535800081116,0.9818789418613064,0.9771733851384167,1.0,0.14655172413793102,0.5732758620689655,17,0,71,99
E01,alluxio,Ensemble_Voting_Refined,Tuned_InnerCV,0.35,187,116,0.3143937585658223,0.36619718309859156,0.4891330743079164,0.9818789418613064,0.9771733851384167,1.0,0.22413793103448276,0.6120689655172413,26,0,71,90
E02,ambari,RF_Baseline,Default_0.50,0.5,324,52,0.3061893809776757,0.38095238095238093,0.6443768996960486,0.5170281490627601,0.8397200226244343,0.5,0.3076923076923077,0.6244343891402715,16,16,256,36
E02,ambari,RF_Baseline,Tuned_InnerCV,0.1,324,52,0.41729746115377675,0.4784688995215311,0.6150886638837724,0.5170281490627601,0.8397200226244343,0.3184713375796178,0.9615384615384616,0.7840780542986425,50,107,165,2
E02,ambari,RF_Balanced,Default_0.50,0.5,324,52,0.41349254254555623,0.5161290322580645,0.7008126077320858,0.5235229824228224,0.8659148755656108,0.4444444444444444,0.6153846153846154,0.7341628959276019,32,40,232,20
E02,ambari,RF_Balanced,Tuned_InnerCV,0.1,324,52,0.396742263973132,0.45739910313901344,0.5863466103930361,0.5235229824228224,0.8659148755656108,0.2982456140350877,0.9807692307692307,0.7697963800904977,51,120,152,1
E02,ambari,RF_SMOTE,Default_0.50,0.5,324,52,0.3110553319442991,0.43103448275862066,0.6534871661913404,0.4507177114920264,0.835866798642534,0.390625,0.4807692307692308,0.6686934389140271,25,39,233,27
E02,ambari,RF_SMOTE,Tuned_InnerCV,0.22,324,52,0.49310242604448673,0.5434782608695652,0.6812218890554722,0.4507177114920264,0.835866798642534,0.3787878787878788,0.9615384615384616,0.8300339366515836,50,82,190,2
E02,ambari,RF_RUS,Default_0.50,0.5,324,52,0.38535510929954747,0.4900662251655629,0.6675683238503871,0.4294122470246752,0.8443156108597285,0.37373737373737376,0.7115384615384616,0.7417986425339367,37,62,210,15
E02,ambari,RF_RUS,Tuned_InnerCV,0.39,324,52,0.4694235623346759,0.5268817204301075,0.6682027649769585,0.4294122470246752,0.8443156108597285,0.3656716417910448,0.9423076923076923,0.8149038461538461,49,85,187,3
E02,ambari,Balanced_RF,Default_0.50,0.5,324,52,0.47360572930469397,0.5263157894736842,0.6649046196276718,0.4456926281498586,0.8534007352941176,0.36231884057971014,0.9615384615384616,0.8190045248868778,50,88,184,2
E02,ambari,Balanced_RF,Tuned_InnerCV,0.32,324,52,0.37909003265830515,0.4434782608695652,0.5686290825878926,0.4456926281498586,0.8534007352941176,0.28651685393258425,0.9807692307692307,0.7569287330316742,51,127,145,1
E02,ambari,ExtraTrees_Balanced,Default_0.50,0.5,324,52,0.3579277493512568,0.39473684210526316,0.6571586308428414,0.5699709782908478,0.8722072963800905,0.625,0.28846153846153844,0.6276866515837104,15,9,263,37
E02,ambari,ExtraTrees_Balanced,Tuned_InnerCV,0.1,324,52,0.41452603940430804,0.47619047619047616,0.6125244618395302,0.5699709782908478,0.8722072963800905,0.31645569620253167,0.9615384615384616,0.7822398190045249,50,108,164,2
E02,ambari,XGB_Baseline,Default_0.50,0.5,324,52,0.2496959866938786,0.36893203883495146,0.62483299189454,0.4802991265986236,0.8375282805429863,0.37254901960784315,0.36538461538461536,0.623868778280543,19,32,240,33
E02,ambari,XGB_Baseline,Tuned_InnerCV,0.1,324,52,0.4175906937400011,0.5185185185185185,0.695906432748538,0.4802991265986236,0.8375282805429863,0.42168674698795183,0.6730769230769231,0.7483031674208145,35,48,224,17
E02,ambari,XGB_ClassWeight,Default_0.50,0.5,324,52,0.43246597994730346,0.5285714285714286,0.6993250843644545,0.5103177931723161,0.863899886877828,0.42045454545454547,0.7115384615384616,0.7620192307692308,37,51,221,15
E02,ambari,XGB_ClassWeight,Tuned_InnerCV,0.1,324,52,0.49986177857100017,0.5536723163841808,0.6929720392961244,0.5103177931723161,0.863899886877828,0.392,0.9423076923076923,0.8314479638009049,49,76,196,3
E02,ambari,XGB_RUS,Default_0.50,0.5,324,52,0.4860940272198256,0.5454545454545454,0.6879815100154083,0.4129956231570894,0.8410633484162896,0.3870967741935484,0.9230769230769231,0.8218325791855203,48,76,196,4
E02,ambari,XGB_RUS,Tuned_InnerCV,0.1577407270669937,324,52,0.40450405440899495,0.4636363636363636,0.5939677145284622,0.4129956231570894,0.8410633484162896,0.30357142857142855,0.9807692307692307,0.7753110859728507,51,117,155,1
E02,ambari,LightGBM_Baseline,Default_0.50,0.5,324,52,0.23324125036551555,0.3037974683544304,0.603568329959289,0.4867354963590576,0.841558257918552,0.4444444444444444,0.23076923076923078,0.5878110859728507,12,15,257,40
E02,ambari,LightGBM_Baseline,Tuned_InnerCV,0.1,324,52,0.3689494277557932,0.48120300751879697,0.6736112124972626,0.4867354963590576,0.841558257918552,0.3950617283950617,0.6153846153846154,0.717618778280543,32,49,223,20
E02,ambari,LightGBM_Balanced,Default_0.50,0.5,324,52,0.4177623024957549,0.5131578947368421,0.6819821731748728,0.3697642260263923,0.8286199095022624,0.39,0.75,0.7628676470588236,39,61,211,13
E02,ambari,LightGBM_Balanced,Tuned_InnerCV,0.1,324,52,0.4097494367458416,0.46788990825688076,0.5990612331982078,0.3697642260263923,0.8286199095022624,0.3072289156626506,0.9807692307692307,0.778987556561086,51,115,157,1
E02,ambari,LightGBM_SMOTE,Default_0.50,0.5,324,52,0.18586729224042517,0.32432432432432434,0.5923297599275252,0.3565133859591901,0.8166006787330317,0.3050847457627119,0.34615384615384615,0.5977092760180995,18,41,231,34
E02,ambari,LightGBM_SMOTE,Tuned_InnerCV,0.1,324,52,0.4673107818110834,0.5208333333333334,0.6595394736842106,0.3565133859591901,0.8166006787330317,0.35714285714285715,0.9615384615384616,0.8153280542986425,50,90,182,2
E02,ambari,GradientBoosting_Balanced,Default_0.50,0.5,324,52,0.43141635195221545,0.49019607843137253,0.6279809220985691,0.44943345148447555,0.8392604638009049,0.32894736842105265,0.9615384615384616,0.7932692307692308,50,102,170,2
E02,ambari,GradientBoosting_Balanced,Tuned_InnerCV,0.4471166009535734,324,52,0.4200858746866912,0.4807692307692308,0.6176573426573426,0.44943345148447555,0.8392604638009049,0.32051282051282054,0.9615384615384616,0.7859162895927603,50,106,166,2
E02,ambari,LogisticRegression_Balanced,Default_0.50,0.5,324,52,0.06005916431857797,0.2810810810810811,0.1621232743534902,0.3059862105971241,0.7807550904977375,0.16352201257861634,1.0,0.5110294117647058,52,266,6,0
E02,ambari,LogisticRegression_Balanced,Tuned_InnerCV,0.7,324,52,0.15937712984840885,0.3076923076923077,0.27642679900744416,0.3059862105971241,0.7807550904977375,0.18181818181818182,1.0,0.5698529411764706,52,234,38,0
E02,ambari,MLP_Balanced,Default_0.50,0.5,324,52,0.3893963600155133,0.49333333333333335,0.6703614457831325,0.3932041388335085,0.8479920814479638,0.37755102040816324,0.7115384615384616,0.7436368778280543,37,61,211,15
E02,ambari,MLP_Balanced,Tuned_InnerCV,0.11897154259934659,324,52,0.4687945473407369,0.5340909090909091,0.6801810477657935,0.3932041388335085,0.8479920814479638,0.3790322580645161,0.9038461538461539,0.8103789592760181,47,77,195,5
E02,ambari,Ensemble_Voting_Refined,Default_0.50,0.5,324,52,0.46160147148453845,0.547945205479452,0.7082355509468974,0.49027306600946013,0.858243778280543,0.425531914893617,0.7692307692307693,0.7853506787330318,40,54,218,12
E02,ambari,Ensemble_Voting_Refined,Tuned_InnerCV,0.35,324,52,0.5004389874869519,0.5581395348837209,0.6992378346687512,0.49027306600946013,0.858243778280543,0.4,0.9230769230769231,0.829185520361991,48,72,200,4
E03,commons-exec,RF_Baseline,Default_0.50,0.5,55,1,0.0,0.0,0.4954128440366973,0.25,0.9444444444444445,0.0,0.0,0.5,0,0,54,1
E03,commons-exec,RF_Baseline,Tuned_InnerCV,0.14,55,1,0.485912657903775,0.4,0.6857142857142857,0.25,0.9444444444444445,0.25,1.0,0.9722222222222222,1,3,51,0
E03,commons-exec,RF_Balanced,Default_0.50,0.5,55,1,0.0,0.0,0.4954128440366973,0.25,0.9444444444444445,0.0,0.0,0.5,0,0,54,1
E03,commons-exec,RF_Balanced,Tuned_InnerCV,0.29,55,1,0.485912657903775,0.4,0.6857142857142857,0.25,0.9444444444444445,0.25,1.0,0.9722222222222222,1,3,51,0
E03,commons-exec,RF_SMOTE,Default_0.50,0.5,55,1,0.0,0.0,0.4954128440366973,1.0,1.0,0.0,0.0,0.5,0,0,54,1
E03,commons-exec,RF_SMOTE,Tuned_InnerCV,0.25,55,1,0.3563483225498992,0.25,0.5955882352941176,1.0,1.0,0.14285714285714285,1.0,0.9444444444444444,1,6,48,0
E03,commons-exec,RF_RUS,Default_0.50,0.5,55,1,0.485912657903775,0.4,0.6857142857142857,0.25,0.9444444444444444,0.25,1.0,0.9722222222222222,1,3,51,0
E03,commons-exec,RF_RUS,Tuned_InnerCV,0.34,55,1,0.3888888888888889,0.2857142857142857,0.6185852981969486,0.25,0.9444444444444444,0.16666666666666666,1.0,0.9537037037037037,1,5,49,0
E03,commons-exec,Balanced_RF,Default_0.50,0.5,55,1,0.3888888888888889,0.2857142857142857,0.6185852981969486,1.0,1.0,0.16666666666666666,1.0,0.9537037037037037,1,5,49,0
E03,commons-exec,Balanced_RF,Tuned_InnerCV,0.48,55,1,0.3563483225498992,0.25,0.5955882352941176,1.0,1.0,0.14285714285714285,1.0,0.9444444444444444,1,6,48,0
E03,commons-exec,ExtraTrees_Balanced,Default_0.50,0.5,55,1,0.0,0.0,0.4954128440366973,0.5,0.9814814814814814,0.0,0.0,0.5,0,0,54,1
E03,commons-exec,ExtraTrees_Balanced,Tuned_InnerCV,0.22,55,1,0.2721655269759087,0.16666666666666666,0.532312925170068,0.5,0.9814814814814814,0.09090909090909091,1.0,0.9074074074074074,1,10,44,0
E03,commons-exec,XGB_Baseline,Default_0.50,0.5,55,1,-0.03268602252303067,0.0,0.4811320754716981,0.09090909090909091,0.8148148148148148,0.0,0.0,0.4722222222222222,0,3,51,1
E03,commons-exec,XGB_Baseline,Tuned_InnerCV,0.1,55,1,-0.047619047619047616,0.0,0.46601941747572817,0.09090909090909091,0.8148148148148148,0.0,0.0,0.4444444444444444,0,6,48,1
E03,commons-exec,XGB_ClassWeight,Default_0.50,0.5,55,1,0.485912657903775,0.4,0.6857142857142857,0.3333333333333333,0.9629629629629629,0.25,1.0,0.9722222222222222,1,3,51,0
E03,commons-exec,XGB_ClassWeight,Tuned_InnerCV,0.1,55,1,0.24459979523511424,0.14285714285714285,0.5089285714285714,0.3333333333333333,0.9629629629629629,0.07692307692307693,1.0,0.8888888888888888,1,12,42,0
E03,commons-exec,XGB_RUS,Default_0.50,0.5,55,1,0.43033148291193524,0.3333333333333333,0.6474358974358975,1.0,1.0,0.2,1.0,0.962962962962963,1,4,50,0
E03,commons-exec,XGB_RUS,Tuned_InnerCV,0.10109134763479233,55,1,0.21245914639969937,0.11764705882352941,0.47817836812144215,1.0,1.0,0.0625,1.0,0.8611111111111112,1,15,39,0
E03,commons-exec,LightGBM_Baseline,Default_0.50,0.5,55,1,-0.018518518518518517,0.0,0.49074074074074076,0.5,0.9814814814814815,0.0,0.0,0.49074074074074076,0,1,53,1
E03,commons-exec,LightGBM_Baseline,Tuned_InnerCV,0.1,55,1,0.485912657903775,0.4,0.6857142857142857,0.5,0.9814814814814815,0.25,1.0,0.9722222222222222,1,3,51,0
E03,commons-exec,LightGBM_Balanced,Default_0.50,0.5,55,1,0.3888888888888889,0.2857142857142857,0.6185852981969486,0.25,0.9444444444444444,0.16666666666666666,1.0,0.9537037037037037,1,5,49,0
E03,commons-exec,LightGBM_Balanced,Tuned_InnerCV,0.35472114647228675,55,1,0.3298428357510533,0.2222222222222222,0.5764576457645765,0.25,0.9444444444444444,0.125,1.0,0.9351851851851851,1,7,47,0
E03,commons-exec,LightGBM_SMOTE,Default_0.50,0.5,55,1,-0.018518518518518517,0.0,0.49074074074074076,0.14285714285714285,0.888888888888889,0.0,0.0,0.49074074074074076,0,1,53,1
E03,commons-exec,LightGBM_SMOTE,Tuned_InnerCV,0.3943390565722633,55,1,-0.02643505285727147,0.0,0.48598130841121495,0.14285714285714285,0.888888888888889,0.0,0.0,0.48148148148148145,0,2,52,1
E03,commons-exec,GradientBoosting_Balanced,Default_0.50,0.5,55,1,0.3298428357510533,0.2222222222222222,0.5764576457645765,0.5,0.9814814814814815,0.125,1.0,0.9351851851851851,1,7,47,0
E03,commons-exec,GradientBoosting_Balanced,Tuned_InnerCV,0.4368572550417211,55,1,0.3076527356636324,0.2,0.56,0.5,0.9814814814814815,0.1111111111111111,1.0,0.9259259259259259,1,8,46,0
E03,commons-exec,LogisticRegression_Balanced,Default_0.50,0.5,55,1,0.24459979523511424,0.14285714285714285,0.5089285714285714,0.16666666666666666,0.9074074074074074,0.07692307692307693,1.0,0.8888888888888888,1,12,42,0
E03,commons-exec,LogisticRegression_Balanced,Tuned_InnerCV,0.7,55,1,0.3888888888888889,0.2857142857142857,0.6185852981969486,0.16666666666666666,0.9074074074074074,0.16666666666666666,1.0,0.9537037037037037,1,5,49,0
E03,commons-exec,MLP_Balanced,Default_0.50,0.5,55,1,1.0,1.0,1.0,1.0,1.0,1.0,1.0,1.0,1,0,54,0
E03,commons-exec,MLP_Balanced,Tuned_InnerCV,0.12629264217529237,55,1,0.3563483225498992,0.25,0.5955882352941176,1.0,1.0,0.14285714285714285,1.0,0.9444444444444444,1,6,48,0
E03,commons-exec,Ensemble_Voting_Refined,Default_0.50,0.5,55,1,0.43033148291193524,0.3333333333333333,0.6474358974358975,0.3333333333333333,0.9629629629629629,0.2,1.0,0.962962962962963,1,4,50,0
E03,commons-exec,Ensemble_Voting_Refined,Tuned_InnerCV,0.35,55,1,0.3888888888888889,0.2857142857142857,0.6185852981969486,0.3333333333333333,0.9629629629629629,0.16666666666666666,1.0,0.9537037037037037,1,5,49,0
E04,hbase,RF_Baseline,Default_0.50,0.5,431,145,0.0,0.0,0.398884239888424,0.6524363808322183,0.7690137448758139,0.0,0.0,0.5,0,0,286,145
E04,hbase,RF_Baseline,Tuned_InnerCV,0.17,431,145,0.3803781094662995,0.4585365853658537,0.644793406838178,0.6524363808322183,0.7690137448758139,0.7833333333333333,0.32413793103448274,0.6393416927899687,47,13,273,98
E04,hbase,RF_Balanced,Default_0.50,0.5,431,145,-0.03433734853821564,0.0,0.39804469273743015,0.6508837366213621,0.7957800819869785,0.0,0.0,0.4982517482517482,0,1,285,145
E04,hbase,RF_Balanced,Tuned_InnerCV,0.18,431,145,0.35892945071198323,0.44660194174757284,0.6364107269713474,0.6508837366213621,0.7957800819869785,0.7540983606557377,0.31724137931034485,0.6323969134313963,46,15,271,99
E04,hbase,RF_SMOTE,Default_0.50,0.5,431,145,0.0,0.0,0.398884239888424,0.6401288294139496,0.7744152399324814,0.0,0.0,0.5,0,0,286,145
E04,hbase,RF_SMOTE,Tuned_InnerCV,0.31,431,145,0.30229011841143927,0.3645833333333333,0.5912468905472636,0.6401288294139496,0.7744152399324814,0.7446808510638298,0.2413793103448276,0.5997106341933928,35,12,274,110
E04,hbase,RF_RUS,Default_0.50,0.5,431,145,0.31893841951598123,0.3684210526315789,0.5949248120300752,0.7046323033342765,0.8126597540390642,0.7777777777777778,0.2413793103448276,0.6032071376898963,35,10,276,110
E04,hbase,RF_RUS,Tuned_InnerCV,0.28,431,145,0.5696753981523202,0.6923076923076923,0.7797086634295937,0.7046323033342765,0.8126597540390642,0.782608695652174,0.6206896551724138,0.7666385338799132,90,25,261,55
E04,hbase,Balanced_RF,Default_0.50,0.5,431,145,0.4187259564690826,0.5116279069767442,0.6746702131483412,0.667316629108762,0.7988063660477454,0.7857142857142857,0.3793103448275862,0.6634313961900169,55,15,271,90
E04,hbase,Balanced_RF,Tuned_InnerCV,0.34,431,145,0.520355583603831,0.6761565836298933,0.7597650388028985,0.667316629108762,0.7988063660477454,0.6985294117647058,0.6551724137931034,0.75590788521823,95,41,245,50
E04,hbase,ExtraTrees_Balanced,Default_0.50,0.5,431,145,0.0,0.0,0.398884239888424,0.6075666306352352,0.762671810947673,0.0,0.0,0.5,0,0,286,145
E04,hbase,ExtraTrees_Balanced,Tuned_InnerCV,0.13,431,145,0.3018915059374646,0.3711340206185567,0.5942496450398173,0.6075666306352352,0.762671810947673,0.7346938775510204,0.2482758620689655,0.6014106583072101,36,13,273,109
E04,hbase,XGB_Baseline,Default_0.50,0.5,431,145,0.0,0.0,0.398884239888424,0.5083679881149971,0.6803472389679286,0.0,0.0,0.5,0,0,286,145
E04,hbase,XGB_Baseline,Tuned_InnerCV,0.31453877687454224,431,145,0.014576852113388992,0.02666666666666667,0.41080524344569286,0.5083679881149971,0.6803472389679286,0.4,0.013793103448275862,0.5016517964793826,2,3,283,143
E04,hbase,XGB_ClassWeight,Default_0.50,0.5,431,145,0.08304639080971833,0.052980132450331126,0.4259274783208055,0.4380391860396786,0.5993971545695683,0.6666666666666666,0.027586206896551724,0.5102965999517723,4,2,284,141
E04,hbase,XGB_ClassWeight,Tuned_InnerCV,0.33953922986984253,431,145,0.15845159193906905,0.14814814814814814,0.4755026455026455,0.4380391860396786,0.5993971545695683,0.7058823529411765,0.08275862068965517,0.5326380516035688,12,5,281,133
E04,hbase,XGB_RUS,Default_0.50,0.5,431,145,0.0793657016302475,0.1511627906976744,0.4697842938995619,0.4989941321023851,0.6968652037617554,0.48148148148148145,0.0896551724137931,0.520352061731372,13,14,272,132
E04,hbase,XGB_RUS,Tuned_InnerCV,0.32069382071495056,431,145,0.14719499058964955,0.26804123711340205,0.5277331934070004,0.4989941321023851,0.6968652037617554,0.5306122448979592,0.1793103448275862,0.5494453822040029,26,23,263,119
E04,hbase,LightGBM_Baseline,Default_0.50,0.5,431,145,0.0,0.0,0.398884239888424,0.5802873430252076,0.7166626476971303,0.0,0.0,0.5,0,0,286,145
E04,hbase,LightGBM_Baseline,Tuned_InnerCV,0.1,431,145,0.26277838438463275,0.32085561497326204,0.5663537334125569,0.5802873430252076,0.7166626476971303,0.7142857142857143,0.20689655172413793,0.582469254883048,30,12,274,115
E04,hbase,LightGBM_Balanced,Default_0.50,0.5,431,145,0.232753399111791,0.3282051282051282,0.5659016645523393,0.542262958573996,0.6865203761755485,0.64,0.2206896551724138,0.5788762961176754,32,18,268,113
E04,hbase,LightGBM_Balanced,Tuned_InnerCV,0.697665728935925,431,145,0.22660947756344563,0.20481927710843373,0.5075820523473202,0.542262958573996,0.6865203761755485,0.8095238095238095,0.11724137931034483,0.5516276826621654,17,4,282,128
E04,hbase,LightGBM_SMOTE,Default_0.50,0.5,431,145,0.0,0.0,0.398884239888424,0.5482432767241242,0.7425367735712564,0.0,0.0,0.5,0,0,286,145
E04,hbase,LightGBM_SMOTE,Tuned_InnerCV,0.209664649213464,431,145,-0.0005481639386551596,0.013513513513513514,0.4045158603982133,0.5482432767241242,0.7425367735712564,0.3333333333333333,0.006896551724137931,0.4999517723655655,1,2,284,144
E04,hbase,GradientBoosting_Balanced,Default_0.50,0.5,431,145,0.3547310663001663,0.4888888888888889,0.6541775684632828,0.6510789810940573,0.7810585965758381,0.6875,0.3793103448275862,0.6459488787074994,55,25,261,90
E04,hbase,GradientBoosting_Balanced,Tuned_InnerCV,0.7,431,145,0.29409043061113793,0.36923076923076925,0.5924114865644101,0.6510789810940573,0.7810585965758381,0.72,0.2482758620689655,0.5996624065589583,36,14,272,109
E04,hbase,LogisticRegression_Balanced,Default_0.50,0.5,431,145,0.40205319392870775,0.6253687315634219,0.691269451823776,0.6989922760297761,0.789462261876055,0.5463917525773195,0.7310344827586207,0.7116710875331564,106,88,198,39
E04,hbase,LogisticRegression_Balanced,Tuned_InnerCV,0.5836145632067603,431,145,0.4652396703683663,0.6486486486486487,0.7324515328048897,0.6989922760297761,0.789462261876055,0.6357615894039735,0.6620689655172414,0.7348806366047745,96,55,231,49
E04,hbase,MLP_Balanced,Default_0.50,0.5,431,145,0.08471856267883507,0.040268456375838924,0.41985372327908355,0.4897900474300083,0.6115264046298529,0.75,0.020689655172413793,0.5085965758379551,3,1,285,142
E04,hbase,MLP_Balanced,Tuned_InnerCV,0.11634746057903493,431,145,0.22875323651546797,0.27624309392265195,0.5419394617924567,0.4897900474300083,0.6115264046298529,0.6944444444444444,0.1724137931034483,0.5669761273209549,25,11,275,120
E04,hbase,Ensemble_Voting_Refined,Default_0.50,0.5,431,145,0.18367975452707747,0.16049382716049382,0.48310405643738974,0.6073867034456066,0.7505425608873885,0.7647058823529411,0.0896551724137931,0.5378345792138896,13,4,282,132
E04,hbase,Ensemble_Voting_Refined,Tuned_InnerCV,0.35,431,145,0.28642185440268314,0.36082474226804123,0.5875979998765356,0.6073867034456066,0.7505425608873885,0.7142857142857143,0.2413793103448276,0.5962141306968893,35,14,272,110
E05,httpcore,RF_Baseline,Default_0.50,0.5,712,22,0.0,0.0,0.4921540656205421,0.3488301249920164,0.9282938076416338,0.0,0.0,0.5,0,0,690,22
E05,httpcore,RF_Baseline,Tuned_InnerCV,0.23,712,22,0.38947897271543447,0.40816326530612246,0.6935361781076067,0.3488301249920164,0.9282938076416338,0.37037037037037035,0.45454545454545453,0.7149538866930171,10,17,673,12
E05,httpcore,RF_Balanced,Default_0.50,0.5,712,22,0.08217995448836268,0.07407407407407407,0.5280892918688194,0.2987139128077642,0.9374176548089592,0.2,0.045454545454545456,0.5198287220026351,1,4,686,21
E05,httpcore,RF_Balanced,Tuned_InnerCV,0.2,712,22,0.4644472941855591,0.4507042253521127,0.7109396958246151,0.2987139128077642,0.9374176548089592,0.32653061224489793,0.7272727272727273,0.8397233201581028,16,33,657,6
E05,httpcore,RF_SMOTE,Default_0.50,0.5,712,22,0.20376235334498957,0.15384615384615385,0.5690546935182128,0.3692702247415304,0.9397891963109354,0.5,0.09090909090909091,0.5440052700922267,2,2,688,20
E05,httpcore,RF_SMOTE,Tuned_InnerCV,0.32,712,22,0.39025032938076415,0.4090909090909091,0.6951251646903821,0.3692702247415304,0.9397891963109354,0.4090909090909091,0.4090909090909091,0.6951251646903821,9,13,677,13
E05,httpcore,RF_RUS,Default_0.50,0.5,712,22,0.4148825769081321,0.43137254901960786,0.7051254587778302,0.40779540242472967,0.9465085638998684,0.3793103448275862,0.5,0.7369565217391305,11,18,672,11
E05,httpcore,RF_RUS,Tuned_InnerCV,0.32,712,22,0.5306518173846423,0.4772727272727273,0.7214207947740883,0.40779540242472967,0.9465085638998684,0.3181818181818182,0.9545454545454546,0.9446640316205535,21,45,645,1
E05,httpcore,Balanced_RF,Default_0.50,0.5,712,22,0.4965091977593537,0.4788732394366197,0.7257633011669425,0.4020765214232156,0.9381422924901186,0.3469387755102041,0.7727272727272727,0.8631752305665349,17,32,658,5
E05,httpcore,Balanced_RF,Tuned_InnerCV,0.56,712,22,0.5064840597509274,0.5,0.7382352941176471,0.4020765214232156,0.9381422924901186,0.38095238095238093,0.7272727272727273,0.8447957839262188,16,26,664,6
E05,httpcore,ExtraTrees_Balanced,Default_0.50,0.5,712,22,-0.006696563550883317,0.0,0.4917915774446824,0.12502528473991337,0.819532279314888,0.0,0.0,0.49927536231884057,0,1,689,22
E05,httpcore,ExtraTrees_Balanced,Tuned_InnerCV,0.2,712,22,0.22383449314456297,0.24242424242424243,0.6028026955862007,0.12502528473991337,0.819532279314888,0.18181818181818182,0.36363636363636365,0.6557312252964427,8,36,654,14
E05,httpcore,XGB_Baseline,Default_0.50,0.5,712,22,0.20376235334498957,0.15384615384615385,0.5690546935182128,0.2364570683757838,0.8850790513833992,0.5,0.09090909090909091,0.5440052700922267,2,2,688,20
E05,httpcore,XGB_Baseline,Tuned_InnerCV,0.15717799961566925,712,22,0.19151088852237283,0.21739130434782608,0.5956332428850887,0.2364570683757838,0.8850790513833992,0.20833333333333334,0.22727272727272727,0.5998682476943347,5,19,671,17
E05,httpcore,XGB_ClassWeight,Default_0.50,0.5,712,22,0.1309034937929928,0.16,0.5647161572052402,0.1283676622555254,0.7938735177865613,0.14285714285714285,0.18181818181818182,0.5735177865612648,4,24,666,18
E05,httpcore,XGB_ClassWeight,Tuned_InnerCV,0.5074539184570312,712,22,0.1309034937929928,0.16,0.5647161572052402,0.1283676622555254,0.7938735177865613,0.14285714285714285,0.18181818181818182,0.5735177865612648,4,24,666,18
E05,httpcore,XGB_RUS,Default_0.50,0.5,712,22,0.465144034665253,0.44155844155844154,0.7048178250850856,0.39593290850023083,0.9158432147562583,0.3090909090909091,0.7727272727272727,0.8588274044795784,17,38,652,5
E05,httpcore,XGB_RUS,Tuned_InnerCV,0.588529109954834,712,22,0.48514946603262743,0.4838709677419355,0.7301880536213349,0.39593290850023083,0.9158432147562583,0.375,0.6818181818181818,0.8227931488801054,15,25,665,7
E05,httpcore,LightGBM_Baseline,Default_0.50,0.5,712,22,0.11368754472597517,0.08,0.5317798427448177,0.43430370758410164,0.943939393939394,0.3333333333333333,0.045454545454545456,0.521277997364954,1,2,688,21
E05,httpcore,LightGBM_Baseline,Tuned_InnerCV,0.1,712,22,0.4934963529058639,0.48484848484848486,0.7299058329986166,0.43430370758410164,0.943939393939394,0.36363636363636365,0.7272727272727273,0.8433465085638998,16,28,662,6
E05,httpcore,LightGBM_Balanced,Default_0.50,0.5,712,22,0.43904916045741227,0.4,0.67976011994003,0.3476471432456043,0.9314558629776022,0.2647058823529412,0.8181818181818182,0.8728590250329381,18,50,640,4
E05,httpcore,LightGBM_Balanced,Tuned_InnerCV,0.1,712,22,0.24776091364371763,0.1721311475409836,0.5004723534315088,0.3476471432456043,0.9314558629776022,0.0945945945945946,0.9545454545454546,0.8316205533596839,21,201,489,1
E05,httpcore,LightGBM_SMOTE,Default_0.50,0.5,712,22,0.43715415019762843,0.45454545454545453,0.7185770750988142,0.4260397760444008,0.9302371541501976,0.45454545454545453,0.45454545454545453,0.7185770750988142,10,12,678,12
E05,httpcore,LightGBM_SMOTE,Tuned_InnerCV,0.1,712,22,0.3619375211345637,0.3103448275862069,0.6245913740377518,0.4260397760444008,0.9302371541501976,0.19148936170212766,0.8181818181818182,0.8540184453227933,18,76,614,4
E05,httpcore,GradientBoosting_Balanced,Default_0.50,0.5,712,22,0.4902604226532565,0.42857142857142855,0.6931695755225167,0.48249841680112066,0.9360671936758894,0.27631578947368424,0.9545454545454546,0.9374176548089592,21,55,635,1
E05,httpcore,GradientBoosting_Balanced,Tuned_InnerCV,0.7,712,22,0.515575361949944,0.4810126582278481,0.7252646934261917,0.48249841680112066,0.9360671936758894,0.3333333333333333,0.8636363636363636,0.9042819499341239,19,38,652,3
E05,httpcore,LogisticRegression_Balanced,Default_0.50,0.5,712,22,0.25759741575773104,0.24074074074074073,0.589215355172802,0.14207111947271847,0.7991436100131754,0.1511627906976744,0.5909090909090909,0.7425559947299079,13,73,617,9
E05,httpcore,LogisticRegression_Balanced,Tuned_InnerCV,0.6153251229434986,712,22,0.21403097593784584,0.2318840579710145,0.5963848334135515,0.14207111947271847,0.7991436100131754,0.1702127659574468,0.36363636363636365,0.6535573122529644,8,39,651,14
E05,httpcore,MLP_Balanced,Default_0.50,0.5,712,22,0.11663316073486275,0.125,0.5524425287356323,0.12160771640487546,0.7685111989459816,0.2,0.09090909090909091,0.53965744400527,2,8,682,20
E05,httpcore,MLP_Balanced,Tuned_InnerCV,0.27422296039922706,712,22,0.12635643803516117,0.15,0.5627167630057803,0.12160771640487546,0.7685111989459816,0.16666666666666666,0.13636363636363635,0.5573122529644269,3,15,675,19
E05,httpcore,Ensemble_Voting_Refined,Default_0.50,0.5,712,22,0.28145531637720755,0.30434782608695654,0.6405628825645233,0.30033811848284075,0.923715415019763,0.2916666666666667,0.3181818181818182,0.646772068511199,7,17,673,15
E05,httpcore,Ensemble_Voting_Refined,Tuned_InnerCV,0.35,712,22,0.43422604850818497,0.40476190476190477,0.683724235963042,0.30033811848284075,0.923715415019763,0.27419354838709675,0.7727272727272727,0.8537549407114624,17,45,645,5
E06,incubator-dubbo,RF_Baseline,Default_0.50,0.5,2176,19,0.0,0.0,0.49780752365566583,0.08527220688735654,0.7969767952565698,0.0,0.0,0.5,0,0,2157,19
E06,incubator-dubbo,RF_Baseline,Tuned_InnerCV,0.2,2176,19,0.02586393615170463,0.03571428571428571,0.5115722266560255,0.08527220688735654,0.7969767952565698,0.02702702702702703,0.05263157894736842,0.5179708659688164,1,36,2121,18
E06,incubator-dubbo,RF_Balanced,Default_0.50,0.5,2176,19,-0.004504087494703894,0.0,0.49722735674676527,0.05197557174857345,0.7988800234243467,0.0,0.0,0.49884098284654615,0,5,2152,19
E06,incubator-dubbo,RF_Balanced,Tuned_InnerCV,0.21,2176,19,0.11076907204887203,0.10810810810810811,0.5463401690610667,0.05197557174857345,0.7988800234243467,0.07272727272727272,0.21052631578947367,0.5934411829295074,4,51,2106,15
E06,incubator-dubbo,RF_SMOTE,Default_0.50,0.5,2176,19,-0.004504087494703894,0.0,0.49722735674676527,0.041853897908103885,0.77027060000488,0.0,0.0,0.49884098284654615,0,5,2152,19
E06,incubator-dubbo,RF_SMOTE,Tuned_InnerCV,0.27,2176,19,0.07208382939309681,0.08,0.534653649465365,0.041853897908103885,0.77027060000488,0.06451612903225806,0.10526315789473684,0.5459092794573359,2,29,2128,17
E06,incubator-dubbo,RF_RUS,Default_0.50,0.5,2176,19,0.1786946898953822,0.17857142857142858,0.5839318967810588,0.08545228954588015,0.6912622306810141,0.13513513513513514,0.2631578947368421,0.6241612375863163,5,32,2125,14
E06,incubator-dubbo,RF_RUS,Tuned_InnerCV,0.51,2176,19,0.15267968202275617,0.1568627450980392,0.5734325350693636,0.08545228954588015,0.6912622306810141,0.125,0.21052631578947367,0.5987726618353952,4,28,2129,15
E06,incubator-dubbo,Balanced_RF,Default_0.50,0.5,2176,19,0.17738881240620033,0.15555555555555556,0.5688617759007247,0.11481864158587608,0.7527633408974452,0.09859154929577464,0.3684210526315789,0.66937510675158,7,64,2093,12
E06,incubator-dubbo,Balanced_RF,Tuned_InnerCV,0.6,2176,19,0.17152814073765477,0.17777777777777778,0.5845935557103423,0.11481864158587608,0.7527633408974452,0.15384615384615385,0.21052631578947367,0.6001634824195399,4,22,2135,15
E06,incubator-dubbo,ExtraTrees_Balanced,Default_0.50,0.5,2176,19,-0.0053317646622763224,0.0,0.49699491447064265,0.03890237689687468,0.8102627918893199,0.0,0.0,0.4983773759851646,0,7,2150,19
E06,incubator-dubbo,ExtraTrees_Balanced,Tuned_InnerCV,0.21,2176,19,0.08341232866144713,0.08571428571428572,0.5353839994662041,0.03890237689687468,0.8102627918893199,0.058823529411764705,0.15789473684210525,0.5678208037478955,3,48,2109,16
E06,incubator-dubbo,XGB_Baseline,Default_0.50,0.5,2176,19,0.11129035188213733,0.08695652173913043,0.5410527584440628,0.0862341160878723,0.8357123685430544,0.25,0.05263157894736842,0.5256203791816119,1,3,2154,18
E06,incubator-dubbo,XGB_Baseline,Tuned_InnerCV,0.1,2176,19,0.049258515249455306,0.05555555555555555,0.519833852544133,0.0862341160878723,0.8357123685430544,0.03773584905660377,0.10526315789473684,0.540809603982139,2,51,2106,17
E06,incubator-dubbo,XGB_ClassWeight,Default_0.50,0.5,2176,19,0.05965409687287729,0.06666666666666667,0.5268095681888786,0.0515048576537755,0.8446551008954932,0.04878048780487805,0.10526315789473684,0.5435912451504282,2,39,2118,17
E06,incubator-dubbo,XGB_ClassWeight,Tuned_InnerCV,0.1,2176,19,0.16281661303365036,0.11173184357541899,0.5368148793721811,0.0515048576537755,0.8446551008954932,0.0625,0.5263157894736842,0.7283873801332259,10,150,2007,9
E06,incubator-dubbo,XGB_RUS,Default_0.50,0.5,2176,19,0.15211572085416838,0.12612612612612611,0.5516270809833649,0.1428874525871863,0.7589122319010322,0.07608695652173914,0.3684210526315789,0.6645072347070736,7,85,2072,12
E06,incubator-dubbo,XGB_RUS,Tuned_InnerCV,0.348918616771698,2176,19,0.14890429741508937,0.11347517730496454,0.5418955083865122,0.1428874525871863,0.7589122319010322,0.06557377049180328,0.42105263157894735,0.6841007246907254,8,114,2043,11
E06,incubator-dubbo,LightGBM_Baseline,Default_0.50,0.5,2176,19,0.12963987188165077,0.09090909090909091,0.5431450766323745,0.12102783964306797,0.8546348485957592,0.3333333333333333,0.05263157894736842,0.5258521826123027,1,2,2155,18
E06,incubator-dubbo,LightGBM_Baseline,Tuned_InnerCV,0.1,2176,19,0.14132908971550173,0.12371134020618557,0.5518674209844089,0.12102783964306797,0.8546348485957592,0.07692307692307693,0.3157894736842105,0.6412048898323695,6,72,2085,13
E06,incubator-dubbo,LightGBM_Balanced,Default_0.50,0.5,2176,19,0.15843487849882004,0.13333333333333333,0.5559532218821128,0.12226323094490107,0.7832881926652515,0.08139534883720931,0.3684210526315789,0.6658980552912183,7,79,2078,12
E06,incubator-dubbo,LightGBM_Balanced,Tuned_InnerCV,0.26396883246338937,2176,19,0.10931074442252357,0.07511737089201878,0.5137606666008777,0.12226323094490107,0.7832881926652515,0.041237113402061855,0.42105263157894735,0.6674108776809897,8,186,1971,11
E06,incubator-dubbo,LightGBM_SMOTE,Default_0.50,0.5,2176,19,0.1396918203319423,0.13793103448275862,0.566074006716281,0.07873004571359074,0.7779689139399264,0.2,0.10526315789473684,0.5507771515018423,2,8,2149,17
E06,incubator-dubbo,LightGBM_SMOTE,Tuned_InnerCV,0.1,2176,19,0.16233475273324247,0.128,0.551106695055595,0.07873004571359074,0.7779689139399264,0.07547169811320754,0.42105263157894735,0.6878095795817778,8,98,2059,11
E06,incubator-dubbo,GradientBoosting_Balanced,Default_0.50,0.5,2176,19,0.11146405179700856,0.08333333333333333,0.5232632249840663,0.09120813628384303,0.7930849376570774,0.04697986577181208,0.3684210526315789,0.6512944391576996,7,142,2015,12
E06,incubator-dubbo,GradientBoosting_Balanced,Tuned_InnerCV,0.6836147730971521,2176,19,0.17885340297342597,0.15730337078651685,0.5698550632961438,0.09120813628384303,0.7930849376570774,0.1,0.3684210526315789,0.6696069101822707,7,63,2094,12
E06,incubator-dubbo,LogisticRegression_Balanced,Default_0.50,0.5,2176,19,0.08952713314175183,0.05904059040590406,0.49827795263985475,0.07291591423032731,0.6226240148354196,0.031746031746031744,0.42105263157894735,0.6539662787009248,8,244,1913,11
E06,incubator-dubbo,LogisticRegression_Balanced,Tuned_InnerCV,0.7,2176,19,0.1391594622016222,0.12121212121212122,0.5503779863055669,0.07291591423032731,0.6226240148354196,0.075,0.3157894736842105,0.640741282970988,6,74,2083,13
E06,incubator-dubbo,MLP_Balanced,Default_0.50,0.5,2176,19,0.11129035188213733,0.08695652173913043,0.5410527584440628,0.08220960139824626,0.6387526535392724,0.25,0.05263157894736842,0.5256203791816119,1,3,2154,18
E06,incubator-dubbo,MLP_Balanced,Tuned_InnerCV,0.4570463444989543,2176,19,0.11129035188213733,0.08695652173913043,0.5410527584440628,0.08220960139824626,0.6387526535392724,0.25,0.05263157894736842,0.5256203791816119,1,3,2154,18
E06,incubator-dubbo,Ensemble_Voting_Refined,Default_0.50,0.5,2176,19,0.15267968202275617,0.1568627450980392,0.5734325350693636,0.0636187202732212,0.821877363784984,0.125,0.21052631578947367,0.5987726618353952,4,28,2129,15
E06,incubator-dubbo,Ensemble_Voting_Refined,Tuned_InnerCV,0.35,2176,19,0.1641958635263446,0.14,0.559887111947319,0.0636187202732212,0.821877363784984,0.08641975308641975,0.3684210526315789,0.6670570724446722,7,74,2083,12
E07,achilles,RF_Baseline,Default_0.50,0.5,1317,4,0.0,0.0,0.49923954372623575,0.005638513140066257,0.5683549124143183,0.0,0.0,0.5,0,0,1313,4
E07,achilles,RF_Baseline,Tuned_InnerCV,0.1,1317,4,-0.02045228872735144,0.0,0.4670174018615945,0.005638513140066257,0.5683549124143183,0.0,0.0,0.43945163747143945,0,159,1154,4
E07,achilles,RF_Balanced,Default_0.50,0.5,1317,4,0.0,0.0,0.49923954372623575,0.016413860028667897,0.8625285605483626,0.0,0.0,0.5,0,0,1313,4
E07,achilles,RF_Balanced,Tuned_InnerCV,0.16,1317,4,-0.012878665691326755,0.0,0.4859484777517564,0.016413860028667897,0.8625285605483626,0.0,0.0,0.4741051028179741,0,68,1245,4
E07,achilles,RF_SMOTE,Default_0.50,0.5,1317,4,0.0,0.0,0.49923954372623575,0.008722445657271552,0.7658987052551409,0.0,0.0,0.5,0,0,1313,4
E07,achilles,RF_SMOTE,Tuned_InnerCV,0.28,1317,4,-0.005511001294958703,0.0,0.4967520061138708,0.008722445657271552,0.7658987052551409,0.0,0.0,0.49504950495049505,0,13,1300,4
E07,achilles,RF_RUS,Default_0.50,0.5,1317,4,-0.006311759133313225,0.0,0.49598163030998854,0.00533875034881987,0.662985529322163,0.0,0.0,0.49352627570449353,0,17,1296,4
E07,achilles,RF_RUS,Tuned_InnerCV,0.41,1317,4,-0.010964638742911283,0.0,0.48953488372093024,0.00533875034881987,0.662985529322163,0.0,0.0,0.48095963442498096,0,50,1263,4
E07,achilles,Balanced_RF,Default_0.50,0.5,1317,4,-0.011522568534234164,0.0,0.48854368932038833,0.006895859054918539,0.7494287890327495,0.0,0.0,0.47905559786747903,0,55,1258,4
E07,achilles,Balanced_RF,Tuned_InnerCV,0.46,1317,4,-0.015735899954548452,0.0,0.47965231133939157,0.006895859054918539,0.7494287890327495,0.0,0.0,0.4623000761614623,0,99,1214,4
E07,achilles,ExtraTrees_Balanced,Default_0.50,0.5,1317,4,0.0,0.0,0.49923954372623575,0.010411622276029056,0.7993145468392993,0.0,0.0,0.5,0,0,1313,4
E07,achilles,ExtraTrees_Balanced,Tuned_InnerCV,0.14,1317,4,-0.012778504418411543,0.0,0.48614904408895826,0.010411622276029056,0.7993145468392993,0.0,0.0,0.4744859101294745,0,67,1246,4
E07,achilles,XGB_Baseline,Default_0.50,0.5,1317,4,-0.0030464584920030465,0.0,0.4984767707539985,0.013394535626045454,0.8375856816450876,0.0,0.0,0.4984767707539985,0,4,1309,4
E07,achilles,XGB_Baseline,Tuned_InnerCV,0.1,1317,4,-0.008569549569421926,0.0,0.4932666410157753,0.013394535626045454,0.8375856816450876,0.0,0.0,0.4881949733434882,0,31,1282,4
E07,achilles,XGB_ClassWeight,Default_0.50,0.5,1317,4,-0.005721230465684419,0.0,0.49655963302752293,0.006399948381128116,0.7138233054074639,0.0,0.0,0.4946686976389947,0,14,1299,4
E07,achilles,XGB_ClassWeight,Tuned_InnerCV,0.1,1317,4,-0.015907119074394443,0.0,0.4792408066429419,0.006399948381128116,0.7138233054074639,0.0,0.0,0.46153846153846156,0,101,1212,4
E07,achilles,XGB_RUS,Default_0.50,0.5,1317,4,-0.01297821263362679,0.0,0.4857477547832878,0.006958928794264723,0.7212490479817213,0.0,0.0,0.4737242955064737,0,69,1244,4
E07,achilles,XGB_RUS,Tuned_InnerCV,0.23178844153881073,1317,4,-0.01918769787316492,0.0,0.47065916398713825,0.006958928794264723,0.7212490479817213,0.0,0.0,0.4459253617669459,0,142,1171,4
E07,achilles,LightGBM_Baseline,Default_0.50,0.5,1317,4,-0.0021525326817524136,0.0,0.4988584474885845,0.014756712238510954,0.825971058644326,0.0,0.0,0.4992383853769992,0,2,1311,4
E07,achilles,LightGBM_Baseline,Tuned_InnerCV,0.1,1317,4,-0.010964638742911283,0.0,0.48953488372093024,0.014756712238510954,0.825971058644326,0.0,0.0,0.48095963442498096,0,50,1263,4
E07,achilles,LightGBM_Balanced,Default_0.50,0.5,1317,4,-0.010381505391715644,0.0,0.4905222437137331,0.011643797800869424,0.7037319116527038,0.0,0.0,0.48286367098248284,0,45,1268,4
E07,achilles,LightGBM_Balanced,Tuned_InnerCV,0.1,1317,4,0.06250054740955434,0.017595307917888565,0.4357492457600782,0.011643797800869424,0.7037319116527038,0.008902077151335312,0.75,0.7478103579588729,3,334,979,1
E07,achilles,LightGBM_SMOTE,Default_0.50,0.5,1317,4,-0.006120952026148969,0.0,0.4961744452945677,0.009038215903799714,0.786938309215537,0.0,0.0,0.4939070830159939,0,16,1297,4
E07,achilles,LightGBM_SMOTE,Tuned_InnerCV,0.1,1317,4,0.03180660453938623,0.01680672268907563,0.48514292396879233,0.009038215903799714,0.786938309215537,0.008695652173913044,0.25,0.5815879664889566,1,114,1199,3
E07,achilles,GradientBoosting_Balanced,Default_0.50,0.5,1317,4,0.006263223398785624,0.007326007326007326,0.4462720676189545,0.007671724736007357,0.7648514851485149,0.0037174721189591076,0.25,0.522943640517898,1,268,1045,3
E07,achilles,GradientBoosting_Balanced,Tuned_InnerCV,0.7,1317,4,-0.01699093367570948,0.0,0.47655007949125594,0.007671724736007357,0.7648514851485149,0.0,0.0,0.4565879664889566,0,114,1199,4
E07,achilles,LogisticRegression_Balanced,Default_0.50,0.5,1317,4,0.03607535850438784,0.01060070671378092,0.36990383498164864,0.009896607753503296,0.761995430312262,0.005338078291814947,0.75,0.6621287128712872,3,559,754,1
E07,achilles,LogisticRegression_Balanced,Tuned_InnerCV,0.7,1317,4,0.023848350747353062,0.013071895424836602,0.4761046700018177,0.009896607753503296,0.761995430312262,0.006711409395973154,0.25,0.5686405178979437,1,148,1165,3
E07,achilles,MLP_Balanced,Default_0.50,0.5,1317,4,-0.0015214920518465097,0.0,0.499049068086725,0.02010324331752903,0.8210205635948209,0.0,0.0,0.49961919268849964,0,1,1312,4
E07,achilles,MLP_Balanced,Tuned_InnerCV,0.10602836975199949,1317,4,-0.00842692224134111,0.0,0.49346153846153845,0.02010324331752903,0.8210205635948209,0.0,0.0,0.4885757806549886,0,30,1283,4
E07,achilles,Ensemble_Voting_Refined,Default_0.50,0.5,1317,4,-0.005065500781911078,0.0,0.49713631156930127,0.009605946309075837,0.7934120335110434,0.0,0.0,0.49581111957349583,0,11,1302,4
E07,achilles,Ensemble_Voting_Refined,Tuned_InnerCV,0.35,1317,4,-0.009119848885668615,0.0,0.49248554913294795,0.009605946309075837,0.7934120335110434,0.0,0.0,0.48667174409748665,0,35,1278,4
E08,elastic-job-lite,RF_Baseline,Default_0.50,0.5,558,3,0.0,0.0,0.49865229110512127,0.03790645105199096,0.8984984984984985,0.0,0.0,0.5,0,0,555,3
E08,elastic-job-lite,RF_Baseline,Tuned_InnerCV,0.17,558,3,-0.005405405405405406,0.0,0.4972972972972973,0.03790645105199096,0.8984984984984985,0.0,0.0,0.4972972972972973,0,3,552,3
E08,elastic-job-lite,RF_Balanced,Default_0.50,0.5,558,3,0.0,0.0,0.49865229110512127,0.019444444444444445,0.805105105105105,0.0,0.0,0.5,0,0,555,3
E08,elastic-job-lite,RF_Balanced,Tuned_InnerCV,0.15,558,3,-0.006990956057291848,0.0,0.4963898916967509,0.019444444444444445,0.805105105105105,0.0,0.0,0.4954954954954955,0,5,550,3
E08,elastic-job-lite,RF_SMOTE,Default_0.50,0.5,558,3,0.0,0.0,0.49865229110512127,0.016469055315232815,0.811111111111111,0.0,0.0,0.5,0,0,555,3
E08,elastic-job-lite,RF_SMOTE,Tuned_InnerCV,0.19,558,3,-0.0031152043327587918,0.0,0.4982014388489209,0.016469055315232815,0.811111111111111,0.0,0.0,0.4990990990990991,0,1,554,3
E08,elastic-job-lite,RF_RUS,Default_0.50,0.5,558,3,-0.0031152043327587918,0.0,0.4982014388489209,0.013939343975029238,0.7084084084084084,0.0,0.0,0.4990990990990991,0,1,554,3
E08,elastic-job-lite,RF_RUS,Tuned_InnerCV,0.49,558,3,-0.0031152043327587918,0.0,0.4982014388489209,0.013939343975029238,0.7084084084084084,0.0,0.0,0.4990990990990991,0,1,554,3
E08,elastic-job-lite,Balanced_RF,Default_0.50,0.5,558,3,-0.006990956057291848,0.0,0.4963898916967509,0.029945706657138037,0.872072072072072,0.0,0.0,0.4954954954954955,0,5,550,3
E08,elastic-job-lite,Balanced_RF,Tuned_InnerCV,0.51,558,3,-0.006990956057291848,0.0,0.4963898916967509,0.029945706657138037,0.872072072072072,0.0,0.0,0.4954954954954955,0,5,550,3
E08,elastic-job-lite,ExtraTrees_Balanced,Default_0.50,0.5,558,3,0.0,0.0,0.49865229110512127,0.06025213199851687,0.9390390390390391,0.0,0.0,0.5,0,0,555,3
E08,elastic-job-lite,ExtraTrees_Balanced,Tuned_InnerCV,0.11,558,3,-0.013032867018453286,0.0,0.4908759124087591,0.06025213199851687,0.9390390390390391,0.0,0.0,0.4846846846846847,0,17,538,3
E08,elastic-job-lite,XGB_Baseline,Default_0.50,0.5,558,3,0.0,0.0,0.49865229110512127,0.02350095556617296,0.8540540540540541,0.0,0.0,0.5,0,0,555,3
E08,elastic-job-lite,XGB_Baseline,Tuned_InnerCV,0.1,558,3,-0.0031152043327587918,0.0,0.4982014388489209,0.02350095556617296,0.8540540540540541,0.0,0.0,0.4990990990990991,0,1,554,3
E08,elastic-job-lite,XGB_ClassWeight,Default_0.50,0.5,558,3,-0.009413458629393434,0.0,0.4945652173913043,0.015023448773448776,0.76996996996997,0.0,0.0,0.4918918918918919,0,9,546,3
E08,elastic-job-lite,XGB_ClassWeight,Tuned_InnerCV,0.12032154202461243,558,3,-0.013423121104280485,0.0,0.4904109589041096,0.015023448773448776,0.76996996996997,0.0,0.0,0.4837837837837838,0,18,537,3
E08,elastic-job-lite,XGB_RUS,Default_0.50,0.5,558,3,-0.005405405405405406,0.0,0.4972972972972973,0.022694767111884673,0.8384384384384385,0.0,0.0,0.4972972972972973,0,3,552,3
E08,elastic-job-lite,XGB_RUS,Tuned_InnerCV,0.7,558,3,-0.004409524275473565,0.0,0.4977497749774977,0.022694767111884673,0.8384384384384385,0.0,0.0,0.4981981981981982,0,2,553,3
E08,elastic-job-lite,LightGBM_Baseline,Default_0.50,0.5,558,3,0.0,0.0,0.49865229110512127,0.02859371804505231,0.8546546546546546,0.0,0.0,0.5,0,0,555,3
E08,elastic-job-lite,LightGBM_Baseline,Tuned_InnerCV,0.1,558,3,-0.010899546724525694,0.0,0.49318801089918257,0.02859371804505231,0.8546546546546546,0.0,0.0,0.4891891891891892,0,12,543,3
E08,elastic-job-lite,LightGBM_Balanced,Default_0.50,0.5,558,3,-0.014539070428554516,0.0,0.489010989010989,0.02735473289597001,0.8768768768768769,0.0,0.0,0.4810810810810811,0,21,534,3
E08,elastic-job-lite,LightGBM_Balanced,Tuned_InnerCV,0.1,558,3,-0.02070431147792403,0.0,0.47947761194029853,0.02735473289597001,0.8768768768768769,0.0,0.0,0.46306306306306305,0,41,514,3
E08,elastic-job-lite,LightGBM_SMOTE,Default_0.50,0.5,558,3,0.0,0.0,0.49865229110512127,0.02134497063533322,0.8246246246246246,0.0,0.0,0.5,0,0,555,3
E08,elastic-job-lite,LightGBM_SMOTE,Tuned_InnerCV,0.1,558,3,-0.009931706035227363,0.0,0.4941069809610154,0.02134497063533322,0.8246246246246246,0.0,0.0,0.49099099099099097,0,10,545,3
E08,elastic-job-lite,GradientBoosting_Balanced,Default_0.50,0.5,558,3,-0.00624725522713481,0.0,0.49684400360685305,0.034416491963661776,0.8756756756756756,0.0,0.0,0.4963963963963964,0,4,551,3
E08,elastic-job-lite,GradientBoosting_Balanced,Tuned_InnerCV,0.39128764100852276,558,3,-0.010425978264786726,0.0,0.49364791288566245,0.034416491963661776,0.8756756756756756,0.0,0.0,0.4900900900900901,0,11,544,3
E08,elastic-job-lite,LogisticRegression_Balanced,Default_0.50,0.5,558,3,-0.011794477433664763,0.0,0.49226569608735216,0.04686622773439494,0.7897897897897898,0.0,0.0,0.4873873873873874,0,14,541,3
E08,elastic-job-lite,LogisticRegression_Balanced,Tuned_InnerCV,0.7,558,3,-0.004409524275473565,0.0,0.4977497749774977,0.04686622773439494,0.7897897897897898,0.0,0.0,0.4981981981981982,0,2,553,3
E08,elastic-job-lite,MLP_Balanced,Default_0.50,0.5,558,3,0.0,0.0,0.49865229110512127,0.0233984837437574,0.836036036036036,0.0,0.0,0.5,0,0,555,3
E08,elastic-job-lite,MLP_Balanced,Tuned_InnerCV,0.1,558,3,0.0,0.0,0.49865229110512127,0.0233984837437574,0.836036036036036,0.0,0.0,0.5,0,0,555,3
E08,elastic-job-lite,Ensemble_Voting_Refined,Default_0.50,0.5,558,3,-0.00624725522713481,0.0,0.49684400360685305,0.025841824514390883,0.8666666666666667,0.0,0.0,0.4963963963963964,0,4,551,3
E08,elastic-job-lite,Ensemble_Voting_Refined,Tuned_InnerCV,0.35,558,3,-0.009931706035227363,0.0,0.4941069809610154,0.025841824514390883,0.8666666666666667,0.0,0.0,0.49099099099099097,0,10,545,3
E09,jimfs,RF_Baseline,Default_0.50,0.5,212,0,0.0,0.0,1.0,,,0.0,0.0,0.5,0,0,212,0
E09,jimfs,RF_Baseline,Tuned_InnerCV,0.1,212,0,0.0,0.0,0.4976303317535545,,,0.0,0.0,0.5,0,2,210,0
E09,jimfs,RF_Balanced,Default_0.50,0.5,212,0,0.0,0.0,1.0,,,0.0,0.0,0.5,0,0,212,0
E09,jimfs,RF_Balanced,Tuned_InnerCV,0.1,212,0,0.0,0.0,0.4988179669030733,,,0.0,0.0,0.5,0,1,211,0
E09,jimfs,RF_SMOTE,Default_0.50,0.5,212,0,0.0,0.0,1.0,,,0.0,0.0,0.5,0,0,212,0
E09,jimfs,RF_SMOTE,Tuned_InnerCV,0.14,212,0,0.0,0.0,1.0,,,0.0,0.0,0.5,0,0,212,0
E09,jimfs,RF_RUS,Default_0.50,0.5,212,0,0.0,0.0,1.0,,,0.0,0.0,0.5,0,0,212,0
E09,jimfs,RF_RUS,Tuned_InnerCV,0.26,212,0,0.0,0.0,0.48166259168704156,,,0.0,0.0,0.5,0,15,197,0
E09,jimfs,Balanced_RF,Default_0.50,0.5,212,0,0.0,0.0,1.0,,,0.0,0.0,0.5,0,0,212,0
E09,jimfs,Balanced_RF,Tuned_InnerCV,0.35,212,0,0.0,0.0,0.4891566265060241,,,0.0,0.0,0.5,0,9,203,0
E09,jimfs,ExtraTrees_Balanced,Default_0.50,0.5,212,0,0.0,0.0,1.0,,,0.0,0.0,0.5,0,0,212,0
E09,jimfs,ExtraTrees_Balanced,Tuned_InnerCV,0.1,212,0,0.0,0.0,0.4976303317535545,,,0.0,0.0,0.5,0,2,210,0
E09,jimfs,XGB_Baseline,Default_0.50,0.5,212,0,0.0,0.0,1.0,,,0.0,0.0,0.5,0,0,212,0
E09,jimfs,XGB_Baseline,Tuned_InnerCV,0.1,212,0,0.0,0.0,1.0,,,0.0,0.0,0.5,0,0,212,0
E09,jimfs,XGB_ClassWeight,Default_0.50,0.5,212,0,0.0,0.0,1.0,,,0.0,0.0,0.5,0,0,212,0
E09,jimfs,XGB_ClassWeight,Tuned_InnerCV,0.1,212,0,0.0,0.0,1.0,,,0.0,0.0,0.5,0,0,212,0
E09,jimfs,XGB_RUS,Default_0.50,0.5,212,0,0.0,0.0,1.0,,,0.0,0.0,0.5,0,0,212,0
E09,jimfs,XGB_RUS,Tuned_InnerCV,0.1,212,0,0.0,0.0,0.49160671462829736,,,0.0,0.0,0.5,0,7,205,0
E09,jimfs,LightGBM_Baseline,Default_0.50,0.5,212,0,0.0,0.0,1.0,,,0.0,0.0,0.5,0,0,212,0
E09,jimfs,LightGBM_Baseline,Tuned_InnerCV,0.1,212,0,0.0,0.0,1.0,,,0.0,0.0,0.5,0,0,212,0
E09,jimfs,LightGBM_Balanced,Default_0.50,0.5,212,0,0.0,0.0,0.4988179669030733,,,0.0,0.0,0.5,0,1,211,0
E09,jimfs,LightGBM_Balanced,Tuned_InnerCV,0.1,212,0,0.0,0.0,0.472636815920398,,,0.0,0.0,0.5,0,22,190,0
E09,jimfs,LightGBM_SMOTE,Default_0.50,0.5,212,0,0.0,0.0,1.0,,,0.0,0.0,0.5,0,0,212,0
E09,jimfs,LightGBM_SMOTE,Tuned_InnerCV,0.1,212,0,0.0,0.0,0.49643705463182897,,,0.0,0.0,0.5,0,3,209,0
E09,jimfs,GradientBoosting_Balanced,Default_0.50,0.5,212,0,0.0,0.0,0.49038461538461536,,,0.0,0.0,0.5,0,8,204,0
E09,jimfs,GradientBoosting_Balanced,Tuned_InnerCV,0.3101133331810139,212,0,0.0,0.0,0.4464751958224543,,,0.0,0.0,0.5,0,41,171,0
E09,jimfs,LogisticRegression_Balanced,Default_0.50,0.5,212,0,0.0,0.0,0.06607929515418502,,,0.0,0.0,0.5,0,197,15,0
E09,jimfs,LogisticRegression_Balanced,Tuned_InnerCV,0.6915584386188047,212,0,0.0,0.0,0.36904761904761907,,,0.0,0.0,0.5,0,88,124,0
E09,jimfs,MLP_Balanced,Default_0.50,0.5,212,0,0.0,0.0,1.0,,,0.0,0.0,0.5,0,0,212,0
E09,jimfs,MLP_Balanced,Tuned_InnerCV,0.1,212,0,0.0,0.0,0.49403341288782815,,,0.0,0.0,0.5,0,5,207,0
E09,jimfs,Ensemble_Voting_Refined,Default_0.50,0.5,212,0,0.0,0.0,1.0,,,0.0,0.0,0.5,0,0,212,0
E09,jimfs,Ensemble_Voting_Refined,Tuned_InnerCV,0.35,212,0,0.0,0.0,1.0,,,0.0,0.0,0.5,0,0,212,0
E10,hector,RF_Baseline,Default_0.50,0.5,142,33,0.0,0.0,0.4342629482071713,0.4659572719579492,0.765916041145399,0.0,0.0,0.5,0,0,109,33
E10,hector,RF_Baseline,Tuned_InnerCV,0.22,142,33,0.15105443541885916,0.1111111111111111,0.49103942652329746,0.4659572719579492,0.765916041145399,0.6666666666666666,0.06060606060606061,0.5257158743397276,2,1,108,31
E10,hector,RF_Balanced,Default_0.50,0.5,142,33,0.0,0.0,0.4342629482071713,0.473653026984431,0.7682791214901308,0.0,0.0,0.5,0,0,109,33
E10,hector,RF_Balanced,Tuned_InnerCV,0.33,142,33,0.0,0.0,0.4342629482071713,0.473653026984431,0.7682791214901308,0.0,0.0,0.5,0,0,109,33
E10,hector,RF_SMOTE,Default_0.50,0.5,142,33,0.0,0.0,0.4342629482071713,0.42772385457116896,0.8010842368640534,0.0,0.0,0.5,0,0,109,33
E10,hector,RF_SMOTE,Tuned_InnerCV,0.3,142,33,0.0070967620234612,0.05405405405405406,0.45617682459787723,0.42772385457116896,0.8010842368640534,0.25,0.030303030303030304,0.501390047261607,1,3,106,32
E10,hector,RF_RUS,Default_0.50,0.5,142,33,0.0,0.0,0.4342629482071713,0.4398119744681782,0.7685571309424521,0.0,0.0,0.5,0,0,109,33
E10,hector,RF_RUS,Tuned_InnerCV,0.44,142,33,0.13060265230301965,0.19047619047619047,0.5249901613537977,0.4398119744681782,0.7685571309424521,0.4444444444444444,0.12121212121212122,0.5376702807895468,4,5,104,29
E10,hector,Balanced_RF,Default_0.50,0.5,142,33,0.07260991507785017,0.17777777777777778,0.5114830311483031,0.33049591072646745,0.6540172365860439,0.3333333333333333,0.12121212121212122,0.5239088128996385,4,8,101,29
E10,hector,Balanced_RF,Tuned_InnerCV,0.46,142,33,0.1536120855355797,0.2553191489361702,0.5538199120208277,0.33049591072646745,0.6540172365860439,0.42857142857142855,0.18181818181818182,0.5542118432026689,6,8,101,27
E10,hector,ExtraTrees_Balanced,Default_0.50,0.5,142,33,0.0,0.0,0.4342629482071713,0.422043666184617,0.7730052821795941,0.0,0.0,0.5,0,0,109,33
E10,hector,ExtraTrees_Balanced,Tuned_InnerCV,0.24,142,33,0.0,0.0,0.4342629482071713,0.422043666184617,0.7730052821795941,0.0,0.0,0.5,0,0,109,33
E10,hector,XGB_Baseline,Default_0.50,0.5,142,33,0.15305471841796367,0.058823529411764705,0.46541176470588236,0.4118547813448355,0.6477620239088129,1.0,0.030303030303030304,0.5151515151515151,1,0,109,32
E10,hector,XGB_Baseline,Tuned_InnerCV,0.1,142,33,0.0995620761188206,0.25925925925925924,0.5426731078904992,0.4118547813448355,0.6477620239088129,0.3333333333333333,0.21212121212121213,0.5418404225743675,7,14,95,26
E10,hector,XGB_ClassWeight,Default_0.50,0.5,142,33,-0.04633766704397066,0.0,0.432,0.3265455513834834,0.6452599388379205,0.0,0.0,0.4954128440366973,0,1,108,33
E10,hector,XGB_ClassWeight,Tuned_InnerCV,0.1,142,33,0.12031770168489198,0.24489795918367346,0.5437255753365176,0.3265455513834834,0.6452599388379205,0.375,0.18181818181818182,0.5450375312760634,6,10,99,27
E10,hector,XGB_RUS,Default_0.50,0.5,142,33,0.13637994381705087,0.25,0.548728813559322,0.4347390088147688,0.7842646649986099,0.4,0.18181818181818182,0.5496246872393662,6,9,100,27
E10,hector,XGB_RUS,Tuned_InnerCV,0.1813383400440216,142,33,0.38529035228183595,0.5405405405405406,0.6893178893178893,0.4347390088147688,0.7842646649986099,0.4878048780487805,0.6060606060606061,0.7067000278009452,20,21,88,13
E10,hector,LightGBM_Baseline,Default_0.50,0.5,142,33,0.0,0.0,0.4342629482071713,0.3297678293672404,0.6825132054489852,0.0,0.0,0.5,0,0,109,33
E10,hector,LightGBM_Baseline,Tuned_InnerCV,0.1,142,33,-0.014179577126361203,0.1276595744680851,0.4773318969386839,0.3297678293672404,0.6825132054489852,0.21428571428571427,0.09090909090909091,0.4949958298582152,3,11,98,30
E10,hector,LightGBM_Balanced,Default_0.50,0.5,142,33,0.03510994985411321,0.05555555555555555,0.4592293906810036,0.318170350346032,0.6402557686961357,0.3333333333333333,0.030303030303030304,0.5059772032249097,1,2,107,32
E10,hector,LightGBM_Balanced,Tuned_InnerCV,0.40457959508899066,142,33,0.02874681581760997,0.1,0.4762295081967213,0.318170350346032,0.6402557686961357,0.2857142857142857,0.06060606060606061,0.5073672504865165,2,5,104,31
E10,hector,LightGBM_SMOTE,Default_0.50,0.5,142,33,0.0,0.0,0.4342629482071713,0.2804185019328064,0.6113427856547122,0.0,0.0,0.5,0,0,109,33
E10,hector,LightGBM_SMOTE,Tuned_InnerCV,0.1,142,33,-0.0012214747801638287,0.13043478260869565,0.4811837778589697,0.2804185019328064,0.6113427856547122,0.23076923076923078,0.09090909090909091,0.49958298582151794,3,10,99,30
E10,hector,GradientBoosting_Balanced,Default_0.50,0.5,142,33,0.3925073305220281,0.55,0.6867647058823529,0.49220192380567795,0.8090075062552127,0.46808510638297873,0.6666666666666666,0.7186544342507646,22,25,84,11
E10,hector,GradientBoosting_Balanced,Tuned_InnerCV,0.4969034029046905,142,33,0.456949614031519,0.5952380952380952,0.7126190476190476,0.49220192380567795,0.8090075062552127,0.49019607843137253,0.7575757575757576,0.7595218237420072,25,26,83,8
E10,hector,LogisticRegression_Balanced,Default_0.50,0.5,142,33,-0.05733088115523726,0.18461538461538463,0.47130312609764663,0.2673214212244871,0.4756741729218793,0.1875,0.18181818181818182,0.4716430358632193,6,26,83,27
E10,hector,LogisticRegression_Balanced,Tuned_InnerCV,0.7,142,33,0.10787078275661025,0.10810810810810811,0.48725243462085566,0.2673214212244871,0.4756741729218793,0.5,0.06060606060606061,0.5211287183764248,2,2,107,31
E10,hector,MLP_Balanced,Default_0.50,0.5,142,33,0.15305471841796367,0.058823529411764705,0.46541176470588236,0.5573996687313532,0.7953850430914651,1.0,0.030303030303030304,0.5151515151515151,1,0,109,32
E10,hector,MLP_Balanced,Tuned_InnerCV,0.1,142,33,0.39537988865754276,0.53125,0.6974431818181819,0.5573996687313532,0.7953850430914651,0.5483870967741935,0.5151515151515151,0.693355574089519,17,14,95,16
E10,hector,Ensemble_Voting_Refined,Default_0.50,0.5,142,33,0.0,0.0,0.4342629482071713,0.38586200206970184,0.749791492910759,0.0,0.0,0.5,0,0,109,33
E10,hector,Ensemble_Voting_Refined,Tuned_InnerCV,0.35,142,33,0.03510994985411321,0.05555555555555555,0.4592293906810036,0.38586200206970184,0.749791492910759,0.3333333333333333,0.030303030303030304,0.5059772032249097,1,2,107,32
E11,handlebars.java,RF_Baseline,Default_0.50,0.5,427,1,0.0,0.0,0.49941383352872215,0.003134796238244514,0.34507042253521125,0.0,0.0,0.5,0,0,426,1
E11,handlebars.java,RF_Baseline,Tuned_InnerCV,0.13,427,1,-0.007502865704115655,0.0,0.49347568208778175,0.003134796238244514,0.34507042253521125,0.0,0.0,0.48826291079812206,0,10,416,1
E11,handlebars.java,RF_Balanced,Default_0.50,0.5,427,1,0.0,0.0,0.49941383352872215,0.003472222222222222,0.3685446009389672,0.0,0.0,0.5,0,0,426,1
E11,handlebars.java,RF_Balanced,Tuned_InnerCV,0.18,427,1,-0.015790412538081312,0.0,0.47413793103448276,0.003472222222222222,0.3685446009389672,0.0,0.0,0.4518779342723005,0,41,385,1
E11,handlebars.java,RF_SMOTE,Default_0.50,0.5,427,1,0.0,0.0,0.49941383352872215,0.003937007874015748,0.4413145539906103,0.0,0.0,0.5,0,0,426,1
E11,handlebars.java,RF_SMOTE,Tuned_InnerCV,0.18,427,1,-0.014477253835067034,0.0,0.4779951100244499,0.003937007874015748,0.4413145539906103,0.0,0.0,0.45892018779342725,0,35,391,1
E11,handlebars.java,RF_RUS,Default_0.50,0.5,427,1,-0.006694731787491947,0.0,0.49467455621301776,0.010869565217391304,0.7875586854460094,0.0,0.0,0.49061032863849763,0,8,418,1
E11,handlebars.java,RF_RUS,Tuned_InnerCV,0.34,427,1,-0.018629666278463717,0.0,0.4649122807017544,0.010869565217391304,0.7875586854460094,0.0,0.0,0.4354460093896714,0,55,371,1
E11,handlebars.java,Balanced_RF,Default_0.50,0.5,427,1,-0.019399801978353975,0.0,0.4622166246851385,0.004761904761904762,0.5234741784037559,0.0,0.0,0.4307511737089202,0,59,367,1
E11,handlebars.java,Balanced_RF,Tuned_InnerCV,0.39,427,1,-0.03170038896863559,0.0,0.4110344827586207,0.004761904761904762,0.5234741784037559,0.0,0.0,0.34976525821596244,0,128,298,1
E11,handlebars.java,ExtraTrees_Balanced,Default_0.50,0.5,427,1,0.0,0.0,0.49941383352872215,0.0033112582781456954,0.357981220657277,0.0,0.0,0.5,0,0,426,1
E11,handlebars.java,ExtraTrees_Balanced,Tuned_InnerCV,0.12,427,1,-0.016421852677743733,0.0,0.4721878862793572,0.0033112582781456954,0.357981220657277,0.0,0.0,0.44835680751173707,0,44,382,1
E11,handlebars.java,XGB_Baseline,Default_0.50,0.5,427,1,0.0,0.0,0.49941383352872215,0.009615384615384616,0.7582159624413146,0.0,0.0,0.5,0,0,426,1
E11,handlebars.java,XGB_Baseline,Tuned_InnerCV,0.1,427,1,-0.008238758545576276,0.0,0.49227110582639716,0.009615384615384616,0.7582159624413146,0.0,0.0,0.4859154929577465,0,12,414,1
E11,handlebars.java,XGB_ClassWeight,Default_0.50,0.5,427,1,-0.005784019889844162,0.0,0.49586776859504134,0.00411522633744856,0.431924882629108,0.0,0.0,0.49295774647887325,0,6,420,1
E11,handlebars.java,XGB_ClassWeight,Tuned_InnerCV,0.1,427,1,-0.019208613324716944,0.0,0.4628930817610063,0.00411522633744856,0.431924882629108,0.0,0.0,0.431924882629108,0,58,368,1
E11,handlebars.java,XGB_RUS,Default_0.50,0.5,427,1,-0.010455430497126154,0.0,0.4880095923261391,0.008620689655172414,0.7300469483568075,0.0,0.0,0.47769953051643194,0,19,407,1
E11,handlebars.java,XGB_RUS,Tuned_InnerCV,0.1640361100435257,427,1,-0.019590151450381125,0.0,0.46153846153846156,0.008620689655172414,0.7300469483568075,0.0,0.0,0.4295774647887324,0,60,366,1
E11,handlebars.java,LightGBM_Baseline,Default_0.50,0.5,427,1,0.0,0.0,0.49941383352872215,0.009615384615384616,0.7582159624413145,0.0,0.0,0.5,0,0,426,1
E11,handlebars.java,LightGBM_Baseline,Tuned_InnerCV,0.1,427,1,-0.012337003505134418,0.0,0.4836759371221282,0.009615384615384616,0.7582159624413145,0.0,0.0,0.4694835680751174,0,26,400,1
E11,handlebars.java,LightGBM_Balanced,Default_0.50,0.5,427,1,-0.016421852677743733,0.0,0.4721878862793572,0.00558659217877095,0.5821596244131456,0.0,0.0,0.44835680751173707,0,44,382,1
E11,handlebars.java,LightGBM_Balanced,Tuned_InnerCV,0.13483329774491878,427,1,0.05541368341946716,0.010752688172043012,0.36765179318781793,0.00558659217877095,0.5821596244131456,0.005405405405405406,1.0,0.784037558685446,1,184,242,0
E11,handlebars.java,LightGBM_SMOTE,Default_0.50,0.5,427,1,0.0,0.0,0.49941383352872215,0.0064516129032258064,0.6384976525821596,0.0,0.0,0.5,0,0,426,1
E11,handlebars.java,LightGBM_SMOTE,Tuned_InnerCV,0.1,427,1,-0.018823581518636875,0.0,0.4642409033877039,0.0064516129032258064,0.6384976525821596,0.0,0.0,0.43427230046948356,0,56,370,1
E11,handlebars.java,GradientBoosting_Balanced,Default_0.50,0.5,427,1,0.06165997746692589,0.012195121951219513,0.3887062566277837,0.006666666666666667,0.6502347417840375,0.006134969325153374,1.0,0.8098591549295775,1,162,264,0
E11,handlebars.java,GradientBoosting_Balanced,Tuned_InnerCV,0.6083966425034733,427,1,-0.029765095780988696,0.0,0.41983695652173914,0.006666666666666667,0.6502347417840375,0.0,0.0,0.3626760563380282,0,117,309,1
E11,handlebars.java,LogisticRegression_Balanced,Default_0.50,0.5,427,1,-0.017644506965186293,0.0,0.46824408468244083,0.01818181818181818,0.8732394366197183,0.0,0.0,0.4413145539906103,0,50,376,1
E11,handlebars.java,LogisticRegression_Balanced,Tuned_InnerCV,0.5909779714850958,427,1,-0.00625488854200668,0.0,0.49527186761229314,0.01818181818181818,0.8732394366197183,0.0,0.0,0.49178403755868544,0,7,419,1
E11,handlebars.java,MLP_Balanced,Default_0.50,0.5,427,1,0.0,0.0,0.49941383352872215,0.013333333333333334,0.8262910798122066,0.0,0.0,0.5,0,0,426,1
E11,handlebars.java,MLP_Balanced,Tuned_InnerCV,0.26548828522190004,427,1,0.0,0.0,0.49941383352872215,0.013333333333333334,0.8262910798122066,0.0,0.0,0.5,0,0,426,1
E11,handlebars.java,Ensemble_Voting_Refined,Default_0.50,0.5,427,1,-0.0040754249463367,0.0,0.4976470588235294,0.0056179775280898875,0.5845070422535211,0.0,0.0,0.4964788732394366,0,3,423,1
E11,handlebars.java,Ensemble_Voting_Refined,Tuned_InnerCV,0.35,427,1,-0.014701378943754905,0.0,0.4773561811505508,0.0056179775280898875,0.5845070422535211,0.0,0.0,0.45774647887323944,0,36,390,1
E12,assertj-core,RF_Baseline,Default_0.50,0.5,6261,1,-0.00022593075595252852,0.0,0.49988018212317276,0.00015971889474524837,0.2666932907348243,0.0,0.0,0.4998402555910543,0,2,6258,1
E12,assertj-core,RF_Baseline,Tuned_InnerCV,0.16,6261,1,-0.0006397445626070351,0.0,0.4993202718912435,0.00015971889474524837,0.2666932907348243,0.0,0.0,0.4987220447284345,0,16,6244,1
E12,assertj-core,RF_Balanced,Default_0.50,0.5,6261,1,-0.000276729642063495,0.0,0.4998402300687011,0.00015971889474524837,0.17795527156549523,0.0,0.0,0.49976038338658146,0,3,6257,1
E12,assertj-core,RF_Balanced,Tuned_InnerCV,0.15,6261,1,-0.00277026409116885,0.0,0.48822952427660615,0.00015971889474524837,0.17795527156549523,0.0,0.0,0.47707667731629394,0,287,5973,1
E12,assertj-core,RF_SMOTE,Default_0.50,0.5,6261,1,-0.0003195654002466485,0.0,0.4998002716305824,0.00015971889474524837,0.20023961661341855,0.0,0.0,0.4996805111821086,0,4,6256,1
E12,assertj-core,RF_SMOTE,Tuned_InnerCV,0.15,6261,1,-0.0013145122395980646,0.0,0.4972699534286173,0.00015971889474524837,0.20023961661341855,0.0,0.0,0.4946485623003195,0,67,6193,1
E12,assertj-core,RF_RUS,Default_0.50,0.5,6261,1,-0.0003195654002466485,0.0,0.4998002716305824,0.0001952362358453729,0.24289137380191694,0.0,0.0,0.4996805111821086,0,4,6256,1
E12,assertj-core,RF_RUS,Tuned_InnerCV,0.24,6261,1,-0.002085835345120487,0.0,0.4932416025900445,0.0001952362358453729,0.24289137380191694,0.0,0.0,0.486741214057508,0,166,6094,1
E12,assertj-core,Balanced_RF,Default_0.50,0.5,6261,1,-0.0003573135333483469,0.0,0.49976030680728667,0.00030147723846849563,0.4914536741214058,0.0,0.0,0.4996006389776358,0,5,6255,1
E12,assertj-core,Balanced_RF,Tuned_InnerCV,0.41,6261,1,-0.0017212091752192716,0.0,0.49536551946481827,0.00030147723846849563,0.4914536741214058,0.0,0.0,0.49089456869009584,0,114,6146,1
E12,assertj-core,ExtraTrees_Balanced,Default_0.50,0.5,6261,1,0.0,0.0,0.49996006708729335,0.00015971889474524837,0.317332268370607,0.0,0.0,0.5,0,0,6260,1
E12,assertj-core,ExtraTrees_Balanced,Tuned_InnerCV,0.13,6261,1,-0.0012640022876928998,0.0,0.49747170719961475,0.00015971889474524837,0.317332268370607,0.0,0.0,0.4950479233226837,0,62,6198,1
E12,assertj-core,XGB_Baseline,Default_0.50,0.5,6261,1,-0.000276729642063495,0.0,0.4998402300687011,0.00039872408293460925,0.599520766773163,0.0,0.0,0.49976038338658146,0,3,6257,1
E12,assertj-core,XGB_Baseline,Tuned_InnerCV,0.1,6261,1,-0.0005302359472389711,0.0,0.4995203836930456,0.00039872408293460925,0.599520766773163,0.0,0.0,0.4991214057507987,0,11,6249,1
E12,assertj-core,XGB_ClassWeight,Default_0.50,0.5,6261,1,-0.0006594864045280352,0.0,0.4992802303262956,0.00021249468763280918,0.24840255591054317,0.0,0.0,0.49864217252396165,0,17,6243,1
E12,assertj-core,XGB_ClassWeight,Tuned_InnerCV,0.1,6261,1,-0.0027397781723591153,0.0,0.48848039215686273,0.00021249468763280918,0.24840255591054317,0.0,0.0,0.477555910543131,0,281,5979,1
E12,assertj-core,XGB_RUS,Default_0.50,0.5,6261,1,-0.0008471167822023071,0.0,0.49883935003602015,0.0002701972439881113,0.40894568690095845,0.0,0.0,0.49776357827476037,0,28,6232,1
E12,assertj-core,XGB_RUS,Tuned_InnerCV,0.1,6261,1,-0.004007678557130642,0.0,0.47602309816721067,0.0002701972439881113,0.40894568690095845,0.0,0.0,0.45431309904153355,0,572,5688,1
E12,assertj-core,LightGBM_Baseline,Default_0.50,0.5,6261,1,0.0,0.0,0.49996006708729335,0.00019550342130987292,0.18306709265175714,0.0,0.0,0.5,0,0,6260,1
E12,assertj-core,LightGBM_Baseline,Tuned_InnerCV,0.1,6261,1,-0.00042284667015720127,0.0,0.4996803579990411,0.00019550342130987292,0.18306709265175714,0.0,0.0,0.4994408945686901,0,7,6253,1
E12,assertj-core,LightGBM_Balanced,Default_0.50,0.5,6261,1,-0.0005983304402333876,0.0,0.4994003358119453,0.00027793218454697053,0.4253993610223642,0.0,0.0,0.4988817891373802,0,14,6246,1
E12,assertj-core,LightGBM_Balanced,Tuned_InnerCV,0.15778485549332688,6261,1,-0.006230423484930419,0.0,0.4457820660352306,0.00027793218454697053,0.4253993610223642,0.0,0.0,0.4022364217252396,0,1224,5036,1
E12,assertj-core,LightGBM_SMOTE,Default_0.50,0.5,6261,1,0.0,0.0,0.49996006708729335,0.00019561815336463224,0.1835463258785942,0.0,0.0,0.5,0,0,6260,1
E12,assertj-core,LightGBM_SMOTE,Tuned_InnerCV,0.1,6261,1,-0.0012114747494892033,0.0,0.49767329910141206,0.00019561815336463224,0.1835463258785942,0.0,0.0,0.4954472843450479,0,57,6203,1
E12,assertj-core,GradientBoosting_Balanced,Default_0.50,0.5,6261,1,-0.0029860665572207477,0.0,0.4863822805578343,0.00020777062123415748,0.2317891373801917,0.0,0.0,0.4735623003194888,0,331,5929,1
E12,assertj-core,GradientBoosting_Balanced,Tuned_InnerCV,0.4254388582269444,6261,1,-0.005921706237948688,0.0,0.4505002632964718,0.00020777062123415748,0.2317891373801917,0.0,0.0,0.40998402555910546,0,1127,5133,1
E12,assertj-core,LogisticRegression_Balanced,Default_0.50,0.5,6261,1,-0.00694183043946996,0.0,0.43441734417344174,0.0002594706798131811,0.3845047923322684,0.0,0.0,0.38410543130990416,0,1451,4809,1
E12,assertj-core,LogisticRegression_Balanced,Tuned_InnerCV,0.6831895762307202,6261,1,-0.0006397445626070351,0.0,0.4993202718912435,0.0002594706798131811,0.3845047923322684,0.0,0.0,0.4987220447284345,0,16,6244,1
E12,assertj-core,MLP_Balanced,Default_0.50,0.5,6261,1,-0.000276729642063495,0.0,0.4998402300687011,0.0005834305717619603,0.7263578274760383,0.0,0.0,0.49976038338658146,0,3,6257,1
E12,assertj-core,MLP_Balanced,Tuned_InnerCV,0.555929320537202,6261,1,-0.000276729642063495,0.0,0.4998402300687011,0.0005834305717619603,0.7263578274760383,0.0,0.0,0.49976038338658146,0,3,6257,1
E12,assertj-core,Ensemble_Voting_Refined,Default_0.50,0.5,6261,1,-0.0003573135333483469,0.0,0.49976030680728667,0.00021362956633198035,0.25239616613418525,0.0,0.0,0.4996006389776358,0,5,6255,1
E12,assertj-core,Ensemble_Voting_Refined,Tuned_InnerCV,0.35,6261,1,-0.0009058966572485298,0.0,0.49867883737689167,0.00021362956633198035,0.25239616613418525,0.0,0.0,0.497444089456869,0,32,6228,1
E13,http-request,RF_Baseline,Default_0.50,0.5,163,18,0.0,0.0,0.4707792207792208,0.11584067964574653,0.5293103448275862,0.0,0.0,0.5,0,0,145,18
E13,http-request,RF_Baseline,Tuned_InnerCV,0.13,163,18,-0.06267707347241024,0.0,0.46204620462046203,0.11584067964574653,0.5293103448275862,0.0,0.0,0.4827586206896552,0,5,140,18
E13,http-request,RF_Balanced,Default_0.50,0.5,163,18,0.0,0.0,0.4707792207792208,0.11806571174650499,0.49080459770114937,0.0,0.0,0.5,0,0,145,18
E13,http-request,RF_Balanced,Tuned_InnerCV,0.31,163,18,0.0,0.0,0.4707792207792208,0.11806571174650499,0.49080459770114937,0.0,0.0,0.5,0,0,145,18
E13,http-request,RF_SMOTE,Default_0.50,0.5,163,18,0.0,0.0,0.4707792207792208,0.21692243273630496,0.7053639846743295,0.0,0.0,0.5,0,0,145,18
E13,http-request,RF_SMOTE,Tuned_InnerCV,0.27,163,18,0.0,0.0,0.4707792207792208,0.21692243273630496,0.7053639846743295,0.0,0.0,0.5,0,0,145,18
E13,http-request,RF_RUS,Default_0.50,0.5,163,18,0.0,0.0,0.4707792207792208,0.22965613188937617,0.7222222222222221,0.0,0.0,0.5,0,0,145,18
E13,http-request,RF_RUS,Tuned_InnerCV,0.31,163,18,0.13903072534131442,0.16666666666666666,0.5502207505518764,0.22965613188937617,0.7222222222222221,0.3333333333333333,0.1111111111111111,0.5417624521072797,2,4,141,16
E13,http-request,Balanced_RF,Default_0.50,0.5,163,18,-0.02768182661791332,0.0,0.46905537459283386,0.12467809515078407,0.5151340996168583,0.0,0.0,0.496551724137931,0,1,144,18
E13,http-request,Balanced_RF,Tuned_InnerCV,0.48,163,18,-0.02768182661791332,0.0,0.46905537459283386,0.12467809515078407,0.5151340996168583,0.0,0.0,0.496551724137931,0,1,144,18
E13,http-request,ExtraTrees_Balanced,Default_0.50,0.5,163,18,0.0,0.0,0.4707792207792208,0.149368304084919,0.6463601532567049,0.0,0.0,0.5,0,0,145,18
E13,http-request,ExtraTrees_Balanced,Tuned_InnerCV,0.21,163,18,-0.03926940411831123,0.0,0.4673202614379085,0.149368304084919,0.6463601532567049,0.0,0.0,0.49310344827586206,0,2,143,18
E13,http-request,XGB_Baseline,Default_0.50,0.5,163,18,0.0,0.0,0.4707792207792208,0.18102093957056364,0.5660919540229885,0.0,0.0,0.5,0,0,145,18
E13,http-request,XGB_Baseline,Tuned_InnerCV,0.1,163,18,0.0,0.0,0.4707792207792208,0.18102093957056364,0.5660919540229885,0.0,0.0,0.5,0,0,145,18
E13,http-request,XGB_ClassWeight,Default_0.50,0.5,163,18,0.0,0.0,0.4707792207792208,0.07558687218706722,0.2590038314176245,0.0,0.0,0.5,0,0,145,18
E13,http-request,XGB_ClassWeight,Tuned_InnerCV,0.1,163,18,-0.08517519680849511,0.0,0.45484949832775917,0.07558687218706722,0.2590038314176245,0.0,0.0,0.4689655172413793,0,9,136,18
E13,http-request,XGB_RUS,Default_0.50,0.5,163,18,-0.03926940411831123,0.0,0.4673202614379085,0.1382939487636757,0.5890804597701149,0.0,0.0,0.49310344827586206,0,2,143,18
E13,http-request,XGB_RUS,Tuned_InnerCV,0.1474906951189041,163,18,-0.06267707347241024,0.0,0.46204620462046203,0.1382939487636757,0.5890804597701149,0.0,0.0,0.4827586206896552,0,5,140,18
E13,http-request,LightGBM_Baseline,Default_0.50,0.5,163,18,0.0,0.0,0.4707792207792208,0.1414689600390582,0.5513409961685823,0.0,0.0,0.5,0,0,145,18
E13,http-request,LightGBM_Baseline,Tuned_InnerCV,0.1,163,18,-0.02768182661791332,0.0,0.46905537459283386,0.1414689600390582,0.5513409961685823,0.0,0.0,0.496551724137931,0,1,144,18
E13,http-request,LightGBM_Balanced,Default_0.50,0.5,163,18,-0.02768182661791332,0.0,0.46905537459283386,0.09416072968984822,0.3900383141762451,0.0,0.0,0.496551724137931,0,1,144,18
E13,http-request,LightGBM_Balanced,Tuned_InnerCV,0.22194471809686256,163,18,-0.04824506406770077,0.0,0.46557377049180326,0.09416072968984822,0.3900383141762451,0.0,0.0,0.4896551724137931,0,3,142,18
E13,http-request,LightGBM_SMOTE,Default_0.50,0.5,163,18,0.0,0.0,0.4707792207792208,0.1532785768629093,0.5561302681992337,0.0,0.0,0.5,0,0,145,18
E13,http-request,LightGBM_SMOTE,Tuned_InnerCV,0.1,163,18,0.0,0.0,0.4707792207792208,0.1532785768629093,0.5561302681992337,0.0,0.0,0.5,0,0,145,18
E13,http-request,GradientBoosting_Balanced,Default_0.50,0.5,163,18,-0.04824506406770077,0.0,0.46557377049180326,0.1623346111517957,0.5551724137931034,0.0,0.0,0.4896551724137931,0,3,142,18
E13,http-request,GradientBoosting_Balanced,Tuned_InnerCV,0.3952658935695353,163,18,0.03507655914574446,0.08333333333333333,0.505242825607064,0.1623346111517957,0.5551724137931034,0.16666666666666666,0.05555555555555555,0.5105363984674329,1,5,140,17
E13,http-request,LogisticRegression_Balanced,Default_0.50,0.5,163,18,0.17899909136385325,0.26548672566371684,0.43790768208068476,0.4305550528763723,0.7898467432950191,0.15789473684210525,0.8333333333333334,0.6408045977011494,15,80,65,3
E13,http-request,LogisticRegression_Balanced,Tuned_InnerCV,0.7,163,18,0.32330480804545614,0.37037037037037035,0.581103552532124,0.4305550528763723,0.7898467432950191,0.23809523809523808,0.8333333333333334,0.7511494252873563,15,48,97,3
E13,http-request,MLP_Balanced,Default_0.50,0.5,163,18,0.0,0.0,0.4707792207792208,0.10177489883149665,0.45459770114942527,0.0,0.0,0.5,0,0,145,18
E13,http-request,MLP_Balanced,Tuned_InnerCV,0.1,163,18,0.0,0.0,0.4707792207792208,0.10177489883149665,0.45459770114942527,0.0,0.0,0.5,0,0,145,18
E13,http-request,Ensemble_Voting_Refined,Default_0.50,0.5,163,18,0.0,0.0,0.4707792207792208,0.10788893426514375,0.4639846743295019,0.0,0.0,0.5,0,0,145,18
E13,http-request,Ensemble_Voting_Refined,Tuned_InnerCV,0.35,163,18,-0.02768182661791332,0.0,0.46905537459283386,0.10788893426514375,0.4639846743295019,0.0,0.0,0.496551724137931,0,1,144,18
E14,ninja,RF_Baseline,Default_0.50,0.5,306,1,-0.0046443857764751585,0.0,0.4975369458128079,0.07142857142857142,0.9573770491803278,0.0,0.0,0.4967213114754098,0,2,303,1
E14,ninja,RF_Baseline,Tuned_InnerCV,0.17,306,1,0.2225431485728196,0.1,0.5347972972972973,0.07142857142857142,0.9573770491803278,0.05263157894736842,1.0,0.9704918032786884,1,18,287,0
E14,ninja,RF_Balanced,Default_0.50,0.5,306,1,0.0,0.0,0.49918166939443537,0.07142857142857142,0.957377049180328,0.0,0.0,0.5,0,0,305,1
E14,ninja,RF_Balanced,Tuned_InnerCV,0.29,306,1,-0.007379923070606889,0.0,0.49504950495049505,0.07142857142857142,0.957377049180328,0.0,0.0,0.4918032786885246,0,5,300,1
E14,ninja,RF_SMOTE,Default_0.50,0.5,306,1,-0.003278688524590164,0.0,0.49836065573770494,0.06666666666666667,0.9590163934426229,0.0,0.0,0.49836065573770494,0,1,304,1
E14,ninja,RF_SMOTE,Tuned_InnerCV,0.2,306,1,0.2008534889414601,0.08333333333333333,0.5229591836734694,0.06666666666666667,0.9590163934426229,0.043478260869565216,1.0,0.9639344262295082,1,22,283,0
E14,ninja,RF_RUS,Default_0.50,0.5,306,1,0.32893270027693416,0.2,0.5933554817275748,0.125,0.9770491803278689,0.1111111111111111,1.0,0.9868852459016393,1,8,297,0
E14,ninja,RF_RUS,Tuned_InnerCV,0.39,306,1,0.17367767394293807,0.06451612903225806,0.5073010937760257,0.125,0.9770491803278689,0.03333333333333333,1.0,0.9524590163934425,1,29,276,0
E14,ninja,Balanced_RF,Default_0.50,0.5,306,1,0.27183928194444346,0.14285714285714285,0.5613951266125179,0.09090909090909091,0.9688524590163935,0.07692307692307693,1.0,0.980327868852459,1,12,293,0
E14,ninja,Balanced_RF,Tuned_InnerCV,0.54,306,1,-0.00996765758414952,0.0,0.49169435215946844,0.09090909090909091,0.9688524590163935,0.0,0.0,0.4852459016393443,0,9,296,1
E14,ninja,ExtraTrees_Balanced,Default_0.50,0.5,306,1,0.0,0.0,0.49918166939443537,0.05,0.9426229508196722,0.0,0.0,0.5,0,0,305,1
E14,ninja,ExtraTrees_Balanced,Tuned_InnerCV,0.25,306,1,-0.009381816662119078,0.0,0.4925373134328358,0.05,0.9426229508196722,0.0,0.0,0.48688524590163934,0,8,297,1
E14,ninja,XGB_Baseline,Default_0.50,0.5,306,1,-0.007379923070606889,0.0,0.49504950495049505,0.05555555555555555,0.9442622950819671,0.0,0.0,0.4918032786885246,0,5,300,1
E14,ninja,XGB_Baseline,Tuned_InnerCV,0.1,306,1,0.21094190460749598,0.09090909090909091,0.5285053929121726,0.05555555555555555,0.9442622950819671,0.047619047619047616,1.0,0.9672131147540983,1,20,285,0
E14,ninja,XGB_ClassWeight,Default_0.50,0.5,306,1,-0.0046443857764751585,0.0,0.4975369458128079,0.125,0.9770491803278689,0.0,0.0,0.4967213114754098,0,2,303,1
E14,ninja,XGB_ClassWeight,Tuned_InnerCV,0.11045210808515549,306,1,0.2615034893485209,0.13333333333333333,0.5557788944723618,0.125,0.9770491803278689,0.07142857142857142,1.0,0.978688524590164,1,13,292,0
E14,ninja,XGB_RUS,Default_0.50,0.5,306,1,-0.015141958849617441,0.0,0.48223350253807107,0.041666666666666664,0.9245901639344262,0.0,0.0,0.4672131147540984,0,20,285,1
E14,ninja,XGB_RUS,Tuned_InnerCV,0.33680039644241333,306,1,0.18406461208164113,0.07142857142857142,0.513454011741683,0.041666666666666664,0.9245901639344262,0.037037037037037035,1.0,0.9573770491803278,1,26,279,0
E14,ninja,LightGBM_Baseline,Default_0.50,0.5,306,1,-0.012537838530408536,0.0,0.48743718592964824,0.037037037037037035,0.9147540983606557,0.0,0.0,0.47704918032786886,0,14,291,1
E14,ninja,LightGBM_Baseline,Tuned_InnerCV,0.1,306,1,0.14557308607927408,0.047619047619047616,0.4887218045112782,0.037037037037037035,0.9147540983606557,0.024390243902439025,1.0,0.9344262295081966,1,40,265,0
E14,ninja,LightGBM_Balanced,Default_0.50,0.5,306,1,0.21653001154952942,0.09523809523809523,0.5315445975344453,0.09090909090909091,0.9672131147540983,0.05,1.0,0.9688524590163934,1,19,286,0
E14,ninja,LightGBM_Balanced,Tuned_InnerCV,0.26189624212595564,306,1,0.14557308607927408,0.047619047619047616,0.4887218045112782,0.09090909090909091,0.9672131147540983,0.024390243902439025,1.0,0.9344262295081966,1,40,265,0
E14,ninja,LightGBM_SMOTE,Default_0.50,0.5,306,1,-0.007379923070606889,0.0,0.49504950495049505,0.09090909090909091,0.9672131147540984,0.0,0.0,0.4918032786885246,0,5,300,1
E14,ninja,LightGBM_SMOTE,Tuned_InnerCV,0.1,306,1,0.21653001154952942,0.09523809523809523,0.5315445975344453,0.09090909090909091,0.9672131147540984,0.05,1.0,0.9688524590163934,1,19,286,0
E14,ninja,GradientBoosting_Balanced,Default_0.50,0.5,306,1,0.156812512046795,0.05405405405405406,0.4965922444183314,0.05263157894736842,0.9409836065573771,0.027777777777777776,1.0,0.9426229508196722,1,35,270,0
E14,ninja,GradientBoosting_Balanced,Tuned_InnerCV,0.41265831549815346,306,1,0.11967744973820776,0.034482758620689655,0.46669986306485745,0.05263157894736842,0.9409836065573771,0.017543859649122806,1.0,0.9081967213114754,1,56,249,0
E14,ninja,LogisticRegression_Balanced,Default_0.50,0.5,306,1,0.09463835075183205,0.024096385542168676,0.4354886464572847,0.02040816326530612,0.8426229508196722,0.012195121951219513,1.0,0.8672131147540983,1,81,224,0
E14,ninja,LogisticRegression_Balanced,Tuned_InnerCV,0.7,306,1,-0.022204411011315366,0.0,0.46409807355516636,0.02040816326530612,0.8426229508196722,0.0,0.0,0.4344262295081967,0,40,265,1
E14,ninja,MLP_Balanced,Default_0.50,0.5,306,1,-0.00996765758414952,0.0,0.49169435215946844,0.01282051282051282,0.7475409836065574,0.0,0.0,0.4852459016393443,0,9,296,1
E14,ninja,MLP_Balanced,Tuned_InnerCV,0.1,306,1,-0.017079176423712362,0.0,0.4778156996587031,0.01282051282051282,0.7475409836065574,0.0,0.0,0.45901639344262296,0,25,280,1
E14,ninja,Ensemble_Voting_Refined,Default_0.50,0.5,306,1,-0.006589866316856656,0.0,0.4958813838550247,0.14285714285714285,0.980327868852459,0.0,0.0,0.4934426229508197,0,4,301,1
E14,ninja,Ensemble_Voting_Refined,Tuned_InnerCV,0.35,306,1,0.28342171556262064,0.15384615384615385,0.5677411069731604,0.14285714285714285,0.980327868852459,0.08333333333333333,1.0,0.9819672131147541,1,11,294,0
E15,orbit,RF_Baseline,Default_0.50,0.5,86,7,-0.04593152121746254,0.0,0.4723926380368098,0.12726242011956296,0.6672694394213382,0.0,0.0,0.4873417721518987,0,2,77,7
E15,orbit,RF_Baseline,Tuned_InnerCV,0.19,86,7,-0.08152036322449234,0.0,0.4591194968553459,0.12726242011956296,0.6672694394213382,0.0,0.0,0.4620253164556962,0,6,73,7
E15,orbit,RF_Balanced,Default_0.50,0.5,86,7,0.0,0.0,0.47878787878787876,0.17762153641944584,0.7830018083182639,0.0,0.0,0.5,0,0,79,7
E15,orbit,RF_Balanced,Tuned_InnerCV,0.31,86,7,-0.06574436633073362,0.0,0.4658385093167702,0.17762153641944584,0.7830018083182639,0.0,0.0,0.47468354430379744,0,4,75,7
E15,orbit,RF_SMOTE,Default_0.50,0.5,86,7,0.0,0.0,0.47878787878787876,0.13695307163552245,0.674502712477396,0.0,0.0,0.5,0,0,79,7
E15,orbit,RF_SMOTE,Tuned_InnerCV,0.27,86,7,-0.05659226231861449,0.0,0.4691358024691358,0.13695307163552245,0.674502712477396,0.0,0.0,0.4810126582278481,0,3,76,7
E15,orbit,RF_RUS,Default_0.50,0.5,86,7,0.14064816336467115,0.2222222222222222,0.5656565656565656,0.1762211333639905,0.7631103074141049,0.18181818181818182,0.2857142857142857,0.5858951175406871,2,9,70,5
E15,orbit,RF_RUS,Tuned_InnerCV,0.4,86,7,0.12557801780028494,0.21052631578947367,0.5562435500515996,0.1762211333639905,0.7631103074141049,0.16666666666666666,0.2857142857142857,0.5795660036166366,2,10,69,5
E15,orbit,Balanced_RF,Default_0.50,0.5,86,7,0.3149962825066378,0.375,0.655448717948718,0.21992528242528242,0.7631103074141048,0.3333333333333333,0.42857142857142855,0.6763110307414105,3,6,73,4
E15,orbit,Balanced_RF,Tuned_InnerCV,0.48,86,7,0.2679717638842682,0.3333333333333333,0.6277056277056277,0.21992528242528242,0.7631103074141048,0.2727272727272727,0.42857142857142855,0.6636528028933092,3,8,71,4
E15,orbit,ExtraTrees_Balanced,Default_0.50,0.5,86,7,0.0,0.0,0.47878787878787876,0.15574425574425574,0.7188065099457506,0.0,0.0,0.5,0,0,79,7
E15,orbit,ExtraTrees_Balanced,Tuned_InnerCV,0.25,86,7,-0.04593152121746254,0.0,0.4723926380368098,0.15574425574425574,0.7188065099457506,0.0,0.0,0.4873417721518987,0,2,77,7
E15,orbit,XGB_Baseline,Default_0.50,0.5,86,7,-0.04593152121746254,0.0,0.4723926380368098,0.14922894833609118,0.701627486437613,0.0,0.0,0.4873417721518987,0,2,77,7
E15,orbit,XGB_Baseline,Tuned_InnerCV,0.1,86,7,-0.07395677538753816,0.0,0.4625,0.14922894833609118,0.701627486437613,0.0,0.0,0.46835443037974683,0,5,74,7
E15,orbit,XGB_ClassWeight,Default_0.50,0.5,86,7,-0.06574436633073362,0.0,0.4658385093167702,0.12070660909767285,0.6220614828209765,0.0,0.0,0.47468354430379744,0,4,75,7
E15,orbit,XGB_ClassWeight,Tuned_InnerCV,0.1,86,7,-0.06320395112473122,0.07407407407407407,0.4508301404853129,0.12070660909767285,0.6220614828209765,0.05,0.14285714285714285,0.4511754068716094,1,19,60,6
E15,orbit,XGB_RUS,Default_0.50,0.5,86,7,0.09911488651014973,0.19047619047619047,0.5389467045096183,0.16722089016820862,0.6654611211573237,0.14285714285714285,0.2857142857142857,0.5669077757685352,2,12,67,5
E15,orbit,XGB_RUS,Tuned_InnerCV,0.10215477645397186,86,7,0.06344662087741662,0.1702127659574468,0.4291063829787234,0.16722089016820862,0.6654611211573237,0.1,0.5714285714285714,0.5578661844484629,4,36,43,3
E15,orbit,LightGBM_Baseline,Default_0.50,0.5,86,7,-0.04593152121746254,0.0,0.4723926380368098,0.16482411146276693,0.6907775768535263,0.0,0.0,0.4873417721518987,0,2,77,7
E15,orbit,LightGBM_Baseline,Tuned_InnerCV,0.1,86,7,0.06690777576853527,0.14285714285714285,0.5334538878842676,0.16482411146276693,0.6907775768535263,0.14285714285714285,0.14285714285714285,0.5334538878842676,1,6,73,6
E15,orbit,LightGBM_Balanced,Default_0.50,0.5,86,7,0.08730466156859275,0.18181818181818182,0.5309090909090909,0.15533603089994066,0.7305605786618444,0.13333333333333333,0.2857142857142857,0.5605786618444846,2,13,66,5
E15,orbit,LightGBM_Balanced,Tuned_InnerCV,0.1,86,7,0.2775789663386977,0.2641509433962264,0.4682099254796258,0.15533603089994066,0.7305605786618444,0.15217391304347827,1.0,0.7531645569620253,7,39,40,0
E15,orbit,LightGBM_SMOTE,Default_0.50,0.5,86,7,-0.04593152121746254,0.0,0.4723926380368098,0.23923790175609239,0.8137432188065099,0.0,0.0,0.4873417721518987,0,2,77,7
E15,orbit,LightGBM_SMOTE,Tuned_InnerCV,0.2931298194341376,86,7,-0.04593152121746254,0.0,0.4723926380368098,0.23923790175609239,0.8137432188065099,0.0,0.0,0.4873417721518987,0,2,77,7
E15,orbit,GradientBoosting_Balanced,Default_0.50,0.5,86,7,0.28882664801602487,0.3225806451612903,0.5868222374742622,0.18801025890691545,0.7775768535262206,0.20833333333333334,0.7142857142857143,0.7368896925858952,5,19,60,2
E15,orbit,GradientBoosting_Balanced,Tuned_InnerCV,0.329542740581409,86,7,0.23395941448547378,0.2553191489361702,0.48765957446808506,0.18801025890691545,0.7775768535262206,0.15,0.8571428571428571,0.713381555153707,6,34,45,1
E15,orbit,LogisticRegression_Balanced,Default_0.50,0.5,86,7,0.03242370962718242,0.15625,0.328125,0.13996537362676467,0.6238698010849909,0.08771929824561403,0.7142857142857143,0.5280289330922242,5,52,27,2
E15,orbit,LogisticRegression_Balanced,Tuned_InnerCV,0.6944315301589291,86,7,0.020398987510049295,0.13793103448275862,0.48155292982879194,0.13996537362676467,0.6238698010849909,0.09090909090909091,0.2857142857142857,0.5162748643761301,2,20,59,5
E15,orbit,MLP_Balanced,Default_0.50,0.5,86,7,-0.05659226231861449,0.0,0.4691358024691358,0.13834933941424815,0.6618444846292947,0.0,0.0,0.4810126582278481,0,3,76,7
E15,orbit,MLP_Balanced,Tuned_InnerCV,0.4302076088026197,86,7,-0.05659226231861449,0.0,0.4691358024691358,0.13834933941424815,0.6618444846292947,0.0,0.0,0.4810126582278481,0,3,76,7
E15,orbit,Ensemble_Voting_Refined,Default_0.50,0.5,86,7,-0.06574436633073362,0.0,0.4658385093167702,0.16173195084485406,0.7432188065099458,0.0,0.0,0.47468354430379744,0,4,75,7
E15,orbit,Ensemble_Voting_Refined,Tuned_InnerCV,0.35,86,7,-0.10176802973291375,0.0,0.44871794871794873,0.16173195084485406,0.7432188065099458,0.0,0.0,0.4430379746835443,0,9,70,7
E16,logback,RF_Baseline,Default_0.50,0.5,842,22,0.0,0.0,0.49338146811071,0.04061034035624646,0.6688192904656319,0.0,0.0,0.5,0,0,820,22
E16,logback,RF_Baseline,Tuned_InnerCV,0.1,842,22,0.03630990392836605,0.06896551724137931,0.5091227085267636,0.04061034035624646,0.6688192904656319,0.046153846153846156,0.13636363636363635,0.5303769401330377,3,62,758,19
E16,logback,RF_Balanced,Default_0.50,0.5,842,22,0.0,0.0,0.49338146811071,0.04769706943786972,0.6995565410199557,0.0,0.0,0.5,0,0,820,22
E16,logback,RF_Balanced,Tuned_InnerCV,0.13,842,22,0.01983628209142834,0.05405405405405406,0.5052878965922445,0.04769706943786972,0.6995565410199557,0.038461538461538464,0.09090909090909091,0.5149667405764966,2,50,770,20
E16,logback,RF_SMOTE,Default_0.50,0.5,842,22,0.0,0.0,0.49338146811071,0.0416896090447904,0.6950942350332594,0.0,0.0,0.5,0,0,820,22
E16,logback,RF_SMOTE,Tuned_InnerCV,0.19,842,22,-0.008161399495877806,0.02857142857142857,0.49322003894494604,0.0416896090447904,0.6950942350332594,0.020833333333333332,0.045454545454545456,0.49406873614190683,1,47,773,21
E16,logback,RF_RUS,Default_0.50,0.5,842,22,-0.009794540382721335,0.0,0.4924653405666064,0.05174434504532705,0.7116130820399112,0.0,0.0,0.49817073170731707,0,3,817,22
E16,logback,RF_RUS,Tuned_InnerCV,0.35,842,22,0.03212774913795852,0.06349206349206349,0.5135473889329534,0.05174434504532705,0.7116130820399112,0.04878048780487805,0.09090909090909091,0.5216740576496673,2,39,781,20
E16,logback,Balanced_RF,Default_0.50,0.5,842,22,0.07223558714193978,0.09523809523809523,0.5360477930514471,0.05908227005937655,0.7569013303769401,0.1,0.09090909090909091,0.5344789356984478,2,18,802,20
E16,logback,Balanced_RF,Tuned_InnerCV,0.56,842,22,-0.0179573708259133,0.0,0.49031476997578693,0.05908227005937655,0.7569013303769401,0.0,0.0,0.49390243902439024,0,10,810,22
E16,logback,ExtraTrees_Balanced,Default_0.50,0.5,842,22,0.0,0.0,0.49338146811071,0.05799976145575971,0.621119733924612,0.0,0.0,0.5,0,0,820,22
E16,logback,ExtraTrees_Balanced,Tuned_InnerCV,0.1,842,22,-0.03065920639656634,0.018518518518518517,0.47562981763489376,0.05799976145575971,0.621119733924612,0.011627906976744186,0.045454545454545456,0.4708980044345898,1,85,735,21
E16,logback,XGB_Baseline,Default_0.50,0.5,842,22,-0.013876402888519728,0.0,0.4915458937198068,0.0428462285513328,0.6781042128603104,0.0,0.0,0.49634146341463414,0,6,814,22
E16,logback,XGB_Baseline,Tuned_InnerCV,0.1,842,22,-0.025549564583965838,0.0,0.48721071863581,0.0428462285513328,0.6781042128603104,0.0,0.0,0.4878048780487805,0,20,800,22
E16,logback,XGB_ClassWeight,Default_0.50,0.5,842,22,0.0,0.0,0.49338146811071,0.03908290980320065,0.6137472283813747,0.0,0.0,0.5,0,0,820,22
E16,logback,XGB_ClassWeight,Tuned_InnerCV,0.1,842,22,-0.02420901173348482,0.0,0.4878345498783455,0.03908290980320065,0.6137472283813747,0.0,0.0,0.48902439024390243,0,18,802,22
E16,logback,XGB_RUS,Default_0.50,0.5,842,22,0.06070548647354635,0.06666666666666667,0.5248690044336961,0.05055299764176579,0.6339246119733924,0.125,0.045454545454545456,0.5184589800443459,1,7,813,21
E16,logback,XGB_RUS,Tuned_InnerCV,0.3194429278373718,842,22,0.02942226830244226,0.05128205128205128,0.514394825033123,0.05055299764176579,0.6339246119733924,0.058823529411764705,0.045454545454545456,0.5129711751662971,1,16,804,21
E16,logback,LightGBM_Baseline,Default_0.50,0.5,842,22,0.0,0.0,0.49338146811071,0.0438606614907126,0.7042960088691796,0.0,0.0,0.5,0,0,820,22
E16,logback,LightGBM_Baseline,Tuned_InnerCV,0.1,842,22,-0.02129870820337046,0.0,0.4890776699029126,0.0438606614907126,0.7042960088691796,0.0,0.0,0.49146341463414633,0,14,806,22
E16,logback,LightGBM_Balanced,Default_0.50,0.5,842,22,-0.018845178044340116,0.0,0.4900060569351908,0.049467174464454394,0.7031596452328159,0.0,0.0,0.49329268292682926,0,11,809,22
E16,logback,LightGBM_Balanced,Tuned_InnerCV,0.1,842,22,0.029786606310763658,0.06382978723404255,0.5042419376421785,0.049467174464454394,0.7031596452328159,0.041666666666666664,0.13636363636363635,0.5261086474501109,3,69,751,19
E16,logback,LightGBM_SMOTE,Default_0.50,0.5,842,22,-0.00564815252830305,0.0,0.49307645996387717,0.04813113075087902,0.7266906873614191,0.0,0.0,0.499390243902439,0,1,819,22
E16,logback,LightGBM_SMOTE,Tuned_InnerCV,0.1,842,22,-0.029237888719547824,0.0,0.48533007334963324,0.04813113075087902,0.7266906873614191,0.0,0.0,0.4841463414634146,0,26,794,22
E16,logback,GradientBoosting_Balanced,Default_0.50,0.5,842,22,0.018226997831044145,0.044444444444444446,0.5091044674937293,0.045338436613384006,0.6816796008869179,0.043478260869565216,0.045454545454545456,0.5093126385809312,1,22,798,21
E16,logback,GradientBoosting_Balanced,Tuned_InnerCV,0.2660060929429052,842,22,0.06104591486898906,0.08695652173913043,0.5100174578102918,0.045338436613384006,0.6816796008869179,0.053763440860215055,0.22727272727272727,0.5599778270509977,5,88,732,17
E16,logback,LogisticRegression_Balanced,Default_0.50,0.5,842,22,0.20383046666646976,0.17687074829931973,0.5490729798750991,0.12741459006854378,0.6727827050997783,0.104,0.5909090909090909,0.7271618625277162,13,112,708,9
E16,logback,LogisticRegression_Balanced,Tuned_InnerCV,0.7,842,22,0.1261236317129854,0.1509433962264151,0.5616764804553289,0.12741459006854378,0.6727827050997783,0.12903225806451613,0.18181818181818182,0.5744456762749446,4,27,793,18
E16,logback,MLP_Balanced,Default_0.50,0.5,842,22,0.0,0.0,0.49338146811071,0.03600305765935989,0.4796008869179601,0.0,0.0,0.5,0,0,820,22
E16,logback,MLP_Balanced,Tuned_InnerCV,0.1,842,22,0.05907636367494626,0.0851063829787234,0.5294194101820923,0.03600305765935989,0.4796008869179601,0.08,0.09090909090909091,0.531430155210643,2,23,797,20
E16,logback,Ensemble_Voting_Refined,Default_0.50,0.5,842,22,0.0,0.0,0.49338146811071,0.04886216665874611,0.7118625277161863,0.0,0.0,0.5,0,0,820,22
E16,logback,Ensemble_Voting_Refined,Tuned_InnerCV,0.35,842,22,-0.012659795413374586,0.0,0.49185274592637296,0.04886216665874611,0.7118625277161863,0.0,0.0,0.4969512195121951,0,5,815,22
E17,spring-boot,RF_Baseline,Default_0.50,0.5,2127,163,-0.010826957490603842,0.0,0.4796966731898239,0.09178535395358937,0.5891241737783164,0.0,0.0,0.4992362525458248,0,3,1961,163
E17,spring-boot,RF_Baseline,Tuned_InnerCV,0.12,2127,163,0.057185568788685415,0.15537190082644628,0.5076667670753223,0.09178535395358937,0.5891241737783164,0.10633484162895927,0.2883435582822086,0.5436116976747092,47,395,1569,116
E17,spring-boot,RF_Balanced,Default_0.50,0.5,2127,163,-0.03616526833245933,0.0,0.4758501724987679,0.11799472518412522,0.698863281396424,0.0,0.0,0.4915987780040733,0,33,1931,163
E17,spring-boot,RF_Balanced,Tuned_InnerCV,0.18,2127,163,0.04701746603066823,0.136986301369863,0.5189648487981391,0.11799472518412522,0.698863281396424,0.10909090909090909,0.18404907975460122,0.5296518311196632,30,245,1719,133
E17,spring-boot,RF_SMOTE,Default_0.50,0.5,2127,163,-0.043237207862798714,0.008583690987124463,0.4755676475328559,0.08812739804541299,0.552942223832669,0.014285714285714285,0.006134969325153374,0.48550129321654817,1,69,1895,162
E17,spring-boot,RF_SMOTE,Tuned_InnerCV,0.28,2127,163,-0.012828272639256722,0.0748663101604278,0.4928455262142345,0.08812739804541299,0.552942223832669,0.06635071090047394,0.08588957055214724,0.49279203578523856,14,197,1767,149
E17,spring-boot,RF_RUS,Default_0.50,0.5,2127,163,0.05369001937048986,0.1329639889196676,0.5262816348400033,0.11711942056920663,0.6600293004135793,0.12121212121212122,0.147239263803681,0.5293222795596816,24,174,1790,139
E17,spring-boot,RF_RUS,Tuned_InnerCV,0.63,2127,163,-0.0268907838417907,0.02510460251046025,0.4835361119650682,0.11711942056920663,0.6600293004135793,0.039473684210526314,0.018404907975460124,0.49061793260280134,3,73,1891,160
E17,spring-boot,Balanced_RF,Default_0.50,0.5,2127,163,0.04554985770710601,0.13488372093023257,0.5188016931010996,0.1505066069194546,0.7705384029088002,0.10861423220973783,0.17791411042944785,0.5283664238501619,29,238,1726,134
E17,spring-boot,Balanced_RF,Tuned_InnerCV,0.68,2127,163,-0.05586153927982356,0.014035087719298246,0.4716181989364947,0.1505066069194546,0.7705384029088002,0.01639344262295082,0.012269938650306749,0.4755850711581473,2,120,1844,161
E17,spring-boot,ExtraTrees_Balanced,Default_0.50,0.5,2127,163,0.0,0.0,0.48007822048398924,0.09163985252392082,0.5154030212537328,0.0,0.0,0.5,0,0,1964,163
E17,spring-boot,ExtraTrees_Balanced,Tuned_InnerCV,0.12,2127,163,0.04560570332380943,0.1464226289517471,0.5029950538681539,0.09163985252392082,0.5154030212537328,0.1004566210045662,0.26993865030674846,0.5346638261717042,44,394,1570,119
E17,spring-boot,XGB_Baseline,Default_0.50,0.5,2127,163,-0.044151095921486756,0.00851063829787234,0.47526800887274806,0.12046787490800902,0.6936794822135869,0.013888888888888888,0.006134969325153374,0.48499212824709803,1,71,1893,162
E17,spring-boot,XGB_Baseline,Tuned_InnerCV,0.1,2127,163,0.024794269329680214,0.11358024691358025,0.5101546337191959,0.12046787490800902,0.6936794822135869,0.09504132231404959,0.1411042944785276,0.5147985830844777,23,219,1745,140
E17,spring-boot,XGB_ClassWeight,Default_0.50,0.5,2127,163,-0.06437939623415626,0.01818181818181818,0.46780650542118435,0.10272830226973896,0.6480201916709357,0.017964071856287425,0.018404907975460124,0.4674509264928217,3,164,1800,160
E17,spring-boot,XGB_ClassWeight,Tuned_InnerCV,0.1,2127,163,-0.014149184710761127,0.09320388349514563,0.4841520888457274,0.10272830226973896,0.6480201916709357,0.06818181818181818,0.147239263803681,0.4901165769120238,24,328,1636,139
E17,spring-boot,XGB_RUS,Default_0.50,0.5,2127,163,0.005910883231115855,0.0975609756097561,0.5006535367122662,0.10841805582022625,0.6846800694713431,0.08097165991902834,0.12269938650306748,0.5035594692189472,20,227,1737,143
E17,spring-boot,XGB_RUS,Tuned_InnerCV,0.7,2127,163,-0.027007956868113872,0.06027397260273973,0.4860382462653709,0.10841805582022625,0.6846800694713431,0.054455445544554455,0.06748466257668712,0.4851170767058588,11,191,1773,152
E17,spring-boot,LightGBM_Baseline,Default_0.50,0.5,2127,163,-0.017701194561169323,0.0,0.4790595150624541,0.12589393834856888,0.7156516686866667,0.0,0.0,0.4979633401221996,0,8,1956,163
E17,spring-boot,LightGBM_Baseline,Tuned_InnerCV,0.1480977629653992,2127,163,-0.03690916779041628,0.016666666666666666,0.47893622321873447,0.12589393834856888,0.7156516686866667,0.025974025974025976,0.012269938650306749,0.4870412829707746,2,75,1889,161
E17,spring-boot,LightGBM_Balanced,Default_0.50,0.5,2127,163,-0.04446146900409514,0.056074766355140186,0.4752407287081503,0.11803110725503457,0.6923362862819087,0.045283018867924525,0.0736196319018405,0.47240044731548236,12,253,1711,151
E17,spring-boot,LightGBM_Balanced,Tuned_InnerCV,0.1,2127,163,0.22235253574399153,0.25646551724137934,0.5245045565761918,0.11803110725503457,0.6923362862819087,0.15555555555555556,0.7300613496932515,0.7005703897142429,119,646,1318,44
E17,spring-boot,LightGBM_SMOTE,Default_0.50,0.5,2127,163,-0.05586153927982356,0.014035087719298246,0.4716181989364947,0.16436745148283463,0.7557913610635614,0.01639344262295082,0.012269938650306749,0.4755850711581473,2,120,1844,161
E17,spring-boot,LightGBM_SMOTE,Tuned_InnerCV,0.1,2127,163,0.03313069552148637,0.12691466083150985,0.510915850299874,0.16436745148283463,0.7557913610635614,0.09863945578231292,0.17791411042944785,0.5214926967625855,29,265,1699,134
E17,spring-boot,GradientBoosting_Balanced,Default_0.50,0.5,2127,163,0.2381670333109156,0.29724770642201837,0.5969926857804349,0.17442496083818956,0.7923965739132609,0.21204188481675393,0.49693251533742333,0.6718369297664714,81,301,1663,82
E17,spring-boot,GradientBoosting_Balanced,Tuned_InnerCV,0.6242122986770554,2127,163,0.029232789713952358,0.11933174224343675,0.5115563535206753,0.17442496083818956,0.7923965739132609,0.09765625,0.15337423312883436,0.5178785625929304,25,231,1733,138
E17,spring-boot,LogisticRegression_Balanced,Default_0.50,0.5,2127,163,0.007907583497128882,0.11822660098522167,0.4854507490522816,0.07953399464556432,0.5196793822548199,0.08071748878923767,0.22085889570552147,0.5060506291154898,36,410,1554,127
E17,spring-boot,LogisticRegression_Balanced,Tuned_InnerCV,0.7,2127,163,-0.01392846156425887,0.0946969696969697,0.4832046308495584,0.07953399464556432,0.5196793822548199,0.0684931506849315,0.15337423312883436,0.4901290717578999,25,340,1624,138
E17,spring-boot,MLP_Balanced,Default_0.50,0.5,2127,163,-0.05883856169865187,0.024024024024024024,0.47056850270316225,0.12296110918829475,0.6558482126122974,0.023529411764705882,0.024539877300613498,0.4700092461859483,4,166,1798,159
E17,spring-boot,MLP_Balanced,Tuned_InnerCV,0.1,2127,163,-0.020788715660710402,0.06860158311345646,0.48875240445995405,0.12296110918829475,0.6558482126122974,0.06018518518518518,0.07975460122699386,0.4881970562143116,13,203,1761,150
E17,spring-boot,Ensemble_Voting_Refined,Default_0.50,0.5,2127,163,-0.07041025806198002,0.017191977077363897,0.46467793476147323,0.13819710655897002,0.7551916084615096,0.016129032258064516,0.018404907975460124,0.46261385928304577,3,183,1781,160
E17,spring-boot,Ensemble_Voting_Refined,Tuned_InnerCV,0.35,2127,163,-0.0606052900968149,0.038929440389294405,0.4680725786385712,0.13819710655897002,0.7551916084615096,0.03225806451612903,0.049079754601226995,0.4634400809666013,8,240,1724,155
E18,okhttp,RF_Baseline,Default_0.50,0.5,810,100,0.0,0.0,0.46710526315789475,0.13309247677073704,0.5122676056338028,0.0,0.0,0.5,0,0,710,100
E18,okhttp,RF_Baseline,Tuned_InnerCV,0.1,810,100,-0.02371323048482797,0.017391304347826087,0.4711541239347104,0.13309247677073704,0.5122676056338028,0.06666666666666667,0.01,0.49514084507042255,1,14,696,99
E18,okhttp,RF_Balanced,Default_0.50,0.5,810,100,0.0,0.0,0.46710526315789475,0.12975630084057854,0.4952816901408451,0.0,0.0,0.5,0,0,710,100
E18,okhttp,RF_Balanced,Tuned_InnerCV,0.1,810,100,-0.01828953368059233,0.06666666666666667,0.4857142857142857,0.12975630084057854,0.4952816901408451,0.1,0.05,0.4933098591549296,5,45,665,95
E18,okhttp,RF_SMOTE,Default_0.50,0.5,810,100,0.0,0.0,0.46710526315789475,0.1325373478741334,0.49866901408450703,0.0,0.0,0.5,0,0,710,100
E18,okhttp,RF_SMOTE,Tuned_InnerCV,0.22,810,100,0.02601462210719736,0.03636363636363636,0.4830824804334738,0.1325373478741334,0.49866901408450703,0.2,0.02,0.5043661971830986,2,8,702,98
E18,okhttp,RF_RUS,Default_0.50,0.5,810,100,0.027099243404844674,0.019230769230769232,0.47597422366551656,0.13199508241698416,0.47697887323943655,0.25,0.01,0.502887323943662,1,3,707,99
E18,okhttp,RF_RUS,Tuned_InnerCV,0.49,810,100,0.027099243404844674,0.019230769230769232,0.47597422366551656,0.13199508241698416,0.47697887323943655,0.25,0.01,0.502887323943662,1,3,707,99
E18,okhttp,Balanced_RF,Default_0.50,0.5,810,100,-0.007972222903818545,0.01818181818181818,0.4733293196869356,0.1404238783725016,0.4759788732394366,0.1,0.01,0.49866197183098593,1,9,701,99
E18,okhttp,Balanced_RF,Tuned_InnerCV,0.5,810,100,-0.007972222903818545,0.01818181818181818,0.4733293196869356,0.1404238783725016,0.4759788732394366,0.1,0.01,0.49866197183098593,1,9,701,99
E18,okhttp,ExtraTrees_Balanced,Default_0.50,0.5,810,100,0.0,0.0,0.46710526315789475,0.13512070764763415,0.48835211267605627,0.0,0.0,0.5,0,0,710,100
E18,okhttp,ExtraTrees_Balanced,Tuned_InnerCV,0.1,810,100,0.07152728139533264,0.07079646017699115,0.5005608047401213,0.13512070764763415,0.48835211267605627,0.3076923076923077,0.04,0.5136619718309859,4,9,701,96
E18,okhttp,XGB_Baseline,Default_0.50,0.5,810,100,0.11416821008585852,0.05714285714285714,0.49589816124469593,0.15292505943583573,0.49559859154929575,0.6,0.03,0.5135915492957747,3,2,708,97
E18,okhttp,XGB_Baseline,Tuned_InnerCV,0.1,810,100,0.04152385741627134,0.08,0.5015384615384616,0.15292505943583573,0.49559859154929575,0.2,0.05,0.5109154929577465,5,20,690,95
E18,okhttp,XGB_ClassWeight,Default_0.50,0.5,810,100,0.00046853134205620525,0.018518518518518517,0.4742063492063492,0.13985447834152534,0.5184647887323943,0.125,0.01,0.5000704225352113,1,7,703,99
E18,okhttp,XGB_ClassWeight,Tuned_InnerCV,0.1,810,100,0.005888085919576612,0.06153846153846154,0.48982963345379454,0.13985447834152534,0.5184647887323943,0.13333333333333333,0.04,0.5016901408450705,4,26,684,96
E18,okhttp,XGB_RUS,Default_0.50,0.5,810,100,0.027636222177504072,0.05172413793103448,0.48929292002934704,0.12664277378720895,0.43491549295774645,0.1875,0.03,0.5058450704225352,3,13,697,97
E18,okhttp,XGB_RUS,Tuned_InnerCV,0.3482796251773834,810,100,0.03948336203359145,0.09090909090909091,0.5051319648093842,0.12664277378720895,0.43491549295774645,0.1875,0.06,0.5116901408450705,6,26,684,94
E18,okhttp,LightGBM_Baseline,Default_0.50,0.5,810,100,0.038899463090164545,0.019417475728155338,0.4764193509161541,0.1495807404155216,0.567387323943662,0.3333333333333333,0.01,0.5035915492957747,1,2,708,99
E18,okhttp,LightGBM_Baseline,Tuned_InnerCV,0.1,810,100,0.02359568726367307,0.05128205128205128,0.48871487793643487,0.1495807404155216,0.567387323943662,0.17647058823529413,0.03,0.5051408450704226,3,14,696,97
E18,okhttp,LightGBM_Balanced,Default_0.50,0.5,810,100,-0.013994710343168425,0.03305785123966942,0.47750290827493813,0.1358136256192282,0.4823521126760564,0.09523809523809523,0.02,0.4966197183098592,2,19,691,98
E18,okhttp,LightGBM_Balanced,Tuned_InnerCV,0.1,810,100,-0.0032169027641389945,0.13392857142857142,0.4974800450266066,0.1358136256192282,0.4823521126760564,0.12096774193548387,0.15,0.4982394366197183,15,109,601,85
E18,okhttp,LightGBM_SMOTE,Default_0.50,0.5,810,100,0.0,0.0,0.46710526315789475,0.16275273527137782,0.5833732394366198,0.0,0.0,0.5,0,0,710,100
E18,okhttp,LightGBM_SMOTE,Tuned_InnerCV,0.1,810,100,0.054606511290489976,0.06896551724137931,0.49857850330154074,0.16275273527137782,0.5833732394366198,0.25,0.04,0.5115492957746479,4,12,698,96
E18,okhttp,GradientBoosting_Balanced,Default_0.50,0.5,810,100,0.022942717373784335,0.07633587786259542,0.49753664275937026,0.1777686451199359,0.6220211267605633,0.16129032258064516,0.05,0.5066901408450705,5,26,684,95
E18,okhttp,GradientBoosting_Balanced,Tuned_InnerCV,0.2731545793497698,810,100,0.09643709928000255,0.225,0.5451086956521739,0.1777686451199359,0.6220211267605633,0.19285714285714287,0.27,0.5554225352112676,27,113,597,73
E18,okhttp,LogisticRegression_Balanced,Default_0.50,0.5,810,100,-0.09279775739984729,0.03225806451612903,0.4533675259819139,0.0973407169877143,0.3410915492957747,0.03488372093023256,0.03,0.4565492957746479,3,83,627,97
E18,okhttp,LogisticRegression_Balanced,Tuned_InnerCV,0.7,810,100,-0.031117677598993945,0.01694915254237288,0.46985939651086683,0.0973407169877143,0.3410915492957747,0.05555555555555555,0.01,0.4930281690140845,1,17,693,99
E18,okhttp,MLP_Balanced,Default_0.50,0.5,810,100,0.0,0.0,0.46710526315789475,0.13529380996468543,0.3933873239436619,0.0,0.0,0.5,0,0,710,100
E18,okhttp,MLP_Balanced,Tuned_InnerCV,0.1,810,100,0.07152728139533264,0.07079646017699115,0.5005608047401213,0.13529380996468543,0.3933873239436619,0.3076923076923077,0.04,0.5136619718309859,4,9,701,96
E18,okhttp,Ensemble_Voting_Refined,Default_0.50,0.5,810,100,0.0055062600464895655,0.018691588785046728,0.4746465214249094,0.1576341411833279,0.5822253521126761,0.14285714285714285,0.01,0.500774647887324,1,6,704,99
E18,okhttp,Ensemble_Voting_Refined,Tuned_InnerCV,0.35,810,100,0.00782119213283852,0.03508771929824561,0.4810232753197735,0.1576341411833279,0.5822253521126761,0.14285714285714285,0.02,0.5015492957746479,2,12,698,98
E19,java-websocket,RF_Baseline,Default_0.50,0.5,145,23,0.0,0.0,0.45692883895131087,0.34811222561637833,0.7934782608695652,0.0,0.0,0.5,0,0,122,23
E19,java-websocket,RF_Baseline,Tuned_InnerCV,0.13,145,23,-0.022239012380096866,0.06451612903225806,0.476273508531573,0.34811222561637833,0.7934782608695652,0.125,0.043478260869565216,0.4930506058446187,1,7,115,22
E19,java-websocket,RF_Balanced,Default_0.50,0.5,145,23,0.0,0.0,0.45692883895131087,0.36886899836181775,0.787776193870278,0.0,0.0,0.5,0,0,122,23
E19,java-websocket,RF_Balanced,Tuned_InnerCV,0.34,145,23,0.0,0.0,0.45692883895131087,0.36886899836181775,0.787776193870278,0.0,0.0,0.5,0,0,122,23
E19,java-websocket,RF_SMOTE,Default_0.50,0.5,145,23,0.0,0.0,0.45692883895131087,0.3442126840631279,0.8052387740555952,0.0,0.0,0.5,0,0,122,23
E19,java-websocket,RF_SMOTE,Tuned_InnerCV,0.27,145,23,0.0,0.0,0.45692883895131087,0.3442126840631279,0.8052387740555952,0.0,0.0,0.5,0,0,122,23
E19,java-websocket,RF_RUS,Default_0.50,0.5,145,23,0.0,0.0,0.45692883895131087,0.34811309334250895,0.8136136849607983,0.0,0.0,0.5,0,0,122,23
E19,java-websocket,RF_RUS,Tuned_InnerCV,0.33,145,23,-0.009718239238732393,0.06666666666666667,0.4794871794871795,0.34811309334250895,0.8136136849607983,0.14285714285714285,0.043478260869565216,0.49714896650035634,1,6,116,22
E19,java-websocket,Balanced_RF,Default_0.50,0.5,145,23,0.042130099446427816,0.07407407407407407,0.48950851992677086,0.31068400131731366,0.766928011404134,0.25,0.043478260869565216,0.5094440484675695,1,3,119,22
E19,java-websocket,Balanced_RF,Tuned_InnerCV,0.46,145,23,0.004575843697717816,0.06896551724137931,0.4827586206896552,0.31068400131731366,0.766928011404134,0.16666666666666666,0.043478260869565216,0.5012473271560941,1,5,117,22
E19,java-websocket,ExtraTrees_Balanced,Default_0.50,0.5,145,23,0.0,0.0,0.45692883895131087,0.7275867772762182,0.9276550249465432,0.0,0.0,0.5,0,0,122,23
E19,java-websocket,ExtraTrees_Balanced,Tuned_InnerCV,0.24,145,23,0.655209295429633,0.7,0.8108695652173913,0.7275867772762182,0.9276550249465432,0.5675675675675675,0.9130434782608695,0.8909479686386315,21,16,106,2
E19,java-websocket,XGB_Baseline,Default_0.50,0.5,145,23,0.0,0.0,0.45692883895131087,0.28670888396926514,0.7724518888096935,0.0,0.0,0.5,0,0,122,23
E19,java-websocket,XGB_Baseline,Tuned_InnerCV,0.1,145,23,-0.09020949004072266,0.0,0.4444444444444444,0.28670888396926514,0.7724518888096935,0.0,0.0,0.47540983606557374,0,6,116,23
E19,java-websocket,XGB_ClassWeight,Default_0.50,0.5,145,23,-0.036182848738112096,0.0,0.4548872180451128,0.20325496023500328,0.5837491090520314,0.0,0.0,0.4959016393442623,0,1,121,23
E19,java-websocket,XGB_ClassWeight,Tuned_InnerCV,0.1,145,23,0.042130099446427816,0.07407407407407407,0.48950851992677086,0.20325496023500328,0.5837491090520314,0.25,0.043478260869565216,0.5094440484675695,1,3,119,22
E19,java-websocket,XGB_RUS,Default_0.50,0.5,145,23,0.06951282832839487,0.07692307692307693,0.493006993006993,0.2995829840540569,0.7494654312188168,0.3333333333333333,0.043478260869565216,0.5135424091233072,1,2,120,22
E19,java-websocket,XGB_RUS,Tuned_InnerCV,0.1,145,23,0.061977839539027475,0.16666666666666666,0.5242782152230971,0.2995829840540569,0.7494654312188168,0.23076923076923078,0.13043478260869565,0.5242337847469708,3,10,112,20
E19,java-websocket,LightGBM_Baseline,Default_0.50,0.5,145,23,0.0,0.0,0.45692883895131087,0.6614863824126583,0.9340698503207413,0.0,0.0,0.5,0,0,122,23
E19,java-websocket,LightGBM_Baseline,Tuned_InnerCV,0.1,145,23,0.004575843697717816,0.06896551724137931,0.4827586206896552,0.6614863824126583,0.9340698503207413,0.16666666666666666,0.043478260869565216,0.5012473271560941,1,5,117,22
E19,java-websocket,LightGBM_Balanced,Default_0.50,0.5,145,23,0.042130099446427816,0.07407407407407407,0.48950851992677086,0.30645960207812406,0.7100855310049893,0.25,0.043478260869565216,0.5094440484675695,1,3,119,22
E19,java-websocket,LightGBM_Balanced,Tuned_InnerCV,0.175727233265789,145,23,-0.009718239238732393,0.06666666666666667,0.4794871794871795,0.30645960207812406,0.7100855310049893,0.14285714285714285,0.043478260869565216,0.49714896650035634,1,6,116,22
E19,java-websocket,LightGBM_SMOTE,Default_0.50,0.5,145,23,0.0,0.0,0.45692883895131087,0.4502050934684908,0.8686742694226657,0.0,0.0,0.5,0,0,122,23
E19,java-websocket,LightGBM_SMOTE,Tuned_InnerCV,0.1,145,23,0.06951282832839487,0.07692307692307693,0.493006993006993,0.4502050934684908,0.8686742694226657,0.3333333333333333,0.043478260869565216,0.5135424091233072,1,2,120,22
E19,java-websocket,GradientBoosting_Balanced,Default_0.50,0.5,145,23,-0.022239012380096866,0.06451612903225806,0.476273508531573,0.6101328182062815,0.9264076977904491,0.125,0.043478260869565216,0.4930506058446187,1,7,115,22
E19,java-websocket,GradientBoosting_Balanced,Tuned_InnerCV,0.4883926708240804,145,23,-0.03345470057658447,0.0625,0.4731104651162791,0.6101328182062815,0.9264076977904491,0.1111111111111111,0.043478260869565216,0.488952245188881,1,8,114,22
E19,java-websocket,LogisticRegression_Balanced,Default_0.50,0.5,145,23,0.419471434251494,0.46938775510204084,0.5992772108843537,0.29739308838182743,0.7494654312188168,0.30666666666666664,1.0,0.7868852459016393,23,52,70,0
E19,java-websocket,LogisticRegression_Balanced,Tuned_InnerCV,0.7,145,23,0.10532783161727288,0.18181818181818182,0.5383799080297135,0.29739308838182743,0.7494654312188168,0.3,0.13043478260869565,0.5365288667141839,3,7,115,20
E19,java-websocket,MLP_Balanced,Default_0.50,0.5,145,23,0.0,0.0,0.45692883895131087,0.18978533920960372,0.6172487526728438,0.0,0.0,0.5,0,0,122,23
E19,java-websocket,MLP_Balanced,Tuned_InnerCV,0.14961819204534,145,23,-0.036182848738112096,0.0,0.4548872180451128,0.18978533920960372,0.6172487526728438,0.0,0.0,0.4959016393442623,0,1,121,23
E19,java-websocket,Ensemble_Voting_Refined,Default_0.50,0.5,145,23,0.0,0.0,0.45692883895131087,0.46308534384127475,0.8759800427655025,0.0,0.0,0.5,0,0,122,23
E19,java-websocket,Ensemble_Voting_Refined,Tuned_InnerCV,0.35,145,23,0.042130099446427816,0.07407407407407407,0.48950851992677086,0.46308534384127475,0.8759800427655025,0.25,0.043478260869565216,0.5094440484675695,1,3,119,22
E20,undertow,RF_Baseline,Default_0.50,0.5,183,7,0.0,0.0,0.49025069637883006,0.07571372835370001,0.6737012987012987,0.0,0.0,0.5,0,0,176,7
E20,undertow,RF_Baseline,Tuned_InnerCV,0.17,183,7,0.14750657717358442,0.16666666666666666,0.5378787878787878,0.07571372835370001,0.6737012987012987,0.10344827586206896,0.42857142857142855,0.640422077922078,3,26,150,4
E20,undertow,RF_Balanced,Default_0.50,0.5,183,7,0.14133878647038903,0.16666666666666666,0.5692090395480226,0.13628692735835593,0.7224025974025974,0.2,0.14285714285714285,0.560064935064935,1,4,172,6
E20,undertow,RF_Balanced,Tuned_InnerCV,0.31,183,7,0.12877132564871357,0.15,0.5228527607361964,0.13628692735835593,0.7224025974025974,0.09090909090909091,0.42857142857142855,0.6290584415584416,3,30,146,4
E20,undertow,RF_SMOTE,Default_0.50,0.5,183,7,0.10876623376623376,0.14285714285714285,0.5543831168831169,0.13509980357806445,0.672077922077922,0.14285714285714285,0.14285714285714285,0.5543831168831169,1,6,170,6
E20,undertow,RF_SMOTE,Tuned_InnerCV,0.2,183,7,0.058371253728649895,0.09836065573770492,0.45901639344262296,0.13509980357806445,0.672077922077922,0.05555555555555555,0.42857142857142855,0.5693993506493507,3,51,125,4
E20,undertow,RF_RUS,Default_0.50,0.5,183,7,0.13779393067845655,0.15789473684210525,0.5301668806161746,0.131276363883996,0.7248376623376623,0.0967741935483871,0.42857142857142855,0.6347402597402597,3,28,148,4
E20,undertow,RF_RUS,Tuned_InnerCV,0.4,183,7,0.06109491113464714,0.1,0.4617647058823529,0.131276363883996,0.7248376623376623,0.05660377358490566,0.42857142857142855,0.5722402597402597,3,50,126,4
E20,undertow,Balanced_RF,Default_0.50,0.5,183,7,0.025853434023324712,0.08108108108108109,0.424102184376157,0.2968209789371881,0.7175324675324676,0.04477611940298507,0.42857142857142855,0.5324675324675324,3,64,112,4
E20,undertow,Balanced_RF,Tuned_InnerCV,0.51,183,7,0.03297255126644652,0.08450704225352113,0.43208402960133685,0.2968209789371881,0.7175324675324676,0.046875,0.42857142857142855,0.5409902597402597,3,61,115,4
E20,undertow,ExtraTrees_Balanced,Default_0.50,0.5,183,7,0.0,0.0,0.49025069637883006,0.055482460131204045,0.6185064935064936,0.0,0.0,0.5,0,0,176,7
E20,undertow,ExtraTrees_Balanced,Tuned_InnerCV,0.19,183,7,0.029497529003658398,0.08333333333333333,0.4724842767295598,0.055482460131204045,0.6185064935064936,0.04878048780487805,0.2857142857142857,0.5320616883116883,2,39,137,5
E20,undertow,XGB_Baseline,Default_0.50,0.5,183,7,0.12326832660251956,0.15384615384615385,0.5613423403791675,0.22006905182722922,0.6347402597402598,0.16666666666666666,0.14285714285714285,0.557224025974026,1,5,171,6
E20,undertow,XGB_Baseline,Tuned_InnerCV,0.1,183,7,0.19636023560988794,0.21428571428571427,0.5745984784446323,0.22006905182722922,0.6347402597402598,0.14285714285714285,0.42857142857142855,0.6631493506493507,3,18,158,4
E20,undertow,XGB_ClassWeight,Default_0.50,0.5,183,7,0.044267905929259645,0.09090909090909091,0.516384778012685,0.06077517963439367,0.4732142857142857,0.06666666666666667,0.14285714285714285,0.5316558441558441,1,14,162,6
E20,undertow,XGB_ClassWeight,Tuned_InnerCV,0.275497704744339,183,7,0.0656013688703006,0.10810810810810811,0.5039020783701635,0.06077517963439367,0.4732142857142857,0.06666666666666667,0.2857142857142857,0.5633116883116883,2,28,148,5
E20,undertow,XGB_RUS,Default_0.50,0.5,183,7,0.14255682081430707,0.16216216216216217,0.533968619075002,0.07445088207243304,0.49107142857142855,0.1,0.42857142857142855,0.6375811688311688,3,27,149,4
E20,undertow,XGB_RUS,Tuned_InnerCV,0.1,183,7,0.005370872991822145,0.07228915662650602,0.40010217548639787,0.07445088207243304,0.49107142857142855,0.039473684210526314,0.42857142857142855,0.5068993506493507,3,73,103,4
E20,undertow,LightGBM_Baseline,Default_0.50,0.5,183,7,0.10876623376623376,0.14285714285714285,0.5543831168831169,0.07582107182017453,0.4529220779220779,0.14285714285714285,0.14285714285714285,0.5543831168831169,1,6,170,6
E20,undertow,LightGBM_Baseline,Tuned_InnerCV,0.1,183,7,0.0694900927147233,0.1111111111111111,0.5070707070707071,0.07582107182017453,0.4529220779220779,0.06896551724137931,0.2857142857142857,0.5661525974025974,2,27,149,5
E20,undertow,LightGBM_Balanced,Default_0.50,0.5,183,7,0.03239627545189457,0.0851063829787234,0.47515507236710464,0.06828246518478454,0.4740259740259741,0.05,0.2857142857142857,0.5349025974025974,2,38,138,5
E20,undertow,LightGBM_Balanced,Tuned_InnerCV,0.40300153291272983,183,7,0.07839690970604121,0.1111111111111111,0.4786324786324786,0.06828246518478454,0.4740259740259741,0.06382978723404255,0.42857142857142855,0.5892857142857143,3,44,132,4
E20,undertow,LightGBM_SMOTE,Default_0.50,0.5,183,7,0.10876623376623376,0.14285714285714285,0.5543831168831169,0.11859407048340026,0.5543831168831169,0.14285714285714285,0.14285714285714285,0.5543831168831169,1,6,170,6
E20,undertow,LightGBM_SMOTE,Tuned_InnerCV,0.15389223718780515,183,7,0.11631646035895916,0.13953488372093023,0.5124919000647995,0.11859407048340026,0.5543831168831169,0.08333333333333333,0.42857142857142855,0.6205357142857143,3,33,143,4
E20,undertow,GradientBoosting_Balanced,Default_0.50,0.5,183,7,0.04784776762812528,0.09230769230769231,0.44814720163557376,0.09008480862700811,0.5787337662337663,0.05172413793103448,0.42857142857142855,0.5580357142857143,3,55,121,4
E20,undertow,GradientBoosting_Balanced,Tuned_InnerCV,0.48683752847496725,183,7,0.04278151652849241,0.08955223880597014,0.4427694304397744,0.09008480862700811,0.5787337662337663,0.05,0.42857142857142855,0.5523538961038961,3,57,119,4
E20,undertow,LogisticRegression_Balanced,Default_0.50,0.5,183,7,-0.04276541713827371,0.05714285714285714,0.3389162561576355,0.05600858766187933,0.538961038961039,0.030612244897959183,0.42857142857142855,0.44439935064935066,3,95,81,4
E20,undertow,LogisticRegression_Balanced,Tuned_InnerCV,0.7,183,7,-0.017908541802624727,0.05970149253731343,0.42449957570009483,0.05600858766187933,0.538961038961039,0.03333333333333333,0.2857142857142857,0.47808441558441556,2,58,118,5
E20,undertow,MLP_Balanced,Default_0.50,0.5,183,7,0.0777004852775413,0.11764705882352941,0.5136428065201984,0.26618811493682143,0.4691558441558442,0.07407407407407407,0.2857142857142857,0.5718344155844155,2,25,151,5
E20,undertow,MLP_Balanced,Tuned_InnerCV,0.23051500845785275,183,7,0.005589897006223068,0.07017543859649122,0.4493272014988929,0.26618811493682143,0.4691558441558442,0.04,0.2857142857142857,0.5064935064935066,2,48,128,5
E20,undertow,Ensemble_Voting_Refined,Default_0.50,0.5,183,7,0.10697236716061059,0.14285714285714285,0.5359256128486898,0.09033960478834976,0.6014610389610389,0.09523809523809523,0.2857142857142857,0.5888798701298701,2,19,157,5
E20,undertow,Ensemble_Voting_Refined,Tuned_InnerCV,0.35,183,7,0.09440622348847401,0.12244897959183673,0.4934011459473379,0.09033960478834976,0.6014610389610389,0.07142857142857142,0.42857142857142855,0.6034902597402597,3,39,137,4
E21,wildfly,RF_Baseline,Default_0.50,0.5,1236,23,-0.008775856097830688,0.0,0.49427168576104746,0.07533493072641262,0.8422524104806624,0.0,0.0,0.49793899422918386,0,5,1208,23
E21,wildfly,RF_Baseline,Tuned_InnerCV,0.12,1236,23,0.15943941698011418,0.10526315789473684,0.48539100193480444,0.07533493072641262,0.8422524104806624,0.056666666666666664,0.7391304347826086,0.7529122907631098,17,283,930,6
E21,wildfly,RF_Balanced,Default_0.50,0.5,1236,23,-0.014738793442644607,0.0,0.4924024640657084,0.06523626574667687,0.8348148679164127,0.0,0.0,0.49422918384171477,0,14,1199,23
E21,wildfly,RF_Balanced,Tuned_InnerCV,0.18,1236,23,0.17189883320552227,0.12448132780082988,0.514952452336094,0.06523626574667687,0.8348148679164127,0.06880733944954129,0.6521739130434783,0.7424101222266031,15,203,1010,8
E21,wildfly,RF_SMOTE,Default_0.50,0.5,1236,23,-0.0162613323281288,0.0,0.4917763157894737,0.070161758841946,0.8558371267787376,0.0,0.0,0.49299258037922505,0,17,1196,23
E21,wildfly,RF_SMOTE,Tuned_InnerCV,0.18,1236,23,0.18854752540378392,0.12830188679245283,0.5118174590283062,0.070161758841946,0.8558371267787376,0.07024793388429752,0.7391304347826086,0.7768199577045771,17,225,988,6
E21,wildfly,RF_RUS,Default_0.50,0.5,1236,23,0.09248049961538068,0.0898876404494382,0.5096343171732806,0.06376488743572957,0.8027707086275493,0.05161290322580645,0.34782608695652173,0.6133194738162658,8,147,1066,15
E21,wildfly,RF_RUS,Tuned_InnerCV,0.43,1236,23,0.11449156035350778,0.0916030534351145,0.49195537287140345,0.06376488743572957,0.8027707086275493,0.0502092050209205,0.5217391304347826,0.6672999032223377,12,227,986,11
E21,wildfly,Balanced_RF,Default_0.50,0.5,1236,23,0.06866989680761755,0.07407407407407407,0.4987102740059376,0.04363165086434481,0.7830388185956486,0.04216867469879518,0.30434782608695654,0.5866339295315244,7,159,1054,16
E21,wildfly,Balanced_RF,Tuned_InnerCV,0.45,1236,23,0.1095568652500022,0.09166666666666666,0.4969982078853047,0.04363165086434481,0.7830388185956486,0.05069124423963134,0.4782608695652174,0.6542169970249829,11,206,1007,12
E21,wildfly,ExtraTrees_Balanced,Default_0.50,0.5,1236,23,-0.01179322246147065,0.0,0.4934426229508197,0.0835827593640026,0.8155131008279868,0.0,0.0,0.4962901896125309,0,9,1204,23
E21,wildfly,ExtraTrees_Balanced,Tuned_InnerCV,0.1,1236,23,0.11306386310607544,0.0944206008583691,0.5000910507641555,0.0835827593640026,0.8155131008279868,0.05238095238095238,0.4782608695652174,0.6571024051041257,11,199,1014,12
E21,wildfly,XGB_Baseline,Default_0.50,0.5,1236,23,0.039416669335409875,0.05263157894736842,0.5189205552912685,0.0381363921613011,0.5604860389261264,0.06666666666666667,0.043478260869565216,0.5159683142764974,1,14,1199,22
E21,wildfly,XGB_Baseline,Tuned_InnerCV,0.1,1236,23,0.07180364715110232,0.08791208791208792,0.5265263925490721,0.0381363921613011,0.5604860389261264,0.058823529411764705,0.17391304347826086,0.5605756478726835,4,64,1149,19
E21,wildfly,XGB_ClassWeight,Default_0.50,0.5,1236,23,0.06288960616116152,0.0821917808219178,0.5271317386810714,0.049251914804166304,0.6798093121617264,0.06,0.13043478260869565,0.545843937058676,3,47,1166,20
E21,wildfly,XGB_ClassWeight,Tuned_InnerCV,0.1,1236,23,0.03192482135504317,0.05181347150259067,0.485757547510839,0.049251914804166304,0.6798093121617264,0.029411764705882353,0.21739130434782608,0.5406824617369799,5,165,1048,18
E21,wildfly,XGB_RUS,Default_0.50,0.5,1236,23,0.10497644544046891,0.0962566844919786,0.5111480359002563,0.06159940660129828,0.8295996272267823,0.054878048780487805,0.391304347826087,0.6317609950177426,9,155,1058,14
E21,wildfly,XGB_RUS,Tuned_InnerCV,0.210470512509346,1236,23,0.19891926803597254,0.12195121951219512,0.4938114306516199,0.06159940660129828,0.8295996272267823,0.06557377049180328,0.8695652173913043,0.8173052797591311,20,285,928,3
E21,wildfly,LightGBM_Baseline,Default_0.50,0.5,1236,23,0.0865468863806548,0.1,0.5425986842105264,0.04939662434056459,0.7366213842790065,0.11764705882352941,0.08695652173913043,0.5372952435571168,2,15,1198,21
E21,wildfly,LightGBM_Baseline,Tuned_InnerCV,0.1,1236,23,0.07038365371841003,0.08264462809917356,0.5177153382945889,0.04939662434056459,0.7366213842790065,0.05102040816326531,0.21739130434782608,0.5703609448367325,5,93,1120,18
E21,wildfly,LightGBM_Balanced,Default_0.50,0.5,1236,23,0.1279470059786238,0.11173184357541899,0.521195184761979,0.06567595556837505,0.8025018817878777,0.0641025641025641,0.43478260869565216,0.6572099358399942,10,146,1067,13
E21,wildfly,LightGBM_Balanced,Tuned_InnerCV,0.15598665994686875,1236,23,0.12750188764646522,0.08672086720867209,0.4632368006989628,0.06567595556837505,0.8025018817878777,0.046242774566473986,0.6956521739130435,0.7117997060826553,16,330,883,7
E21,wildfly,LightGBM_SMOTE,Default_0.50,0.5,1236,23,0.20851045992152534,0.21875,0.5989929401993355,0.08281289095794483,0.7475536757589878,0.17073170731707318,0.30434782608695654,0.6381590738019284,7,34,1179,16
E21,wildfly,LightGBM_SMOTE,Tuned_InnerCV,0.1,1236,23,0.11832056989420382,0.09865470852017937,0.5046408269146028,0.08281289095794483,0.7475536757589878,0.055,0.4782608695652174,0.6612244166457579,11,189,1024,12
E21,wildfly,GradientBoosting_Balanced,Default_0.50,0.5,1236,23,0.14001774856244947,0.09900990099009901,0.4865727236624077,0.07423360431935726,0.8125380838022869,0.05357142857142857,0.6521739130434783,0.7168536506684827,15,265,948,8
E21,wildfly,GradientBoosting_Balanced,Tuned_InnerCV,0.5893211923487579,1236,23,0.17433583927078286,0.12658227848101267,0.5169824144082915,0.07423360431935726,0.8125380838022869,0.07009345794392523,0.6521739130434783,0.744058926843256,15,199,1014,8
E21,wildfly,LogisticRegression_Balanced,Default_0.50,0.5,1236,23,0.09771267408966854,0.07669616519174041,0.46497724340224617,0.04378357404134574,0.6641098247249005,0.04113924050632911,0.5652173913043478,0.6577117459407147,13,303,910,10
E21,wildfly,LogisticRegression_Balanced,Tuned_InnerCV,0.7,1236,23,0.17249146602355445,0.13612565445026178,0.5318944800089976,0.04378357404134574,0.6641098247249005,0.07738095238095238,0.5652173913043478,0.718717516756873,13,155,1058,10
E21,wildfly,MLP_Balanced,Default_0.50,0.5,1236,23,-0.0055435878667885255,0.0,0.49489170412750305,0.024825852611776618,0.4045306283379333,0.0,0.0,0.4991755976916735,0,2,1211,23
E21,wildfly,MLP_Balanced,Tuned_InnerCV,0.10353115525507814,1236,23,-0.007837525891389635,0.021505376344086023,0.4916270051119337,0.024825852611776618,0.4045306283379333,0.014285714285714285,0.043478260869565216,0.4932972507975196,1,69,1144,22
E21,wildfly,Ensemble_Voting_Refined,Default_0.50,0.5,1236,23,0.05636195260169609,0.0759493670886076,0.522721862817183,0.06273373952996723,0.8192408330047674,0.05357142857142857,0.13043478260869565,0.5433707301336965,3,53,1160,20
E21,wildfly,Ensemble_Voting_Refined,Tuned_InnerCV,0.35,1236,23,0.13772483391487877,0.1267605633802817,0.536770839630055,0.06273373952996723,0.8192408330047674,0.07563025210084033,0.391304347826087,0.650310046955088,9,110,1103,14
E22,wro4j,RF_Baseline,Default_0.50,0.5,1145,16,0.0559318460450782,0.06896551724137931,0.5223859844271412,0.024648820402769715,0.5855569087688219,0.047619047619047616,0.125,0.5447852081488043,2,40,1089,14
E22,wro4j,RF_Baseline,Tuned_InnerCV,0.12,1145,16,0.015065260035681071,0.031746031746031744,0.4201617188018862,0.024648820402769715,0.5855569087688219,0.016574585635359115,0.375,0.5298383525243578,6,356,773,10
E22,wro4j,RF_Balanced,Default_0.50,0.5,1145,16,0.029323797623000723,0.045454545454545456,0.5133773172508702,0.019250328900646353,0.5627767936226749,0.03571428571428571,0.0625,0.5192925155004429,1,27,1102,15
E22,wro4j,RF_Balanced,Tuned_InnerCV,0.17,1145,16,-0.00669355053088545,0.02416918429003021,0.4296445717264342,0.019250328900646353,0.5627767936226749,0.012698412698412698,0.25,0.4872674933569531,4,311,818,12
E22,wro4j,RF_SMOTE,Default_0.50,0.5,1145,16,-0.014152662374718995,0.015625,0.4786728145235893,0.018181221067077574,0.5758137732506643,0.008928571428571428,0.0625,0.4820914526129318,1,111,1018,15
E22,wro4j,RF_SMOTE,Tuned_InnerCV,0.25,1145,16,0.03387653504303165,0.039473684210526314,0.4462222398897546,0.018181221067077574,0.5758137732506643,0.020833333333333332,0.375,0.56261071744907,6,282,847,10
E22,wro4j,RF_RUS,Default_0.50,0.5,1145,16,0.004733047528168888,0.028268551236749116,0.44562406136825,0.019980698040598165,0.5648250664304695,0.0149812734082397,0.25,0.508525243578388,4,263,866,12
E22,wro4j,RF_RUS,Tuned_InnerCV,0.32,1145,16,0.017685624813601933,0.03218390804597701,0.40261486507420147,0.019980698040598165,0.5648250664304695,0.016706443914081145,0.4375,0.5362876439326838,7,412,717,9
E22,wro4j,Balanced_RF,Default_0.50,0.5,1145,16,-0.006240264165428355,0.0243161094224924,0.43031205777090964,0.018190856664413307,0.5559123117803366,0.012779552715654952,0.25,0.48815323294951285,4,309,820,12
E22,wro4j,Balanced_RF,Tuned_InnerCV,0.53,1145,16,0.0020004837236442135,0.027210884353741496,0.4419621556037245,0.018190856664413307,0.5559123117803366,0.014388489208633094,0.25,0.5036536758193091,4,274,855,12
E22,wro4j,ExtraTrees_Balanced,Default_0.50,0.5,1145,16,0.03312609894944242,0.04878048780487805,0.5157197236712251,0.03626611749572865,0.5029893711248893,0.04,0.0625,0.5206211248892825,1,24,1105,15
E22,wro4j,ExtraTrees_Balanced,Tuned_InnerCV,0.15,1145,16,0.0271480651309056,0.0364741641337386,0.4374109729388734,0.03626611749572865,0.5029893711248893,0.019169329073482427,0.375,0.5515389725420726,6,307,822,10
E22,wro4j,XGB_Baseline,Default_0.50,0.5,1145,16,0.11905452696264797,0.1,0.546035242290749,0.058540361236475186,0.6940876882196635,0.25,0.0625,0.5299213906111604,1,3,1126,15
E22,wro4j,XGB_Baseline,Tuned_InnerCV,0.1,1145,16,0.04035909102948585,0.05405405405405406,0.5112328032003122,0.058540361236475186,0.6940876882196635,0.034482758620689655,0.125,0.537699291408326,2,56,1073,14
E22,wro4j,XGB_ClassWeight,Default_0.50,0.5,1145,16,0.04817130958423428,0.05660377358490566,0.50540811389868,0.028208658521024877,0.6052922940655447,0.03333333333333333,0.1875,0.5552203277236493,3,87,1042,13
E22,wro4j,XGB_ClassWeight,Tuned_InnerCV,0.1,1145,16,0.01935316450828531,0.034013605442176874,0.44586451815195016,0.028208658521024877,0.6052922940655447,0.017985611510791366,0.3125,0.535346545615589,5,273,856,11
E22,wro4j,XGB_RUS,Default_0.50,0.5,1145,16,0.07068327163680634,0.05714285714285714,0.4720922109675166,0.04361231072936852,0.6691209034543844,0.03056768558951965,0.4375,0.6204329052258636,7,222,907,9
E22,wro4j,XGB_RUS,Tuned_InnerCV,0.1,1145,16,0.05644860058634271,0.04127579737335835,0.37521957199345213,0.04361231072936852,0.6691209034543844,0.02127659574468085,0.6875,0.6196578830823738,11,506,623,5
E22,wro4j,LightGBM_Baseline,Default_0.50,0.5,1145,16,0.023007584287298974,0.04,0.5092857142857142,0.08157410426993815,0.6224534986713905,0.029411764705882353,0.0625,0.5166352967227634,1,33,1096,15
E22,wro4j,LightGBM_Baseline,Tuned_InnerCV,0.1,1145,16,0.018849882131096524,0.03550295857988166,0.47932620819140237,0.08157410426993815,0.6224534986713905,0.0196078431372549,0.1875,0.527319530558016,3,150,979,13
E22,wro4j,LightGBM_Balanced,Default_0.50,0.5,1145,16,0.04039797618379962,0.044642857142857144,0.4705305282810123,0.08787081060400992,0.641164747564216,0.02403846153846154,0.3125,0.5663474313551815,5,203,926,11
E22,wro4j,LightGBM_Balanced,Tuned_InnerCV,0.1,1145,16,0.04192993419947657,0.03766478342749529,0.3735794070633781,0.08787081060400992,0.641164747564216,0.019417475728155338,0.625,0.5888507528786537,10,505,624,6
E22,wro4j,LightGBM_SMOTE,Default_0.50,0.5,1145,16,0.01011340026819698,0.03076923076923077,0.4862179487179487,0.02298970461683038,0.6550597874224977,0.017543859649122806,0.125,0.5128985828166519,2,112,1017,14
E22,wro4j,LightGBM_SMOTE,Tuned_InnerCV,0.1,1145,16,0.03443553643529478,0.039735099337748346,0.446929923914347,0.02298970461683038,0.6550597874224977,0.02097902097902098,0.375,0.5634964570416298,6,280,849,10
E22,wro4j,GradientBoosting_Balanced,Default_0.50,0.5,1145,16,0.04619474276468357,0.04044943820224719,0.4045065619195518,0.03792015888570034,0.6796390611160319,0.02097902097902098,0.5625,0.5952446855624447,9,420,709,7
E22,wro4j,GradientBoosting_Balanced,Tuned_InnerCV,0.7,1145,16,0.053124959386369054,0.049586776859504134,0.4686410446797521,0.03792015888570034,0.6796390611160319,0.02654867256637168,0.375,0.5900686448184234,6,220,909,10
E22,wro4j,LogisticRegression_Balanced,Default_0.50,0.5,1145,16,0.04640610053519904,0.036753445635528334,0.3262569916021258,0.0826776617819168,0.7348870682019487,0.018838304552590265,0.75,0.5982063773250664,12,625,504,4
E22,wro4j,LogisticRegression_Balanced,Tuned_InnerCV,0.6928793819735771,1145,16,0.06890329774604496,0.05042016806722689,0.43752255170045257,0.0826776617819168,0.7348870682019487,0.026392961876832845,0.5625,0.6342172276350753,9,332,797,7
E22,wro4j,MLP_Balanced,Default_0.50,0.5,1145,16,0.03451987920519766,0.05,0.5165555555555555,0.01741367753845938,0.5053697962798938,0.041666666666666664,0.0625,0.5210639946855624,1,23,1106,15
E22,wro4j,MLP_Balanced,Tuned_InnerCV,0.14326650710174024,1145,16,-0.010309168404334879,0.022058823529411766,0.44512257331079114,0.01741367753845938,0.5053697962798938,0.01171875,0.1875,0.4817039415411869,3,253,876,13
E22,wro4j,Ensemble_Voting_Refined,Default_0.50,0.5,1145,16,0.013317379513598671,0.03278688524590164,0.48917942048272944,0.03806810148513413,0.6465899025686448,0.018867924528301886,0.125,0.516441541186891,2,104,1025,14
E22,wro4j,Ensemble_Voting_Refined,Tuned_InnerCV,0.35,1145,16,0.03443163470985013,0.04132231404958678,0.4640205320247934,0.03806810148513413,0.6465899025686448,0.022123893805309734,0.3125,0.5583757750221434,5,221,908,11
E23,zxing,RF_Baseline,Default_0.50,0.5,345,2,-0.007151802490310841,0.0,0.49635036496350365,0.005797101449275362,0.20408163265306123,0.0,0.0,0.4956268221574344,0,3,340,2
E23,zxing,RF_Baseline,Tuned_InnerCV,0.15,345,2,-0.02842963400599969,0.0,0.46594427244582043,0.005797101449275362,0.20408163265306123,0.0,0.0,0.4387755102040816,0,42,301,2
E23,zxing,RF_Balanced,Default_0.50,0.5,345,2,0.0,0.0,0.498546511627907,0.006804800724637681,0.41326530612244894,0.0,0.0,0.5,0,0,343,2
E23,zxing,RF_Balanced,Tuned_InnerCV,0.2,345,2,-0.029574238257529466,0.0,0.463452566096423,0.006804800724637681,0.41326530612244894,0.0,0.0,0.43440233236151604,0,45,298,2
E23,zxing,RF_SMOTE,Default_0.50,0.5,345,2,0.0,0.0,0.498546511627907,0.006323208258884256,0.40889212827988336,0.0,0.0,0.5,0,0,343,2
E23,zxing,RF_SMOTE,Tuned_InnerCV,0.21,345,2,-0.03106848830006,0.0,0.460093896713615,0.006323208258884256,0.40889212827988336,0.0,0.0,0.42857142857142855,0,49,294,2
E23,zxing,RF_RUS,Default_0.50,0.5,345,2,-0.014495608269481172,0.0,0.4896449704142012,0.005892562700685586,0.27696793002915454,0.0,0.0,0.48250728862973763,0,12,331,2
E23,zxing,RF_RUS,Tuned_InnerCV,0.34,345,2,-0.03361344537815126,0.0,0.4541139240506329,0.005892562700685586,0.27696793002915454,0.0,0.0,0.41836734693877553,0,56,287,2
E23,zxing,Balanced_RF,Default_0.50,0.5,345,2,-0.03106848830006,0.0,0.460093896713615,0.006390426571149463,0.3170553935860058,0.0,0.0,0.42857142857142855,0,49,294,2
E23,zxing,Balanced_RF,Tuned_InnerCV,0.39,345,2,-0.050162143491938156,0.0,0.4092465753424658,0.006390426571149463,0.3170553935860058,0.0,0.0,0.34839650145772594,0,104,239,2
E23,zxing,ExtraTrees_Balanced,Default_0.50,0.5,345,2,0.0,0.0,0.498546511627907,0.006866804692891649,0.4329446064139942,0.0,0.0,0.5,0,0,343,2
E23,zxing,ExtraTrees_Balanced,Tuned_InnerCV,0.22,345,2,-0.01015883049335397,0.0,0.4941348973607038,0.006866804692891649,0.4329446064139942,0.0,0.0,0.4912536443148688,0,6,337,2
E23,zxing,XGB_Baseline,Default_0.50,0.5,345,2,-0.017384230696963984,0.0,0.4858420268256334,0.0069894020045077445,0.3381924198250729,0.0,0.0,0.4752186588921283,0,17,326,2
E23,zxing,XGB_Baseline,Tuned_InnerCV,0.1,345,2,-0.0374871946450946,0.0,0.4444444444444444,0.0069894020045077445,0.3381924198250729,0.0,0.0,0.40233236151603496,0,67,276,2
E23,zxing,XGB_ClassWeight,Default_0.50,0.5,345,2,-0.01791555695773179,0.0,0.48507462686567165,0.008139713802123404,0.3746355685131195,0.0,0.0,0.4737609329446064,0,18,325,2
E23,zxing,XGB_ClassWeight,Tuned_InnerCV,0.1,345,2,-0.0360922251885651,0.0,0.448,0.008139713802123404,0.3746355685131195,0.0,0.0,0.40816326530612246,0,63,280,2
E23,zxing,XGB_RUS,Default_0.50,0.5,345,2,-0.0416141152047487,0.0,0.43349753694581283,0.005638024550385384,0.23906705539358603,0.0,0.0,0.3848396501457726,0,79,264,2
E23,zxing,XGB_RUS,Tuned_InnerCV,0.10289882868528366,345,2,-0.05434745245171941,0.0,0.3968531468531469,0.005638024550385384,0.23906705539358603,0.0,0.0,0.33090379008746357,0,116,227,2
E23,zxing,LightGBM_Baseline,Default_0.50,0.5,345,2,-0.011765163877750515,0.0,0.49264705882352944,0.006392016584691679,0.3002915451895044,0.0,0.0,0.48833819241982507,0,8,335,2
E23,zxing,LightGBM_Baseline,Tuned_InnerCV,0.1,345,2,-0.0260639328748252,0.0,0.4708588957055215,0.006392016584691679,0.3002915451895044,0.0,0.0,0.44752186588921283,0,36,307,2
E23,zxing,LightGBM_Balanced,Default_0.50,0.5,345,2,-0.02842963400599969,0.0,0.46594427244582043,0.006852208194490074,0.36151603498542273,0.0,0.0,0.4387755102040816,0,42,301,2
E23,zxing,LightGBM_Balanced,Tuned_InnerCV,0.2768159311935828,345,2,-0.038180177416060626,0.0,0.44264943457189015,0.006852208194490074,0.36151603498542273,0.0,0.0,0.39941690962099125,0,69,274,2
E23,zxing,LightGBM_SMOTE,Default_0.50,0.5,345,2,-0.01249739664685295,0.0,0.49189985272459497,0.006400409626216078,0.31924198250728864,0.0,0.0,0.4868804664723032,0,9,334,2
E23,zxing,LightGBM_SMOTE,Tuned_InnerCV,0.14058487664476035,345,2,-0.025248012806650805,0.0,0.4724770642201835,0.006400409626216078,0.31924198250728864,0.0,0.0,0.45043731778425655,0,34,309,2
E23,zxing,GradientBoosting_Balanced,Default_0.50,0.5,345,2,-0.03325448937568096,0.0,0.4549763033175355,0.0063052702541936,0.29737609329446063,0.0,0.0,0.4198250728862974,0,55,288,2
E23,zxing,GradientBoosting_Balanced,Tuned_InnerCV,0.4898634493951015,345,2,-0.03361344537815126,0.0,0.4541139240506329,0.0063052702541936,0.29737609329446063,0.0,0.0,0.41836734693877553,0,56,287,2
E23,zxing,LogisticRegression_Balanced,Default_0.50,0.5,345,2,0.03361448385020011,0.01904761904761905,0.4214896214896215,0.008095975232198143,0.3877551020408163,0.009708737864077669,0.5,0.6013119533527697,1,102,241,1
E23,zxing,LogisticRegression_Balanced,Tuned_InnerCV,0.7,345,2,-0.03990241234494968,0.0,0.4381107491856677,0.008095975232198143,0.3877551020408163,0.0,0.0,0.39212827988338195,0,74,269,2
E23,zxing,MLP_Balanced,Default_0.50,0.5,345,2,-0.007151802490310841,0.0,0.49635036496350365,0.004490183718401988,0.039358600583090375,0.0,0.0,0.4956268221574344,0,3,340,2
E23,zxing,MLP_Balanced,Tuned_InnerCV,0.1,345,2,-0.042296894675985144,0.0,0.4316309719934102,0.004490183718401988,0.039358600583090375,0.0,0.0,0.3819241982507289,0,81,262,2
E23,zxing,Ensemble_Voting_Refined,Default_0.50,0.5,345,2,-0.02180013937879821,0.0,0.4788519637462236,0.006608263032662773,0.314868804664723,0.0,0.0,0.4620991253644315,0,26,317,2
E23,zxing,Ensemble_Voting_Refined,Tuned_InnerCV,0.35,345,2,-0.028813677708545357,0.0,0.46511627906976744,0.006608263032662773,0.314868804664723,0.0,0.0,0.43731778425655976,0,43,300,2
