Project_ID,Project,Algorithm,Feature,Importance
E00,activiti,RF_Baseline,assertion-roulette,0.009693710479780869
E00,activiti,RF_Baseline,conditional-test-logic,0.005121557298910923
E00,activiti,RF_Baseline,eager-test,0.005517969477843177
E00,activiti,RF_Baseline,fire-and-forget,0.010616824925984404
E00,activiti,RF_Baseline,indirect-testing,0.015793107919868113
E00,activiti,RF_Baseline,mystery-guest,0.008449897889641114
E00,activiti,RF_Baseline,resource-optimism,0.00607181170236913
E00,activiti,RF_Baseline,test-run-war,0.007932568138378485
E00,activiti,RF_Baseline,testLength,0.08679899577000538
E00,activiti,RF_Baseline,numAsserts,0.03972204030439587
E00,activiti,RF_Baseline,numCoveredLines,0.09544986310735284
E00,activiti,RF_Baseline,ExecutionTime,0.16320726640459007
E00,activiti,RF_Baseline,projectSourceLinesCovered,0.1345745061794065
E00,activiti,RF_Baseline,projectSourceClassesCovered,0.1271595867031956
E00,activiti,RF_Baseline,hIndexModificationsPerCoveredLine_window5,0.015777961833029187
E00,activiti,RF_Baseline,hIndexModificationsPerCoveredLine_window10,0.027734220082746876
E00,activiti,RF_Baseline,hIndexModificationsPerCoveredLine_window25,0.020015321669488155
E00,activiti,RF_Baseline,hIndexModificationsPerCoveredLine_window50,0.022243636931228918
E00,activiti,RF_Baseline,hIndexModificationsPerCoveredLine_window75,0.02370946214966184
E00,activiti,RF_Baseline,hIndexModificationsPerCoveredLine_window100,0.034070267671370814
E00,activiti,RF_Baseline,hIndexModificationsPerCoveredLine_window500,0.0386562923846982
E00,activiti,RF_Baseline,hIndexModificationsPerCoveredLine_window10000,0.055262096038188595
E00,activiti,RF_Baseline,num_third_party_libs,0.04642103493786512
E00,activiti,RF_Balanced,assertion-roulette,0.008575949411190067
E00,activiti,RF_Balanced,conditional-test-logic,0.0025314273234158607
E00,activiti,RF_Balanced,eager-test,0.006115286896493731
E00,activiti,RF_Balanced,fire-and-forget,0.019514254674562036
E00,activiti,RF_Balanced,indirect-testing,0.014350576930914743
E00,activiti,RF_Balanced,mystery-guest,0.012033462987531345
E00,activiti,RF_Balanced,resource-optimism,0.008170839403779608
E00,activiti,RF_Balanced,test-run-war,0.012140369493874202
E00,activiti,RF_Balanced,testLength,0.06531352733454855
E00,activiti,RF_Balanced,numAsserts,0.02781337840915562
E00,activiti,RF_Balanced,numCoveredLines,0.08371157932944964
E00,activiti,RF_Balanced,ExecutionTime,0.19490069687969552
E00,activiti,RF_Balanced,projectSourceLinesCovered,0.13414370075146254
E00,activiti,RF_Balanced,projectSourceClassesCovered,0.1313862151274915
E00,activiti,RF_Balanced,hIndexModificationsPerCoveredLine_window5,0.008993521090069555
E00,activiti,RF_Balanced,hIndexModificationsPerCoveredLine_window10,0.02516102403386386
E00,activiti,RF_Balanced,hIndexModificationsPerCoveredLine_window25,0.024408346452938674
E00,activiti,RF_Balanced,hIndexModificationsPerCoveredLine_window50,0.03227043056697041
E00,activiti,RF_Balanced,hIndexModificationsPerCoveredLine_window75,0.04223754383004366
E00,activiti,RF_Balanced,hIndexModificationsPerCoveredLine_window100,0.04376204528472536
E00,activiti,RF_Balanced,hIndexModificationsPerCoveredLine_window500,0.03881168874076648
E00,activiti,RF_Balanced,hIndexModificationsPerCoveredLine_window10000,0.03645353563071872
E00,activiti,RF_Balanced,num_third_party_libs,0.027200599416338414
E00,activiti,Balanced_RF,assertion-roulette,0.008752824837606405
E00,activiti,Balanced_RF,conditional-test-logic,0.0028699795892083773
E00,activiti,Balanced_RF,eager-test,0.00638162557126338
E00,activiti,Balanced_RF,fire-and-forget,0.017475457456181908
E00,activiti,Balanced_RF,indirect-testing,0.014131497575751335
E00,activiti,Balanced_RF,mystery-guest,0.009717230532439385
E00,activiti,Balanced_RF,resource-optimism,0.008465047529809595
E00,activiti,Balanced_RF,test-run-war,0.01166252124008601
E00,activiti,Balanced_RF,testLength,0.0702215958995463
E00,activiti,Balanced_RF,numAsserts,0.029316319039040528
E00,activiti,Balanced_RF,numCoveredLines,0.09018162660980432
E00,activiti,Balanced_RF,ExecutionTime,0.18556095614719215
E00,activiti,Balanced_RF,projectSourceLinesCovered,0.11963953326223965
E00,activiti,Balanced_RF,projectSourceClassesCovered,0.1356197240597916
E00,activiti,Balanced_RF,hIndexModificationsPerCoveredLine_window5,0.010441375310511807
E00,activiti,Balanced_RF,hIndexModificationsPerCoveredLine_window10,0.031608780789299476
E00,activiti,Balanced_RF,hIndexModificationsPerCoveredLine_window25,0.026324552198711347
E00,activiti,Balanced_RF,hIndexModificationsPerCoveredLine_window50,0.029986620208805766
E00,activiti,Balanced_RF,hIndexModificationsPerCoveredLine_window75,0.041090696256038145
E00,activiti,Balanced_RF,hIndexModificationsPerCoveredLine_window100,0.05030898995722681
E00,activiti,Balanced_RF,hIndexModificationsPerCoveredLine_window500,0.03593885540920988
E00,activiti,Balanced_RF,hIndexModificationsPerCoveredLine_window10000,0.03783151515238651
E00,activiti,Balanced_RF,num_third_party_libs,0.026472675367849426
E00,activiti,ExtraTrees_Balanced,assertion-roulette,0.02553818958571254
E00,activiti,ExtraTrees_Balanced,conditional-test-logic,0.012953359332697312
E00,activiti,ExtraTrees_Balanced,eager-test,0.011180581391750892
E00,activiti,ExtraTrees_Balanced,fire-and-forget,0.036706098860510905
E00,activiti,ExtraTrees_Balanced,indirect-testing,0.039926173019971166
E00,activiti,ExtraTrees_Balanced,mystery-guest,0.02234026210792397
E00,activiti,ExtraTrees_Balanced,resource-optimism,0.009721372329896267
E00,activiti,ExtraTrees_Balanced,test-run-war,0.018312363462361387
E00,activiti,ExtraTrees_Balanced,testLength,0.05017898430164346
E00,activiti,ExtraTrees_Balanced,numAsserts,0.034694211709165104
E00,activiti,ExtraTrees_Balanced,numCoveredLines,0.07141344247729305
E00,activiti,ExtraTrees_Balanced,ExecutionTime,0.07875656281031085
E00,activiti,ExtraTrees_Balanced,projectSourceLinesCovered,0.07423481797864084
E00,activiti,ExtraTrees_Balanced,projectSourceClassesCovered,0.10933660380990415
E00,activiti,ExtraTrees_Balanced,hIndexModificationsPerCoveredLine_window5,0.023496540404415817
E00,activiti,ExtraTrees_Balanced,hIndexModificationsPerCoveredLine_window10,0.05812354732123897
E00,activiti,ExtraTrees_Balanced,hIndexModificationsPerCoveredLine_window25,0.03627031566195707
E00,activiti,ExtraTrees_Balanced,hIndexModificationsPerCoveredLine_window50,0.05419327810524176
E00,activiti,ExtraTrees_Balanced,hIndexModificationsPerCoveredLine_window75,0.04725402714979676
E00,activiti,ExtraTrees_Balanced,hIndexModificationsPerCoveredLine_window100,0.06272946508127107
E00,activiti,ExtraTrees_Balanced,hIndexModificationsPerCoveredLine_window500,0.055818929701865305
E00,activiti,ExtraTrees_Balanced,hIndexModificationsPerCoveredLine_window10000,0.036764117411459074
E00,activiti,ExtraTrees_Balanced,num_third_party_libs,0.030056755984972403
E00,activiti,XGB_Baseline,assertion-roulette,0.014394821599125862
E00,activiti,XGB_Baseline,conditional-test-logic,0.02800884284079075
E00,activiti,XGB_Baseline,eager-test,0.016949063166975975
E00,activiti,XGB_Baseline,fire-and-forget,0.029100941494107246
E00,activiti,XGB_Baseline,indirect-testing,0.024566659703850746
E00,activiti,XGB_Baseline,mystery-guest,0.07696891576051712
E00,activiti,XGB_Baseline,resource-optimism,0.023929500952363014
E00,activiti,XGB_Baseline,test-run-war,0.05379944667220116
E00,activiti,XGB_Baseline,testLength,0.042646266520023346
E00,activiti,XGB_Baseline,numAsserts,0.021371519193053246
E00,activiti,XGB_Baseline,numCoveredLines,0.030334612354636192
E00,activiti,XGB_Baseline,ExecutionTime,0.03803687542676926
E00,activiti,XGB_Baseline,projectSourceLinesCovered,0.02294647879898548
E00,activiti,XGB_Baseline,projectSourceClassesCovered,0.09908406436443329
E00,activiti,XGB_Baseline,hIndexModificationsPerCoveredLine_window5,0.021550538018345833
E00,activiti,XGB_Baseline,hIndexModificationsPerCoveredLine_window10,0.10606609284877777
E00,activiti,XGB_Baseline,hIndexModificationsPerCoveredLine_window25,0.03502170369029045
E00,activiti,XGB_Baseline,hIndexModificationsPerCoveredLine_window50,0.059825316071510315
E00,activiti,XGB_Baseline,hIndexModificationsPerCoveredLine_window75,0.028989989310503006
E00,activiti,XGB_Baseline,hIndexModificationsPerCoveredLine_window100,0.06673682481050491
E00,activiti,XGB_Baseline,hIndexModificationsPerCoveredLine_window500,0.019193114712834358
E00,activiti,XGB_Baseline,hIndexModificationsPerCoveredLine_window10000,0.11039106547832489
E00,activiti,XGB_Baseline,num_third_party_libs,0.03008730337023735
E00,activiti,XGB_ClassWeight,assertion-roulette,0.031214561313390732
E00,activiti,XGB_ClassWeight,conditional-test-logic,0.01897396519780159
E00,activiti,XGB_ClassWeight,eager-test,0.01714717410504818
E00,activiti,XGB_ClassWeight,fire-and-forget,0.08748685568571091
E00,activiti,XGB_ClassWeight,indirect-testing,0.026635803282260895
E00,activiti,XGB_ClassWeight,mystery-guest,0.05494489520788193
E00,activiti,XGB_ClassWeight,resource-optimism,0.059163812547922134
E00,activiti,XGB_ClassWeight,test-run-war,0.055550456047058105
E00,activiti,XGB_ClassWeight,testLength,0.022135624662041664
E00,activiti,XGB_ClassWeight,numAsserts,0.010193035937845707
E00,activiti,XGB_ClassWeight,numCoveredLines,0.019558656960725784
E00,activiti,XGB_ClassWeight,ExecutionTime,0.06926949322223663
E00,activiti,XGB_ClassWeight,projectSourceLinesCovered,0.03437333554029465
E00,activiti,XGB_ClassWeight,projectSourceClassesCovered,0.040292445570230484
E00,activiti,XGB_ClassWeight,hIndexModificationsPerCoveredLine_window5,0.03219487518072128
E00,activiti,XGB_ClassWeight,hIndexModificationsPerCoveredLine_window10,0.10295568406581879
E00,activiti,XGB_ClassWeight,hIndexModificationsPerCoveredLine_window25,0.05540173500776291
E00,activiti,XGB_ClassWeight,hIndexModificationsPerCoveredLine_window50,0.03495398163795471
E00,activiti,XGB_ClassWeight,hIndexModificationsPerCoveredLine_window75,0.05383177101612091
E00,activiti,XGB_ClassWeight,hIndexModificationsPerCoveredLine_window100,0.08320233970880508
E00,activiti,XGB_ClassWeight,hIndexModificationsPerCoveredLine_window500,0.03498444706201553
E00,activiti,XGB_ClassWeight,hIndexModificationsPerCoveredLine_window10000,0.03397252410650253
E00,activiti,XGB_ClassWeight,num_third_party_libs,0.021562520414590836
E00,activiti,LightGBM_Baseline,assertion-roulette,21.0
E00,activiti,LightGBM_Baseline,conditional-test-logic,9.0
E00,activiti,LightGBM_Baseline,eager-test,17.0
E00,activiti,LightGBM_Baseline,fire-and-forget,46.0
E00,activiti,LightGBM_Baseline,indirect-testing,57.0
E00,activiti,LightGBM_Baseline,mystery-guest,29.0
E00,activiti,LightGBM_Baseline,resource-optimism,19.0
E00,activiti,LightGBM_Baseline,test-run-war,55.0
E00,activiti,LightGBM_Baseline,testLength,325.0
E00,activiti,LightGBM_Baseline,numAsserts,157.0
E00,activiti,LightGBM_Baseline,numCoveredLines,264.0
E00,activiti,LightGBM_Baseline,ExecutionTime,462.0
E00,activiti,LightGBM_Baseline,projectSourceLinesCovered,412.0
E00,activiti,LightGBM_Baseline,projectSourceClassesCovered,332.0
E00,activiti,LightGBM_Baseline,hIndexModificationsPerCoveredLine_window5,35.0
E00,activiti,LightGBM_Baseline,hIndexModificationsPerCoveredLine_window10,61.0
E00,activiti,LightGBM_Baseline,hIndexModificationsPerCoveredLine_window25,46.0
E00,activiti,LightGBM_Baseline,hIndexModificationsPerCoveredLine_window50,81.0
E00,activiti,LightGBM_Baseline,hIndexModificationsPerCoveredLine_window75,44.0
E00,activiti,LightGBM_Baseline,hIndexModificationsPerCoveredLine_window100,85.0
E00,activiti,LightGBM_Baseline,hIndexModificationsPerCoveredLine_window500,116.0
E00,activiti,LightGBM_Baseline,hIndexModificationsPerCoveredLine_window10000,143.0
E00,activiti,LightGBM_Baseline,num_third_party_libs,184.0
E00,activiti,LightGBM_Balanced,assertion-roulette,19.0
E00,activiti,LightGBM_Balanced,conditional-test-logic,15.0
E00,activiti,LightGBM_Balanced,eager-test,18.0
E00,activiti,LightGBM_Balanced,fire-and-forget,42.0
E00,activiti,LightGBM_Balanced,indirect-testing,43.0
E00,activiti,LightGBM_Balanced,mystery-guest,30.0
E00,activiti,LightGBM_Balanced,resource-optimism,23.0
E00,activiti,LightGBM_Balanced,test-run-war,54.0
E00,activiti,LightGBM_Balanced,testLength,313.0
E00,activiti,LightGBM_Balanced,numAsserts,127.0
E00,activiti,LightGBM_Balanced,numCoveredLines,245.0
E00,activiti,LightGBM_Balanced,ExecutionTime,459.0
E00,activiti,LightGBM_Balanced,projectSourceLinesCovered,385.0
E00,activiti,LightGBM_Balanced,projectSourceClassesCovered,353.0
E00,activiti,LightGBM_Balanced,hIndexModificationsPerCoveredLine_window5,42.0
E00,activiti,LightGBM_Balanced,hIndexModificationsPerCoveredLine_window10,50.0
E00,activiti,LightGBM_Balanced,hIndexModificationsPerCoveredLine_window25,56.0
E00,activiti,LightGBM_Balanced,hIndexModificationsPerCoveredLine_window50,104.0
E00,activiti,LightGBM_Balanced,hIndexModificationsPerCoveredLine_window75,53.0
E00,activiti,LightGBM_Balanced,hIndexModificationsPerCoveredLine_window100,123.0
E00,activiti,LightGBM_Balanced,hIndexModificationsPerCoveredLine_window500,121.0
E00,activiti,LightGBM_Balanced,hIndexModificationsPerCoveredLine_window10000,151.0
E00,activiti,LightGBM_Balanced,num_third_party_libs,174.0
E00,activiti,GradientBoosting_Balanced,assertion-roulette,0.00018552357823025797
E00,activiti,GradientBoosting_Balanced,conditional-test-logic,0.0
E00,activiti,GradientBoosting_Balanced,eager-test,0.0004504271421641297
E00,activiti,GradientBoosting_Balanced,fire-and-forget,0.03440325001742112
E00,activiti,GradientBoosting_Balanced,indirect-testing,0.003346021888748976
E00,activiti,GradientBoosting_Balanced,mystery-guest,0.010598862700791398
E00,activiti,GradientBoosting_Balanced,resource-optimism,0.0038310543230209776
E00,activiti,GradientBoosting_Balanced,test-run-war,0.018830036063517658
E00,activiti,GradientBoosting_Balanced,testLength,0.028039867775195446
E00,activiti,GradientBoosting_Balanced,numAsserts,0.005866352100751208
E00,activiti,GradientBoosting_Balanced,numCoveredLines,0.04751356971225201
E00,activiti,GradientBoosting_Balanced,ExecutionTime,0.35991166345376124
E00,activiti,GradientBoosting_Balanced,projectSourceLinesCovered,0.11190713524248126
E00,activiti,GradientBoosting_Balanced,projectSourceClassesCovered,0.12488671469038011
E00,activiti,GradientBoosting_Balanced,hIndexModificationsPerCoveredLine_window5,0.0032702664782573152
E00,activiti,GradientBoosting_Balanced,hIndexModificationsPerCoveredLine_window10,0.030848060812331345
E00,activiti,GradientBoosting_Balanced,hIndexModificationsPerCoveredLine_window25,0.02412731171953009
E00,activiti,GradientBoosting_Balanced,hIndexModificationsPerCoveredLine_window50,0.030318579113397706
E00,activiti,GradientBoosting_Balanced,hIndexModificationsPerCoveredLine_window75,0.033658381187310356
E00,activiti,GradientBoosting_Balanced,hIndexModificationsPerCoveredLine_window100,0.0766515181965412
E00,activiti,GradientBoosting_Balanced,hIndexModificationsPerCoveredLine_window500,0.025126957971327316
E00,activiti,GradientBoosting_Balanced,hIndexModificationsPerCoveredLine_window10000,0.016423786061597657
E00,activiti,GradientBoosting_Balanced,num_third_party_libs,0.009804659770991252
E01,alluxio,RF_Baseline,assertion-roulette,0.010726851373299463
E01,alluxio,RF_Baseline,conditional-test-logic,0.005585152494628113
E01,alluxio,RF_Baseline,eager-test,0.0063494910659322255
E01,alluxio,RF_Baseline,fire-and-forget,0.013604770920910704
E01,alluxio,RF_Baseline,indirect-testing,0.017511986938249423
E01,alluxio,RF_Baseline,mystery-guest,0.007196427957255451
E01,alluxio,RF_Baseline,resource-optimism,0.004966362787980251
E01,alluxio,RF_Baseline,test-run-war,0.008539035081607464
E01,alluxio,RF_Baseline,testLength,0.10951076806462585
E01,alluxio,RF_Baseline,numAsserts,0.04523936547238911
E01,alluxio,RF_Baseline,numCoveredLines,0.09620516386277732
E01,alluxio,RF_Baseline,ExecutionTime,0.1887465043902927
E01,alluxio,RF_Baseline,projectSourceLinesCovered,0.12086182739657199
E01,alluxio,RF_Baseline,projectSourceClassesCovered,0.11114784884655168
E01,alluxio,RF_Baseline,hIndexModificationsPerCoveredLine_window5,0.012317558877589695
E01,alluxio,RF_Baseline,hIndexModificationsPerCoveredLine_window10,0.017746483425505433
E01,alluxio,RF_Baseline,hIndexModificationsPerCoveredLine_window25,0.023919667976380624
E01,alluxio,RF_Baseline,hIndexModificationsPerCoveredLine_window50,0.023779835093886523
E01,alluxio,RF_Baseline,hIndexModificationsPerCoveredLine_window75,0.021583050048090108
E01,alluxio,RF_Baseline,hIndexModificationsPerCoveredLine_window100,0.03478223513060074
E01,alluxio,RF_Baseline,hIndexModificationsPerCoveredLine_window500,0.03332870245965539
E01,alluxio,RF_Baseline,hIndexModificationsPerCoveredLine_window10000,0.04608466985883599
E01,alluxio,RF_Baseline,num_third_party_libs,0.040266240476383705
E01,alluxio,RF_Balanced,assertion-roulette,0.0092101859106398
E01,alluxio,RF_Balanced,conditional-test-logic,0.0033360900013832072
E01,alluxio,RF_Balanced,eager-test,0.006776409720435344
E01,alluxio,RF_Balanced,fire-and-forget,0.020282104466100778
E01,alluxio,RF_Balanced,indirect-testing,0.015904347613147775
E01,alluxio,RF_Balanced,mystery-guest,0.013343421327243392
E01,alluxio,RF_Balanced,resource-optimism,0.008734636157814737
E01,alluxio,RF_Balanced,test-run-war,0.012313145180285817
E01,alluxio,RF_Balanced,testLength,0.07899583275818772
E01,alluxio,RF_Balanced,numAsserts,0.033404299654145826
E01,alluxio,RF_Balanced,numCoveredLines,0.07886714369535146
E01,alluxio,RF_Balanced,ExecutionTime,0.20346859476102794
E01,alluxio,RF_Balanced,projectSourceLinesCovered,0.10529771616665715
E01,alluxio,RF_Balanced,projectSourceClassesCovered,0.1153422861960923
E01,alluxio,RF_Balanced,hIndexModificationsPerCoveredLine_window5,0.010139942001597284
E01,alluxio,RF_Balanced,hIndexModificationsPerCoveredLine_window10,0.01950903605827613
E01,alluxio,RF_Balanced,hIndexModificationsPerCoveredLine_window25,0.023843822714931094
E01,alluxio,RF_Balanced,hIndexModificationsPerCoveredLine_window50,0.03406909155189105
E01,alluxio,RF_Balanced,hIndexModificationsPerCoveredLine_window75,0.03827093891604489
E01,alluxio,RF_Balanced,hIndexModificationsPerCoveredLine_window100,0.05932552286116156
E01,alluxio,RF_Balanced,hIndexModificationsPerCoveredLine_window500,0.040391917768040575
E01,alluxio,RF_Balanced,hIndexModificationsPerCoveredLine_window10000,0.037170393010604895
E01,alluxio,RF_Balanced,num_third_party_libs,0.03200312150893925
E01,alluxio,Balanced_RF,assertion-roulette,0.01046310940077204
E01,alluxio,Balanced_RF,conditional-test-logic,0.0044321118399279005
E01,alluxio,Balanced_RF,eager-test,0.008016320702821765
E01,alluxio,Balanced_RF,fire-and-forget,0.02232773332514087
E01,alluxio,Balanced_RF,indirect-testing,0.01644616414908241
E01,alluxio,Balanced_RF,mystery-guest,0.011622590104559214
E01,alluxio,Balanced_RF,resource-optimism,0.008672287660789094
E01,alluxio,Balanced_RF,test-run-war,0.013364330594862696
E01,alluxio,Balanced_RF,testLength,0.07899050684706194
E01,alluxio,Balanced_RF,numAsserts,0.035881361178741036
E01,alluxio,Balanced_RF,numCoveredLines,0.07812969244508702
E01,alluxio,Balanced_RF,ExecutionTime,0.19632065096940038
E01,alluxio,Balanced_RF,projectSourceLinesCovered,0.10400078662374827
E01,alluxio,Balanced_RF,projectSourceClassesCovered,0.11227681404721078
E01,alluxio,Balanced_RF,hIndexModificationsPerCoveredLine_window5,0.010286873012546516
E01,alluxio,Balanced_RF,hIndexModificationsPerCoveredLine_window10,0.02419333120964075
E01,alluxio,Balanced_RF,hIndexModificationsPerCoveredLine_window25,0.02469409508348731
E01,alluxio,Balanced_RF,hIndexModificationsPerCoveredLine_window50,0.03454117220081534
E01,alluxio,Balanced_RF,hIndexModificationsPerCoveredLine_window75,0.035697145676190235
E01,alluxio,Balanced_RF,hIndexModificationsPerCoveredLine_window100,0.06024218357872751
E01,alluxio,Balanced_RF,hIndexModificationsPerCoveredLine_window500,0.03895481045871865
E01,alluxio,Balanced_RF,hIndexModificationsPerCoveredLine_window10000,0.03712587756442923
E01,alluxio,Balanced_RF,num_third_party_libs,0.03332005132623928
E01,alluxio,ExtraTrees_Balanced,assertion-roulette,0.027758871958707697
E01,alluxio,ExtraTrees_Balanced,conditional-test-logic,0.01259467358468311
E01,alluxio,ExtraTrees_Balanced,eager-test,0.01401971143826045
E01,alluxio,ExtraTrees_Balanced,fire-and-forget,0.037445650873438645
E01,alluxio,ExtraTrees_Balanced,indirect-testing,0.04133889843112297
E01,alluxio,ExtraTrees_Balanced,mystery-guest,0.014441747163848474
E01,alluxio,ExtraTrees_Balanced,resource-optimism,0.008552703155864927
E01,alluxio,ExtraTrees_Balanced,test-run-war,0.01971109834080276
E01,alluxio,ExtraTrees_Balanced,testLength,0.05766899143800999
E01,alluxio,ExtraTrees_Balanced,numAsserts,0.03698653395200219
E01,alluxio,ExtraTrees_Balanced,numCoveredLines,0.06689260878464816
E01,alluxio,ExtraTrees_Balanced,ExecutionTime,0.08557457334943025
E01,alluxio,ExtraTrees_Balanced,projectSourceLinesCovered,0.0745157666968146
E01,alluxio,ExtraTrees_Balanced,projectSourceClassesCovered,0.09351836717215421
E01,alluxio,ExtraTrees_Balanced,hIndexModificationsPerCoveredLine_window5,0.022624556376491703
E01,alluxio,ExtraTrees_Balanced,hIndexModificationsPerCoveredLine_window10,0.04534611724663347
E01,alluxio,ExtraTrees_Balanced,hIndexModificationsPerCoveredLine_window25,0.03523247773000707
E01,alluxio,ExtraTrees_Balanced,hIndexModificationsPerCoveredLine_window50,0.053674328807121204
E01,alluxio,ExtraTrees_Balanced,hIndexModificationsPerCoveredLine_window75,0.04599563323761549
E01,alluxio,ExtraTrees_Balanced,hIndexModificationsPerCoveredLine_window100,0.07340839369631964
E01,alluxio,ExtraTrees_Balanced,hIndexModificationsPerCoveredLine_window500,0.055034841502558746
E01,alluxio,ExtraTrees_Balanced,hIndexModificationsPerCoveredLine_window10000,0.0415015709023211
E01,alluxio,ExtraTrees_Balanced,num_third_party_libs,0.036161884161143104
E01,alluxio,XGB_Baseline,assertion-roulette,0.012967806309461594
E01,alluxio,XGB_Baseline,conditional-test-logic,0.013084963895380497
E01,alluxio,XGB_Baseline,eager-test,0.01554692629724741
E01,alluxio,XGB_Baseline,fire-and-forget,0.05602750927209854
E01,alluxio,XGB_Baseline,indirect-testing,0.029938114807009697
E01,alluxio,XGB_Baseline,mystery-guest,0.029529813677072525
E01,alluxio,XGB_Baseline,resource-optimism,0.05349672585725784
E01,alluxio,XGB_Baseline,test-run-war,0.02829255536198616
E01,alluxio,XGB_Baseline,testLength,0.034280408173799515
E01,alluxio,XGB_Baseline,numAsserts,0.015599457547068596
E01,alluxio,XGB_Baseline,numCoveredLines,0.03182380273938179
E01,alluxio,XGB_Baseline,ExecutionTime,0.042126499116420746
E01,alluxio,XGB_Baseline,projectSourceLinesCovered,0.017881307750940323
E01,alluxio,XGB_Baseline,projectSourceClassesCovered,0.05132635682821274
E01,alluxio,XGB_Baseline,hIndexModificationsPerCoveredLine_window5,0.025143662467598915
E01,alluxio,XGB_Baseline,hIndexModificationsPerCoveredLine_window10,0.0652344599366188
E01,alluxio,XGB_Baseline,hIndexModificationsPerCoveredLine_window25,0.1428789645433426
E01,alluxio,XGB_Baseline,hIndexModificationsPerCoveredLine_window50,0.0386476144194603
E01,alluxio,XGB_Baseline,hIndexModificationsPerCoveredLine_window75,0.12696610391139984
E01,alluxio,XGB_Baseline,hIndexModificationsPerCoveredLine_window100,0.055191587656736374
E01,alluxio,XGB_Baseline,hIndexModificationsPerCoveredLine_window500,0.054027728736400604
E01,alluxio,XGB_Baseline,hIndexModificationsPerCoveredLine_window10000,0.0398569293320179
E01,alluxio,XGB_Baseline,num_third_party_libs,0.020130781456828117
E01,alluxio,XGB_ClassWeight,assertion-roulette,0.03059457615017891
E01,alluxio,XGB_ClassWeight,conditional-test-logic,0.012071472592651844
E01,alluxio,XGB_ClassWeight,eager-test,0.020055072382092476
E01,alluxio,XGB_ClassWeight,fire-and-forget,0.10081030428409576
E01,alluxio,XGB_ClassWeight,indirect-testing,0.020625730976462364
E01,alluxio,XGB_ClassWeight,mystery-guest,0.02978694997727871
E01,alluxio,XGB_ClassWeight,resource-optimism,0.05978184565901756
E01,alluxio,XGB_ClassWeight,test-run-war,0.055821772664785385
E01,alluxio,XGB_ClassWeight,testLength,0.03597085922956467
E01,alluxio,XGB_ClassWeight,numAsserts,0.016165023669600487
E01,alluxio,XGB_ClassWeight,numCoveredLines,0.020207183435559273
E01,alluxio,XGB_ClassWeight,ExecutionTime,0.06900446116924286
E01,alluxio,XGB_ClassWeight,projectSourceLinesCovered,0.02266465686261654
E01,alluxio,XGB_ClassWeight,projectSourceClassesCovered,0.03508998453617096
E01,alluxio,XGB_ClassWeight,hIndexModificationsPerCoveredLine_window5,0.036001499742269516
E01,alluxio,XGB_ClassWeight,hIndexModificationsPerCoveredLine_window10,0.07281795889139175
E01,alluxio,XGB_ClassWeight,hIndexModificationsPerCoveredLine_window25,0.0387561209499836
E01,alluxio,XGB_ClassWeight,hIndexModificationsPerCoveredLine_window50,0.06262392550706863
E01,alluxio,XGB_ClassWeight,hIndexModificationsPerCoveredLine_window75,0.09245477616786957
E01,alluxio,XGB_ClassWeight,hIndexModificationsPerCoveredLine_window100,0.07202893495559692
E01,alluxio,XGB_ClassWeight,hIndexModificationsPerCoveredLine_window500,0.04325120896100998
E01,alluxio,XGB_ClassWeight,hIndexModificationsPerCoveredLine_window10000,0.024658415466547012
E01,alluxio,XGB_ClassWeight,num_third_party_libs,0.028757210820913315
E01,alluxio,LightGBM_Baseline,assertion-roulette,34.0
E01,alluxio,LightGBM_Baseline,conditional-test-logic,9.0
E01,alluxio,LightGBM_Baseline,eager-test,19.0
E01,alluxio,LightGBM_Baseline,fire-and-forget,53.0
E01,alluxio,LightGBM_Baseline,indirect-testing,47.0
E01,alluxio,LightGBM_Baseline,mystery-guest,25.0
E01,alluxio,LightGBM_Baseline,resource-optimism,24.0
E01,alluxio,LightGBM_Baseline,test-run-war,49.0
E01,alluxio,LightGBM_Baseline,testLength,349.0
E01,alluxio,LightGBM_Baseline,numAsserts,135.0
E01,alluxio,LightGBM_Baseline,numCoveredLines,266.0
E01,alluxio,LightGBM_Baseline,ExecutionTime,463.0
E01,alluxio,LightGBM_Baseline,projectSourceLinesCovered,413.0
E01,alluxio,LightGBM_Baseline,projectSourceClassesCovered,358.0
E01,alluxio,LightGBM_Baseline,hIndexModificationsPerCoveredLine_window5,36.0
E01,alluxio,LightGBM_Baseline,hIndexModificationsPerCoveredLine_window10,46.0
E01,alluxio,LightGBM_Baseline,hIndexModificationsPerCoveredLine_window25,64.0
E01,alluxio,LightGBM_Baseline,hIndexModificationsPerCoveredLine_window50,68.0
E01,alluxio,LightGBM_Baseline,hIndexModificationsPerCoveredLine_window75,37.0
E01,alluxio,LightGBM_Baseline,hIndexModificationsPerCoveredLine_window100,94.0
E01,alluxio,LightGBM_Baseline,hIndexModificationsPerCoveredLine_window500,114.0
E01,alluxio,LightGBM_Baseline,hIndexModificationsPerCoveredLine_window10000,120.0
E01,alluxio,LightGBM_Baseline,num_third_party_libs,177.0
E01,alluxio,LightGBM_Balanced,assertion-roulette,36.0
E01,alluxio,LightGBM_Balanced,conditional-test-logic,10.0
E01,alluxio,LightGBM_Balanced,eager-test,25.0
E01,alluxio,LightGBM_Balanced,fire-and-forget,47.0
E01,alluxio,LightGBM_Balanced,indirect-testing,51.0
E01,alluxio,LightGBM_Balanced,mystery-guest,36.0
E01,alluxio,LightGBM_Balanced,resource-optimism,33.0
E01,alluxio,LightGBM_Balanced,test-run-war,54.0
E01,alluxio,LightGBM_Balanced,testLength,308.0
E01,alluxio,LightGBM_Balanced,numAsserts,121.0
E01,alluxio,LightGBM_Balanced,numCoveredLines,260.0
E01,alluxio,LightGBM_Balanced,ExecutionTime,425.0
E01,alluxio,LightGBM_Balanced,projectSourceLinesCovered,365.0
E01,alluxio,LightGBM_Balanced,projectSourceClassesCovered,414.0
E01,alluxio,LightGBM_Balanced,hIndexModificationsPerCoveredLine_window5,49.0
E01,alluxio,LightGBM_Balanced,hIndexModificationsPerCoveredLine_window10,49.0
E01,alluxio,LightGBM_Balanced,hIndexModificationsPerCoveredLine_window25,72.0
E01,alluxio,LightGBM_Balanced,hIndexModificationsPerCoveredLine_window50,77.0
E01,alluxio,LightGBM_Balanced,hIndexModificationsPerCoveredLine_window75,44.0
E01,alluxio,LightGBM_Balanced,hIndexModificationsPerCoveredLine_window100,114.0
E01,alluxio,LightGBM_Balanced,hIndexModificationsPerCoveredLine_window500,150.0
E01,alluxio,LightGBM_Balanced,hIndexModificationsPerCoveredLine_window10000,98.0
E01,alluxio,LightGBM_Balanced,num_third_party_libs,162.0
E01,alluxio,GradientBoosting_Balanced,assertion-roulette,0.00018431525625076982
E01,alluxio,GradientBoosting_Balanced,conditional-test-logic,0.0
E01,alluxio,GradientBoosting_Balanced,eager-test,0.002770124960157242
E01,alluxio,GradientBoosting_Balanced,fire-and-forget,0.03802760448081002
E01,alluxio,GradientBoosting_Balanced,indirect-testing,0.0031458242957888107
E01,alluxio,GradientBoosting_Balanced,mystery-guest,0.00524831003852567
E01,alluxio,GradientBoosting_Balanced,resource-optimism,0.010398574464438468
E01,alluxio,GradientBoosting_Balanced,test-run-war,0.022129503921070517
E01,alluxio,GradientBoosting_Balanced,testLength,0.07485191715853097
E01,alluxio,GradientBoosting_Balanced,numAsserts,0.0033618127356879095
E01,alluxio,GradientBoosting_Balanced,numCoveredLines,0.029495544449992056
E01,alluxio,GradientBoosting_Balanced,ExecutionTime,0.39081008674802903
E01,alluxio,GradientBoosting_Balanced,projectSourceLinesCovered,0.03376542931713629
E01,alluxio,GradientBoosting_Balanced,projectSourceClassesCovered,0.11487957636641155
E01,alluxio,GradientBoosting_Balanced,hIndexModificationsPerCoveredLine_window5,0.0024645929615151048
E01,alluxio,GradientBoosting_Balanced,hIndexModificationsPerCoveredLine_window10,0.03195654164860705
E01,alluxio,GradientBoosting_Balanced,hIndexModificationsPerCoveredLine_window25,0.032423984051170744
E01,alluxio,GradientBoosting_Balanced,hIndexModificationsPerCoveredLine_window50,0.03838272394445
E01,alluxio,GradientBoosting_Balanced,hIndexModificationsPerCoveredLine_window75,0.050545738964728706
E01,alluxio,GradientBoosting_Balanced,hIndexModificationsPerCoveredLine_window100,0.05886954660037949
E01,alluxio,GradientBoosting_Balanced,hIndexModificationsPerCoveredLine_window500,0.018146014553810135
E01,alluxio,GradientBoosting_Balanced,hIndexModificationsPerCoveredLine_window10000,0.011534727559239158
E01,alluxio,GradientBoosting_Balanced,num_third_party_libs,0.02660750552327047
E02,ambari,RF_Baseline,assertion-roulette,0.010393846734211312
E02,ambari,RF_Baseline,conditional-test-logic,0.004516478373054121
E02,ambari,RF_Baseline,eager-test,0.006429764659249863
E02,ambari,RF_Baseline,fire-and-forget,0.011527164983242435
E02,ambari,RF_Baseline,indirect-testing,0.0167330910277586
E02,ambari,RF_Baseline,mystery-guest,0.007038139513735621
E02,ambari,RF_Baseline,resource-optimism,0.008583968641241453
E02,ambari,RF_Baseline,test-run-war,0.008089947900643777
E02,ambari,RF_Baseline,testLength,0.09354048028322971
E02,ambari,RF_Baseline,numAsserts,0.04249863867063779
E02,ambari,RF_Baseline,numCoveredLines,0.08607270137734584
E02,ambari,RF_Baseline,ExecutionTime,0.16842650589249264
E02,ambari,RF_Baseline,projectSourceLinesCovered,0.13504614417373642
E02,ambari,RF_Baseline,projectSourceClassesCovered,0.11384512367390781
E02,ambari,RF_Baseline,hIndexModificationsPerCoveredLine_window5,0.011683231164600771
E02,ambari,RF_Baseline,hIndexModificationsPerCoveredLine_window10,0.03550271219457007
E02,ambari,RF_Baseline,hIndexModificationsPerCoveredLine_window25,0.021483214863410604
E02,ambari,RF_Baseline,hIndexModificationsPerCoveredLine_window50,0.021955384913250015
E02,ambari,RF_Baseline,hIndexModificationsPerCoveredLine_window75,0.024395384053363577
E02,ambari,RF_Baseline,hIndexModificationsPerCoveredLine_window100,0.0348219246550062
E02,ambari,RF_Baseline,hIndexModificationsPerCoveredLine_window500,0.041507252042384875
E02,ambari,RF_Baseline,hIndexModificationsPerCoveredLine_window10000,0.055359236550263514
E02,ambari,RF_Baseline,num_third_party_libs,0.04054966365866282
E02,ambari,RF_Balanced,assertion-roulette,0.009626353865722064
E02,ambari,RF_Balanced,conditional-test-logic,0.0037345849664304487
E02,ambari,RF_Balanced,eager-test,0.006324441473195322
E02,ambari,RF_Balanced,fire-and-forget,0.021360565370601062
E02,ambari,RF_Balanced,indirect-testing,0.014179887810825804
E02,ambari,RF_Balanced,mystery-guest,0.013513598546511725
E02,ambari,RF_Balanced,resource-optimism,0.007574455448747495
E02,ambari,RF_Balanced,test-run-war,0.011731326901424767
E02,ambari,RF_Balanced,testLength,0.06727748240761816
E02,ambari,RF_Balanced,numAsserts,0.031274881040652444
E02,ambari,RF_Balanced,numCoveredLines,0.07732583508101051
E02,ambari,RF_Balanced,ExecutionTime,0.18792540302030764
E02,ambari,RF_Balanced,projectSourceLinesCovered,0.11331076561834727
E02,ambari,RF_Balanced,projectSourceClassesCovered,0.11768870270476005
E02,ambari,RF_Balanced,hIndexModificationsPerCoveredLine_window5,0.008448817960919076
E02,ambari,RF_Balanced,hIndexModificationsPerCoveredLine_window10,0.029045113789704872
E02,ambari,RF_Balanced,hIndexModificationsPerCoveredLine_window25,0.027359800307539914
E02,ambari,RF_Balanced,hIndexModificationsPerCoveredLine_window50,0.03171507442308443
E02,ambari,RF_Balanced,hIndexModificationsPerCoveredLine_window75,0.04406466009170265
E02,ambari,RF_Balanced,hIndexModificationsPerCoveredLine_window100,0.06398761128759231
E02,ambari,RF_Balanced,hIndexModificationsPerCoveredLine_window500,0.038440429823133004
E02,ambari,RF_Balanced,hIndexModificationsPerCoveredLine_window10000,0.04104864994419864
E02,ambari,RF_Balanced,num_third_party_libs,0.033041558115970336
E02,ambari,Balanced_RF,assertion-roulette,0.010679096748119229
E02,ambari,Balanced_RF,conditional-test-logic,0.004139323738228445
E02,ambari,Balanced_RF,eager-test,0.0066240397379252565
E02,ambari,Balanced_RF,fire-and-forget,0.021500817025593578
E02,ambari,Balanced_RF,indirect-testing,0.015128830640159656
E02,ambari,Balanced_RF,mystery-guest,0.011094419877030732
E02,ambari,Balanced_RF,resource-optimism,0.0081732244368607
E02,ambari,Balanced_RF,test-run-war,0.012726497014927857
E02,ambari,Balanced_RF,testLength,0.07123468783793534
E02,ambari,Balanced_RF,numAsserts,0.03215021511113841
E02,ambari,Balanced_RF,numCoveredLines,0.07595960889332048
E02,ambari,Balanced_RF,ExecutionTime,0.18392712178735468
E02,ambari,Balanced_RF,projectSourceLinesCovered,0.11585949588564763
E02,ambari,Balanced_RF,projectSourceClassesCovered,0.11220218574117215
E02,ambari,Balanced_RF,hIndexModificationsPerCoveredLine_window5,0.012838435817014252
E02,ambari,Balanced_RF,hIndexModificationsPerCoveredLine_window10,0.029892681255340475
E02,ambari,Balanced_RF,hIndexModificationsPerCoveredLine_window25,0.026479406199372873
E02,ambari,Balanced_RF,hIndexModificationsPerCoveredLine_window50,0.03754536839037971
E02,ambari,Balanced_RF,hIndexModificationsPerCoveredLine_window75,0.04047925325157898
E02,ambari,Balanced_RF,hIndexModificationsPerCoveredLine_window100,0.06392991798887292
E02,ambari,Balanced_RF,hIndexModificationsPerCoveredLine_window500,0.037940575071878584
E02,ambari,Balanced_RF,hIndexModificationsPerCoveredLine_window10000,0.037713060203568384
E02,ambari,Balanced_RF,num_third_party_libs,0.031781737346579735
E02,ambari,ExtraTrees_Balanced,assertion-roulette,0.025516120351007338
E02,ambari,ExtraTrees_Balanced,conditional-test-logic,0.013053896333948734
E02,ambari,ExtraTrees_Balanced,eager-test,0.013334250921857232
E02,ambari,ExtraTrees_Balanced,fire-and-forget,0.03922843218925598
E02,ambari,ExtraTrees_Balanced,indirect-testing,0.039274192832228945
E02,ambari,ExtraTrees_Balanced,mystery-guest,0.01787551274103459
E02,ambari,ExtraTrees_Balanced,resource-optimism,0.012259155491461109
E02,ambari,ExtraTrees_Balanced,test-run-war,0.01827909146877988
E02,ambari,ExtraTrees_Balanced,testLength,0.05028587963449734
E02,ambari,ExtraTrees_Balanced,numAsserts,0.036781034938176915
E02,ambari,ExtraTrees_Balanced,numCoveredLines,0.0638682234020264
E02,ambari,ExtraTrees_Balanced,ExecutionTime,0.08171269858239943
E02,ambari,ExtraTrees_Balanced,projectSourceLinesCovered,0.07688752811702945
E02,ambari,ExtraTrees_Balanced,projectSourceClassesCovered,0.09650019124728666
E02,ambari,ExtraTrees_Balanced,hIndexModificationsPerCoveredLine_window5,0.023103350055902874
E02,ambari,ExtraTrees_Balanced,hIndexModificationsPerCoveredLine_window10,0.05540587940837899
E02,ambari,ExtraTrees_Balanced,hIndexModificationsPerCoveredLine_window25,0.03520826412798805
E02,ambari,ExtraTrees_Balanced,hIndexModificationsPerCoveredLine_window50,0.05774340667297943
E02,ambari,ExtraTrees_Balanced,hIndexModificationsPerCoveredLine_window75,0.044462029114379256
E02,ambari,ExtraTrees_Balanced,hIndexModificationsPerCoveredLine_window100,0.06768892285719141
E02,ambari,ExtraTrees_Balanced,hIndexModificationsPerCoveredLine_window500,0.056039528049945816
E02,ambari,ExtraTrees_Balanced,hIndexModificationsPerCoveredLine_window10000,0.04147817522551295
E02,ambari,ExtraTrees_Balanced,num_third_party_libs,0.03401423623673127
E02,ambari,XGB_Baseline,assertion-roulette,0.011532744392752647
E02,ambari,XGB_Baseline,conditional-test-logic,0.006221282761543989
E02,ambari,XGB_Baseline,eager-test,0.01608303003013134
E02,ambari,XGB_Baseline,fire-and-forget,0.06962770223617554
E02,ambari,XGB_Baseline,indirect-testing,0.038526300340890884
E02,ambari,XGB_Baseline,mystery-guest,0.037932299077510834
E02,ambari,XGB_Baseline,resource-optimism,0.05192847177386284
E02,ambari,XGB_Baseline,test-run-war,0.022307870909571648
E02,ambari,XGB_Baseline,testLength,0.030877428129315376
E02,ambari,XGB_Baseline,numAsserts,0.013595163822174072
E02,ambari,XGB_Baseline,numCoveredLines,0.021843260154128075
E02,ambari,XGB_Baseline,ExecutionTime,0.03122580610215664
E02,ambari,XGB_Baseline,projectSourceLinesCovered,0.034568559378385544
E02,ambari,XGB_Baseline,projectSourceClassesCovered,0.04138072952628136
E02,ambari,XGB_Baseline,hIndexModificationsPerCoveredLine_window5,0.020328279584646225
E02,ambari,XGB_Baseline,hIndexModificationsPerCoveredLine_window10,0.1465170532464981
E02,ambari,XGB_Baseline,hIndexModificationsPerCoveredLine_window25,0.0965922474861145
E02,ambari,XGB_Baseline,hIndexModificationsPerCoveredLine_window50,0.03472479060292244
E02,ambari,XGB_Baseline,hIndexModificationsPerCoveredLine_window75,0.05441761016845703
E02,ambari,XGB_Baseline,hIndexModificationsPerCoveredLine_window100,0.10445616394281387
E02,ambari,XGB_Baseline,hIndexModificationsPerCoveredLine_window500,0.06810107082128525
E02,ambari,XGB_Baseline,hIndexModificationsPerCoveredLine_window10000,0.030913926661014557
E02,ambari,XGB_Baseline,num_third_party_libs,0.016298187896609306
E02,ambari,XGB_ClassWeight,assertion-roulette,0.021329758688807487
E02,ambari,XGB_ClassWeight,conditional-test-logic,0.0144238555803895
E02,ambari,XGB_ClassWeight,eager-test,0.016931790858507156
E02,ambari,XGB_ClassWeight,fire-and-forget,0.07377947121858597
E02,ambari,XGB_ClassWeight,indirect-testing,0.02608097530901432
E02,ambari,XGB_ClassWeight,mystery-guest,0.030036941170692444
E02,ambari,XGB_ClassWeight,resource-optimism,0.06587428599596024
E02,ambari,XGB_ClassWeight,test-run-war,0.05606028810143471
E02,ambari,XGB_ClassWeight,testLength,0.02586832270026207
E02,ambari,XGB_ClassWeight,numAsserts,0.015716487541794777
E02,ambari,XGB_ClassWeight,numCoveredLines,0.026602305471897125
E02,ambari,XGB_ClassWeight,ExecutionTime,0.07627338171005249
E02,ambari,XGB_ClassWeight,projectSourceLinesCovered,0.027054188773036003
E02,ambari,XGB_ClassWeight,projectSourceClassesCovered,0.04405486583709717
E02,ambari,XGB_ClassWeight,hIndexModificationsPerCoveredLine_window5,0.02806832455098629
E02,ambari,XGB_ClassWeight,hIndexModificationsPerCoveredLine_window10,0.06823468953371048
E02,ambari,XGB_ClassWeight,hIndexModificationsPerCoveredLine_window25,0.06074779853224754
E02,ambari,XGB_ClassWeight,hIndexModificationsPerCoveredLine_window50,0.05135706067085266
E02,ambari,XGB_ClassWeight,hIndexModificationsPerCoveredLine_window75,0.02940402179956436
E02,ambari,XGB_ClassWeight,hIndexModificationsPerCoveredLine_window100,0.13138365745544434
E02,ambari,XGB_ClassWeight,hIndexModificationsPerCoveredLine_window500,0.04326828941702843
E02,ambari,XGB_ClassWeight,hIndexModificationsPerCoveredLine_window10000,0.03634055331349373
E02,ambari,XGB_ClassWeight,num_third_party_libs,0.031108641996979713
E02,ambari,LightGBM_Baseline,assertion-roulette,21.0
E02,ambari,LightGBM_Baseline,conditional-test-logic,8.0
E02,ambari,LightGBM_Baseline,eager-test,19.0
E02,ambari,LightGBM_Baseline,fire-and-forget,46.0
E02,ambari,LightGBM_Baseline,indirect-testing,37.0
E02,ambari,LightGBM_Baseline,mystery-guest,31.0
E02,ambari,LightGBM_Baseline,resource-optimism,19.0
E02,ambari,LightGBM_Baseline,test-run-war,42.0
E02,ambari,LightGBM_Baseline,testLength,362.0
E02,ambari,LightGBM_Baseline,numAsserts,136.0
E02,ambari,LightGBM_Baseline,numCoveredLines,262.0
E02,ambari,LightGBM_Baseline,ExecutionTime,468.0
E02,ambari,LightGBM_Baseline,projectSourceLinesCovered,426.0
E02,ambari,LightGBM_Baseline,projectSourceClassesCovered,382.0
E02,ambari,LightGBM_Baseline,hIndexModificationsPerCoveredLine_window5,25.0
E02,ambari,LightGBM_Baseline,hIndexModificationsPerCoveredLine_window10,60.0
E02,ambari,LightGBM_Baseline,hIndexModificationsPerCoveredLine_window25,41.0
E02,ambari,LightGBM_Baseline,hIndexModificationsPerCoveredLine_window50,78.0
E02,ambari,LightGBM_Baseline,hIndexModificationsPerCoveredLine_window75,38.0
E02,ambari,LightGBM_Baseline,hIndexModificationsPerCoveredLine_window100,81.0
E02,ambari,LightGBM_Baseline,hIndexModificationsPerCoveredLine_window500,131.0
E02,ambari,LightGBM_Baseline,hIndexModificationsPerCoveredLine_window10000,137.0
E02,ambari,LightGBM_Baseline,num_third_party_libs,150.0
E02,ambari,LightGBM_Balanced,assertion-roulette,29.0
E02,ambari,LightGBM_Balanced,conditional-test-logic,19.0
E02,ambari,LightGBM_Balanced,eager-test,20.0
E02,ambari,LightGBM_Balanced,fire-and-forget,42.0
E02,ambari,LightGBM_Balanced,indirect-testing,44.0
E02,ambari,LightGBM_Balanced,mystery-guest,35.0
E02,ambari,LightGBM_Balanced,resource-optimism,34.0
E02,ambari,LightGBM_Balanced,test-run-war,48.0
E02,ambari,LightGBM_Balanced,testLength,338.0
E02,ambari,LightGBM_Balanced,numAsserts,115.0
E02,ambari,LightGBM_Balanced,numCoveredLines,262.0
E02,ambari,LightGBM_Balanced,ExecutionTime,480.0
E02,ambari,LightGBM_Balanced,projectSourceLinesCovered,326.0
E02,ambari,LightGBM_Balanced,projectSourceClassesCovered,411.0
E02,ambari,LightGBM_Balanced,hIndexModificationsPerCoveredLine_window5,31.0
E02,ambari,LightGBM_Balanced,hIndexModificationsPerCoveredLine_window10,62.0
E02,ambari,LightGBM_Balanced,hIndexModificationsPerCoveredLine_window25,51.0
E02,ambari,LightGBM_Balanced,hIndexModificationsPerCoveredLine_window50,84.0
E02,ambari,LightGBM_Balanced,hIndexModificationsPerCoveredLine_window75,45.0
E02,ambari,LightGBM_Balanced,hIndexModificationsPerCoveredLine_window100,91.0
E02,ambari,LightGBM_Balanced,hIndexModificationsPerCoveredLine_window500,159.0
E02,ambari,LightGBM_Balanced,hIndexModificationsPerCoveredLine_window10000,131.0
E02,ambari,LightGBM_Balanced,num_third_party_libs,143.0
E02,ambari,GradientBoosting_Balanced,assertion-roulette,0.0014865375779610026
E02,ambari,GradientBoosting_Balanced,conditional-test-logic,0.0
E02,ambari,GradientBoosting_Balanced,eager-test,0.0009727717883887695
E02,ambari,GradientBoosting_Balanced,fire-and-forget,0.03461686637516738
E02,ambari,GradientBoosting_Balanced,indirect-testing,0.002184100742496839
E02,ambari,GradientBoosting_Balanced,mystery-guest,0.007531323148263054
E02,ambari,GradientBoosting_Balanced,resource-optimism,0.012365998657569478
E02,ambari,GradientBoosting_Balanced,test-run-war,0.018775820968884804
E02,ambari,GradientBoosting_Balanced,testLength,0.04260482343158468
E02,ambari,GradientBoosting_Balanced,numAsserts,0.0030120899750270343
E02,ambari,GradientBoosting_Balanced,numCoveredLines,0.03591028494804811
E02,ambari,GradientBoosting_Balanced,ExecutionTime,0.37213087090214625
E02,ambari,GradientBoosting_Balanced,projectSourceLinesCovered,0.09619636064531048
E02,ambari,GradientBoosting_Balanced,projectSourceClassesCovered,0.11952173199470785
E02,ambari,GradientBoosting_Balanced,hIndexModificationsPerCoveredLine_window5,0.0023476843619483164
E02,ambari,GradientBoosting_Balanced,hIndexModificationsPerCoveredLine_window10,0.030540519613851815
E02,ambari,GradientBoosting_Balanced,hIndexModificationsPerCoveredLine_window25,0.010469166710188164
E02,ambari,GradientBoosting_Balanced,hIndexModificationsPerCoveredLine_window50,0.02060377345504039
E02,ambari,GradientBoosting_Balanced,hIndexModificationsPerCoveredLine_window75,0.04243385414389334
E02,ambari,GradientBoosting_Balanced,hIndexModificationsPerCoveredLine_window100,0.08734729470222329
E02,ambari,GradientBoosting_Balanced,hIndexModificationsPerCoveredLine_window500,0.03168404424347388
E02,ambari,GradientBoosting_Balanced,hIndexModificationsPerCoveredLine_window10000,0.0145543374937303
E02,ambari,GradientBoosting_Balanced,num_third_party_libs,0.01270974412009487
E03,commons-exec,RF_Baseline,assertion-roulette,0.009499725153859745
E03,commons-exec,RF_Baseline,conditional-test-logic,0.005043755905004163
E03,commons-exec,RF_Baseline,eager-test,0.00650490743547451
E03,commons-exec,RF_Baseline,fire-and-forget,0.011035287213732684
E03,commons-exec,RF_Baseline,indirect-testing,0.015195195165164559
E03,commons-exec,RF_Baseline,mystery-guest,0.008786529905242608
E03,commons-exec,RF_Baseline,resource-optimism,0.006858803049193515
E03,commons-exec,RF_Baseline,test-run-war,0.007427970373018787
E03,commons-exec,RF_Baseline,testLength,0.09045710338248754
E03,commons-exec,RF_Baseline,numAsserts,0.04094769237923083
E03,commons-exec,RF_Baseline,numCoveredLines,0.08778320457149742
E03,commons-exec,RF_Baseline,ExecutionTime,0.16109104629016624
E03,commons-exec,RF_Baseline,projectSourceLinesCovered,0.12755756104022878
E03,commons-exec,RF_Baseline,projectSourceClassesCovered,0.11653804835691292
E03,commons-exec,RF_Baseline,hIndexModificationsPerCoveredLine_window5,0.014508170178964302
E03,commons-exec,RF_Baseline,hIndexModificationsPerCoveredLine_window10,0.03412363313380051
E03,commons-exec,RF_Baseline,hIndexModificationsPerCoveredLine_window25,0.024511362094424713
E03,commons-exec,RF_Baseline,hIndexModificationsPerCoveredLine_window50,0.02406108582399219
E03,commons-exec,RF_Baseline,hIndexModificationsPerCoveredLine_window75,0.02752839764050988
E03,commons-exec,RF_Baseline,hIndexModificationsPerCoveredLine_window100,0.039135520117460076
E03,commons-exec,RF_Baseline,hIndexModificationsPerCoveredLine_window500,0.03753561909180932
E03,commons-exec,RF_Baseline,hIndexModificationsPerCoveredLine_window10000,0.05558234106464243
E03,commons-exec,RF_Baseline,num_third_party_libs,0.04828704063318237
E03,commons-exec,RF_Balanced,assertion-roulette,0.007747408217537887
E03,commons-exec,RF_Balanced,conditional-test-logic,0.0032180969394656764
E03,commons-exec,RF_Balanced,eager-test,0.006060103581812735
E03,commons-exec,RF_Balanced,fire-and-forget,0.01986617688716341
E03,commons-exec,RF_Balanced,indirect-testing,0.014333551026109254
E03,commons-exec,RF_Balanced,mystery-guest,0.009965126140997075
E03,commons-exec,RF_Balanced,resource-optimism,0.008352416243224286
E03,commons-exec,RF_Balanced,test-run-war,0.012596786486155432
E03,commons-exec,RF_Balanced,testLength,0.06572640217170629
E03,commons-exec,RF_Balanced,numAsserts,0.029814449631434033
E03,commons-exec,RF_Balanced,numCoveredLines,0.0771495613044368
E03,commons-exec,RF_Balanced,ExecutionTime,0.19516105935513722
E03,commons-exec,RF_Balanced,projectSourceLinesCovered,0.11385738716906331
E03,commons-exec,RF_Balanced,projectSourceClassesCovered,0.11894102229351154
E03,commons-exec,RF_Balanced,hIndexModificationsPerCoveredLine_window5,0.011534289399669162
E03,commons-exec,RF_Balanced,hIndexModificationsPerCoveredLine_window10,0.02619882908726031
E03,commons-exec,RF_Balanced,hIndexModificationsPerCoveredLine_window25,0.029715472882925836
E03,commons-exec,RF_Balanced,hIndexModificationsPerCoveredLine_window50,0.03228037079287079
E03,commons-exec,RF_Balanced,hIndexModificationsPerCoveredLine_window75,0.05021696532741746
E03,commons-exec,RF_Balanced,hIndexModificationsPerCoveredLine_window100,0.06075747229960304
E03,commons-exec,RF_Balanced,hIndexModificationsPerCoveredLine_window500,0.03850170369074832
E03,commons-exec,RF_Balanced,hIndexModificationsPerCoveredLine_window10000,0.036163273883606996
E03,commons-exec,RF_Balanced,num_third_party_libs,0.03184207518814298
E03,commons-exec,Balanced_RF,assertion-roulette,0.009418672685950546
E03,commons-exec,Balanced_RF,conditional-test-logic,0.0034396898330130753
E03,commons-exec,Balanced_RF,eager-test,0.0065046535560273734
E03,commons-exec,Balanced_RF,fire-and-forget,0.01772703197687166
E03,commons-exec,Balanced_RF,indirect-testing,0.014743180519074911
E03,commons-exec,Balanced_RF,mystery-guest,0.01044210741878609
E03,commons-exec,Balanced_RF,resource-optimism,0.007718470313000184
E03,commons-exec,Balanced_RF,test-run-war,0.012081615813996393
E03,commons-exec,Balanced_RF,testLength,0.07226001611405768
E03,commons-exec,Balanced_RF,numAsserts,0.0305339833889222
E03,commons-exec,Balanced_RF,numCoveredLines,0.0778225090940626
E03,commons-exec,Balanced_RF,ExecutionTime,0.18816416819739384
E03,commons-exec,Balanced_RF,projectSourceLinesCovered,0.11374136463728857
E03,commons-exec,Balanced_RF,projectSourceClassesCovered,0.1149045584635215
E03,commons-exec,Balanced_RF,hIndexModificationsPerCoveredLine_window5,0.011447029733862402
E03,commons-exec,Balanced_RF,hIndexModificationsPerCoveredLine_window10,0.030261476183140366
E03,commons-exec,Balanced_RF,hIndexModificationsPerCoveredLine_window25,0.027105623687515644
E03,commons-exec,Balanced_RF,hIndexModificationsPerCoveredLine_window50,0.03514244013358103
E03,commons-exec,Balanced_RF,hIndexModificationsPerCoveredLine_window75,0.04329787165281264
E03,commons-exec,Balanced_RF,hIndexModificationsPerCoveredLine_window100,0.06324095046345915
E03,commons-exec,Balanced_RF,hIndexModificationsPerCoveredLine_window500,0.03973949624966377
E03,commons-exec,Balanced_RF,hIndexModificationsPerCoveredLine_window10000,0.037713562255699586
E03,commons-exec,Balanced_RF,num_third_party_libs,0.03254952762829885
E03,commons-exec,ExtraTrees_Balanced,assertion-roulette,0.026432571338099464
E03,commons-exec,ExtraTrees_Balanced,conditional-test-logic,0.011430092594971821
E03,commons-exec,ExtraTrees_Balanced,eager-test,0.012727716734942433
E03,commons-exec,ExtraTrees_Balanced,fire-and-forget,0.03728819141462434
E03,commons-exec,ExtraTrees_Balanced,indirect-testing,0.03791200292405567
E03,commons-exec,ExtraTrees_Balanced,mystery-guest,0.018068944871716196
E03,commons-exec,ExtraTrees_Balanced,resource-optimism,0.011040126772939878
E03,commons-exec,ExtraTrees_Balanced,test-run-war,0.01802594708550544
E03,commons-exec,ExtraTrees_Balanced,testLength,0.051100129035099265
E03,commons-exec,ExtraTrees_Balanced,numAsserts,0.03588065722558722
E03,commons-exec,ExtraTrees_Balanced,numCoveredLines,0.06368104656367186
E03,commons-exec,ExtraTrees_Balanced,ExecutionTime,0.07764532143501189
E03,commons-exec,ExtraTrees_Balanced,projectSourceLinesCovered,0.07189181071893365
E03,commons-exec,ExtraTrees_Balanced,projectSourceClassesCovered,0.09762156589602515
E03,commons-exec,ExtraTrees_Balanced,hIndexModificationsPerCoveredLine_window5,0.03203025426866706
E03,commons-exec,ExtraTrees_Balanced,hIndexModificationsPerCoveredLine_window10,0.057243615748084044
E03,commons-exec,ExtraTrees_Balanced,hIndexModificationsPerCoveredLine_window25,0.037121441985757085
E03,commons-exec,ExtraTrees_Balanced,hIndexModificationsPerCoveredLine_window50,0.05457406119698631
E03,commons-exec,ExtraTrees_Balanced,hIndexModificationsPerCoveredLine_window75,0.04634862423648754
E03,commons-exec,ExtraTrees_Balanced,hIndexModificationsPerCoveredLine_window100,0.06621719693325935
E03,commons-exec,ExtraTrees_Balanced,hIndexModificationsPerCoveredLine_window500,0.06119892858153334
E03,commons-exec,ExtraTrees_Balanced,hIndexModificationsPerCoveredLine_window10000,0.03779833077033214
E03,commons-exec,ExtraTrees_Balanced,num_third_party_libs,0.03672142166770896
E03,commons-exec,XGB_Baseline,assertion-roulette,0.012928908690810204
E03,commons-exec,XGB_Baseline,conditional-test-logic,0.007171033415943384
E03,commons-exec,XGB_Baseline,eager-test,0.014549377374351025
E03,commons-exec,XGB_Baseline,fire-and-forget,0.04555097222328186
E03,commons-exec,XGB_Baseline,indirect-testing,0.026274576783180237
E03,commons-exec,XGB_Baseline,mystery-guest,0.02953176572918892
E03,commons-exec,XGB_Baseline,resource-optimism,0.09131772071123123
E03,commons-exec,XGB_Baseline,test-run-war,0.02582404389977455
E03,commons-exec,XGB_Baseline,testLength,0.03070131503045559
E03,commons-exec,XGB_Baseline,numAsserts,0.013686430640518665
E03,commons-exec,XGB_Baseline,numCoveredLines,0.04296550527215004
E03,commons-exec,XGB_Baseline,ExecutionTime,0.035957176238298416
E03,commons-exec,XGB_Baseline,projectSourceLinesCovered,0.014871571213006973
E03,commons-exec,XGB_Baseline,projectSourceClassesCovered,0.042084481567144394
E03,commons-exec,XGB_Baseline,hIndexModificationsPerCoveredLine_window5,0.014356350526213646
E03,commons-exec,XGB_Baseline,hIndexModificationsPerCoveredLine_window10,0.12605597078800201
E03,commons-exec,XGB_Baseline,hIndexModificationsPerCoveredLine_window25,0.08923153579235077
E03,commons-exec,XGB_Baseline,hIndexModificationsPerCoveredLine_window50,0.03543432056903839
E03,commons-exec,XGB_Baseline,hIndexModificationsPerCoveredLine_window75,0.04725179448723793
E03,commons-exec,XGB_Baseline,hIndexModificationsPerCoveredLine_window100,0.15750840306282043
E03,commons-exec,XGB_Baseline,hIndexModificationsPerCoveredLine_window500,0.04948492348194122
E03,commons-exec,XGB_Baseline,hIndexModificationsPerCoveredLine_window10000,0.030272388830780983
E03,commons-exec,XGB_Baseline,num_third_party_libs,0.01698938012123108
E03,commons-exec,XGB_ClassWeight,assertion-roulette,0.02012404426932335
E03,commons-exec,XGB_ClassWeight,conditional-test-logic,0.011553243733942509
E03,commons-exec,XGB_ClassWeight,eager-test,0.019697818905115128
E03,commons-exec,XGB_ClassWeight,fire-and-forget,0.06771910935640335
E03,commons-exec,XGB_ClassWeight,indirect-testing,0.02484731934964657
E03,commons-exec,XGB_ClassWeight,mystery-guest,0.04254733771085739
E03,commons-exec,XGB_ClassWeight,resource-optimism,0.08044590055942535
E03,commons-exec,XGB_ClassWeight,test-run-war,0.059833671897649765
E03,commons-exec,XGB_ClassWeight,testLength,0.02188919670879841
E03,commons-exec,XGB_ClassWeight,numAsserts,0.014560523442924023
E03,commons-exec,XGB_ClassWeight,numCoveredLines,0.030620869249105453
E03,commons-exec,XGB_ClassWeight,ExecutionTime,0.08156696707010269
E03,commons-exec,XGB_ClassWeight,projectSourceLinesCovered,0.02267937920987606
E03,commons-exec,XGB_ClassWeight,projectSourceClassesCovered,0.039424341171979904
E03,commons-exec,XGB_ClassWeight,hIndexModificationsPerCoveredLine_window5,0.025884505361318588
E03,commons-exec,XGB_ClassWeight,hIndexModificationsPerCoveredLine_window10,0.07849274575710297
E03,commons-exec,XGB_ClassWeight,hIndexModificationsPerCoveredLine_window25,0.05036390945315361
E03,commons-exec,XGB_ClassWeight,hIndexModificationsPerCoveredLine_window50,0.051759254187345505
E03,commons-exec,XGB_ClassWeight,hIndexModificationsPerCoveredLine_window75,0.03466508165001869
E03,commons-exec,XGB_ClassWeight,hIndexModificationsPerCoveredLine_window100,0.12150298058986664
E03,commons-exec,XGB_ClassWeight,hIndexModificationsPerCoveredLine_window500,0.039626408368349075
E03,commons-exec,XGB_ClassWeight,hIndexModificationsPerCoveredLine_window10000,0.03726475313305855
E03,commons-exec,XGB_ClassWeight,num_third_party_libs,0.02293064445257187
E03,commons-exec,LightGBM_Baseline,assertion-roulette,38.0
E03,commons-exec,LightGBM_Baseline,conditional-test-logic,12.0
E03,commons-exec,LightGBM_Baseline,eager-test,15.0
E03,commons-exec,LightGBM_Baseline,fire-and-forget,51.0
E03,commons-exec,LightGBM_Baseline,indirect-testing,51.0
E03,commons-exec,LightGBM_Baseline,mystery-guest,27.0
E03,commons-exec,LightGBM_Baseline,resource-optimism,15.0
E03,commons-exec,LightGBM_Baseline,test-run-war,43.0
E03,commons-exec,LightGBM_Baseline,testLength,343.0
E03,commons-exec,LightGBM_Baseline,numAsserts,127.0
E03,commons-exec,LightGBM_Baseline,numCoveredLines,276.0
E03,commons-exec,LightGBM_Baseline,ExecutionTime,467.0
E03,commons-exec,LightGBM_Baseline,projectSourceLinesCovered,393.0
E03,commons-exec,LightGBM_Baseline,projectSourceClassesCovered,375.0
E03,commons-exec,LightGBM_Baseline,hIndexModificationsPerCoveredLine_window5,35.0
E03,commons-exec,LightGBM_Baseline,hIndexModificationsPerCoveredLine_window10,49.0
E03,commons-exec,LightGBM_Baseline,hIndexModificationsPerCoveredLine_window25,49.0
E03,commons-exec,LightGBM_Baseline,hIndexModificationsPerCoveredLine_window50,73.0
E03,commons-exec,LightGBM_Baseline,hIndexModificationsPerCoveredLine_window75,37.0
E03,commons-exec,LightGBM_Baseline,hIndexModificationsPerCoveredLine_window100,84.0
E03,commons-exec,LightGBM_Baseline,hIndexModificationsPerCoveredLine_window500,129.0
E03,commons-exec,LightGBM_Baseline,hIndexModificationsPerCoveredLine_window10000,134.0
E03,commons-exec,LightGBM_Baseline,num_third_party_libs,177.0
E03,commons-exec,LightGBM_Balanced,assertion-roulette,23.0
E03,commons-exec,LightGBM_Balanced,conditional-test-logic,11.0
E03,commons-exec,LightGBM_Balanced,eager-test,23.0
E03,commons-exec,LightGBM_Balanced,fire-and-forget,51.0
E03,commons-exec,LightGBM_Balanced,indirect-testing,42.0
E03,commons-exec,LightGBM_Balanced,mystery-guest,42.0
E03,commons-exec,LightGBM_Balanced,resource-optimism,30.0
E03,commons-exec,LightGBM_Balanced,test-run-war,53.0
E03,commons-exec,LightGBM_Balanced,testLength,325.0
E03,commons-exec,LightGBM_Balanced,numAsserts,123.0
E03,commons-exec,LightGBM_Balanced,numCoveredLines,242.0
E03,commons-exec,LightGBM_Balanced,ExecutionTime,454.0
E03,commons-exec,LightGBM_Balanced,projectSourceLinesCovered,326.0
E03,commons-exec,LightGBM_Balanced,projectSourceClassesCovered,386.0
E03,commons-exec,LightGBM_Balanced,hIndexModificationsPerCoveredLine_window5,44.0
E03,commons-exec,LightGBM_Balanced,hIndexModificationsPerCoveredLine_window10,56.0
E03,commons-exec,LightGBM_Balanced,hIndexModificationsPerCoveredLine_window25,75.0
E03,commons-exec,LightGBM_Balanced,hIndexModificationsPerCoveredLine_window50,95.0
E03,commons-exec,LightGBM_Balanced,hIndexModificationsPerCoveredLine_window75,33.0
E03,commons-exec,LightGBM_Balanced,hIndexModificationsPerCoveredLine_window100,95.0
E03,commons-exec,LightGBM_Balanced,hIndexModificationsPerCoveredLine_window500,167.0
E03,commons-exec,LightGBM_Balanced,hIndexModificationsPerCoveredLine_window10000,137.0
E03,commons-exec,LightGBM_Balanced,num_third_party_libs,167.0
E03,commons-exec,GradientBoosting_Balanced,assertion-roulette,0.002217943687010852
E03,commons-exec,GradientBoosting_Balanced,conditional-test-logic,0.0
E03,commons-exec,GradientBoosting_Balanced,eager-test,0.0009938166255494497
E03,commons-exec,GradientBoosting_Balanced,fire-and-forget,0.03810448222714846
E03,commons-exec,GradientBoosting_Balanced,indirect-testing,0.0009016827472054337
E03,commons-exec,GradientBoosting_Balanced,mystery-guest,0.005445492197022076
E03,commons-exec,GradientBoosting_Balanced,resource-optimism,0.010031075600588288
E03,commons-exec,GradientBoosting_Balanced,test-run-war,0.01826607763279178
E03,commons-exec,GradientBoosting_Balanced,testLength,0.038632379269728165
E03,commons-exec,GradientBoosting_Balanced,numAsserts,0.003302896817259962
E03,commons-exec,GradientBoosting_Balanced,numCoveredLines,0.042700077924240805
E03,commons-exec,GradientBoosting_Balanced,ExecutionTime,0.37182075706522927
E03,commons-exec,GradientBoosting_Balanced,projectSourceLinesCovered,0.09741005093705599
E03,commons-exec,GradientBoosting_Balanced,projectSourceClassesCovered,0.09239565166967317
E03,commons-exec,GradientBoosting_Balanced,hIndexModificationsPerCoveredLine_window5,0.002285084898287447
E03,commons-exec,GradientBoosting_Balanced,hIndexModificationsPerCoveredLine_window10,0.01831379673222374
E03,commons-exec,GradientBoosting_Balanced,hIndexModificationsPerCoveredLine_window25,0.0438169875268092
E03,commons-exec,GradientBoosting_Balanced,hIndexModificationsPerCoveredLine_window50,0.012614336814142606
E03,commons-exec,GradientBoosting_Balanced,hIndexModificationsPerCoveredLine_window75,0.04040977742080643
E03,commons-exec,GradientBoosting_Balanced,hIndexModificationsPerCoveredLine_window100,0.10184387112397897
E03,commons-exec,GradientBoosting_Balanced,hIndexModificationsPerCoveredLine_window500,0.02930533667241808
E03,commons-exec,GradientBoosting_Balanced,hIndexModificationsPerCoveredLine_window10000,0.016695860491811855
E03,commons-exec,GradientBoosting_Balanced,num_third_party_libs,0.012492563919017948
E04,hbase,RF_Baseline,assertion-roulette,0.009586505134980288
E04,hbase,RF_Baseline,conditional-test-logic,0.004719568795372702
E04,hbase,RF_Baseline,eager-test,0.005652707926037201
E04,hbase,RF_Baseline,fire-and-forget,0.010031231209671237
E04,hbase,RF_Baseline,indirect-testing,0.014908345785419613
E04,hbase,RF_Baseline,mystery-guest,0.009735472256918551
E04,hbase,RF_Baseline,resource-optimism,0.008165860850718229
E04,hbase,RF_Baseline,test-run-war,0.007970471512425465
E04,hbase,RF_Baseline,testLength,0.09369986873978613
E04,hbase,RF_Baseline,numAsserts,0.04064536807798769
E04,hbase,RF_Baseline,numCoveredLines,0.09454394204354513
E04,hbase,RF_Baseline,ExecutionTime,0.14346999778848935
E04,hbase,RF_Baseline,projectSourceLinesCovered,0.12677050246555838
E04,hbase,RF_Baseline,projectSourceClassesCovered,0.11591022883013948
E04,hbase,RF_Baseline,hIndexModificationsPerCoveredLine_window5,0.012311913250275617
E04,hbase,RF_Baseline,hIndexModificationsPerCoveredLine_window10,0.04602456974061877
E04,hbase,RF_Baseline,hIndexModificationsPerCoveredLine_window25,0.02143445208305823
E04,hbase,RF_Baseline,hIndexModificationsPerCoveredLine_window50,0.0224811927171028
E04,hbase,RF_Baseline,hIndexModificationsPerCoveredLine_window75,0.025117455164298527
E04,hbase,RF_Baseline,hIndexModificationsPerCoveredLine_window100,0.03652093710172178
E04,hbase,RF_Baseline,hIndexModificationsPerCoveredLine_window500,0.04013746693393086
E04,hbase,RF_Baseline,hIndexModificationsPerCoveredLine_window10000,0.05704270831833176
E04,hbase,RF_Baseline,num_third_party_libs,0.053119233273612246
E04,hbase,RF_Balanced,assertion-roulette,0.009960718320882899
E04,hbase,RF_Balanced,conditional-test-logic,0.003359181391637571
E04,hbase,RF_Balanced,eager-test,0.005645748477055861
E04,hbase,RF_Balanced,fire-and-forget,0.020815011466725892
E04,hbase,RF_Balanced,indirect-testing,0.013635785839985254
E04,hbase,RF_Balanced,mystery-guest,0.014965199107257127
E04,hbase,RF_Balanced,resource-optimism,0.009122364822265885
E04,hbase,RF_Balanced,test-run-war,0.01677172600656612
E04,hbase,RF_Balanced,testLength,0.06314886060286655
E04,hbase,RF_Balanced,numAsserts,0.029426141187413636
E04,hbase,RF_Balanced,numCoveredLines,0.07589551856704797
E04,hbase,RF_Balanced,ExecutionTime,0.16723728947824504
E04,hbase,RF_Balanced,projectSourceLinesCovered,0.09724095087090147
E04,hbase,RF_Balanced,projectSourceClassesCovered,0.11672892466929109
E04,hbase,RF_Balanced,hIndexModificationsPerCoveredLine_window5,0.012495043061152537
E04,hbase,RF_Balanced,hIndexModificationsPerCoveredLine_window10,0.041129485726756954
E04,hbase,RF_Balanced,hIndexModificationsPerCoveredLine_window25,0.03120458920744634
E04,hbase,RF_Balanced,hIndexModificationsPerCoveredLine_window50,0.03528253649338167
E04,hbase,RF_Balanced,hIndexModificationsPerCoveredLine_window75,0.057415640620775754
E04,hbase,RF_Balanced,hIndexModificationsPerCoveredLine_window100,0.06604303150512385
E04,hbase,RF_Balanced,hIndexModificationsPerCoveredLine_window500,0.03878044826903074
E04,hbase,RF_Balanced,hIndexModificationsPerCoveredLine_window10000,0.0404051942647437
E04,hbase,RF_Balanced,num_third_party_libs,0.033290610043446335
E04,hbase,Balanced_RF,assertion-roulette,0.010709044139012355
E04,hbase,Balanced_RF,conditional-test-logic,0.003735989763622921
E04,hbase,Balanced_RF,eager-test,0.006116730524170116
E04,hbase,Balanced_RF,fire-and-forget,0.018356151674181566
E04,hbase,Balanced_RF,indirect-testing,0.014975112413506927
E04,hbase,Balanced_RF,mystery-guest,0.013372072172987805
E04,hbase,Balanced_RF,resource-optimism,0.010055189229906645
E04,hbase,Balanced_RF,test-run-war,0.017727327666503794
E04,hbase,Balanced_RF,testLength,0.06382944863633429
E04,hbase,Balanced_RF,numAsserts,0.029946654104548987
E04,hbase,Balanced_RF,numCoveredLines,0.08280591391414852
E04,hbase,Balanced_RF,ExecutionTime,0.15924386655584288
E04,hbase,Balanced_RF,projectSourceLinesCovered,0.09370456617645499
E04,hbase,Balanced_RF,projectSourceClassesCovered,0.11154195142110288
E04,hbase,Balanced_RF,hIndexModificationsPerCoveredLine_window5,0.012818456024688353
E04,hbase,Balanced_RF,hIndexModificationsPerCoveredLine_window10,0.03873251365078356
E04,hbase,Balanced_RF,hIndexModificationsPerCoveredLine_window25,0.036522303001738116
E04,hbase,Balanced_RF,hIndexModificationsPerCoveredLine_window50,0.039079237122602625
E04,hbase,Balanced_RF,hIndexModificationsPerCoveredLine_window75,0.06115612993314015
E04,hbase,Balanced_RF,hIndexModificationsPerCoveredLine_window100,0.06080177595426708
E04,hbase,Balanced_RF,hIndexModificationsPerCoveredLine_window500,0.041212298078948384
E04,hbase,Balanced_RF,hIndexModificationsPerCoveredLine_window10000,0.037449261746325846
E04,hbase,Balanced_RF,num_third_party_libs,0.03610800609518138
E04,hbase,ExtraTrees_Balanced,assertion-roulette,0.027712928997699903
E04,hbase,ExtraTrees_Balanced,conditional-test-logic,0.009420311426670706
E04,hbase,ExtraTrees_Balanced,eager-test,0.012203486349803776
E04,hbase,ExtraTrees_Balanced,fire-and-forget,0.030483012968141064
E04,hbase,ExtraTrees_Balanced,indirect-testing,0.04394203566978839
E04,hbase,ExtraTrees_Balanced,mystery-guest,0.022924431515221357
E04,hbase,ExtraTrees_Balanced,resource-optimism,0.01292063150135476
E04,hbase,ExtraTrees_Balanced,test-run-war,0.020032217527971023
E04,hbase,ExtraTrees_Balanced,testLength,0.04410622483377288
E04,hbase,ExtraTrees_Balanced,numAsserts,0.03630313939058279
E04,hbase,ExtraTrees_Balanced,numCoveredLines,0.06218091961045305
E04,hbase,ExtraTrees_Balanced,ExecutionTime,0.0649317254910004
E04,hbase,ExtraTrees_Balanced,projectSourceLinesCovered,0.05973794893357296
E04,hbase,ExtraTrees_Balanced,projectSourceClassesCovered,0.08929207465424847
E04,hbase,ExtraTrees_Balanced,hIndexModificationsPerCoveredLine_window5,0.027488483237101912
E04,hbase,ExtraTrees_Balanced,hIndexModificationsPerCoveredLine_window10,0.07141315811390501
E04,hbase,ExtraTrees_Balanced,hIndexModificationsPerCoveredLine_window25,0.041141075439107375
E04,hbase,ExtraTrees_Balanced,hIndexModificationsPerCoveredLine_window50,0.06457589809812592
E04,hbase,ExtraTrees_Balanced,hIndexModificationsPerCoveredLine_window75,0.056065673983340406
E04,hbase,ExtraTrees_Balanced,hIndexModificationsPerCoveredLine_window100,0.062385928729557456
E04,hbase,ExtraTrees_Balanced,hIndexModificationsPerCoveredLine_window500,0.06463882996697802
E04,hbase,ExtraTrees_Balanced,hIndexModificationsPerCoveredLine_window10000,0.04077912768249894
E04,hbase,ExtraTrees_Balanced,num_third_party_libs,0.03532073587910343
E04,hbase,XGB_Baseline,assertion-roulette,0.012504598125815392
E04,hbase,XGB_Baseline,conditional-test-logic,0.004561359528452158
E04,hbase,XGB_Baseline,eager-test,0.011488895863294601
E04,hbase,XGB_Baseline,fire-and-forget,0.03143550828099251
E04,hbase,XGB_Baseline,indirect-testing,0.027226325124502182
E04,hbase,XGB_Baseline,mystery-guest,0.0731973797082901
E04,hbase,XGB_Baseline,resource-optimism,0.06201886385679245
E04,hbase,XGB_Baseline,test-run-war,0.027307385578751564
E04,hbase,XGB_Baseline,testLength,0.032522257417440414
E04,hbase,XGB_Baseline,numAsserts,0.010749541223049164
E04,hbase,XGB_Baseline,numCoveredLines,0.051023151725530624
E04,hbase,XGB_Baseline,ExecutionTime,0.026843691244721413
E04,hbase,XGB_Baseline,projectSourceLinesCovered,0.014681403525173664
E04,hbase,XGB_Baseline,projectSourceClassesCovered,0.04489995166659355
E04,hbase,XGB_Baseline,hIndexModificationsPerCoveredLine_window5,0.023499565199017525
E04,hbase,XGB_Baseline,hIndexModificationsPerCoveredLine_window10,0.15243563055992126
E04,hbase,XGB_Baseline,hIndexModificationsPerCoveredLine_window25,0.02952435426414013
E04,hbase,XGB_Baseline,hIndexModificationsPerCoveredLine_window50,0.02638680301606655
E04,hbase,XGB_Baseline,hIndexModificationsPerCoveredLine_window75,0.0342223085463047
E04,hbase,XGB_Baseline,hIndexModificationsPerCoveredLine_window100,0.2519233226776123
E04,hbase,XGB_Baseline,hIndexModificationsPerCoveredLine_window500,0.018517784774303436
E04,hbase,XGB_Baseline,hIndexModificationsPerCoveredLine_window10000,0.016293900087475777
E04,hbase,XGB_Baseline,num_third_party_libs,0.016736112534999847
E04,hbase,XGB_ClassWeight,assertion-roulette,0.01073716301470995
E04,hbase,XGB_ClassWeight,conditional-test-logic,0.013677118346095085
E04,hbase,XGB_ClassWeight,eager-test,0.014310779981315136
E04,hbase,XGB_ClassWeight,fire-and-forget,0.0406150221824646
E04,hbase,XGB_ClassWeight,indirect-testing,0.024065744131803513
E04,hbase,XGB_ClassWeight,mystery-guest,0.057562753558158875
E04,hbase,XGB_ClassWeight,resource-optimism,0.044186174869537354
E04,hbase,XGB_ClassWeight,test-run-war,0.0637272298336029
E04,hbase,XGB_ClassWeight,testLength,0.019631056115031242
E04,hbase,XGB_ClassWeight,numAsserts,0.013141892850399017
E04,hbase,XGB_ClassWeight,numCoveredLines,0.023629171773791313
E04,hbase,XGB_ClassWeight,ExecutionTime,0.051724210381507874
E04,hbase,XGB_ClassWeight,projectSourceLinesCovered,0.020453300327062607
E04,hbase,XGB_ClassWeight,projectSourceClassesCovered,0.037100497633218765
E04,hbase,XGB_ClassWeight,hIndexModificationsPerCoveredLine_window5,0.024783873930573463
E04,hbase,XGB_ClassWeight,hIndexModificationsPerCoveredLine_window10,0.07532209903001785
E04,hbase,XGB_ClassWeight,hIndexModificationsPerCoveredLine_window25,0.03881937265396118
E04,hbase,XGB_ClassWeight,hIndexModificationsPerCoveredLine_window50,0.03879188746213913
E04,hbase,XGB_ClassWeight,hIndexModificationsPerCoveredLine_window75,0.1847829818725586
E04,hbase,XGB_ClassWeight,hIndexModificationsPerCoveredLine_window100,0.13809844851493835
E04,hbase,XGB_ClassWeight,hIndexModificationsPerCoveredLine_window500,0.02948950044810772
E04,hbase,XGB_ClassWeight,hIndexModificationsPerCoveredLine_window10000,0.017707737162709236
E04,hbase,XGB_ClassWeight,num_third_party_libs,0.017641978338360786
E04,hbase,LightGBM_Baseline,assertion-roulette,27.0
E04,hbase,LightGBM_Baseline,conditional-test-logic,8.0
E04,hbase,LightGBM_Baseline,eager-test,17.0
E04,hbase,LightGBM_Baseline,fire-and-forget,56.0
E04,hbase,LightGBM_Baseline,indirect-testing,46.0
E04,hbase,LightGBM_Baseline,mystery-guest,24.0
E04,hbase,LightGBM_Baseline,resource-optimism,16.0
E04,hbase,LightGBM_Baseline,test-run-war,54.0
E04,hbase,LightGBM_Baseline,testLength,343.0
E04,hbase,LightGBM_Baseline,numAsserts,125.0
E04,hbase,LightGBM_Baseline,numCoveredLines,285.0
E04,hbase,LightGBM_Baseline,ExecutionTime,466.0
E04,hbase,LightGBM_Baseline,projectSourceLinesCovered,383.0
E04,hbase,LightGBM_Baseline,projectSourceClassesCovered,392.0
E04,hbase,LightGBM_Baseline,hIndexModificationsPerCoveredLine_window5,31.0
E04,hbase,LightGBM_Baseline,hIndexModificationsPerCoveredLine_window10,68.0
E04,hbase,LightGBM_Baseline,hIndexModificationsPerCoveredLine_window25,43.0
E04,hbase,LightGBM_Baseline,hIndexModificationsPerCoveredLine_window50,58.0
E04,hbase,LightGBM_Baseline,hIndexModificationsPerCoveredLine_window75,55.0
E04,hbase,LightGBM_Baseline,hIndexModificationsPerCoveredLine_window100,62.0
E04,hbase,LightGBM_Baseline,hIndexModificationsPerCoveredLine_window500,125.0
E04,hbase,LightGBM_Baseline,hIndexModificationsPerCoveredLine_window10000,130.0
E04,hbase,LightGBM_Baseline,num_third_party_libs,186.0
E04,hbase,LightGBM_Balanced,assertion-roulette,19.0
E04,hbase,LightGBM_Balanced,conditional-test-logic,8.0
E04,hbase,LightGBM_Balanced,eager-test,26.0
E04,hbase,LightGBM_Balanced,fire-and-forget,45.0
E04,hbase,LightGBM_Balanced,indirect-testing,49.0
E04,hbase,LightGBM_Balanced,mystery-guest,28.0
E04,hbase,LightGBM_Balanced,resource-optimism,34.0
E04,hbase,LightGBM_Balanced,test-run-war,66.0
E04,hbase,LightGBM_Balanced,testLength,308.0
E04,hbase,LightGBM_Balanced,numAsserts,140.0
E04,hbase,LightGBM_Balanced,numCoveredLines,277.0
E04,hbase,LightGBM_Balanced,ExecutionTime,455.0
E04,hbase,LightGBM_Balanced,projectSourceLinesCovered,324.0
E04,hbase,LightGBM_Balanced,projectSourceClassesCovered,387.0
E04,hbase,LightGBM_Balanced,hIndexModificationsPerCoveredLine_window5,42.0
E04,hbase,LightGBM_Balanced,hIndexModificationsPerCoveredLine_window10,68.0
E04,hbase,LightGBM_Balanced,hIndexModificationsPerCoveredLine_window25,63.0
E04,hbase,LightGBM_Balanced,hIndexModificationsPerCoveredLine_window50,84.0
E04,hbase,LightGBM_Balanced,hIndexModificationsPerCoveredLine_window75,55.0
E04,hbase,LightGBM_Balanced,hIndexModificationsPerCoveredLine_window100,84.0
E04,hbase,LightGBM_Balanced,hIndexModificationsPerCoveredLine_window500,146.0
E04,hbase,LightGBM_Balanced,hIndexModificationsPerCoveredLine_window10000,126.0
E04,hbase,LightGBM_Balanced,num_third_party_libs,166.0
E04,hbase,GradientBoosting_Balanced,assertion-roulette,0.0
E04,hbase,GradientBoosting_Balanced,conditional-test-logic,9.067124013904293e-05
E04,hbase,GradientBoosting_Balanced,eager-test,0.0012511696272948553
E04,hbase,GradientBoosting_Balanced,fire-and-forget,0.0255872077976706
E04,hbase,GradientBoosting_Balanced,indirect-testing,0.0023730161616385423
E04,hbase,GradientBoosting_Balanced,mystery-guest,0.009290890487573011
E04,hbase,GradientBoosting_Balanced,resource-optimism,0.005927152103986051
E04,hbase,GradientBoosting_Balanced,test-run-war,0.026931684073326866
E04,hbase,GradientBoosting_Balanced,testLength,0.032969230556082786
E04,hbase,GradientBoosting_Balanced,numAsserts,0.004268223958450911
E04,hbase,GradientBoosting_Balanced,numCoveredLines,0.0557914967847162
E04,hbase,GradientBoosting_Balanced,ExecutionTime,0.29206691821444863
E04,hbase,GradientBoosting_Balanced,projectSourceLinesCovered,0.0396392783972282
E04,hbase,GradientBoosting_Balanced,projectSourceClassesCovered,0.13743753980492068
E04,hbase,GradientBoosting_Balanced,hIndexModificationsPerCoveredLine_window5,0.0020958095635382782
E04,hbase,GradientBoosting_Balanced,hIndexModificationsPerCoveredLine_window10,0.05348748834556368
E04,hbase,GradientBoosting_Balanced,hIndexModificationsPerCoveredLine_window25,0.010170832308223094
E04,hbase,GradientBoosting_Balanced,hIndexModificationsPerCoveredLine_window50,0.015200934154909968
E04,hbase,GradientBoosting_Balanced,hIndexModificationsPerCoveredLine_window75,0.1495064018396805
E04,hbase,GradientBoosting_Balanced,hIndexModificationsPerCoveredLine_window100,0.07626357783279875
E04,hbase,GradientBoosting_Balanced,hIndexModificationsPerCoveredLine_window500,0.02367922175175839
E04,hbase,GradientBoosting_Balanced,hIndexModificationsPerCoveredLine_window10000,0.024651974097631497
E04,hbase,GradientBoosting_Balanced,num_third_party_libs,0.011319280898419317
E05,httpcore,RF_Baseline,assertion-roulette,0.009305677899897712
E05,httpcore,RF_Baseline,conditional-test-logic,0.004369451189369736
E05,httpcore,RF_Baseline,eager-test,0.006523297581206159
E05,httpcore,RF_Baseline,fire-and-forget,0.01030259288004893
E05,httpcore,RF_Baseline,indirect-testing,0.015367006497978099
E05,httpcore,RF_Baseline,mystery-guest,0.007972151697691453
E05,httpcore,RF_Baseline,resource-optimism,0.007883038840361685
E05,httpcore,RF_Baseline,test-run-war,0.0075498645205539705
E05,httpcore,RF_Baseline,testLength,0.090178591623794
E05,httpcore,RF_Baseline,numAsserts,0.04116365675552297
E05,httpcore,RF_Baseline,numCoveredLines,0.08651400363218664
E05,httpcore,RF_Baseline,ExecutionTime,0.15975605627025077
E05,httpcore,RF_Baseline,projectSourceLinesCovered,0.12638707629617538
E05,httpcore,RF_Baseline,projectSourceClassesCovered,0.11877899653060384
E05,httpcore,RF_Baseline,hIndexModificationsPerCoveredLine_window5,0.016420657295679198
E05,httpcore,RF_Baseline,hIndexModificationsPerCoveredLine_window10,0.04044648079266373
E05,httpcore,RF_Baseline,hIndexModificationsPerCoveredLine_window25,0.020046200019809564
E05,httpcore,RF_Baseline,hIndexModificationsPerCoveredLine_window50,0.022657670439435215
E05,httpcore,RF_Baseline,hIndexModificationsPerCoveredLine_window75,0.024531752651283618
E05,httpcore,RF_Baseline,hIndexModificationsPerCoveredLine_window100,0.0414436242696115
E05,httpcore,RF_Baseline,hIndexModificationsPerCoveredLine_window500,0.040274533631803534
E05,httpcore,RF_Baseline,hIndexModificationsPerCoveredLine_window10000,0.04734655195185835
E05,httpcore,RF_Baseline,num_third_party_libs,0.054781066732213925
E05,httpcore,RF_Balanced,assertion-roulette,0.009208142572156667
E05,httpcore,RF_Balanced,conditional-test-logic,0.003203479471325244
E05,httpcore,RF_Balanced,eager-test,0.006197450554088257
E05,httpcore,RF_Balanced,fire-and-forget,0.019266508192017612
E05,httpcore,RF_Balanced,indirect-testing,0.015113935254023795
E05,httpcore,RF_Balanced,mystery-guest,0.012644950136779846
E05,httpcore,RF_Balanced,resource-optimism,0.006749008963451648
E05,httpcore,RF_Balanced,test-run-war,0.012004027859865807
E05,httpcore,RF_Balanced,testLength,0.0668595946547957
E05,httpcore,RF_Balanced,numAsserts,0.028864922079379088
E05,httpcore,RF_Balanced,numCoveredLines,0.07479514774083838
E05,httpcore,RF_Balanced,ExecutionTime,0.18878578222494102
E05,httpcore,RF_Balanced,projectSourceLinesCovered,0.1114617031112474
E05,httpcore,RF_Balanced,projectSourceClassesCovered,0.11693909462530729
E05,httpcore,RF_Balanced,hIndexModificationsPerCoveredLine_window5,0.014673652975823886
E05,httpcore,RF_Balanced,hIndexModificationsPerCoveredLine_window10,0.031051411490805737
E05,httpcore,RF_Balanced,hIndexModificationsPerCoveredLine_window25,0.030923395711804812
E05,httpcore,RF_Balanced,hIndexModificationsPerCoveredLine_window50,0.03504799499518478
E05,httpcore,RF_Balanced,hIndexModificationsPerCoveredLine_window75,0.046607370560841195
E05,httpcore,RF_Balanced,hIndexModificationsPerCoveredLine_window100,0.057594132692972436
E05,httpcore,RF_Balanced,hIndexModificationsPerCoveredLine_window500,0.03987343902531265
E05,httpcore,RF_Balanced,hIndexModificationsPerCoveredLine_window10000,0.03971604599487103
E05,httpcore,RF_Balanced,num_third_party_libs,0.03241880911216587
E05,httpcore,Balanced_RF,assertion-roulette,0.009796151555393352
E05,httpcore,Balanced_RF,conditional-test-logic,0.0034323547736029407
E05,httpcore,Balanced_RF,eager-test,0.006890953153701752
E05,httpcore,Balanced_RF,fire-and-forget,0.017581994294087695
E05,httpcore,Balanced_RF,indirect-testing,0.013594623324989681
E05,httpcore,Balanced_RF,mystery-guest,0.010904548026849006
E05,httpcore,Balanced_RF,resource-optimism,0.00839165163012873
E05,httpcore,Balanced_RF,test-run-war,0.013181887789072661
E05,httpcore,Balanced_RF,testLength,0.06583581555682595
E05,httpcore,Balanced_RF,numAsserts,0.03408871146434012
E05,httpcore,Balanced_RF,numCoveredLines,0.0763358326283657
E05,httpcore,Balanced_RF,ExecutionTime,0.18315545475673606
E05,httpcore,Balanced_RF,projectSourceLinesCovered,0.10621706162689072
E05,httpcore,Balanced_RF,projectSourceClassesCovered,0.11482158620683292
E05,httpcore,Balanced_RF,hIndexModificationsPerCoveredLine_window5,0.013921893044517294
E05,httpcore,Balanced_RF,hIndexModificationsPerCoveredLine_window10,0.03710633724296952
E05,httpcore,Balanced_RF,hIndexModificationsPerCoveredLine_window25,0.03081995693874434
E05,httpcore,Balanced_RF,hIndexModificationsPerCoveredLine_window50,0.03198483891232492
E05,httpcore,Balanced_RF,hIndexModificationsPerCoveredLine_window75,0.04436384498336178
E05,httpcore,Balanced_RF,hIndexModificationsPerCoveredLine_window100,0.06618607938135034
E05,httpcore,Balanced_RF,hIndexModificationsPerCoveredLine_window500,0.03932006241478308
E05,httpcore,Balanced_RF,hIndexModificationsPerCoveredLine_window10000,0.03952981493786074
E05,httpcore,Balanced_RF,num_third_party_libs,0.0325385453562709
E05,httpcore,ExtraTrees_Balanced,assertion-roulette,0.026414981454099574
E05,httpcore,ExtraTrees_Balanced,conditional-test-logic,0.012008184756595678
E05,httpcore,ExtraTrees_Balanced,eager-test,0.013169540848276822
E05,httpcore,ExtraTrees_Balanced,fire-and-forget,0.033842146819782794
E05,httpcore,ExtraTrees_Balanced,indirect-testing,0.03923349302002562
E05,httpcore,ExtraTrees_Balanced,mystery-guest,0.017436157349210113
E05,httpcore,ExtraTrees_Balanced,resource-optimism,0.011475883403864266
E05,httpcore,ExtraTrees_Balanced,test-run-war,0.018303797065155992
E05,httpcore,ExtraTrees_Balanced,testLength,0.05058670594850955
E05,httpcore,ExtraTrees_Balanced,numAsserts,0.035839520771900786
E05,httpcore,ExtraTrees_Balanced,numCoveredLines,0.06352804377298409
E05,httpcore,ExtraTrees_Balanced,ExecutionTime,0.07717793810111635
E05,httpcore,ExtraTrees_Balanced,projectSourceLinesCovered,0.07068018127634189
E05,httpcore,ExtraTrees_Balanced,projectSourceClassesCovered,0.09631009661383307
E05,httpcore,ExtraTrees_Balanced,hIndexModificationsPerCoveredLine_window5,0.03207953411240354
E05,httpcore,ExtraTrees_Balanced,hIndexModificationsPerCoveredLine_window10,0.06030081097714222
E05,httpcore,ExtraTrees_Balanced,hIndexModificationsPerCoveredLine_window25,0.040402830957277015
E05,httpcore,ExtraTrees_Balanced,hIndexModificationsPerCoveredLine_window50,0.057849054649700526
E05,httpcore,ExtraTrees_Balanced,hIndexModificationsPerCoveredLine_window75,0.040939369190226046
E05,httpcore,ExtraTrees_Balanced,hIndexModificationsPerCoveredLine_window100,0.0671969493495883
E05,httpcore,ExtraTrees_Balanced,hIndexModificationsPerCoveredLine_window500,0.05908158792591294
E05,httpcore,ExtraTrees_Balanced,hIndexModificationsPerCoveredLine_window10000,0.039886007718721916
E05,httpcore,ExtraTrees_Balanced,num_third_party_libs,0.03625718391733097
E05,httpcore,XGB_Baseline,assertion-roulette,0.011529908515512943
E05,httpcore,XGB_Baseline,conditional-test-logic,0.004231545142829418
E05,httpcore,XGB_Baseline,eager-test,0.013847329653799534
E05,httpcore,XGB_Baseline,fire-and-forget,0.03867718204855919
E05,httpcore,XGB_Baseline,indirect-testing,0.03647559508681297
E05,httpcore,XGB_Baseline,mystery-guest,0.022242605686187744
E05,httpcore,XGB_Baseline,resource-optimism,0.07551118731498718
E05,httpcore,XGB_Baseline,test-run-war,0.03202908858656883
E05,httpcore,XGB_Baseline,testLength,0.03128141909837723
E05,httpcore,XGB_Baseline,numAsserts,0.013583807274699211
E05,httpcore,XGB_Baseline,numCoveredLines,0.042995329946279526
E05,httpcore,XGB_Baseline,ExecutionTime,0.035769376903772354
E05,httpcore,XGB_Baseline,projectSourceLinesCovered,0.019524892792105675
E05,httpcore,XGB_Baseline,projectSourceClassesCovered,0.03983218967914581
E05,httpcore,XGB_Baseline,hIndexModificationsPerCoveredLine_window5,0.02435631863772869
E05,httpcore,XGB_Baseline,hIndexModificationsPerCoveredLine_window10,0.15727481245994568
E05,httpcore,XGB_Baseline,hIndexModificationsPerCoveredLine_window25,0.08247265964746475
E05,httpcore,XGB_Baseline,hIndexModificationsPerCoveredLine_window50,0.04067058861255646
E05,httpcore,XGB_Baseline,hIndexModificationsPerCoveredLine_window75,0.02625373937189579
E05,httpcore,XGB_Baseline,hIndexModificationsPerCoveredLine_window100,0.15777908265590668
E05,httpcore,XGB_Baseline,hIndexModificationsPerCoveredLine_window500,0.04744609817862511
E05,httpcore,XGB_Baseline,hIndexModificationsPerCoveredLine_window10000,0.023840636014938354
E05,httpcore,XGB_Baseline,num_third_party_libs,0.022374574095010757
E05,httpcore,XGB_ClassWeight,assertion-roulette,0.017520220950245857
E05,httpcore,XGB_ClassWeight,conditional-test-logic,0.012096227146685123
E05,httpcore,XGB_ClassWeight,eager-test,0.014339162036776543
E05,httpcore,XGB_ClassWeight,fire-and-forget,0.08293759822845459
E05,httpcore,XGB_ClassWeight,indirect-testing,0.028858717530965805
E05,httpcore,XGB_ClassWeight,mystery-guest,0.06464207172393799
E05,httpcore,XGB_ClassWeight,resource-optimism,0.0553017295897007
E05,httpcore,XGB_ClassWeight,test-run-war,0.0646916925907135
E05,httpcore,XGB_ClassWeight,testLength,0.021321607753634453
E05,httpcore,XGB_ClassWeight,numAsserts,0.016381576657295227
E05,httpcore,XGB_ClassWeight,numCoveredLines,0.02901754528284073
E05,httpcore,XGB_ClassWeight,ExecutionTime,0.08074239641427994
E05,httpcore,XGB_ClassWeight,projectSourceLinesCovered,0.024517538025975227
E05,httpcore,XGB_ClassWeight,projectSourceClassesCovered,0.037422023713588715
E05,httpcore,XGB_ClassWeight,hIndexModificationsPerCoveredLine_window5,0.02240012399852276
E05,httpcore,XGB_ClassWeight,hIndexModificationsPerCoveredLine_window10,0.07814986258745193
E05,httpcore,XGB_ClassWeight,hIndexModificationsPerCoveredLine_window25,0.048398084938526154
E05,httpcore,XGB_ClassWeight,hIndexModificationsPerCoveredLine_window50,0.056124020367860794
E05,httpcore,XGB_ClassWeight,hIndexModificationsPerCoveredLine_window75,0.02780141681432724
E05,httpcore,XGB_ClassWeight,hIndexModificationsPerCoveredLine_window100,0.10976491123437881
E05,httpcore,XGB_ClassWeight,hIndexModificationsPerCoveredLine_window500,0.04315574839711189
E05,httpcore,XGB_ClassWeight,hIndexModificationsPerCoveredLine_window10000,0.03498046100139618
E05,httpcore,XGB_ClassWeight,num_third_party_libs,0.029435299336910248
E05,httpcore,LightGBM_Baseline,assertion-roulette,35.0
E05,httpcore,LightGBM_Baseline,conditional-test-logic,11.0
E05,httpcore,LightGBM_Baseline,eager-test,17.0
E05,httpcore,LightGBM_Baseline,fire-and-forget,45.0
E05,httpcore,LightGBM_Baseline,indirect-testing,53.0
E05,httpcore,LightGBM_Baseline,mystery-guest,31.0
E05,httpcore,LightGBM_Baseline,resource-optimism,16.0
E05,httpcore,LightGBM_Baseline,test-run-war,41.0
E05,httpcore,LightGBM_Baseline,testLength,332.0
E05,httpcore,LightGBM_Baseline,numAsserts,113.0
E05,httpcore,LightGBM_Baseline,numCoveredLines,235.0
E05,httpcore,LightGBM_Baseline,ExecutionTime,469.0
E05,httpcore,LightGBM_Baseline,projectSourceLinesCovered,411.0
E05,httpcore,LightGBM_Baseline,projectSourceClassesCovered,390.0
E05,httpcore,LightGBM_Baseline,hIndexModificationsPerCoveredLine_window5,40.0
E05,httpcore,LightGBM_Baseline,hIndexModificationsPerCoveredLine_window10,46.0
E05,httpcore,LightGBM_Baseline,hIndexModificationsPerCoveredLine_window25,58.0
E05,httpcore,LightGBM_Baseline,hIndexModificationsPerCoveredLine_window50,77.0
E05,httpcore,LightGBM_Baseline,hIndexModificationsPerCoveredLine_window75,34.0
E05,httpcore,LightGBM_Baseline,hIndexModificationsPerCoveredLine_window100,91.0
E05,httpcore,LightGBM_Baseline,hIndexModificationsPerCoveredLine_window500,120.0
E05,httpcore,LightGBM_Baseline,hIndexModificationsPerCoveredLine_window10000,173.0
E05,httpcore,LightGBM_Baseline,num_third_party_libs,162.0
E05,httpcore,LightGBM_Balanced,assertion-roulette,24.0
E05,httpcore,LightGBM_Balanced,conditional-test-logic,13.0
E05,httpcore,LightGBM_Balanced,eager-test,20.0
E05,httpcore,LightGBM_Balanced,fire-and-forget,43.0
E05,httpcore,LightGBM_Balanced,indirect-testing,46.0
E05,httpcore,LightGBM_Balanced,mystery-guest,23.0
E05,httpcore,LightGBM_Balanced,resource-optimism,26.0
E05,httpcore,LightGBM_Balanced,test-run-war,56.0
E05,httpcore,LightGBM_Balanced,testLength,336.0
E05,httpcore,LightGBM_Balanced,numAsserts,122.0
E05,httpcore,LightGBM_Balanced,numCoveredLines,253.0
E05,httpcore,LightGBM_Balanced,ExecutionTime,461.0
E05,httpcore,LightGBM_Balanced,projectSourceLinesCovered,361.0
E05,httpcore,LightGBM_Balanced,projectSourceClassesCovered,354.0
E05,httpcore,LightGBM_Balanced,hIndexModificationsPerCoveredLine_window5,50.0
E05,httpcore,LightGBM_Balanced,hIndexModificationsPerCoveredLine_window10,62.0
E05,httpcore,LightGBM_Balanced,hIndexModificationsPerCoveredLine_window25,59.0
E05,httpcore,LightGBM_Balanced,hIndexModificationsPerCoveredLine_window50,70.0
E05,httpcore,LightGBM_Balanced,hIndexModificationsPerCoveredLine_window75,47.0
E05,httpcore,LightGBM_Balanced,hIndexModificationsPerCoveredLine_window100,114.0
E05,httpcore,LightGBM_Balanced,hIndexModificationsPerCoveredLine_window500,168.0
E05,httpcore,LightGBM_Balanced,hIndexModificationsPerCoveredLine_window10000,127.0
E05,httpcore,LightGBM_Balanced,num_third_party_libs,165.0
E05,httpcore,GradientBoosting_Balanced,assertion-roulette,0.0003313162477038729
E05,httpcore,GradientBoosting_Balanced,conditional-test-logic,0.0005537899992150766
E05,httpcore,GradientBoosting_Balanced,eager-test,0.0014021212257809353
E05,httpcore,GradientBoosting_Balanced,fire-and-forget,0.03265243891299357
E05,httpcore,GradientBoosting_Balanced,indirect-testing,0.0026715497114922133
E05,httpcore,GradientBoosting_Balanced,mystery-guest,0.0038550390633167128
E05,httpcore,GradientBoosting_Balanced,resource-optimism,0.012581772444846847
E05,httpcore,GradientBoosting_Balanced,test-run-war,0.016087517431265772
E05,httpcore,GradientBoosting_Balanced,testLength,0.048865487487505015
E05,httpcore,GradientBoosting_Balanced,numAsserts,0.0040280778218454725
E05,httpcore,GradientBoosting_Balanced,numCoveredLines,0.046518873932881115
E05,httpcore,GradientBoosting_Balanced,ExecutionTime,0.3640201333552714
E05,httpcore,GradientBoosting_Balanced,projectSourceLinesCovered,0.0709384057000008
E05,httpcore,GradientBoosting_Balanced,projectSourceClassesCovered,0.11118381340761226
E05,httpcore,GradientBoosting_Balanced,hIndexModificationsPerCoveredLine_window5,0.006202804563299231
E05,httpcore,GradientBoosting_Balanced,hIndexModificationsPerCoveredLine_window10,0.026048736220116775
E05,httpcore,GradientBoosting_Balanced,hIndexModificationsPerCoveredLine_window25,0.02152769598684275
E05,httpcore,GradientBoosting_Balanced,hIndexModificationsPerCoveredLine_window50,0.02345901981890948
E05,httpcore,GradientBoosting_Balanced,hIndexModificationsPerCoveredLine_window75,0.03556995078295007
E05,httpcore,GradientBoosting_Balanced,hIndexModificationsPerCoveredLine_window100,0.11548942075107667
E05,httpcore,GradientBoosting_Balanced,hIndexModificationsPerCoveredLine_window500,0.027291601870710665
E05,httpcore,GradientBoosting_Balanced,hIndexModificationsPerCoveredLine_window10000,0.014474892056776616
E05,httpcore,GradientBoosting_Balanced,num_third_party_libs,0.01424554120758668
E06,incubator-dubbo,RF_Baseline,assertion-roulette,0.00956377057393353
E06,incubator-dubbo,RF_Baseline,conditional-test-logic,0.004699774555653814
E06,incubator-dubbo,RF_Baseline,eager-test,0.006089120168563081
E06,incubator-dubbo,RF_Baseline,fire-and-forget,0.01125948686937809
E06,incubator-dubbo,RF_Baseline,indirect-testing,0.014861485385436185
E06,incubator-dubbo,RF_Baseline,mystery-guest,0.0079785030025745
E06,incubator-dubbo,RF_Baseline,resource-optimism,0.007577286540040721
E06,incubator-dubbo,RF_Baseline,test-run-war,0.0072268309950671355
E06,incubator-dubbo,RF_Baseline,testLength,0.09332369327956916
E06,incubator-dubbo,RF_Baseline,numAsserts,0.04095278339926725
E06,incubator-dubbo,RF_Baseline,numCoveredLines,0.08866158714062289
E06,incubator-dubbo,RF_Baseline,ExecutionTime,0.15714988198994667
E06,incubator-dubbo,RF_Baseline,projectSourceLinesCovered,0.12572742567896913
E06,incubator-dubbo,RF_Baseline,projectSourceClassesCovered,0.11890072947568836
E06,incubator-dubbo,RF_Baseline,hIndexModificationsPerCoveredLine_window5,0.016678187175649267
E06,incubator-dubbo,RF_Baseline,hIndexModificationsPerCoveredLine_window10,0.03647990925153115
E06,incubator-dubbo,RF_Baseline,hIndexModificationsPerCoveredLine_window25,0.022925793283205535
E06,incubator-dubbo,RF_Baseline,hIndexModificationsPerCoveredLine_window50,0.023567625524788516
E06,incubator-dubbo,RF_Baseline,hIndexModificationsPerCoveredLine_window75,0.023733195073821465
E06,incubator-dubbo,RF_Baseline,hIndexModificationsPerCoveredLine_window100,0.041976422076327485
E06,incubator-dubbo,RF_Baseline,hIndexModificationsPerCoveredLine_window500,0.03537305619711748
E06,incubator-dubbo,RF_Baseline,hIndexModificationsPerCoveredLine_window10000,0.054904904312890364
E06,incubator-dubbo,RF_Baseline,num_third_party_libs,0.05038854804995834
E06,incubator-dubbo,RF_Balanced,assertion-roulette,0.010265330255892432
E06,incubator-dubbo,RF_Balanced,conditional-test-logic,0.003224627093480541
E06,incubator-dubbo,RF_Balanced,eager-test,0.006484285925836629
E06,incubator-dubbo,RF_Balanced,fire-and-forget,0.019326437964548887
E06,incubator-dubbo,RF_Balanced,indirect-testing,0.015794869066892946
E06,incubator-dubbo,RF_Balanced,mystery-guest,0.011095353016364747
E06,incubator-dubbo,RF_Balanced,resource-optimism,0.007743741116916415
E06,incubator-dubbo,RF_Balanced,test-run-war,0.007764541958178121
E06,incubator-dubbo,RF_Balanced,testLength,0.06908792047917792
E06,incubator-dubbo,RF_Balanced,numAsserts,0.030145956953283697
E06,incubator-dubbo,RF_Balanced,numCoveredLines,0.07638563344200287
E06,incubator-dubbo,RF_Balanced,ExecutionTime,0.18287248536034967
E06,incubator-dubbo,RF_Balanced,projectSourceLinesCovered,0.11386203916109917
E06,incubator-dubbo,RF_Balanced,projectSourceClassesCovered,0.1220030950266852
E06,incubator-dubbo,RF_Balanced,hIndexModificationsPerCoveredLine_window5,0.013292168977312143
E06,incubator-dubbo,RF_Balanced,hIndexModificationsPerCoveredLine_window10,0.02734179324993538
E06,incubator-dubbo,RF_Balanced,hIndexModificationsPerCoveredLine_window25,0.034209188413032096
E06,incubator-dubbo,RF_Balanced,hIndexModificationsPerCoveredLine_window50,0.03525077480005555
E06,incubator-dubbo,RF_Balanced,hIndexModificationsPerCoveredLine_window75,0.04360464010805679
E06,incubator-dubbo,RF_Balanced,hIndexModificationsPerCoveredLine_window100,0.06610818591173565
E06,incubator-dubbo,RF_Balanced,hIndexModificationsPerCoveredLine_window500,0.03740900534994368
E06,incubator-dubbo,RF_Balanced,hIndexModificationsPerCoveredLine_window10000,0.036443613047042515
E06,incubator-dubbo,RF_Balanced,num_third_party_libs,0.03028431332217675
E06,incubator-dubbo,Balanced_RF,assertion-roulette,0.011100891889690167
E06,incubator-dubbo,Balanced_RF,conditional-test-logic,0.003062885810541869
E06,incubator-dubbo,Balanced_RF,eager-test,0.006352428744635601
E06,incubator-dubbo,Balanced_RF,fire-and-forget,0.018720863891819546
E06,incubator-dubbo,Balanced_RF,indirect-testing,0.015328012609675092
E06,incubator-dubbo,Balanced_RF,mystery-guest,0.011095519171506528
E06,incubator-dubbo,Balanced_RF,resource-optimism,0.00709558897077044
E06,incubator-dubbo,Balanced_RF,test-run-war,0.008386736321297937
E06,incubator-dubbo,Balanced_RF,testLength,0.06815085824585891
E06,incubator-dubbo,Balanced_RF,numAsserts,0.032825323462051005
E06,incubator-dubbo,Balanced_RF,numCoveredLines,0.07398465518090895
E06,incubator-dubbo,Balanced_RF,ExecutionTime,0.16841445273809927
E06,incubator-dubbo,Balanced_RF,projectSourceLinesCovered,0.11304007709430389
E06,incubator-dubbo,Balanced_RF,projectSourceClassesCovered,0.12126142628146377
E06,incubator-dubbo,Balanced_RF,hIndexModificationsPerCoveredLine_window5,0.01402297319702807
E06,incubator-dubbo,Balanced_RF,hIndexModificationsPerCoveredLine_window10,0.033976177871302256
E06,incubator-dubbo,Balanced_RF,hIndexModificationsPerCoveredLine_window25,0.02880771504265078
E06,incubator-dubbo,Balanced_RF,hIndexModificationsPerCoveredLine_window50,0.040344491867076
E06,incubator-dubbo,Balanced_RF,hIndexModificationsPerCoveredLine_window75,0.047592600633067084
E06,incubator-dubbo,Balanced_RF,hIndexModificationsPerCoveredLine_window100,0.06448648887557272
E06,incubator-dubbo,Balanced_RF,hIndexModificationsPerCoveredLine_window500,0.0408513260835218
E06,incubator-dubbo,Balanced_RF,hIndexModificationsPerCoveredLine_window10000,0.03966477007820818
E06,incubator-dubbo,Balanced_RF,num_third_party_libs,0.03143373593895009
E06,incubator-dubbo,ExtraTrees_Balanced,assertion-roulette,0.02710095072180355
E06,incubator-dubbo,ExtraTrees_Balanced,conditional-test-logic,0.01265555951742175
E06,incubator-dubbo,ExtraTrees_Balanced,eager-test,0.011402362928814233
E06,incubator-dubbo,ExtraTrees_Balanced,fire-and-forget,0.03697790643504621
E06,incubator-dubbo,ExtraTrees_Balanced,indirect-testing,0.04170439978834737
E06,incubator-dubbo,ExtraTrees_Balanced,mystery-guest,0.01710045975187824
E06,incubator-dubbo,ExtraTrees_Balanced,resource-optimism,0.011128699390757791
E06,incubator-dubbo,ExtraTrees_Balanced,test-run-war,0.013346301400359214
E06,incubator-dubbo,ExtraTrees_Balanced,testLength,0.05058998927178779
E06,incubator-dubbo,ExtraTrees_Balanced,numAsserts,0.0380732682678291
E06,incubator-dubbo,ExtraTrees_Balanced,numCoveredLines,0.06321362122073375
E06,incubator-dubbo,ExtraTrees_Balanced,ExecutionTime,0.0760011023962107
E06,incubator-dubbo,ExtraTrees_Balanced,projectSourceLinesCovered,0.06988702440253504
E06,incubator-dubbo,ExtraTrees_Balanced,projectSourceClassesCovered,0.09376989334564773
E06,incubator-dubbo,ExtraTrees_Balanced,hIndexModificationsPerCoveredLine_window5,0.03162569041772007
E06,incubator-dubbo,ExtraTrees_Balanced,hIndexModificationsPerCoveredLine_window10,0.06315347816579778
E06,incubator-dubbo,ExtraTrees_Balanced,hIndexModificationsPerCoveredLine_window25,0.03514037305420726
E06,incubator-dubbo,ExtraTrees_Balanced,hIndexModificationsPerCoveredLine_window50,0.06228915020472353
E06,incubator-dubbo,ExtraTrees_Balanced,hIndexModificationsPerCoveredLine_window75,0.047344869374215524
E06,incubator-dubbo,ExtraTrees_Balanced,hIndexModificationsPerCoveredLine_window100,0.07154986181358194
E06,incubator-dubbo,ExtraTrees_Balanced,hIndexModificationsPerCoveredLine_window500,0.0516511277316856
E06,incubator-dubbo,ExtraTrees_Balanced,hIndexModificationsPerCoveredLine_window10000,0.04006723302024356
E06,incubator-dubbo,ExtraTrees_Balanced,num_third_party_libs,0.03422667737865247
E06,incubator-dubbo,XGB_Baseline,assertion-roulette,0.011092412285506725
E06,incubator-dubbo,XGB_Baseline,conditional-test-logic,0.010257271118462086
E06,incubator-dubbo,XGB_Baseline,eager-test,0.017572127282619476
E06,incubator-dubbo,XGB_Baseline,fire-and-forget,0.045155711472034454
E06,incubator-dubbo,XGB_Baseline,indirect-testing,0.03866787627339363
E06,incubator-dubbo,XGB_Baseline,mystery-guest,0.034797582775354385
E06,incubator-dubbo,XGB_Baseline,resource-optimism,0.08297042548656464
E06,incubator-dubbo,XGB_Baseline,test-run-war,0.020229406654834747
E06,incubator-dubbo,XGB_Baseline,testLength,0.028032679110765457
E06,incubator-dubbo,XGB_Baseline,numAsserts,0.01565285585820675
E06,incubator-dubbo,XGB_Baseline,numCoveredLines,0.04205974563956261
E06,incubator-dubbo,XGB_Baseline,ExecutionTime,0.029935387894511223
E06,incubator-dubbo,XGB_Baseline,projectSourceLinesCovered,0.018320966511964798
E06,incubator-dubbo,XGB_Baseline,projectSourceClassesCovered,0.03606530651450157
E06,incubator-dubbo,XGB_Baseline,hIndexModificationsPerCoveredLine_window5,0.013525063171982765
E06,incubator-dubbo,XGB_Baseline,hIndexModificationsPerCoveredLine_window10,0.14561164379119873
E06,incubator-dubbo,XGB_Baseline,hIndexModificationsPerCoveredLine_window25,0.09212662279605865
E06,incubator-dubbo,XGB_Baseline,hIndexModificationsPerCoveredLine_window50,0.03127339109778404
E06,incubator-dubbo,XGB_Baseline,hIndexModificationsPerCoveredLine_window75,0.04627346247434616
E06,incubator-dubbo,XGB_Baseline,hIndexModificationsPerCoveredLine_window100,0.14554214477539062
E06,incubator-dubbo,XGB_Baseline,hIndexModificationsPerCoveredLine_window500,0.051560983061790466
E06,incubator-dubbo,XGB_Baseline,hIndexModificationsPerCoveredLine_window10000,0.02737433649599552
E06,incubator-dubbo,XGB_Baseline,num_third_party_libs,0.015902472659945488
E06,incubator-dubbo,XGB_ClassWeight,assertion-roulette,0.024144019931554794
E06,incubator-dubbo,XGB_ClassWeight,conditional-test-logic,0.012207025662064552
E06,incubator-dubbo,XGB_ClassWeight,eager-test,0.015176036395132542
E06,incubator-dubbo,XGB_ClassWeight,fire-and-forget,0.09443439543247223
E06,incubator-dubbo,XGB_ClassWeight,indirect-testing,0.03113676607608795
E06,incubator-dubbo,XGB_ClassWeight,mystery-guest,0.03973172977566719
E06,incubator-dubbo,XGB_ClassWeight,resource-optimism,0.053610630333423615
E06,incubator-dubbo,XGB_ClassWeight,test-run-war,0.03538155555725098
E06,incubator-dubbo,XGB_ClassWeight,testLength,0.02295507676899433
E06,incubator-dubbo,XGB_ClassWeight,numAsserts,0.014045562595129013
E06,incubator-dubbo,XGB_ClassWeight,numCoveredLines,0.02661392278969288
E06,incubator-dubbo,XGB_ClassWeight,ExecutionTime,0.06917887181043625
E06,incubator-dubbo,XGB_ClassWeight,projectSourceLinesCovered,0.02052522450685501
E06,incubator-dubbo,XGB_ClassWeight,projectSourceClassesCovered,0.048932887613773346
E06,incubator-dubbo,XGB_ClassWeight,hIndexModificationsPerCoveredLine_window5,0.029420746490359306
E06,incubator-dubbo,XGB_ClassWeight,hIndexModificationsPerCoveredLine_window10,0.08492400497198105
E06,incubator-dubbo,XGB_ClassWeight,hIndexModificationsPerCoveredLine_window25,0.057300519198179245
E06,incubator-dubbo,XGB_ClassWeight,hIndexModificationsPerCoveredLine_window50,0.05453446879982948
E06,incubator-dubbo,XGB_ClassWeight,hIndexModificationsPerCoveredLine_window75,0.037241097539663315
E06,incubator-dubbo,XGB_ClassWeight,hIndexModificationsPerCoveredLine_window100,0.12746308743953705
E06,incubator-dubbo,XGB_ClassWeight,hIndexModificationsPerCoveredLine_window500,0.03988891839981079
E06,incubator-dubbo,XGB_ClassWeight,hIndexModificationsPerCoveredLine_window10000,0.03971252962946892
E06,incubator-dubbo,XGB_ClassWeight,num_third_party_libs,0.021440822631120682
E06,incubator-dubbo,LightGBM_Baseline,assertion-roulette,46.0
E06,incubator-dubbo,LightGBM_Baseline,conditional-test-logic,9.0
E06,incubator-dubbo,LightGBM_Baseline,eager-test,21.0
E06,incubator-dubbo,LightGBM_Baseline,fire-and-forget,46.0
E06,incubator-dubbo,LightGBM_Baseline,indirect-testing,47.0
E06,incubator-dubbo,LightGBM_Baseline,mystery-guest,29.0
E06,incubator-dubbo,LightGBM_Baseline,resource-optimism,17.0
E06,incubator-dubbo,LightGBM_Baseline,test-run-war,25.0
E06,incubator-dubbo,LightGBM_Baseline,testLength,292.0
E06,incubator-dubbo,LightGBM_Baseline,numAsserts,128.0
E06,incubator-dubbo,LightGBM_Baseline,numCoveredLines,248.0
E06,incubator-dubbo,LightGBM_Baseline,ExecutionTime,439.0
E06,incubator-dubbo,LightGBM_Baseline,projectSourceLinesCovered,403.0
E06,incubator-dubbo,LightGBM_Baseline,projectSourceClassesCovered,411.0
E06,incubator-dubbo,LightGBM_Baseline,hIndexModificationsPerCoveredLine_window5,44.0
E06,incubator-dubbo,LightGBM_Baseline,hIndexModificationsPerCoveredLine_window10,54.0
E06,incubator-dubbo,LightGBM_Baseline,hIndexModificationsPerCoveredLine_window25,50.0
E06,incubator-dubbo,LightGBM_Baseline,hIndexModificationsPerCoveredLine_window50,80.0
E06,incubator-dubbo,LightGBM_Baseline,hIndexModificationsPerCoveredLine_window75,44.0
E06,incubator-dubbo,LightGBM_Baseline,hIndexModificationsPerCoveredLine_window100,92.0
E06,incubator-dubbo,LightGBM_Baseline,hIndexModificationsPerCoveredLine_window500,129.0
E06,incubator-dubbo,LightGBM_Baseline,hIndexModificationsPerCoveredLine_window10000,137.0
E06,incubator-dubbo,LightGBM_Baseline,num_third_party_libs,209.0
E06,incubator-dubbo,LightGBM_Balanced,assertion-roulette,28.0
E06,incubator-dubbo,LightGBM_Balanced,conditional-test-logic,15.0
E06,incubator-dubbo,LightGBM_Balanced,eager-test,24.0
E06,incubator-dubbo,LightGBM_Balanced,fire-and-forget,50.0
E06,incubator-dubbo,LightGBM_Balanced,indirect-testing,39.0
E06,incubator-dubbo,LightGBM_Balanced,mystery-guest,31.0
E06,incubator-dubbo,LightGBM_Balanced,resource-optimism,27.0
E06,incubator-dubbo,LightGBM_Balanced,test-run-war,33.0
E06,incubator-dubbo,LightGBM_Balanced,testLength,318.0
E06,incubator-dubbo,LightGBM_Balanced,numAsserts,103.0
E06,incubator-dubbo,LightGBM_Balanced,numCoveredLines,295.0
E06,incubator-dubbo,LightGBM_Balanced,ExecutionTime,443.0
E06,incubator-dubbo,LightGBM_Balanced,projectSourceLinesCovered,351.0
E06,incubator-dubbo,LightGBM_Balanced,projectSourceClassesCovered,372.0
E06,incubator-dubbo,LightGBM_Balanced,hIndexModificationsPerCoveredLine_window5,66.0
E06,incubator-dubbo,LightGBM_Balanced,hIndexModificationsPerCoveredLine_window10,62.0
E06,incubator-dubbo,LightGBM_Balanced,hIndexModificationsPerCoveredLine_window25,61.0
E06,incubator-dubbo,LightGBM_Balanced,hIndexModificationsPerCoveredLine_window50,92.0
E06,incubator-dubbo,LightGBM_Balanced,hIndexModificationsPerCoveredLine_window75,54.0
E06,incubator-dubbo,LightGBM_Balanced,hIndexModificationsPerCoveredLine_window100,100.0
E06,incubator-dubbo,LightGBM_Balanced,hIndexModificationsPerCoveredLine_window500,142.0
E06,incubator-dubbo,LightGBM_Balanced,hIndexModificationsPerCoveredLine_window10000,111.0
E06,incubator-dubbo,LightGBM_Balanced,num_third_party_libs,183.0
E06,incubator-dubbo,GradientBoosting_Balanced,assertion-roulette,0.0027803345037722875
E06,incubator-dubbo,GradientBoosting_Balanced,conditional-test-logic,0.00048503085004734285
E06,incubator-dubbo,GradientBoosting_Balanced,eager-test,0.0007181073410890845
E06,incubator-dubbo,GradientBoosting_Balanced,fire-and-forget,0.04056097843039959
E06,incubator-dubbo,GradientBoosting_Balanced,indirect-testing,0.0019082255682949115
E06,incubator-dubbo,GradientBoosting_Balanced,mystery-guest,0.007159076251101839
E06,incubator-dubbo,GradientBoosting_Balanced,resource-optimism,0.007916443671640551
E06,incubator-dubbo,GradientBoosting_Balanced,test-run-war,0.004942794656139492
E06,incubator-dubbo,GradientBoosting_Balanced,testLength,0.039565542703020484
E06,incubator-dubbo,GradientBoosting_Balanced,numAsserts,0.007054745970909294
E06,incubator-dubbo,GradientBoosting_Balanced,numCoveredLines,0.04617957424195931
E06,incubator-dubbo,GradientBoosting_Balanced,ExecutionTime,0.32401110713637143
E06,incubator-dubbo,GradientBoosting_Balanced,projectSourceLinesCovered,0.0913246152694847
E06,incubator-dubbo,GradientBoosting_Balanced,projectSourceClassesCovered,0.11349816257573282
E06,incubator-dubbo,GradientBoosting_Balanced,hIndexModificationsPerCoveredLine_window5,0.0032101132490642494
E06,incubator-dubbo,GradientBoosting_Balanced,hIndexModificationsPerCoveredLine_window10,0.01724781692104258
E06,incubator-dubbo,GradientBoosting_Balanced,hIndexModificationsPerCoveredLine_window25,0.05037201585015309
E06,incubator-dubbo,GradientBoosting_Balanced,hIndexModificationsPerCoveredLine_window50,0.013750221450897793
E06,incubator-dubbo,GradientBoosting_Balanced,hIndexModificationsPerCoveredLine_window75,0.06068295534483987
E06,incubator-dubbo,GradientBoosting_Balanced,hIndexModificationsPerCoveredLine_window100,0.09673910196359732
E06,incubator-dubbo,GradientBoosting_Balanced,hIndexModificationsPerCoveredLine_window500,0.036733349340311944
E06,incubator-dubbo,GradientBoosting_Balanced,hIndexModificationsPerCoveredLine_window10000,0.020820232989119822
E06,incubator-dubbo,GradientBoosting_Balanced,num_third_party_libs,0.012339453721010194
E07,achilles,RF_Baseline,assertion-roulette,0.010021448108472636
E07,achilles,RF_Baseline,conditional-test-logic,0.00497383077975956
E07,achilles,RF_Baseline,eager-test,0.006690060857923737
E07,achilles,RF_Baseline,fire-and-forget,0.010685237762409849
E07,achilles,RF_Baseline,indirect-testing,0.014063559583010065
E07,achilles,RF_Baseline,mystery-guest,0.007217303043771124
E07,achilles,RF_Baseline,resource-optimism,0.00733839446418008
E07,achilles,RF_Baseline,test-run-war,0.007621480050568033
E07,achilles,RF_Baseline,testLength,0.08501108379724645
E07,achilles,RF_Baseline,numAsserts,0.041146420637244795
E07,achilles,RF_Baseline,numCoveredLines,0.09014942240928352
E07,achilles,RF_Baseline,ExecutionTime,0.1641275243485026
E07,achilles,RF_Baseline,projectSourceLinesCovered,0.12215464718368006
E07,achilles,RF_Baseline,projectSourceClassesCovered,0.11666517213154147
E07,achilles,RF_Baseline,hIndexModificationsPerCoveredLine_window5,0.01519666918119197
E07,achilles,RF_Baseline,hIndexModificationsPerCoveredLine_window10,0.028964941387274526
E07,achilles,RF_Baseline,hIndexModificationsPerCoveredLine_window25,0.022399027502853195
E07,achilles,RF_Baseline,hIndexModificationsPerCoveredLine_window50,0.022825129317496178
E07,achilles,RF_Baseline,hIndexModificationsPerCoveredLine_window75,0.02842820564472361
E07,achilles,RF_Baseline,hIndexModificationsPerCoveredLine_window100,0.051268390766370325
E07,achilles,RF_Baseline,hIndexModificationsPerCoveredLine_window500,0.037300158863761375
E07,achilles,RF_Baseline,hIndexModificationsPerCoveredLine_window10000,0.046939479527355214
E07,achilles,RF_Baseline,num_third_party_libs,0.05881241265137975
E07,achilles,RF_Balanced,assertion-roulette,0.00850902259520903
E07,achilles,RF_Balanced,conditional-test-logic,0.002842078701663791
E07,achilles,RF_Balanced,eager-test,0.006365553850377822
E07,achilles,RF_Balanced,fire-and-forget,0.015275494784999814
E07,achilles,RF_Balanced,indirect-testing,0.014507339429164674
E07,achilles,RF_Balanced,mystery-guest,0.012822822238002097
E07,achilles,RF_Balanced,resource-optimism,0.0068622970790580265
E07,achilles,RF_Balanced,test-run-war,0.01134649648406414
E07,achilles,RF_Balanced,testLength,0.06713799305503526
E07,achilles,RF_Balanced,numAsserts,0.028485915980094423
E07,achilles,RF_Balanced,numCoveredLines,0.07811846876093496
E07,achilles,RF_Balanced,ExecutionTime,0.18509309348361733
E07,achilles,RF_Balanced,projectSourceLinesCovered,0.10681381533758472
E07,achilles,RF_Balanced,projectSourceClassesCovered,0.12238778672842457
E07,achilles,RF_Balanced,hIndexModificationsPerCoveredLine_window5,0.014651190719406135
E07,achilles,RF_Balanced,hIndexModificationsPerCoveredLine_window10,0.027322341098621413
E07,achilles,RF_Balanced,hIndexModificationsPerCoveredLine_window25,0.030275425077181707
E07,achilles,RF_Balanced,hIndexModificationsPerCoveredLine_window50,0.03775381726516809
E07,achilles,RF_Balanced,hIndexModificationsPerCoveredLine_window75,0.047354894257051555
E07,achilles,RF_Balanced,hIndexModificationsPerCoveredLine_window100,0.07179958603901956
E07,achilles,RF_Balanced,hIndexModificationsPerCoveredLine_window500,0.03858063320593454
E07,achilles,RF_Balanced,hIndexModificationsPerCoveredLine_window10000,0.03812037595244548
E07,achilles,RF_Balanced,num_third_party_libs,0.027573557876940984
E07,achilles,Balanced_RF,assertion-roulette,0.01014595283500956
E07,achilles,Balanced_RF,conditional-test-logic,0.0033247104698157855
E07,achilles,Balanced_RF,eager-test,0.007388100300131011
E07,achilles,Balanced_RF,fire-and-forget,0.01662905415622016
E07,achilles,Balanced_RF,indirect-testing,0.015501961601755522
E07,achilles,Balanced_RF,mystery-guest,0.011741584200646365
E07,achilles,Balanced_RF,resource-optimism,0.006841727979886888
E07,achilles,Balanced_RF,test-run-war,0.012279102936678648
E07,achilles,Balanced_RF,testLength,0.06830450513571501
E07,achilles,Balanced_RF,numAsserts,0.03300852309616892
E07,achilles,Balanced_RF,numCoveredLines,0.07461383129778752
E07,achilles,Balanced_RF,ExecutionTime,0.1776387694859903
E07,achilles,Balanced_RF,projectSourceLinesCovered,0.10789001710493908
E07,achilles,Balanced_RF,projectSourceClassesCovered,0.1173623773300967
E07,achilles,Balanced_RF,hIndexModificationsPerCoveredLine_window5,0.015317113185536078
E07,achilles,Balanced_RF,hIndexModificationsPerCoveredLine_window10,0.03351466153167621
E07,achilles,Balanced_RF,hIndexModificationsPerCoveredLine_window25,0.02707372774484629
E07,achilles,Balanced_RF,hIndexModificationsPerCoveredLine_window50,0.03270271642958265
E07,achilles,Balanced_RF,hIndexModificationsPerCoveredLine_window75,0.0511655370476541
E07,achilles,Balanced_RF,hIndexModificationsPerCoveredLine_window100,0.07356830859112944
E07,achilles,Balanced_RF,hIndexModificationsPerCoveredLine_window500,0.037796461477858506
E07,achilles,Balanced_RF,hIndexModificationsPerCoveredLine_window10000,0.03622736791195173
E07,achilles,Balanced_RF,num_third_party_libs,0.029963888148923437
E07,achilles,ExtraTrees_Balanced,assertion-roulette,0.025122088649449374
E07,achilles,ExtraTrees_Balanced,conditional-test-logic,0.012022791844078926
E07,achilles,ExtraTrees_Balanced,eager-test,0.013199191584113645
E07,achilles,ExtraTrees_Balanced,fire-and-forget,0.03529077005794823
E07,achilles,ExtraTrees_Balanced,indirect-testing,0.03817871259558556
E07,achilles,ExtraTrees_Balanced,mystery-guest,0.017071017936183375
E07,achilles,ExtraTrees_Balanced,resource-optimism,0.010950311570089744
E07,achilles,ExtraTrees_Balanced,test-run-war,0.017075200589867
E07,achilles,ExtraTrees_Balanced,testLength,0.04977363554185854
E07,achilles,ExtraTrees_Balanced,numAsserts,0.036456807550535694
E07,achilles,ExtraTrees_Balanced,numCoveredLines,0.06307297405041065
E07,achilles,ExtraTrees_Balanced,ExecutionTime,0.07627982009653354
E07,achilles,ExtraTrees_Balanced,projectSourceLinesCovered,0.0748853497133062
E07,achilles,ExtraTrees_Balanced,projectSourceClassesCovered,0.09344803068615525
E07,achilles,ExtraTrees_Balanced,hIndexModificationsPerCoveredLine_window5,0.03285942517646758
E07,achilles,ExtraTrees_Balanced,hIndexModificationsPerCoveredLine_window10,0.05440471636618298
E07,achilles,ExtraTrees_Balanced,hIndexModificationsPerCoveredLine_window25,0.03393426331786348
E07,achilles,ExtraTrees_Balanced,hIndexModificationsPerCoveredLine_window50,0.060235319521772676
E07,achilles,ExtraTrees_Balanced,hIndexModificationsPerCoveredLine_window75,0.05106392837487226
E07,achilles,ExtraTrees_Balanced,hIndexModificationsPerCoveredLine_window100,0.07447166306685976
E07,achilles,ExtraTrees_Balanced,hIndexModificationsPerCoveredLine_window500,0.05695940256136427
E07,achilles,ExtraTrees_Balanced,hIndexModificationsPerCoveredLine_window10000,0.0396846283108164
E07,achilles,ExtraTrees_Balanced,num_third_party_libs,0.03355995083768502
E07,achilles,XGB_Baseline,assertion-roulette,0.012422946281731129
E07,achilles,XGB_Baseline,conditional-test-logic,0.0048019480891525745
E07,achilles,XGB_Baseline,eager-test,0.010966804809868336
E07,achilles,XGB_Baseline,fire-and-forget,0.03662034496665001
E07,achilles,XGB_Baseline,indirect-testing,0.024167150259017944
E07,achilles,XGB_Baseline,mystery-guest,0.029216507449746132
E07,achilles,XGB_Baseline,resource-optimism,0.07882881909608841
E07,achilles,XGB_Baseline,test-run-war,0.024935197085142136
E07,achilles,XGB_Baseline,testLength,0.024982532486319542
E07,achilles,XGB_Baseline,numAsserts,0.012159553356468678
E07,achilles,XGB_Baseline,numCoveredLines,0.021912092342972755
E07,achilles,XGB_Baseline,ExecutionTime,0.028359603136777878
E07,achilles,XGB_Baseline,projectSourceLinesCovered,0.012746444903314114
E07,achilles,XGB_Baseline,projectSourceClassesCovered,0.044238101691007614
E07,achilles,XGB_Baseline,hIndexModificationsPerCoveredLine_window5,0.017605705186724663
E07,achilles,XGB_Baseline,hIndexModificationsPerCoveredLine_window10,0.10340023785829544
E07,achilles,XGB_Baseline,hIndexModificationsPerCoveredLine_window25,0.09402582049369812
E07,achilles,XGB_Baseline,hIndexModificationsPerCoveredLine_window50,0.03595353290438652
E07,achilles,XGB_Baseline,hIndexModificationsPerCoveredLine_window75,0.047555163502693176
E07,achilles,XGB_Baseline,hIndexModificationsPerCoveredLine_window100,0.18051612377166748
E07,achilles,XGB_Baseline,hIndexModificationsPerCoveredLine_window500,0.05080222710967064
E07,achilles,XGB_Baseline,hIndexModificationsPerCoveredLine_window10000,0.02153720147907734
E07,achilles,XGB_Baseline,num_third_party_libs,0.08224595338106155
E07,achilles,XGB_ClassWeight,assertion-roulette,0.019556930288672447
E07,achilles,XGB_ClassWeight,conditional-test-logic,0.017935162410140038
E07,achilles,XGB_ClassWeight,eager-test,0.02008247748017311
E07,achilles,XGB_ClassWeight,fire-and-forget,0.062419649213552475
E07,achilles,XGB_ClassWeight,indirect-testing,0.023463673889636993
E07,achilles,XGB_ClassWeight,mystery-guest,0.02653231844305992
E07,achilles,XGB_ClassWeight,resource-optimism,0.07482947409152985
E07,achilles,XGB_ClassWeight,test-run-war,0.049094751477241516
E07,achilles,XGB_ClassWeight,testLength,0.0245964415371418
E07,achilles,XGB_ClassWeight,numAsserts,0.018574265763163567
E07,achilles,XGB_ClassWeight,numCoveredLines,0.0337146520614624
E07,achilles,XGB_ClassWeight,ExecutionTime,0.08632384985685349
E07,achilles,XGB_ClassWeight,projectSourceLinesCovered,0.023065587505698204
E07,achilles,XGB_ClassWeight,projectSourceClassesCovered,0.04650159180164337
E07,achilles,XGB_ClassWeight,hIndexModificationsPerCoveredLine_window5,0.02413496933877468
E07,achilles,XGB_ClassWeight,hIndexModificationsPerCoveredLine_window10,0.05744003877043724
E07,achilles,XGB_ClassWeight,hIndexModificationsPerCoveredLine_window25,0.04189549386501312
E07,achilles,XGB_ClassWeight,hIndexModificationsPerCoveredLine_window50,0.05906369537115097
E07,achilles,XGB_ClassWeight,hIndexModificationsPerCoveredLine_window75,0.025942660868167877
E07,achilles,XGB_ClassWeight,hIndexModificationsPerCoveredLine_window100,0.1696256548166275
E07,achilles,XGB_ClassWeight,hIndexModificationsPerCoveredLine_window500,0.04534297063946724
E07,achilles,XGB_ClassWeight,hIndexModificationsPerCoveredLine_window10000,0.03150094300508499
E07,achilles,XGB_ClassWeight,num_third_party_libs,0.018362797796726227
E07,achilles,LightGBM_Baseline,assertion-roulette,30.0
E07,achilles,LightGBM_Baseline,conditional-test-logic,13.0
E07,achilles,LightGBM_Baseline,eager-test,22.0
E07,achilles,LightGBM_Baseline,fire-and-forget,46.0
E07,achilles,LightGBM_Baseline,indirect-testing,52.0
E07,achilles,LightGBM_Baseline,mystery-guest,43.0
E07,achilles,LightGBM_Baseline,resource-optimism,19.0
E07,achilles,LightGBM_Baseline,test-run-war,46.0
E07,achilles,LightGBM_Baseline,testLength,331.0
E07,achilles,LightGBM_Baseline,numAsserts,134.0
E07,achilles,LightGBM_Baseline,numCoveredLines,281.0
E07,achilles,LightGBM_Baseline,ExecutionTime,490.0
E07,achilles,LightGBM_Baseline,projectSourceLinesCovered,369.0
E07,achilles,LightGBM_Baseline,projectSourceClassesCovered,368.0
E07,achilles,LightGBM_Baseline,hIndexModificationsPerCoveredLine_window5,39.0
E07,achilles,LightGBM_Baseline,hIndexModificationsPerCoveredLine_window10,58.0
E07,achilles,LightGBM_Baseline,hIndexModificationsPerCoveredLine_window25,48.0
E07,achilles,LightGBM_Baseline,hIndexModificationsPerCoveredLine_window50,73.0
E07,achilles,LightGBM_Baseline,hIndexModificationsPerCoveredLine_window75,33.0
E07,achilles,LightGBM_Baseline,hIndexModificationsPerCoveredLine_window100,101.0
E07,achilles,LightGBM_Baseline,hIndexModificationsPerCoveredLine_window500,119.0
E07,achilles,LightGBM_Baseline,hIndexModificationsPerCoveredLine_window10000,135.0
E07,achilles,LightGBM_Baseline,num_third_party_libs,150.0
E07,achilles,LightGBM_Balanced,assertion-roulette,23.0
E07,achilles,LightGBM_Balanced,conditional-test-logic,7.0
E07,achilles,LightGBM_Balanced,eager-test,18.0
E07,achilles,LightGBM_Balanced,fire-and-forget,43.0
E07,achilles,LightGBM_Balanced,indirect-testing,46.0
E07,achilles,LightGBM_Balanced,mystery-guest,30.0
E07,achilles,LightGBM_Balanced,resource-optimism,31.0
E07,achilles,LightGBM_Balanced,test-run-war,46.0
E07,achilles,LightGBM_Balanced,testLength,320.0
E07,achilles,LightGBM_Balanced,numAsserts,108.0
E07,achilles,LightGBM_Balanced,numCoveredLines,268.0
E07,achilles,LightGBM_Balanced,ExecutionTime,449.0
E07,achilles,LightGBM_Balanced,projectSourceLinesCovered,343.0
E07,achilles,LightGBM_Balanced,projectSourceClassesCovered,404.0
E07,achilles,LightGBM_Balanced,hIndexModificationsPerCoveredLine_window5,54.0
E07,achilles,LightGBM_Balanced,hIndexModificationsPerCoveredLine_window10,47.0
E07,achilles,LightGBM_Balanced,hIndexModificationsPerCoveredLine_window25,64.0
E07,achilles,LightGBM_Balanced,hIndexModificationsPerCoveredLine_window50,79.0
E07,achilles,LightGBM_Balanced,hIndexModificationsPerCoveredLine_window75,31.0
E07,achilles,LightGBM_Balanced,hIndexModificationsPerCoveredLine_window100,116.0
E07,achilles,LightGBM_Balanced,hIndexModificationsPerCoveredLine_window500,183.0
E07,achilles,LightGBM_Balanced,hIndexModificationsPerCoveredLine_window10000,129.0
E07,achilles,LightGBM_Balanced,num_third_party_libs,161.0
E07,achilles,GradientBoosting_Balanced,assertion-roulette,0.0005345206130187447
E07,achilles,GradientBoosting_Balanced,conditional-test-logic,0.0004560836667165608
E07,achilles,GradientBoosting_Balanced,eager-test,0.0004570188924119415
E07,achilles,GradientBoosting_Balanced,fire-and-forget,0.028155372413423932
E07,achilles,GradientBoosting_Balanced,indirect-testing,0.0010904435943764027
E07,achilles,GradientBoosting_Balanced,mystery-guest,0.00681090758872242
E07,achilles,GradientBoosting_Balanced,resource-optimism,0.011463745712650327
E07,achilles,GradientBoosting_Balanced,test-run-war,0.012735744560713205
E07,achilles,GradientBoosting_Balanced,testLength,0.03787276100883709
E07,achilles,GradientBoosting_Balanced,numAsserts,0.004234271555814722
E07,achilles,GradientBoosting_Balanced,numCoveredLines,0.054228761024646396
E07,achilles,GradientBoosting_Balanced,ExecutionTime,0.3649150332507182
E07,achilles,GradientBoosting_Balanced,projectSourceLinesCovered,0.06678300209857556
E07,achilles,GradientBoosting_Balanced,projectSourceClassesCovered,0.10995236774382125
E07,achilles,GradientBoosting_Balanced,hIndexModificationsPerCoveredLine_window5,0.003819753145665893
E07,achilles,GradientBoosting_Balanced,hIndexModificationsPerCoveredLine_window10,0.024754512493058246
E07,achilles,GradientBoosting_Balanced,hIndexModificationsPerCoveredLine_window25,0.012519017487302409
E07,achilles,GradientBoosting_Balanced,hIndexModificationsPerCoveredLine_window50,0.012779510556734264
E07,achilles,GradientBoosting_Balanced,hIndexModificationsPerCoveredLine_window75,0.040141031787599375
E07,achilles,GradientBoosting_Balanced,hIndexModificationsPerCoveredLine_window100,0.1440198476034242
E07,achilles,GradientBoosting_Balanced,hIndexModificationsPerCoveredLine_window500,0.036447383528074986
E07,achilles,GradientBoosting_Balanced,hIndexModificationsPerCoveredLine_window10000,0.015671665069865812
E07,achilles,GradientBoosting_Balanced,num_third_party_libs,0.010157244603828018
E08,elastic-job-lite,RF_Baseline,assertion-roulette,0.010236040695331461
E08,elastic-job-lite,RF_Baseline,conditional-test-logic,0.005090852078298692
E08,elastic-job-lite,RF_Baseline,eager-test,0.005658577262813207
E08,elastic-job-lite,RF_Baseline,fire-and-forget,0.011209899540337043
E08,elastic-job-lite,RF_Baseline,indirect-testing,0.016495092312414875
E08,elastic-job-lite,RF_Baseline,mystery-guest,0.008290629805388344
E08,elastic-job-lite,RF_Baseline,resource-optimism,0.008586580195743584
E08,elastic-job-lite,RF_Baseline,test-run-war,0.006623461451306092
E08,elastic-job-lite,RF_Baseline,testLength,0.09045666827838598
E08,elastic-job-lite,RF_Baseline,numAsserts,0.04199532619288017
E08,elastic-job-lite,RF_Baseline,numCoveredLines,0.08828075548765835
E08,elastic-job-lite,RF_Baseline,ExecutionTime,0.1582352276600827
E08,elastic-job-lite,RF_Baseline,projectSourceLinesCovered,0.12480896798762423
E08,elastic-job-lite,RF_Baseline,projectSourceClassesCovered,0.11700817746839184
E08,elastic-job-lite,RF_Baseline,hIndexModificationsPerCoveredLine_window5,0.013525435903896718
E08,elastic-job-lite,RF_Baseline,hIndexModificationsPerCoveredLine_window10,0.034429997912510515
E08,elastic-job-lite,RF_Baseline,hIndexModificationsPerCoveredLine_window25,0.027592621611258285
E08,elastic-job-lite,RF_Baseline,hIndexModificationsPerCoveredLine_window50,0.02208390452451871
E08,elastic-job-lite,RF_Baseline,hIndexModificationsPerCoveredLine_window75,0.027801312898015743
E08,elastic-job-lite,RF_Baseline,hIndexModificationsPerCoveredLine_window100,0.039052180646475775
E08,elastic-job-lite,RF_Baseline,hIndexModificationsPerCoveredLine_window500,0.03829172738807024
E08,elastic-job-lite,RF_Baseline,hIndexModificationsPerCoveredLine_window10000,0.05427629865136383
E08,elastic-job-lite,RF_Baseline,num_third_party_libs,0.04997026404723354
E08,elastic-job-lite,RF_Balanced,assertion-roulette,0.008519984079986713
E08,elastic-job-lite,RF_Balanced,conditional-test-logic,0.003059905767460524
E08,elastic-job-lite,RF_Balanced,eager-test,0.006054136598424654
E08,elastic-job-lite,RF_Balanced,fire-and-forget,0.020018597092804954
E08,elastic-job-lite,RF_Balanced,indirect-testing,0.014146291631376269
E08,elastic-job-lite,RF_Balanced,mystery-guest,0.010395472054207868
E08,elastic-job-lite,RF_Balanced,resource-optimism,0.008052391542603505
E08,elastic-job-lite,RF_Balanced,test-run-war,0.009856674546071831
E08,elastic-job-lite,RF_Balanced,testLength,0.07021777659868708
E08,elastic-job-lite,RF_Balanced,numAsserts,0.028387984912668564
E08,elastic-job-lite,RF_Balanced,numCoveredLines,0.07463554683427757
E08,elastic-job-lite,RF_Balanced,ExecutionTime,0.19424029853615932
E08,elastic-job-lite,RF_Balanced,projectSourceLinesCovered,0.11568837482639152
E08,elastic-job-lite,RF_Balanced,projectSourceClassesCovered,0.11678748378590359
E08,elastic-job-lite,RF_Balanced,hIndexModificationsPerCoveredLine_window5,0.013889993355082645
E08,elastic-job-lite,RF_Balanced,hIndexModificationsPerCoveredLine_window10,0.02764662061044296
E08,elastic-job-lite,RF_Balanced,hIndexModificationsPerCoveredLine_window25,0.028489277144542836
E08,elastic-job-lite,RF_Balanced,hIndexModificationsPerCoveredLine_window50,0.034146974735972585
E08,elastic-job-lite,RF_Balanced,hIndexModificationsPerCoveredLine_window75,0.04358814732276175
E08,elastic-job-lite,RF_Balanced,hIndexModificationsPerCoveredLine_window100,0.06489279836368606
E08,elastic-job-lite,RF_Balanced,hIndexModificationsPerCoveredLine_window500,0.03836813738821544
E08,elastic-job-lite,RF_Balanced,hIndexModificationsPerCoveredLine_window10000,0.038226861779886566
E08,elastic-job-lite,RF_Balanced,num_third_party_libs,0.030690270492385065
E08,elastic-job-lite,Balanced_RF,assertion-roulette,0.010102978000717657
E08,elastic-job-lite,Balanced_RF,conditional-test-logic,0.004069283554793041
E08,elastic-job-lite,Balanced_RF,eager-test,0.0071250677977091606
E08,elastic-job-lite,Balanced_RF,fire-and-forget,0.01976712427532288
E08,elastic-job-lite,Balanced_RF,indirect-testing,0.01606897827296419
E08,elastic-job-lite,Balanced_RF,mystery-guest,0.0123458504207136
E08,elastic-job-lite,Balanced_RF,resource-optimism,0.007409757591562086
E08,elastic-job-lite,Balanced_RF,test-run-war,0.010215347449625654
E08,elastic-job-lite,Balanced_RF,testLength,0.06873452011403
E08,elastic-job-lite,Balanced_RF,numAsserts,0.03161497694034089
E08,elastic-job-lite,Balanced_RF,numCoveredLines,0.07903719026776011
E08,elastic-job-lite,Balanced_RF,ExecutionTime,0.18338762501569594
E08,elastic-job-lite,Balanced_RF,projectSourceLinesCovered,0.11267154061849098
E08,elastic-job-lite,Balanced_RF,projectSourceClassesCovered,0.11439118694613089
E08,elastic-job-lite,Balanced_RF,hIndexModificationsPerCoveredLine_window5,0.013807765566311778
E08,elastic-job-lite,Balanced_RF,hIndexModificationsPerCoveredLine_window10,0.03445249775597538
E08,elastic-job-lite,Balanced_RF,hIndexModificationsPerCoveredLine_window25,0.02608418127257196
E08,elastic-job-lite,Balanced_RF,hIndexModificationsPerCoveredLine_window50,0.03154883537436468
E08,elastic-job-lite,Balanced_RF,hIndexModificationsPerCoveredLine_window75,0.042521309321312116
E08,elastic-job-lite,Balanced_RF,hIndexModificationsPerCoveredLine_window100,0.06619452484854686
E08,elastic-job-lite,Balanced_RF,hIndexModificationsPerCoveredLine_window500,0.03915865641665949
E08,elastic-job-lite,Balanced_RF,hIndexModificationsPerCoveredLine_window10000,0.03733196440291973
E08,elastic-job-lite,Balanced_RF,num_third_party_libs,0.031958837775480906
E08,elastic-job-lite,ExtraTrees_Balanced,assertion-roulette,0.025319773482726186
E08,elastic-job-lite,ExtraTrees_Balanced,conditional-test-logic,0.013600450508301023
E08,elastic-job-lite,ExtraTrees_Balanced,eager-test,0.012784441260362357
E08,elastic-job-lite,ExtraTrees_Balanced,fire-and-forget,0.038850088962704386
E08,elastic-job-lite,ExtraTrees_Balanced,indirect-testing,0.03870387576296088
E08,elastic-job-lite,ExtraTrees_Balanced,mystery-guest,0.01732128502046015
E08,elastic-job-lite,ExtraTrees_Balanced,resource-optimism,0.010976485054711167
E08,elastic-job-lite,ExtraTrees_Balanced,test-run-war,0.01657803193686188
E08,elastic-job-lite,ExtraTrees_Balanced,testLength,0.051155989059262934
E08,elastic-job-lite,ExtraTrees_Balanced,numAsserts,0.03613641641984361
E08,elastic-job-lite,ExtraTrees_Balanced,numCoveredLines,0.0649330528196102
E08,elastic-job-lite,ExtraTrees_Balanced,ExecutionTime,0.08088565276532954
E08,elastic-job-lite,ExtraTrees_Balanced,projectSourceLinesCovered,0.07085140621127495
E08,elastic-job-lite,ExtraTrees_Balanced,projectSourceClassesCovered,0.09267552446161327
E08,elastic-job-lite,ExtraTrees_Balanced,hIndexModificationsPerCoveredLine_window5,0.029537542868545614
E08,elastic-job-lite,ExtraTrees_Balanced,hIndexModificationsPerCoveredLine_window10,0.05705052085554798
E08,elastic-job-lite,ExtraTrees_Balanced,hIndexModificationsPerCoveredLine_window25,0.034535998711719744
E08,elastic-job-lite,ExtraTrees_Balanced,hIndexModificationsPerCoveredLine_window50,0.06113719917297934
E08,elastic-job-lite,ExtraTrees_Balanced,hIndexModificationsPerCoveredLine_window75,0.04828595394819244
E08,elastic-job-lite,ExtraTrees_Balanced,hIndexModificationsPerCoveredLine_window100,0.06609050472443641
E08,elastic-job-lite,ExtraTrees_Balanced,hIndexModificationsPerCoveredLine_window500,0.05649298392811611
E08,elastic-job-lite,ExtraTrees_Balanced,hIndexModificationsPerCoveredLine_window10000,0.03917705541087584
E08,elastic-job-lite,ExtraTrees_Balanced,num_third_party_libs,0.03691976665356398
E08,elastic-job-lite,XGB_Baseline,assertion-roulette,0.01238887570798397
E08,elastic-job-lite,XGB_Baseline,conditional-test-logic,0.0036459672264754772
E08,elastic-job-lite,XGB_Baseline,eager-test,0.012784850783646107
E08,elastic-job-lite,XGB_Baseline,fire-and-forget,0.0433390848338604
E08,elastic-job-lite,XGB_Baseline,indirect-testing,0.026319237425923347
E08,elastic-job-lite,XGB_Baseline,mystery-guest,0.025423597544431686
E08,elastic-job-lite,XGB_Baseline,resource-optimism,0.09347538650035858
E08,elastic-job-lite,XGB_Baseline,test-run-war,0.02729695476591587
E08,elastic-job-lite,XGB_Baseline,testLength,0.031730446964502335
E08,elastic-job-lite,XGB_Baseline,numAsserts,0.013051451183855534
E08,elastic-job-lite,XGB_Baseline,numCoveredLines,0.04402424767613411
E08,elastic-job-lite,XGB_Baseline,ExecutionTime,0.03863335773348808
E08,elastic-job-lite,XGB_Baseline,projectSourceLinesCovered,0.021793771535158157
E08,elastic-job-lite,XGB_Baseline,projectSourceClassesCovered,0.039473164826631546
E08,elastic-job-lite,XGB_Baseline,hIndexModificationsPerCoveredLine_window5,0.022454146295785904
E08,elastic-job-lite,XGB_Baseline,hIndexModificationsPerCoveredLine_window10,0.13930301368236542
E08,elastic-job-lite,XGB_Baseline,hIndexModificationsPerCoveredLine_window25,0.11518065631389618
E08,elastic-job-lite,XGB_Baseline,hIndexModificationsPerCoveredLine_window50,0.033325519412755966
E08,elastic-job-lite,XGB_Baseline,hIndexModificationsPerCoveredLine_window75,0.01777881197631359
E08,elastic-job-lite,XGB_Baseline,hIndexModificationsPerCoveredLine_window100,0.15475256741046906
E08,elastic-job-lite,XGB_Baseline,hIndexModificationsPerCoveredLine_window500,0.04069308936595917
E08,elastic-job-lite,XGB_Baseline,hIndexModificationsPerCoveredLine_window10000,0.02165473811328411
E08,elastic-job-lite,XGB_Baseline,num_third_party_libs,0.021477121859788895
E08,elastic-job-lite,XGB_ClassWeight,assertion-roulette,0.0167180635035038
E08,elastic-job-lite,XGB_ClassWeight,conditional-test-logic,0.016249896958470345
E08,elastic-job-lite,XGB_ClassWeight,eager-test,0.020730480551719666
E08,elastic-job-lite,XGB_ClassWeight,fire-and-forget,0.06801008433103561
E08,elastic-job-lite,XGB_ClassWeight,indirect-testing,0.02870158478617668
E08,elastic-job-lite,XGB_ClassWeight,mystery-guest,0.033425942063331604
E08,elastic-job-lite,XGB_ClassWeight,resource-optimism,0.06146522983908653
E08,elastic-job-lite,XGB_ClassWeight,test-run-war,0.05562920123338699
E08,elastic-job-lite,XGB_ClassWeight,testLength,0.023181160911917686
E08,elastic-job-lite,XGB_ClassWeight,numAsserts,0.0151184918358922
E08,elastic-job-lite,XGB_ClassWeight,numCoveredLines,0.03200744837522507
E08,elastic-job-lite,XGB_ClassWeight,ExecutionTime,0.07990491390228271
E08,elastic-job-lite,XGB_ClassWeight,projectSourceLinesCovered,0.022419242188334465
E08,elastic-job-lite,XGB_ClassWeight,projectSourceClassesCovered,0.03626065328717232
E08,elastic-job-lite,XGB_ClassWeight,hIndexModificationsPerCoveredLine_window5,0.035281285643577576
E08,elastic-job-lite,XGB_ClassWeight,hIndexModificationsPerCoveredLine_window10,0.07791110128164291
E08,elastic-job-lite,XGB_ClassWeight,hIndexModificationsPerCoveredLine_window25,0.056954171508550644
E08,elastic-job-lite,XGB_ClassWeight,hIndexModificationsPerCoveredLine_window50,0.06119491904973984
E08,elastic-job-lite,XGB_ClassWeight,hIndexModificationsPerCoveredLine_window75,0.026181424036622047
E08,elastic-job-lite,XGB_ClassWeight,hIndexModificationsPerCoveredLine_window100,0.12396569550037384
E08,elastic-job-lite,XGB_ClassWeight,hIndexModificationsPerCoveredLine_window500,0.04652605950832367
E08,elastic-job-lite,XGB_ClassWeight,hIndexModificationsPerCoveredLine_window10000,0.03817151114344597
E08,elastic-job-lite,XGB_ClassWeight,num_third_party_libs,0.02399144135415554
E08,elastic-job-lite,LightGBM_Baseline,assertion-roulette,32.0
E08,elastic-job-lite,LightGBM_Baseline,conditional-test-logic,11.0
E08,elastic-job-lite,LightGBM_Baseline,eager-test,20.0
E08,elastic-job-lite,LightGBM_Baseline,fire-and-forget,50.0
E08,elastic-job-lite,LightGBM_Baseline,indirect-testing,52.0
E08,elastic-job-lite,LightGBM_Baseline,mystery-guest,25.0
E08,elastic-job-lite,LightGBM_Baseline,resource-optimism,20.0
E08,elastic-job-lite,LightGBM_Baseline,test-run-war,42.0
E08,elastic-job-lite,LightGBM_Baseline,testLength,330.0
E08,elastic-job-lite,LightGBM_Baseline,numAsserts,122.0
E08,elastic-job-lite,LightGBM_Baseline,numCoveredLines,301.0
E08,elastic-job-lite,LightGBM_Baseline,ExecutionTime,456.0
E08,elastic-job-lite,LightGBM_Baseline,projectSourceLinesCovered,377.0
E08,elastic-job-lite,LightGBM_Baseline,projectSourceClassesCovered,374.0
E08,elastic-job-lite,LightGBM_Baseline,hIndexModificationsPerCoveredLine_window5,31.0
E08,elastic-job-lite,LightGBM_Baseline,hIndexModificationsPerCoveredLine_window10,53.0
E08,elastic-job-lite,LightGBM_Baseline,hIndexModificationsPerCoveredLine_window25,49.0
E08,elastic-job-lite,LightGBM_Baseline,hIndexModificationsPerCoveredLine_window50,86.0
E08,elastic-job-lite,LightGBM_Baseline,hIndexModificationsPerCoveredLine_window75,32.0
E08,elastic-job-lite,LightGBM_Baseline,hIndexModificationsPerCoveredLine_window100,91.0
E08,elastic-job-lite,LightGBM_Baseline,hIndexModificationsPerCoveredLine_window500,117.0
E08,elastic-job-lite,LightGBM_Baseline,hIndexModificationsPerCoveredLine_window10000,137.0
E08,elastic-job-lite,LightGBM_Baseline,num_third_party_libs,192.0
E08,elastic-job-lite,LightGBM_Balanced,assertion-roulette,31.0
E08,elastic-job-lite,LightGBM_Balanced,conditional-test-logic,15.0
E08,elastic-job-lite,LightGBM_Balanced,eager-test,29.0
E08,elastic-job-lite,LightGBM_Balanced,fire-and-forget,47.0
E08,elastic-job-lite,LightGBM_Balanced,indirect-testing,45.0
E08,elastic-job-lite,LightGBM_Balanced,mystery-guest,35.0
E08,elastic-job-lite,LightGBM_Balanced,resource-optimism,33.0
E08,elastic-job-lite,LightGBM_Balanced,test-run-war,41.0
E08,elastic-job-lite,LightGBM_Balanced,testLength,346.0
E08,elastic-job-lite,LightGBM_Balanced,numAsserts,101.0
E08,elastic-job-lite,LightGBM_Balanced,numCoveredLines,262.0
E08,elastic-job-lite,LightGBM_Balanced,ExecutionTime,441.0
E08,elastic-job-lite,LightGBM_Balanced,projectSourceLinesCovered,332.0
E08,elastic-job-lite,LightGBM_Balanced,projectSourceClassesCovered,395.0
E08,elastic-job-lite,LightGBM_Balanced,hIndexModificationsPerCoveredLine_window5,48.0
E08,elastic-job-lite,LightGBM_Balanced,hIndexModificationsPerCoveredLine_window10,55.0
E08,elastic-job-lite,LightGBM_Balanced,hIndexModificationsPerCoveredLine_window25,62.0
E08,elastic-job-lite,LightGBM_Balanced,hIndexModificationsPerCoveredLine_window50,91.0
E08,elastic-job-lite,LightGBM_Balanced,hIndexModificationsPerCoveredLine_window75,45.0
E08,elastic-job-lite,LightGBM_Balanced,hIndexModificationsPerCoveredLine_window100,107.0
E08,elastic-job-lite,LightGBM_Balanced,hIndexModificationsPerCoveredLine_window500,157.0
E08,elastic-job-lite,LightGBM_Balanced,hIndexModificationsPerCoveredLine_window10000,128.0
E08,elastic-job-lite,LightGBM_Balanced,num_third_party_libs,154.0
E08,elastic-job-lite,GradientBoosting_Balanced,assertion-roulette,0.00020218655002278855
E08,elastic-job-lite,GradientBoosting_Balanced,conditional-test-logic,0.0
E08,elastic-job-lite,GradientBoosting_Balanced,eager-test,0.0005788875387769682
E08,elastic-job-lite,GradientBoosting_Balanced,fire-and-forget,0.03937430249635039
E08,elastic-job-lite,GradientBoosting_Balanced,indirect-testing,0.0019290418657329298
E08,elastic-job-lite,GradientBoosting_Balanced,mystery-guest,0.0066520155374540976
E08,elastic-job-lite,GradientBoosting_Balanced,resource-optimism,0.007965280699464538
E08,elastic-job-lite,GradientBoosting_Balanced,test-run-war,0.01324348181249762
E08,elastic-job-lite,GradientBoosting_Balanced,testLength,0.03468979758412783
E08,elastic-job-lite,GradientBoosting_Balanced,numAsserts,0.004112590907975403
E08,elastic-job-lite,GradientBoosting_Balanced,numCoveredLines,0.0418827348078486
E08,elastic-job-lite,GradientBoosting_Balanced,ExecutionTime,0.36752407143137844
E08,elastic-job-lite,GradientBoosting_Balanced,projectSourceLinesCovered,0.09485948522582817
E08,elastic-job-lite,GradientBoosting_Balanced,projectSourceClassesCovered,0.09824191728105092
E08,elastic-job-lite,GradientBoosting_Balanced,hIndexModificationsPerCoveredLine_window5,0.00336909739287206
E08,elastic-job-lite,GradientBoosting_Balanced,hIndexModificationsPerCoveredLine_window10,0.017784346831241932
E08,elastic-job-lite,GradientBoosting_Balanced,hIndexModificationsPerCoveredLine_window25,0.044421941134513684
E08,elastic-job-lite,GradientBoosting_Balanced,hIndexModificationsPerCoveredLine_window50,0.016890895240918514
E08,elastic-job-lite,GradientBoosting_Balanced,hIndexModificationsPerCoveredLine_window75,0.0461773672623273
E08,elastic-job-lite,GradientBoosting_Balanced,hIndexModificationsPerCoveredLine_window100,0.1032065165088726
E08,elastic-job-lite,GradientBoosting_Balanced,hIndexModificationsPerCoveredLine_window500,0.028991209255527235
E08,elastic-job-lite,GradientBoosting_Balanced,hIndexModificationsPerCoveredLine_window10000,0.018084826128001927
E08,elastic-job-lite,GradientBoosting_Balanced,num_third_party_libs,0.009818006507216322
E09,jimfs,RF_Baseline,assertion-roulette,0.010164248519109626
E09,jimfs,RF_Baseline,conditional-test-logic,0.005085954320768174
E09,jimfs,RF_Baseline,eager-test,0.006072577513455985
E09,jimfs,RF_Baseline,fire-and-forget,0.010464904995620755
E09,jimfs,RF_Baseline,indirect-testing,0.014993120724955636
E09,jimfs,RF_Baseline,mystery-guest,0.0077614687843504
E09,jimfs,RF_Baseline,resource-optimism,0.008235449427163909
E09,jimfs,RF_Baseline,test-run-war,0.0071606954671741725
E09,jimfs,RF_Baseline,testLength,0.08810420264390315
E09,jimfs,RF_Baseline,numAsserts,0.04239193362286933
E09,jimfs,RF_Baseline,numCoveredLines,0.08685823508913232
E09,jimfs,RF_Baseline,ExecutionTime,0.16196583859089878
E09,jimfs,RF_Baseline,projectSourceLinesCovered,0.12319213715435419
E09,jimfs,RF_Baseline,projectSourceClassesCovered,0.11912460452607981
E09,jimfs,RF_Baseline,hIndexModificationsPerCoveredLine_window5,0.019569949939364915
E09,jimfs,RF_Baseline,hIndexModificationsPerCoveredLine_window10,0.03906453124395969
E09,jimfs,RF_Baseline,hIndexModificationsPerCoveredLine_window25,0.021950461439875276
E09,jimfs,RF_Baseline,hIndexModificationsPerCoveredLine_window50,0.02654379904907277
E09,jimfs,RF_Baseline,hIndexModificationsPerCoveredLine_window75,0.025026772031493384
E09,jimfs,RF_Baseline,hIndexModificationsPerCoveredLine_window100,0.03704754994146571
E09,jimfs,RF_Baseline,hIndexModificationsPerCoveredLine_window500,0.03728801039354851
E09,jimfs,RF_Baseline,hIndexModificationsPerCoveredLine_window10000,0.052368798762186586
E09,jimfs,RF_Baseline,num_third_party_libs,0.049564755819196914
E09,jimfs,RF_Balanced,assertion-roulette,0.00864439530585468
E09,jimfs,RF_Balanced,conditional-test-logic,0.0030256299433668297
E09,jimfs,RF_Balanced,eager-test,0.006381026784128153
E09,jimfs,RF_Balanced,fire-and-forget,0.021082368631902843
E09,jimfs,RF_Balanced,indirect-testing,0.015427814144478745
E09,jimfs,RF_Balanced,mystery-guest,0.00930873495744208
E09,jimfs,RF_Balanced,resource-optimism,0.007749229768221791
E09,jimfs,RF_Balanced,test-run-war,0.012321042681693333
E09,jimfs,RF_Balanced,testLength,0.06504746236097875
E09,jimfs,RF_Balanced,numAsserts,0.029780146245789316
E09,jimfs,RF_Balanced,numCoveredLines,0.07270955733514638
E09,jimfs,RF_Balanced,ExecutionTime,0.18982347410631878
E09,jimfs,RF_Balanced,projectSourceLinesCovered,0.12104038909811048
E09,jimfs,RF_Balanced,projectSourceClassesCovered,0.11723598115832046
E09,jimfs,RF_Balanced,hIndexModificationsPerCoveredLine_window5,0.013845861070197314
E09,jimfs,RF_Balanced,hIndexModificationsPerCoveredLine_window10,0.027606430981931274
E09,jimfs,RF_Balanced,hIndexModificationsPerCoveredLine_window25,0.0287542588050998
E09,jimfs,RF_Balanced,hIndexModificationsPerCoveredLine_window50,0.03304354561896642
E09,jimfs,RF_Balanced,hIndexModificationsPerCoveredLine_window75,0.045643831243189596
E09,jimfs,RF_Balanced,hIndexModificationsPerCoveredLine_window100,0.06417509790179717
E09,jimfs,RF_Balanced,hIndexModificationsPerCoveredLine_window500,0.03810743410542278
E09,jimfs,RF_Balanced,hIndexModificationsPerCoveredLine_window10000,0.03680339894929447
E09,jimfs,RF_Balanced,num_third_party_libs,0.03244288880234866
E09,jimfs,Balanced_RF,assertion-roulette,0.009966045869543066
E09,jimfs,Balanced_RF,conditional-test-logic,0.003991958880957942
E09,jimfs,Balanced_RF,eager-test,0.006358546843158459
E09,jimfs,Balanced_RF,fire-and-forget,0.019852669115619184
E09,jimfs,Balanced_RF,indirect-testing,0.015673224594511318
E09,jimfs,Balanced_RF,mystery-guest,0.011688535406730123
E09,jimfs,Balanced_RF,resource-optimism,0.00824103210680111
E09,jimfs,Balanced_RF,test-run-war,0.012312435749207045
E09,jimfs,Balanced_RF,testLength,0.06741586551391593
E09,jimfs,Balanced_RF,numAsserts,0.031203766102738832
E09,jimfs,Balanced_RF,numCoveredLines,0.07461029538258711
E09,jimfs,Balanced_RF,ExecutionTime,0.17931939414688802
E09,jimfs,Balanced_RF,projectSourceLinesCovered,0.11690038019616734
E09,jimfs,Balanced_RF,projectSourceClassesCovered,0.1097852244567994
E09,jimfs,Balanced_RF,hIndexModificationsPerCoveredLine_window5,0.018493983822960473
E09,jimfs,Balanced_RF,hIndexModificationsPerCoveredLine_window10,0.027843121163455754
E09,jimfs,Balanced_RF,hIndexModificationsPerCoveredLine_window25,0.02767927572039181
E09,jimfs,Balanced_RF,hIndexModificationsPerCoveredLine_window50,0.03559956035509914
E09,jimfs,Balanced_RF,hIndexModificationsPerCoveredLine_window75,0.04434732563476133
E09,jimfs,Balanced_RF,hIndexModificationsPerCoveredLine_window100,0.06840764994306264
E09,jimfs,Balanced_RF,hIndexModificationsPerCoveredLine_window500,0.03952931156434981
E09,jimfs,Balanced_RF,hIndexModificationsPerCoveredLine_window10000,0.038435027838492994
E09,jimfs,Balanced_RF,num_third_party_libs,0.03234536959180121
E09,jimfs,ExtraTrees_Balanced,assertion-roulette,0.026797525789016282
E09,jimfs,ExtraTrees_Balanced,conditional-test-logic,0.011848816726845894
E09,jimfs,ExtraTrees_Balanced,eager-test,0.012880951603097743
E09,jimfs,ExtraTrees_Balanced,fire-and-forget,0.036850812125542566
E09,jimfs,ExtraTrees_Balanced,indirect-testing,0.03818682296989772
E09,jimfs,ExtraTrees_Balanced,mystery-guest,0.016940229646073977
E09,jimfs,ExtraTrees_Balanced,resource-optimism,0.011380289016817324
E09,jimfs,ExtraTrees_Balanced,test-run-war,0.017380604407217882
E09,jimfs,ExtraTrees_Balanced,testLength,0.05027633277161929
E09,jimfs,ExtraTrees_Balanced,numAsserts,0.03675438361085661
E09,jimfs,ExtraTrees_Balanced,numCoveredLines,0.06637313760514618
E09,jimfs,ExtraTrees_Balanced,ExecutionTime,0.07473393478130785
E09,jimfs,ExtraTrees_Balanced,projectSourceLinesCovered,0.07217408920564973
E09,jimfs,ExtraTrees_Balanced,projectSourceClassesCovered,0.09639605853784065
E09,jimfs,ExtraTrees_Balanced,hIndexModificationsPerCoveredLine_window5,0.03383062889508247
E09,jimfs,ExtraTrees_Balanced,hIndexModificationsPerCoveredLine_window10,0.05479192886965276
E09,jimfs,ExtraTrees_Balanced,hIndexModificationsPerCoveredLine_window25,0.037227517841893654
E09,jimfs,ExtraTrees_Balanced,hIndexModificationsPerCoveredLine_window50,0.059731561567791844
E09,jimfs,ExtraTrees_Balanced,hIndexModificationsPerCoveredLine_window75,0.043249591964470646
E09,jimfs,ExtraTrees_Balanced,hIndexModificationsPerCoveredLine_window100,0.06656093924872933
E09,jimfs,ExtraTrees_Balanced,hIndexModificationsPerCoveredLine_window500,0.05864657203674228
E09,jimfs,ExtraTrees_Balanced,hIndexModificationsPerCoveredLine_window10000,0.04019110122724084
E09,jimfs,ExtraTrees_Balanced,num_third_party_libs,0.03679616955146659
E09,jimfs,XGB_Baseline,assertion-roulette,0.013643210753798485
E09,jimfs,XGB_Baseline,conditional-test-logic,0.007185421884059906
E09,jimfs,XGB_Baseline,eager-test,0.009432288818061352
E09,jimfs,XGB_Baseline,fire-and-forget,0.046231839805841446
E09,jimfs,XGB_Baseline,indirect-testing,0.030277445912361145
E09,jimfs,XGB_Baseline,mystery-guest,0.028818396851420403
E09,jimfs,XGB_Baseline,resource-optimism,0.07622601836919785
E09,jimfs,XGB_Baseline,test-run-war,0.03155742213129997
E09,jimfs,XGB_Baseline,testLength,0.03154420107603073
E09,jimfs,XGB_Baseline,numAsserts,0.014697002246975899
E09,jimfs,XGB_Baseline,numCoveredLines,0.0401485376060009
E09,jimfs,XGB_Baseline,ExecutionTime,0.03397512808442116
E09,jimfs,XGB_Baseline,projectSourceLinesCovered,0.016003163531422615
E09,jimfs,XGB_Baseline,projectSourceClassesCovered,0.04443792998790741
E09,jimfs,XGB_Baseline,hIndexModificationsPerCoveredLine_window5,0.014723146334290504
E09,jimfs,XGB_Baseline,hIndexModificationsPerCoveredLine_window10,0.15508544445037842
E09,jimfs,XGB_Baseline,hIndexModificationsPerCoveredLine_window25,0.08868121355772018
E09,jimfs,XGB_Baseline,hIndexModificationsPerCoveredLine_window50,0.0407385528087616
E09,jimfs,XGB_Baseline,hIndexModificationsPerCoveredLine_window75,0.04282549023628235
E09,jimfs,XGB_Baseline,hIndexModificationsPerCoveredLine_window100,0.1443609744310379
E09,jimfs,XGB_Baseline,hIndexModificationsPerCoveredLine_window500,0.04511280730366707
E09,jimfs,XGB_Baseline,hIndexModificationsPerCoveredLine_window10000,0.028268294408917427
E09,jimfs,XGB_Baseline,num_third_party_libs,0.016026027500629425
E09,jimfs,XGB_ClassWeight,assertion-roulette,0.025364000350236893
E09,jimfs,XGB_ClassWeight,conditional-test-logic,0.0127528952434659
E09,jimfs,XGB_ClassWeight,eager-test,0.0199026707559824
E09,jimfs,XGB_ClassWeight,fire-and-forget,0.0884280577301979
E09,jimfs,XGB_ClassWeight,indirect-testing,0.024865996092557907
E09,jimfs,XGB_ClassWeight,mystery-guest,0.03661416098475456
E09,jimfs,XGB_ClassWeight,resource-optimism,0.05731659755110741
E09,jimfs,XGB_ClassWeight,test-run-war,0.0610896460711956
E09,jimfs,XGB_ClassWeight,testLength,0.021421823650598526
E09,jimfs,XGB_ClassWeight,numAsserts,0.0172254741191864
E09,jimfs,XGB_ClassWeight,numCoveredLines,0.02960800938308239
E09,jimfs,XGB_ClassWeight,ExecutionTime,0.0824575275182724
E09,jimfs,XGB_ClassWeight,projectSourceLinesCovered,0.02179509401321411
E09,jimfs,XGB_ClassWeight,projectSourceClassesCovered,0.040749140083789825
E09,jimfs,XGB_ClassWeight,hIndexModificationsPerCoveredLine_window5,0.030320655554533005
E09,jimfs,XGB_ClassWeight,hIndexModificationsPerCoveredLine_window10,0.0731838047504425
E09,jimfs,XGB_ClassWeight,hIndexModificationsPerCoveredLine_window25,0.048569776117801666
E09,jimfs,XGB_ClassWeight,hIndexModificationsPerCoveredLine_window50,0.04929758980870247
E09,jimfs,XGB_ClassWeight,hIndexModificationsPerCoveredLine_window75,0.02791920118033886
E09,jimfs,XGB_ClassWeight,hIndexModificationsPerCoveredLine_window100,0.12008184939622879
E09,jimfs,XGB_ClassWeight,hIndexModificationsPerCoveredLine_window500,0.04917513579130173
E09,jimfs,XGB_ClassWeight,hIndexModificationsPerCoveredLine_window10000,0.03953370079398155
E09,jimfs,XGB_ClassWeight,num_third_party_libs,0.02232711762189865
E09,jimfs,LightGBM_Baseline,assertion-roulette,37.0
E09,jimfs,LightGBM_Baseline,conditional-test-logic,15.0
E09,jimfs,LightGBM_Baseline,eager-test,20.0
E09,jimfs,LightGBM_Baseline,fire-and-forget,51.0
E09,jimfs,LightGBM_Baseline,indirect-testing,52.0
E09,jimfs,LightGBM_Baseline,mystery-guest,36.0
E09,jimfs,LightGBM_Baseline,resource-optimism,19.0
E09,jimfs,LightGBM_Baseline,test-run-war,45.0
E09,jimfs,LightGBM_Baseline,testLength,335.0
E09,jimfs,LightGBM_Baseline,numAsserts,128.0
E09,jimfs,LightGBM_Baseline,numCoveredLines,261.0
E09,jimfs,LightGBM_Baseline,ExecutionTime,477.0
E09,jimfs,LightGBM_Baseline,projectSourceLinesCovered,399.0
E09,jimfs,LightGBM_Baseline,projectSourceClassesCovered,356.0
E09,jimfs,LightGBM_Baseline,hIndexModificationsPerCoveredLine_window5,33.0
E09,jimfs,LightGBM_Baseline,hIndexModificationsPerCoveredLine_window10,61.0
E09,jimfs,LightGBM_Baseline,hIndexModificationsPerCoveredLine_window25,52.0
E09,jimfs,LightGBM_Baseline,hIndexModificationsPerCoveredLine_window50,73.0
E09,jimfs,LightGBM_Baseline,hIndexModificationsPerCoveredLine_window75,29.0
E09,jimfs,LightGBM_Baseline,hIndexModificationsPerCoveredLine_window100,80.0
E09,jimfs,LightGBM_Baseline,hIndexModificationsPerCoveredLine_window500,131.0
E09,jimfs,LightGBM_Baseline,hIndexModificationsPerCoveredLine_window10000,126.0
E09,jimfs,LightGBM_Baseline,num_third_party_libs,184.0
E09,jimfs,LightGBM_Balanced,assertion-roulette,27.0
E09,jimfs,LightGBM_Balanced,conditional-test-logic,7.0
E09,jimfs,LightGBM_Balanced,eager-test,15.0
E09,jimfs,LightGBM_Balanced,fire-and-forget,48.0
E09,jimfs,LightGBM_Balanced,indirect-testing,60.0
E09,jimfs,LightGBM_Balanced,mystery-guest,25.0
E09,jimfs,LightGBM_Balanced,resource-optimism,28.0
E09,jimfs,LightGBM_Balanced,test-run-war,54.0
E09,jimfs,LightGBM_Balanced,testLength,300.0
E09,jimfs,LightGBM_Balanced,numAsserts,115.0
E09,jimfs,LightGBM_Balanced,numCoveredLines,270.0
E09,jimfs,LightGBM_Balanced,ExecutionTime,430.0
E09,jimfs,LightGBM_Balanced,projectSourceLinesCovered,364.0
E09,jimfs,LightGBM_Balanced,projectSourceClassesCovered,391.0
E09,jimfs,LightGBM_Balanced,hIndexModificationsPerCoveredLine_window5,63.0
E09,jimfs,LightGBM_Balanced,hIndexModificationsPerCoveredLine_window10,67.0
E09,jimfs,LightGBM_Balanced,hIndexModificationsPerCoveredLine_window25,62.0
E09,jimfs,LightGBM_Balanced,hIndexModificationsPerCoveredLine_window50,76.0
E09,jimfs,LightGBM_Balanced,hIndexModificationsPerCoveredLine_window75,44.0
E09,jimfs,LightGBM_Balanced,hIndexModificationsPerCoveredLine_window100,113.0
E09,jimfs,LightGBM_Balanced,hIndexModificationsPerCoveredLine_window500,137.0
E09,jimfs,LightGBM_Balanced,hIndexModificationsPerCoveredLine_window10000,123.0
E09,jimfs,LightGBM_Balanced,num_third_party_libs,181.0
E09,jimfs,GradientBoosting_Balanced,assertion-roulette,0.0007848473857639177
E09,jimfs,GradientBoosting_Balanced,conditional-test-logic,0.00014490658043429797
E09,jimfs,GradientBoosting_Balanced,eager-test,0.0002402996206123974
E09,jimfs,GradientBoosting_Balanced,fire-and-forget,0.04421545493552284
E09,jimfs,GradientBoosting_Balanced,indirect-testing,0.0014916446930376343
E09,jimfs,GradientBoosting_Balanced,mystery-guest,0.005681337346883298
E09,jimfs,GradientBoosting_Balanced,resource-optimism,0.007755295362354717
E09,jimfs,GradientBoosting_Balanced,test-run-war,0.01305436218212702
E09,jimfs,GradientBoosting_Balanced,testLength,0.04002682555218082
E09,jimfs,GradientBoosting_Balanced,numAsserts,0.0041793480051795645
E09,jimfs,GradientBoosting_Balanced,numCoveredLines,0.037162400319024715
E09,jimfs,GradientBoosting_Balanced,ExecutionTime,0.36783303069618717
E09,jimfs,GradientBoosting_Balanced,projectSourceLinesCovered,0.10046665184189743
E09,jimfs,GradientBoosting_Balanced,projectSourceClassesCovered,0.09596568343662387
E09,jimfs,GradientBoosting_Balanced,hIndexModificationsPerCoveredLine_window5,0.0026491005624828105
E09,jimfs,GradientBoosting_Balanced,hIndexModificationsPerCoveredLine_window10,0.017685853747275458
E09,jimfs,GradientBoosting_Balanced,hIndexModificationsPerCoveredLine_window25,0.0428261548966201
E09,jimfs,GradientBoosting_Balanced,hIndexModificationsPerCoveredLine_window50,0.016121955862152915
E09,jimfs,GradientBoosting_Balanced,hIndexModificationsPerCoveredLine_window75,0.037428409318076464
E09,jimfs,GradientBoosting_Balanced,hIndexModificationsPerCoveredLine_window100,0.10533083939040452
E09,jimfs,GradientBoosting_Balanced,hIndexModificationsPerCoveredLine_window500,0.029788511460669995
E09,jimfs,GradientBoosting_Balanced,hIndexModificationsPerCoveredLine_window10000,0.016546506623625678
E09,jimfs,GradientBoosting_Balanced,num_third_party_libs,0.012620580180862342
E10,hector,RF_Baseline,assertion-roulette,0.009756952417014863
E10,hector,RF_Baseline,conditional-test-logic,0.004550050002624111
E10,hector,RF_Baseline,eager-test,0.005697124411584868
E10,hector,RF_Baseline,fire-and-forget,0.011154024674651281
E10,hector,RF_Baseline,indirect-testing,0.01619084801182994
E10,hector,RF_Baseline,mystery-guest,0.008638146484933608
E10,hector,RF_Baseline,resource-optimism,0.0062932965771493755
E10,hector,RF_Baseline,test-run-war,0.008194874602275797
E10,hector,RF_Baseline,testLength,0.08662726126049765
E10,hector,RF_Baseline,numAsserts,0.03995186103676213
E10,hector,RF_Baseline,numCoveredLines,0.09104271457130107
E10,hector,RF_Baseline,ExecutionTime,0.1697766572889451
E10,hector,RF_Baseline,projectSourceLinesCovered,0.12114107081450304
E10,hector,RF_Baseline,projectSourceClassesCovered,0.1146466243932738
E10,hector,RF_Baseline,hIndexModificationsPerCoveredLine_window5,0.018858938464654463
E10,hector,RF_Baseline,hIndexModificationsPerCoveredLine_window10,0.03586095346180679
E10,hector,RF_Baseline,hIndexModificationsPerCoveredLine_window25,0.021843403515442263
E10,hector,RF_Baseline,hIndexModificationsPerCoveredLine_window50,0.02443528566928139
E10,hector,RF_Baseline,hIndexModificationsPerCoveredLine_window75,0.02423881670191988
E10,hector,RF_Baseline,hIndexModificationsPerCoveredLine_window100,0.035217052729385016
E10,hector,RF_Baseline,hIndexModificationsPerCoveredLine_window500,0.04145898406374029
E10,hector,RF_Baseline,hIndexModificationsPerCoveredLine_window10000,0.051931523135999164
E10,hector,RF_Baseline,num_third_party_libs,0.052493535710424186
E10,hector,RF_Balanced,assertion-roulette,0.008886993195033794
E10,hector,RF_Balanced,conditional-test-logic,0.0029849129101367717
E10,hector,RF_Balanced,eager-test,0.006897133577974537
E10,hector,RF_Balanced,fire-and-forget,0.020940046571751237
E10,hector,RF_Balanced,indirect-testing,0.01416620917345982
E10,hector,RF_Balanced,mystery-guest,0.010801647687715863
E10,hector,RF_Balanced,resource-optimism,0.007686447541012141
E10,hector,RF_Balanced,test-run-war,0.012405364302657424
E10,hector,RF_Balanced,testLength,0.0654033570733065
E10,hector,RF_Balanced,numAsserts,0.029492313305890513
E10,hector,RF_Balanced,numCoveredLines,0.07658545315690103
E10,hector,RF_Balanced,ExecutionTime,0.19116368281267518
E10,hector,RF_Balanced,projectSourceLinesCovered,0.12695121405850227
E10,hector,RF_Balanced,projectSourceClassesCovered,0.1179447165751629
E10,hector,RF_Balanced,hIndexModificationsPerCoveredLine_window5,0.01645109508503858
E10,hector,RF_Balanced,hIndexModificationsPerCoveredLine_window10,0.024940581183358717
E10,hector,RF_Balanced,hIndexModificationsPerCoveredLine_window25,0.030768261459612648
E10,hector,RF_Balanced,hIndexModificationsPerCoveredLine_window50,0.036466860738924224
E10,hector,RF_Balanced,hIndexModificationsPerCoveredLine_window75,0.038459349292092805
E10,hector,RF_Balanced,hIndexModificationsPerCoveredLine_window100,0.054260113978354854
E10,hector,RF_Balanced,hIndexModificationsPerCoveredLine_window500,0.03641368216414327
E10,hector,RF_Balanced,hIndexModificationsPerCoveredLine_window10000,0.03758764753971838
E10,hector,RF_Balanced,num_third_party_libs,0.032342916616576456
E10,hector,Balanced_RF,assertion-roulette,0.009667733364364514
E10,hector,Balanced_RF,conditional-test-logic,0.003760657140546009
E10,hector,Balanced_RF,eager-test,0.006770400281954941
E10,hector,Balanced_RF,fire-and-forget,0.021053684825984645
E10,hector,Balanced_RF,indirect-testing,0.014957625811835075
E10,hector,Balanced_RF,mystery-guest,0.012489844305168443
E10,hector,Balanced_RF,resource-optimism,0.0062624464510015855
E10,hector,Balanced_RF,test-run-war,0.013146281687837448
E10,hector,Balanced_RF,testLength,0.06848219024398129
E10,hector,Balanced_RF,numAsserts,0.03120031323849494
E10,hector,Balanced_RF,numCoveredLines,0.07677164736908555
E10,hector,Balanced_RF,ExecutionTime,0.18876577457819307
E10,hector,Balanced_RF,projectSourceLinesCovered,0.11105639408898087
E10,hector,Balanced_RF,projectSourceClassesCovered,0.12140332216401781
E10,hector,Balanced_RF,hIndexModificationsPerCoveredLine_window5,0.01626428626494698
E10,hector,Balanced_RF,hIndexModificationsPerCoveredLine_window10,0.03196118282664621
E10,hector,Balanced_RF,hIndexModificationsPerCoveredLine_window25,0.027645594867986508
E10,hector,Balanced_RF,hIndexModificationsPerCoveredLine_window50,0.034647763806017334
E10,hector,Balanced_RF,hIndexModificationsPerCoveredLine_window75,0.03432227563077023
E10,hector,Balanced_RF,hIndexModificationsPerCoveredLine_window100,0.05932648679448218
E10,hector,Balanced_RF,hIndexModificationsPerCoveredLine_window500,0.03714241551040407
E10,hector,Balanced_RF,hIndexModificationsPerCoveredLine_window10000,0.03890006760609957
E10,hector,Balanced_RF,num_third_party_libs,0.034001611141200906
E10,hector,ExtraTrees_Balanced,assertion-roulette,0.024306393097852125
E10,hector,ExtraTrees_Balanced,conditional-test-logic,0.011943461343664323
E10,hector,ExtraTrees_Balanced,eager-test,0.012711753649012376
E10,hector,ExtraTrees_Balanced,fire-and-forget,0.03739511514540326
E10,hector,ExtraTrees_Balanced,indirect-testing,0.04085880924775963
E10,hector,ExtraTrees_Balanced,mystery-guest,0.018283572902244975
E10,hector,ExtraTrees_Balanced,resource-optimism,0.010926458391701059
E10,hector,ExtraTrees_Balanced,test-run-war,0.018855780773096513
E10,hector,ExtraTrees_Balanced,testLength,0.05192592965133973
E10,hector,ExtraTrees_Balanced,numAsserts,0.035358425830345576
E10,hector,ExtraTrees_Balanced,numCoveredLines,0.06624593690580603
E10,hector,ExtraTrees_Balanced,ExecutionTime,0.08286667566685567
E10,hector,ExtraTrees_Balanced,projectSourceLinesCovered,0.06893035281818156
E10,hector,ExtraTrees_Balanced,projectSourceClassesCovered,0.09616341371175618
E10,hector,ExtraTrees_Balanced,hIndexModificationsPerCoveredLine_window5,0.03163284046319849
E10,hector,ExtraTrees_Balanced,hIndexModificationsPerCoveredLine_window10,0.06154062930529701
E10,hector,ExtraTrees_Balanced,hIndexModificationsPerCoveredLine_window25,0.03607248451899289
E10,hector,ExtraTrees_Balanced,hIndexModificationsPerCoveredLine_window50,0.05942674895901172
E10,hector,ExtraTrees_Balanced,hIndexModificationsPerCoveredLine_window75,0.040730232930633256
E10,hector,ExtraTrees_Balanced,hIndexModificationsPerCoveredLine_window100,0.060057994034320335
E10,hector,ExtraTrees_Balanced,hIndexModificationsPerCoveredLine_window500,0.05835306163649683
E10,hector,ExtraTrees_Balanced,hIndexModificationsPerCoveredLine_window10000,0.040635222006511915
E10,hector,ExtraTrees_Balanced,num_third_party_libs,0.03477870701051868
E10,hector,XGB_Baseline,assertion-roulette,0.012384580448269844
E10,hector,XGB_Baseline,conditional-test-logic,0.009460114873945713
E10,hector,XGB_Baseline,eager-test,0.011578668840229511
E10,hector,XGB_Baseline,fire-and-forget,0.04654945433139801
E10,hector,XGB_Baseline,indirect-testing,0.024225100874900818
E10,hector,XGB_Baseline,mystery-guest,0.027338778600096703
E10,hector,XGB_Baseline,resource-optimism,0.04344726353883743
E10,hector,XGB_Baseline,test-run-war,0.025365980342030525
E10,hector,XGB_Baseline,testLength,0.03237878158688545
E10,hector,XGB_Baseline,numAsserts,0.012837204150855541
E10,hector,XGB_Baseline,numCoveredLines,0.022464266046881676
E10,hector,XGB_Baseline,ExecutionTime,0.03162197023630142
E10,hector,XGB_Baseline,projectSourceLinesCovered,0.015100270509719849
E10,hector,XGB_Baseline,projectSourceClassesCovered,0.051936157047748566
E10,hector,XGB_Baseline,hIndexModificationsPerCoveredLine_window5,0.014018253423273563
E10,hector,XGB_Baseline,hIndexModificationsPerCoveredLine_window10,0.17281994223594666
E10,hector,XGB_Baseline,hIndexModificationsPerCoveredLine_window25,0.07972004264593124
E10,hector,XGB_Baseline,hIndexModificationsPerCoveredLine_window50,0.037818543612957
E10,hector,XGB_Baseline,hIndexModificationsPerCoveredLine_window75,0.05330327898263931
E10,hector,XGB_Baseline,hIndexModificationsPerCoveredLine_window100,0.05377603694796562
E10,hector,XGB_Baseline,hIndexModificationsPerCoveredLine_window500,0.04196688160300255
E10,hector,XGB_Baseline,hIndexModificationsPerCoveredLine_window10000,0.1655530333518982
E10,hector,XGB_Baseline,num_third_party_libs,0.014335406944155693
E10,hector,XGB_ClassWeight,assertion-roulette,0.024692043662071228
E10,hector,XGB_ClassWeight,conditional-test-logic,0.011015642434358597
E10,hector,XGB_ClassWeight,eager-test,0.024183230474591255
E10,hector,XGB_ClassWeight,fire-and-forget,0.08058512210845947
E10,hector,XGB_ClassWeight,indirect-testing,0.025013010948896408
E10,hector,XGB_ClassWeight,mystery-guest,0.036416906863451004
E10,hector,XGB_ClassWeight,resource-optimism,0.049669791013002396
E10,hector,XGB_ClassWeight,test-run-war,0.05344172194600105
E10,hector,XGB_ClassWeight,testLength,0.021088292822241783
E10,hector,XGB_ClassWeight,numAsserts,0.01798342354595661
E10,hector,XGB_ClassWeight,numCoveredLines,0.030785895884037018
E10,hector,XGB_ClassWeight,ExecutionTime,0.07715198397636414
E10,hector,XGB_ClassWeight,projectSourceLinesCovered,0.025780001655220985
E10,hector,XGB_ClassWeight,projectSourceClassesCovered,0.03879091516137123
E10,hector,XGB_ClassWeight,hIndexModificationsPerCoveredLine_window5,0.03195052221417427
E10,hector,XGB_ClassWeight,hIndexModificationsPerCoveredLine_window10,0.09094399213790894
E10,hector,XGB_ClassWeight,hIndexModificationsPerCoveredLine_window25,0.042196810245513916
E10,hector,XGB_ClassWeight,hIndexModificationsPerCoveredLine_window50,0.07147999107837677
E10,hector,XGB_ClassWeight,hIndexModificationsPerCoveredLine_window75,0.036908604204654694
E10,hector,XGB_ClassWeight,hIndexModificationsPerCoveredLine_window100,0.11955177038908005
E10,hector,XGB_ClassWeight,hIndexModificationsPerCoveredLine_window500,0.03546273335814476
E10,hector,XGB_ClassWeight,hIndexModificationsPerCoveredLine_window10000,0.032554369419813156
E10,hector,XGB_ClassWeight,num_third_party_libs,0.022353146225214005
E10,hector,LightGBM_Baseline,assertion-roulette,25.0
E10,hector,LightGBM_Baseline,conditional-test-logic,8.0
E10,hector,LightGBM_Baseline,eager-test,19.0
E10,hector,LightGBM_Baseline,fire-and-forget,49.0
E10,hector,LightGBM_Baseline,indirect-testing,48.0
E10,hector,LightGBM_Baseline,mystery-guest,27.0
E10,hector,LightGBM_Baseline,resource-optimism,22.0
E10,hector,LightGBM_Baseline,test-run-war,49.0
E10,hector,LightGBM_Baseline,testLength,311.0
E10,hector,LightGBM_Baseline,numAsserts,124.0
E10,hector,LightGBM_Baseline,numCoveredLines,297.0
E10,hector,LightGBM_Baseline,ExecutionTime,466.0
E10,hector,LightGBM_Baseline,projectSourceLinesCovered,404.0
E10,hector,LightGBM_Baseline,projectSourceClassesCovered,367.0
E10,hector,LightGBM_Baseline,hIndexModificationsPerCoveredLine_window5,30.0
E10,hector,LightGBM_Baseline,hIndexModificationsPerCoveredLine_window10,57.0
E10,hector,LightGBM_Baseline,hIndexModificationsPerCoveredLine_window25,69.0
E10,hector,LightGBM_Baseline,hIndexModificationsPerCoveredLine_window50,89.0
E10,hector,LightGBM_Baseline,hIndexModificationsPerCoveredLine_window75,33.0
E10,hector,LightGBM_Baseline,hIndexModificationsPerCoveredLine_window100,82.0
E10,hector,LightGBM_Baseline,hIndexModificationsPerCoveredLine_window500,137.0
E10,hector,LightGBM_Baseline,hIndexModificationsPerCoveredLine_window10000,119.0
E10,hector,LightGBM_Baseline,num_third_party_libs,168.0
E10,hector,LightGBM_Balanced,assertion-roulette,14.0
E10,hector,LightGBM_Balanced,conditional-test-logic,9.0
E10,hector,LightGBM_Balanced,eager-test,23.0
E10,hector,LightGBM_Balanced,fire-and-forget,42.0
E10,hector,LightGBM_Balanced,indirect-testing,38.0
E10,hector,LightGBM_Balanced,mystery-guest,29.0
E10,hector,LightGBM_Balanced,resource-optimism,27.0
E10,hector,LightGBM_Balanced,test-run-war,61.0
E10,hector,LightGBM_Balanced,testLength,299.0
E10,hector,LightGBM_Balanced,numAsserts,123.0
E10,hector,LightGBM_Balanced,numCoveredLines,264.0
E10,hector,LightGBM_Balanced,ExecutionTime,475.0
E10,hector,LightGBM_Balanced,projectSourceLinesCovered,363.0
E10,hector,LightGBM_Balanced,projectSourceClassesCovered,394.0
E10,hector,LightGBM_Balanced,hIndexModificationsPerCoveredLine_window5,55.0
E10,hector,LightGBM_Balanced,hIndexModificationsPerCoveredLine_window10,56.0
E10,hector,LightGBM_Balanced,hIndexModificationsPerCoveredLine_window25,48.0
E10,hector,LightGBM_Balanced,hIndexModificationsPerCoveredLine_window50,100.0
E10,hector,LightGBM_Balanced,hIndexModificationsPerCoveredLine_window75,29.0
E10,hector,LightGBM_Balanced,hIndexModificationsPerCoveredLine_window100,91.0
E10,hector,LightGBM_Balanced,hIndexModificationsPerCoveredLine_window500,149.0
E10,hector,LightGBM_Balanced,hIndexModificationsPerCoveredLine_window10000,127.0
E10,hector,LightGBM_Balanced,num_third_party_libs,184.0
E10,hector,GradientBoosting_Balanced,assertion-roulette,0.00017993625425722064
E10,hector,GradientBoosting_Balanced,conditional-test-logic,0.00025107992229770926
E10,hector,GradientBoosting_Balanced,eager-test,0.0019457220769550562
E10,hector,GradientBoosting_Balanced,fire-and-forget,0.04336249291079662
E10,hector,GradientBoosting_Balanced,indirect-testing,0.0013019306312661385
E10,hector,GradientBoosting_Balanced,mystery-guest,0.004939282168213686
E10,hector,GradientBoosting_Balanced,resource-optimism,0.009420166369461342
E10,hector,GradientBoosting_Balanced,test-run-war,0.01706093311841822
E10,hector,GradientBoosting_Balanced,testLength,0.05107855495682012
E10,hector,GradientBoosting_Balanced,numAsserts,0.0024725940989518682
E10,hector,GradientBoosting_Balanced,numCoveredLines,0.04489812339583136
E10,hector,GradientBoosting_Balanced,ExecutionTime,0.3616263786200924
E10,hector,GradientBoosting_Balanced,projectSourceLinesCovered,0.08833376775516699
E10,hector,GradientBoosting_Balanced,projectSourceClassesCovered,0.10946708937208367
E10,hector,GradientBoosting_Balanced,hIndexModificationsPerCoveredLine_window5,0.002963238122038111
E10,hector,GradientBoosting_Balanced,hIndexModificationsPerCoveredLine_window10,0.02909411144916339
E10,hector,GradientBoosting_Balanced,hIndexModificationsPerCoveredLine_window25,0.030908078109051242
E10,hector,GradientBoosting_Balanced,hIndexModificationsPerCoveredLine_window50,0.02182785145962984
E10,hector,GradientBoosting_Balanced,hIndexModificationsPerCoveredLine_window75,0.032545888190448166
E10,hector,GradientBoosting_Balanced,hIndexModificationsPerCoveredLine_window100,0.08856447027825996
E10,hector,GradientBoosting_Balanced,hIndexModificationsPerCoveredLine_window500,0.029164648985568996
E10,hector,GradientBoosting_Balanced,hIndexModificationsPerCoveredLine_window10000,0.0179157976760449
E10,hector,GradientBoosting_Balanced,num_third_party_libs,0.010677864079182961
E11,handlebars.java,RF_Baseline,assertion-roulette,0.011439386692990668
E11,handlebars.java,RF_Baseline,conditional-test-logic,0.005655437763876652
E11,handlebars.java,RF_Baseline,eager-test,0.005703170816613023
E11,handlebars.java,RF_Baseline,fire-and-forget,0.010527269392655731
E11,handlebars.java,RF_Baseline,indirect-testing,0.015243114936502893
E11,handlebars.java,RF_Baseline,mystery-guest,0.007949043954155917
E11,handlebars.java,RF_Baseline,resource-optimism,0.006944395752691306
E11,handlebars.java,RF_Baseline,test-run-war,0.007037171710771839
E11,handlebars.java,RF_Baseline,testLength,0.08933732440513195
E11,handlebars.java,RF_Baseline,numAsserts,0.041312784996412465
E11,handlebars.java,RF_Baseline,numCoveredLines,0.09088186081487797
E11,handlebars.java,RF_Baseline,ExecutionTime,0.1622144874283078
E11,handlebars.java,RF_Baseline,projectSourceLinesCovered,0.12723001455046754
E11,handlebars.java,RF_Baseline,projectSourceClassesCovered,0.11363796146285952
E11,handlebars.java,RF_Baseline,hIndexModificationsPerCoveredLine_window5,0.015978933435931805
E11,handlebars.java,RF_Baseline,hIndexModificationsPerCoveredLine_window10,0.03438884906222443
E11,handlebars.java,RF_Baseline,hIndexModificationsPerCoveredLine_window25,0.022995113398804275
E11,handlebars.java,RF_Baseline,hIndexModificationsPerCoveredLine_window50,0.023129478761789897
E11,handlebars.java,RF_Baseline,hIndexModificationsPerCoveredLine_window75,0.0271283243104928
E11,handlebars.java,RF_Baseline,hIndexModificationsPerCoveredLine_window100,0.03888539220298909
E11,handlebars.java,RF_Baseline,hIndexModificationsPerCoveredLine_window500,0.03728920973433407
E11,handlebars.java,RF_Baseline,hIndexModificationsPerCoveredLine_window10000,0.053696609883270394
E11,handlebars.java,RF_Baseline,num_third_party_libs,0.05139466453184799
E11,handlebars.java,RF_Balanced,assertion-roulette,0.008527019474484802
E11,handlebars.java,RF_Balanced,conditional-test-logic,0.003249506996969921
E11,handlebars.java,RF_Balanced,eager-test,0.0065081522595941245
E11,handlebars.java,RF_Balanced,fire-and-forget,0.017814753425539617
E11,handlebars.java,RF_Balanced,indirect-testing,0.014937940527044924
E11,handlebars.java,RF_Balanced,mystery-guest,0.012192342087268241
E11,handlebars.java,RF_Balanced,resource-optimism,0.007979542483965308
E11,handlebars.java,RF_Balanced,test-run-war,0.012195972091444988
E11,handlebars.java,RF_Balanced,testLength,0.06493781797474579
E11,handlebars.java,RF_Balanced,numAsserts,0.03024165822798019
E11,handlebars.java,RF_Balanced,numCoveredLines,0.07659014334377635
E11,handlebars.java,RF_Balanced,ExecutionTime,0.1845484729225239
E11,handlebars.java,RF_Balanced,projectSourceLinesCovered,0.11544989887320672
E11,handlebars.java,RF_Balanced,projectSourceClassesCovered,0.1206010666810521
E11,handlebars.java,RF_Balanced,hIndexModificationsPerCoveredLine_window5,0.012031374117771118
E11,handlebars.java,RF_Balanced,hIndexModificationsPerCoveredLine_window10,0.024113978259940008
E11,handlebars.java,RF_Balanced,hIndexModificationsPerCoveredLine_window25,0.026136191397255072
E11,handlebars.java,RF_Balanced,hIndexModificationsPerCoveredLine_window50,0.034278860032357056
E11,handlebars.java,RF_Balanced,hIndexModificationsPerCoveredLine_window75,0.05097627358068047
E11,handlebars.java,RF_Balanced,hIndexModificationsPerCoveredLine_window100,0.0704557060749851
E11,handlebars.java,RF_Balanced,hIndexModificationsPerCoveredLine_window500,0.039238276152871995
E11,handlebars.java,RF_Balanced,hIndexModificationsPerCoveredLine_window10000,0.0370825439842604
E11,handlebars.java,RF_Balanced,num_third_party_libs,0.029912509030281764
E11,handlebars.java,Balanced_RF,assertion-roulette,0.008537156030746978
E11,handlebars.java,Balanced_RF,conditional-test-logic,0.004281381466921637
E11,handlebars.java,Balanced_RF,eager-test,0.00739691610420024
E11,handlebars.java,Balanced_RF,fire-and-forget,0.018976599476050553
E11,handlebars.java,Balanced_RF,indirect-testing,0.015432579921124658
E11,handlebars.java,Balanced_RF,mystery-guest,0.011851709580782778
E11,handlebars.java,Balanced_RF,resource-optimism,0.007455803252982335
E11,handlebars.java,Balanced_RF,test-run-war,0.011694819104830683
E11,handlebars.java,Balanced_RF,testLength,0.06959245009062563
E11,handlebars.java,Balanced_RF,numAsserts,0.03103999641074209
E11,handlebars.java,Balanced_RF,numCoveredLines,0.07322864076001069
E11,handlebars.java,Balanced_RF,ExecutionTime,0.18312073527127135
E11,handlebars.java,Balanced_RF,projectSourceLinesCovered,0.11332755490173406
E11,handlebars.java,Balanced_RF,projectSourceClassesCovered,0.112500303069039
E11,handlebars.java,Balanced_RF,hIndexModificationsPerCoveredLine_window5,0.013160589714667093
E11,handlebars.java,Balanced_RF,hIndexModificationsPerCoveredLine_window10,0.027840131865331
E11,handlebars.java,Balanced_RF,hIndexModificationsPerCoveredLine_window25,0.028903670957227196
E11,handlebars.java,Balanced_RF,hIndexModificationsPerCoveredLine_window50,0.03251737003076548
E11,handlebars.java,Balanced_RF,hIndexModificationsPerCoveredLine_window75,0.0509439634754944
E11,handlebars.java,Balanced_RF,hIndexModificationsPerCoveredLine_window100,0.06736783840029976
E11,handlebars.java,Balanced_RF,hIndexModificationsPerCoveredLine_window500,0.04153866430213977
E11,handlebars.java,Balanced_RF,hIndexModificationsPerCoveredLine_window10000,0.038683413486085776
E11,handlebars.java,Balanced_RF,num_third_party_libs,0.030607712326926932
E11,handlebars.java,ExtraTrees_Balanced,assertion-roulette,0.025460942405596626
E11,handlebars.java,ExtraTrees_Balanced,conditional-test-logic,0.013112227803182231
E11,handlebars.java,ExtraTrees_Balanced,eager-test,0.01282609924077813
E11,handlebars.java,ExtraTrees_Balanced,fire-and-forget,0.03410307839418137
E11,handlebars.java,ExtraTrees_Balanced,indirect-testing,0.03941267950580531
E11,handlebars.java,ExtraTrees_Balanced,mystery-guest,0.017312018411172046
E11,handlebars.java,ExtraTrees_Balanced,resource-optimism,0.01052620706288787
E11,handlebars.java,ExtraTrees_Balanced,test-run-war,0.017350463413900993
E11,handlebars.java,ExtraTrees_Balanced,testLength,0.051152170978346644
E11,handlebars.java,ExtraTrees_Balanced,numAsserts,0.03577921194735663
E11,handlebars.java,ExtraTrees_Balanced,numCoveredLines,0.06676472139410637
E11,handlebars.java,ExtraTrees_Balanced,ExecutionTime,0.07796887846014489
E11,handlebars.java,ExtraTrees_Balanced,projectSourceLinesCovered,0.07231760599670747
E11,handlebars.java,ExtraTrees_Balanced,projectSourceClassesCovered,0.09135831434046189
E11,handlebars.java,ExtraTrees_Balanced,hIndexModificationsPerCoveredLine_window5,0.029172324983964194
E11,handlebars.java,ExtraTrees_Balanced,hIndexModificationsPerCoveredLine_window10,0.05781964918249087
E11,handlebars.java,ExtraTrees_Balanced,hIndexModificationsPerCoveredLine_window25,0.03404566856103061
E11,handlebars.java,ExtraTrees_Balanced,hIndexModificationsPerCoveredLine_window50,0.0592424378017245
E11,handlebars.java,ExtraTrees_Balanced,hIndexModificationsPerCoveredLine_window75,0.0522339198578682
E11,handlebars.java,ExtraTrees_Balanced,hIndexModificationsPerCoveredLine_window100,0.06750055000305161
E11,handlebars.java,ExtraTrees_Balanced,hIndexModificationsPerCoveredLine_window500,0.059018974568322904
E11,handlebars.java,ExtraTrees_Balanced,hIndexModificationsPerCoveredLine_window10000,0.040213146101829994
E11,handlebars.java,ExtraTrees_Balanced,num_third_party_libs,0.03530870958508849
E11,handlebars.java,XGB_Baseline,assertion-roulette,0.015079465694725513
E11,handlebars.java,XGB_Baseline,conditional-test-logic,0.008297927677631378
E11,handlebars.java,XGB_Baseline,eager-test,0.015305673703551292
E11,handlebars.java,XGB_Baseline,fire-and-forget,0.05140281468629837
E11,handlebars.java,XGB_Baseline,indirect-testing,0.031661100685596466
E11,handlebars.java,XGB_Baseline,mystery-guest,0.023203521966934204
E11,handlebars.java,XGB_Baseline,resource-optimism,0.08807887136936188
E11,handlebars.java,XGB_Baseline,test-run-war,0.03283366933465004
E11,handlebars.java,XGB_Baseline,testLength,0.03033255971968174
E11,handlebars.java,XGB_Baseline,numAsserts,0.011393778026103973
E11,handlebars.java,XGB_Baseline,numCoveredLines,0.04211396351456642
E11,handlebars.java,XGB_Baseline,ExecutionTime,0.035963110625743866
E11,handlebars.java,XGB_Baseline,projectSourceLinesCovered,0.014665980823338032
E11,handlebars.java,XGB_Baseline,projectSourceClassesCovered,0.0456789955496788
E11,handlebars.java,XGB_Baseline,hIndexModificationsPerCoveredLine_window5,0.018484551459550858
E11,handlebars.java,XGB_Baseline,hIndexModificationsPerCoveredLine_window10,0.13113334774971008
E11,handlebars.java,XGB_Baseline,hIndexModificationsPerCoveredLine_window25,0.07435277104377747
E11,handlebars.java,XGB_Baseline,hIndexModificationsPerCoveredLine_window50,0.03160947188735008
E11,handlebars.java,XGB_Baseline,hIndexModificationsPerCoveredLine_window75,0.053235091269016266
E11,handlebars.java,XGB_Baseline,hIndexModificationsPerCoveredLine_window100,0.14036448299884796
E11,handlebars.java,XGB_Baseline,hIndexModificationsPerCoveredLine_window500,0.05130802094936371
E11,handlebars.java,XGB_Baseline,hIndexModificationsPerCoveredLine_window10000,0.034397613257169724
E11,handlebars.java,XGB_Baseline,num_third_party_libs,0.019103191792964935
E11,handlebars.java,XGB_ClassWeight,assertion-roulette,0.012792457826435566
E11,handlebars.java,XGB_ClassWeight,conditional-test-logic,0.01325460709631443
E11,handlebars.java,XGB_ClassWeight,eager-test,0.023967493325471878
E11,handlebars.java,XGB_ClassWeight,fire-and-forget,0.0772741436958313
E11,handlebars.java,XGB_ClassWeight,indirect-testing,0.02205151692032814
E11,handlebars.java,XGB_ClassWeight,mystery-guest,0.02882145717740059
E11,handlebars.java,XGB_ClassWeight,resource-optimism,0.07078629732131958
E11,handlebars.java,XGB_ClassWeight,test-run-war,0.057844966650009155
E11,handlebars.java,XGB_ClassWeight,testLength,0.02051163837313652
E11,handlebars.java,XGB_ClassWeight,numAsserts,0.015311433002352715
E11,handlebars.java,XGB_ClassWeight,numCoveredLines,0.028916219249367714
E11,handlebars.java,XGB_ClassWeight,ExecutionTime,0.07284765690565109
E11,handlebars.java,XGB_ClassWeight,projectSourceLinesCovered,0.02688148431479931
E11,handlebars.java,XGB_ClassWeight,projectSourceClassesCovered,0.03461918234825134
E11,handlebars.java,XGB_ClassWeight,hIndexModificationsPerCoveredLine_window5,0.0282963365316391
E11,handlebars.java,XGB_ClassWeight,hIndexModificationsPerCoveredLine_window10,0.05435310676693916
E11,handlebars.java,XGB_ClassWeight,hIndexModificationsPerCoveredLine_window25,0.0410333126783371
E11,handlebars.java,XGB_ClassWeight,hIndexModificationsPerCoveredLine_window50,0.0656091719865799
E11,handlebars.java,XGB_ClassWeight,hIndexModificationsPerCoveredLine_window75,0.04288719967007637
E11,handlebars.java,XGB_ClassWeight,hIndexModificationsPerCoveredLine_window100,0.13921211659908295
E11,handlebars.java,XGB_ClassWeight,hIndexModificationsPerCoveredLine_window500,0.05253268778324127
E11,handlebars.java,XGB_ClassWeight,hIndexModificationsPerCoveredLine_window10000,0.0451408252120018
E11,handlebars.java,XGB_ClassWeight,num_third_party_libs,0.025054672732949257
E11,handlebars.java,LightGBM_Baseline,assertion-roulette,23.0
E11,handlebars.java,LightGBM_Baseline,conditional-test-logic,10.0
E11,handlebars.java,LightGBM_Baseline,eager-test,14.0
E11,handlebars.java,LightGBM_Baseline,fire-and-forget,50.0
E11,handlebars.java,LightGBM_Baseline,indirect-testing,49.0
E11,handlebars.java,LightGBM_Baseline,mystery-guest,40.0
E11,handlebars.java,LightGBM_Baseline,resource-optimism,17.0
E11,handlebars.java,LightGBM_Baseline,test-run-war,35.0
E11,handlebars.java,LightGBM_Baseline,testLength,343.0
E11,handlebars.java,LightGBM_Baseline,numAsserts,122.0
E11,handlebars.java,LightGBM_Baseline,numCoveredLines,224.0
E11,handlebars.java,LightGBM_Baseline,ExecutionTime,458.0
E11,handlebars.java,LightGBM_Baseline,projectSourceLinesCovered,420.0
E11,handlebars.java,LightGBM_Baseline,projectSourceClassesCovered,379.0
E11,handlebars.java,LightGBM_Baseline,hIndexModificationsPerCoveredLine_window5,28.0
E11,handlebars.java,LightGBM_Baseline,hIndexModificationsPerCoveredLine_window10,48.0
E11,handlebars.java,LightGBM_Baseline,hIndexModificationsPerCoveredLine_window25,41.0
E11,handlebars.java,LightGBM_Baseline,hIndexModificationsPerCoveredLine_window50,75.0
E11,handlebars.java,LightGBM_Baseline,hIndexModificationsPerCoveredLine_window75,43.0
E11,handlebars.java,LightGBM_Baseline,hIndexModificationsPerCoveredLine_window100,95.0
E11,handlebars.java,LightGBM_Baseline,hIndexModificationsPerCoveredLine_window500,147.0
E11,handlebars.java,LightGBM_Baseline,hIndexModificationsPerCoveredLine_window10000,159.0
E11,handlebars.java,LightGBM_Baseline,num_third_party_libs,180.0
E11,handlebars.java,LightGBM_Balanced,assertion-roulette,25.0
E11,handlebars.java,LightGBM_Balanced,conditional-test-logic,14.0
E11,handlebars.java,LightGBM_Balanced,eager-test,31.0
E11,handlebars.java,LightGBM_Balanced,fire-and-forget,48.0
E11,handlebars.java,LightGBM_Balanced,indirect-testing,43.0
E11,handlebars.java,LightGBM_Balanced,mystery-guest,21.0
E11,handlebars.java,LightGBM_Balanced,resource-optimism,31.0
E11,handlebars.java,LightGBM_Balanced,test-run-war,51.0
E11,handlebars.java,LightGBM_Balanced,testLength,305.0
E11,handlebars.java,LightGBM_Balanced,numAsserts,125.0
E11,handlebars.java,LightGBM_Balanced,numCoveredLines,266.0
E11,handlebars.java,LightGBM_Balanced,ExecutionTime,452.0
E11,handlebars.java,LightGBM_Balanced,projectSourceLinesCovered,318.0
E11,handlebars.java,LightGBM_Balanced,projectSourceClassesCovered,396.0
E11,handlebars.java,LightGBM_Balanced,hIndexModificationsPerCoveredLine_window5,64.0
E11,handlebars.java,LightGBM_Balanced,hIndexModificationsPerCoveredLine_window10,60.0
E11,handlebars.java,LightGBM_Balanced,hIndexModificationsPerCoveredLine_window25,59.0
E11,handlebars.java,LightGBM_Balanced,hIndexModificationsPerCoveredLine_window50,79.0
E11,handlebars.java,LightGBM_Balanced,hIndexModificationsPerCoveredLine_window75,60.0
E11,handlebars.java,LightGBM_Balanced,hIndexModificationsPerCoveredLine_window100,109.0
E11,handlebars.java,LightGBM_Balanced,hIndexModificationsPerCoveredLine_window500,142.0
E11,handlebars.java,LightGBM_Balanced,hIndexModificationsPerCoveredLine_window10000,125.0
E11,handlebars.java,LightGBM_Balanced,num_third_party_libs,176.0
E11,handlebars.java,GradientBoosting_Balanced,assertion-roulette,0.0002100663210535596
E11,handlebars.java,GradientBoosting_Balanced,conditional-test-logic,0.0001930945927725311
E11,handlebars.java,GradientBoosting_Balanced,eager-test,0.0009153089423077279
E11,handlebars.java,GradientBoosting_Balanced,fire-and-forget,0.03220232925618679
E11,handlebars.java,GradientBoosting_Balanced,indirect-testing,0.00272896409985583
E11,handlebars.java,GradientBoosting_Balanced,mystery-guest,0.006759491117877725
E11,handlebars.java,GradientBoosting_Balanced,resource-optimism,0.00961587084514868
E11,handlebars.java,GradientBoosting_Balanced,test-run-war,0.017166510572162324
E11,handlebars.java,GradientBoosting_Balanced,testLength,0.03377868826242689
E11,handlebars.java,GradientBoosting_Balanced,numAsserts,0.0029065496998465336
E11,handlebars.java,GradientBoosting_Balanced,numCoveredLines,0.038508827010473624
E11,handlebars.java,GradientBoosting_Balanced,ExecutionTime,0.369927034741854
E11,handlebars.java,GradientBoosting_Balanced,projectSourceLinesCovered,0.10727642814592059
E11,handlebars.java,GradientBoosting_Balanced,projectSourceClassesCovered,0.09196914606624819
E11,handlebars.java,GradientBoosting_Balanced,hIndexModificationsPerCoveredLine_window5,0.005502545769537486
E11,handlebars.java,GradientBoosting_Balanced,hIndexModificationsPerCoveredLine_window10,0.015274088704924095
E11,handlebars.java,GradientBoosting_Balanced,hIndexModificationsPerCoveredLine_window25,0.02190947007286392
E11,handlebars.java,GradientBoosting_Balanced,hIndexModificationsPerCoveredLine_window50,0.01568769335449836
E11,handlebars.java,GradientBoosting_Balanced,hIndexModificationsPerCoveredLine_window75,0.058924015537825204
E11,handlebars.java,GradientBoosting_Balanced,hIndexModificationsPerCoveredLine_window100,0.10209665651362487
E11,handlebars.java,GradientBoosting_Balanced,hIndexModificationsPerCoveredLine_window500,0.034819847898615176
E11,handlebars.java,GradientBoosting_Balanced,hIndexModificationsPerCoveredLine_window10000,0.01965410458293952
E11,handlebars.java,GradientBoosting_Balanced,num_third_party_libs,0.011973267891036187
E12,assertj-core,RF_Baseline,assertion-roulette,0.010156879601009377
E12,assertj-core,RF_Baseline,conditional-test-logic,0.005208803945214654
E12,assertj-core,RF_Baseline,eager-test,0.006637398734855174
E12,assertj-core,RF_Baseline,fire-and-forget,0.010336557870053125
E12,assertj-core,RF_Baseline,indirect-testing,0.014659494327773038
E12,assertj-core,RF_Baseline,mystery-guest,0.008697414593818925
E12,assertj-core,RF_Baseline,resource-optimism,0.007786060337399897
E12,assertj-core,RF_Baseline,test-run-war,0.008029312911470925
E12,assertj-core,RF_Baseline,testLength,0.08888458510981394
E12,assertj-core,RF_Baseline,numAsserts,0.04157993486112197
E12,assertj-core,RF_Baseline,numCoveredLines,0.09239171418284846
E12,assertj-core,RF_Baseline,ExecutionTime,0.16589676796726108
E12,assertj-core,RF_Baseline,projectSourceLinesCovered,0.12774983803735868
E12,assertj-core,RF_Baseline,projectSourceClassesCovered,0.11454322527284856
E12,assertj-core,RF_Baseline,hIndexModificationsPerCoveredLine_window5,0.018918661422282337
E12,assertj-core,RF_Baseline,hIndexModificationsPerCoveredLine_window10,0.03225177375218184
E12,assertj-core,RF_Baseline,hIndexModificationsPerCoveredLine_window25,0.020814014268711517
E12,assertj-core,RF_Baseline,hIndexModificationsPerCoveredLine_window50,0.023757122086150963
E12,assertj-core,RF_Baseline,hIndexModificationsPerCoveredLine_window75,0.02554916713876155
E12,assertj-core,RF_Baseline,hIndexModificationsPerCoveredLine_window100,0.040302614773284846
E12,assertj-core,RF_Baseline,hIndexModificationsPerCoveredLine_window500,0.03566735834704417
E12,assertj-core,RF_Baseline,hIndexModificationsPerCoveredLine_window10000,0.05089263583220866
E12,assertj-core,RF_Baseline,num_third_party_libs,0.04928866462652638
E12,assertj-core,RF_Balanced,assertion-roulette,0.009308131927474336
E12,assertj-core,RF_Balanced,conditional-test-logic,0.003750059698239281
E12,assertj-core,RF_Balanced,eager-test,0.006715657820919608
E12,assertj-core,RF_Balanced,fire-and-forget,0.017812304933524238
E12,assertj-core,RF_Balanced,indirect-testing,0.014080360159117344
E12,assertj-core,RF_Balanced,mystery-guest,0.010575065216661942
E12,assertj-core,RF_Balanced,resource-optimism,0.008144886540063729
E12,assertj-core,RF_Balanced,test-run-war,0.015167421482047317
E12,assertj-core,RF_Balanced,testLength,0.07433547785448408
E12,assertj-core,RF_Balanced,numAsserts,0.03171175744825494
E12,assertj-core,RF_Balanced,numCoveredLines,0.0722156380906669
E12,assertj-core,RF_Balanced,ExecutionTime,0.20829368413653754
E12,assertj-core,RF_Balanced,projectSourceLinesCovered,0.11468802402861214
E12,assertj-core,RF_Balanced,projectSourceClassesCovered,0.11169586722542843
E12,assertj-core,RF_Balanced,hIndexModificationsPerCoveredLine_window5,0.011601609577031831
E12,assertj-core,RF_Balanced,hIndexModificationsPerCoveredLine_window10,0.024114848974164476
E12,assertj-core,RF_Balanced,hIndexModificationsPerCoveredLine_window25,0.02799598195680176
E12,assertj-core,RF_Balanced,hIndexModificationsPerCoveredLine_window50,0.025997723034981313
E12,assertj-core,RF_Balanced,hIndexModificationsPerCoveredLine_window75,0.0353085073157548
E12,assertj-core,RF_Balanced,hIndexModificationsPerCoveredLine_window100,0.05344162455117593
E12,assertj-core,RF_Balanced,hIndexModificationsPerCoveredLine_window500,0.04300193603809856
E12,assertj-core,RF_Balanced,hIndexModificationsPerCoveredLine_window10000,0.04076837918137935
E12,assertj-core,RF_Balanced,num_third_party_libs,0.039275052808580374
E12,assertj-core,Balanced_RF,assertion-roulette,0.00963243084962086
E12,assertj-core,Balanced_RF,conditional-test-logic,0.004136656323522696
E12,assertj-core,Balanced_RF,eager-test,0.006777327627815063
E12,assertj-core,Balanced_RF,fire-and-forget,0.015604516665260332
E12,assertj-core,Balanced_RF,indirect-testing,0.015383857588897099
E12,assertj-core,Balanced_RF,mystery-guest,0.011405468181234842
E12,assertj-core,Balanced_RF,resource-optimism,0.006963032066717246
E12,assertj-core,Balanced_RF,test-run-war,0.015717454417390458
E12,assertj-core,Balanced_RF,testLength,0.07783762500328452
E12,assertj-core,Balanced_RF,numAsserts,0.03409402637516765
E12,assertj-core,Balanced_RF,numCoveredLines,0.07286002133473589
E12,assertj-core,Balanced_RF,ExecutionTime,0.1940630436793389
E12,assertj-core,Balanced_RF,projectSourceLinesCovered,0.10900330118130191
E12,assertj-core,Balanced_RF,projectSourceClassesCovered,0.11272840960708894
E12,assertj-core,Balanced_RF,hIndexModificationsPerCoveredLine_window5,0.016347784487274798
E12,assertj-core,Balanced_RF,hIndexModificationsPerCoveredLine_window10,0.02658500648676296
E12,assertj-core,Balanced_RF,hIndexModificationsPerCoveredLine_window25,0.025164923091626056
E12,assertj-core,Balanced_RF,hIndexModificationsPerCoveredLine_window50,0.025516323640829668
E12,assertj-core,Balanced_RF,hIndexModificationsPerCoveredLine_window75,0.03664799960582091
E12,assertj-core,Balanced_RF,hIndexModificationsPerCoveredLine_window100,0.05454062133278702
E12,assertj-core,Balanced_RF,hIndexModificationsPerCoveredLine_window500,0.04479008648186994
E12,assertj-core,Balanced_RF,hIndexModificationsPerCoveredLine_window10000,0.043065108162436375
E12,assertj-core,Balanced_RF,num_third_party_libs,0.041134975809216004
E12,assertj-core,ExtraTrees_Balanced,assertion-roulette,0.023993092165330392
E12,assertj-core,ExtraTrees_Balanced,conditional-test-logic,0.010994216083089724
E12,assertj-core,ExtraTrees_Balanced,eager-test,0.014389483190773473
E12,assertj-core,ExtraTrees_Balanced,fire-and-forget,0.028589278242580982
E12,assertj-core,ExtraTrees_Balanced,indirect-testing,0.034091217585980035
E12,assertj-core,ExtraTrees_Balanced,mystery-guest,0.01464468488493983
E12,assertj-core,ExtraTrees_Balanced,resource-optimism,0.01112048084041811
E12,assertj-core,ExtraTrees_Balanced,test-run-war,0.01999268368311005
E12,assertj-core,ExtraTrees_Balanced,testLength,0.05623531319028689
E12,assertj-core,ExtraTrees_Balanced,numAsserts,0.04203010563849495
E12,assertj-core,ExtraTrees_Balanced,numCoveredLines,0.06696879895525161
E12,assertj-core,ExtraTrees_Balanced,ExecutionTime,0.09706069429429799
E12,assertj-core,ExtraTrees_Balanced,projectSourceLinesCovered,0.07775588099558699
E12,assertj-core,ExtraTrees_Balanced,projectSourceClassesCovered,0.10590056570924984
E12,assertj-core,ExtraTrees_Balanced,hIndexModificationsPerCoveredLine_window5,0.022744670973466836
E12,assertj-core,ExtraTrees_Balanced,hIndexModificationsPerCoveredLine_window10,0.04122673623327702
E12,assertj-core,ExtraTrees_Balanced,hIndexModificationsPerCoveredLine_window25,0.03416274636611907
E12,assertj-core,ExtraTrees_Balanced,hIndexModificationsPerCoveredLine_window50,0.04597884135027356
E12,assertj-core,ExtraTrees_Balanced,hIndexModificationsPerCoveredLine_window75,0.041366230638290764
E12,assertj-core,ExtraTrees_Balanced,hIndexModificationsPerCoveredLine_window100,0.06294786102671862
E12,assertj-core,ExtraTrees_Balanced,hIndexModificationsPerCoveredLine_window500,0.060622519978675175
E12,assertj-core,ExtraTrees_Balanced,hIndexModificationsPerCoveredLine_window10000,0.044520972819329645
E12,assertj-core,ExtraTrees_Balanced,num_third_party_libs,0.04266292515445835
E12,assertj-core,XGB_Baseline,assertion-roulette,0.011888088658452034
E12,assertj-core,XGB_Baseline,conditional-test-logic,0.004605566617101431
E12,assertj-core,XGB_Baseline,eager-test,0.01139925979077816
E12,assertj-core,XGB_Baseline,fire-and-forget,0.05840041860938072
E12,assertj-core,XGB_Baseline,indirect-testing,0.026057565584778786
E12,assertj-core,XGB_Baseline,mystery-guest,0.029427606612443924
E12,assertj-core,XGB_Baseline,resource-optimism,0.11031530797481537
E12,assertj-core,XGB_Baseline,test-run-war,0.03198979049921036
E12,assertj-core,XGB_Baseline,testLength,0.027398157864809036
E12,assertj-core,XGB_Baseline,numAsserts,0.016225291416049004
E12,assertj-core,XGB_Baseline,numCoveredLines,0.01800086721777916
E12,assertj-core,XGB_Baseline,ExecutionTime,0.03743526712059975
E12,assertj-core,XGB_Baseline,projectSourceLinesCovered,0.04227253794670105
E12,assertj-core,XGB_Baseline,projectSourceClassesCovered,0.04745111241936684
E12,assertj-core,XGB_Baseline,hIndexModificationsPerCoveredLine_window5,0.15604564547538757
E12,assertj-core,XGB_Baseline,hIndexModificationsPerCoveredLine_window10,0.03130747377872467
E12,assertj-core,XGB_Baseline,hIndexModificationsPerCoveredLine_window25,0.03497563675045967
E12,assertj-core,XGB_Baseline,hIndexModificationsPerCoveredLine_window50,0.032022085040807724
E12,assertj-core,XGB_Baseline,hIndexModificationsPerCoveredLine_window75,0.10701194405555725
E12,assertj-core,XGB_Baseline,hIndexModificationsPerCoveredLine_window100,0.06235203891992569
E12,assertj-core,XGB_Baseline,hIndexModificationsPerCoveredLine_window500,0.048421893268823624
E12,assertj-core,XGB_Baseline,hIndexModificationsPerCoveredLine_window10000,0.027791820466518402
E12,assertj-core,XGB_Baseline,num_third_party_libs,0.02720462903380394
E12,assertj-core,XGB_ClassWeight,assertion-roulette,0.021471168845891953
E12,assertj-core,XGB_ClassWeight,conditional-test-logic,0.012612692080438137
E12,assertj-core,XGB_ClassWeight,eager-test,0.02287587709724903
E12,assertj-core,XGB_ClassWeight,fire-and-forget,0.039254747331142426
E12,assertj-core,XGB_ClassWeight,indirect-testing,0.04557346552610397
E12,assertj-core,XGB_ClassWeight,mystery-guest,0.02379005029797554
E12,assertj-core,XGB_ClassWeight,resource-optimism,0.0906919315457344
E12,assertj-core,XGB_ClassWeight,test-run-war,0.06228834390640259
E12,assertj-core,XGB_ClassWeight,testLength,0.023033127188682556
E12,assertj-core,XGB_ClassWeight,numAsserts,0.017374979332089424
E12,assertj-core,XGB_ClassWeight,numCoveredLines,0.027395911514759064
E12,assertj-core,XGB_ClassWeight,ExecutionTime,0.07690684497356415
E12,assertj-core,XGB_ClassWeight,projectSourceLinesCovered,0.029491959139704704
E12,assertj-core,XGB_ClassWeight,projectSourceClassesCovered,0.03957178816199303
E12,assertj-core,XGB_ClassWeight,hIndexModificationsPerCoveredLine_window5,0.02183402143418789
E12,assertj-core,XGB_ClassWeight,hIndexModificationsPerCoveredLine_window10,0.07060162723064423
E12,assertj-core,XGB_ClassWeight,hIndexModificationsPerCoveredLine_window25,0.07401125133037567
E12,assertj-core,XGB_ClassWeight,hIndexModificationsPerCoveredLine_window50,0.04544677212834358
E12,assertj-core,XGB_ClassWeight,hIndexModificationsPerCoveredLine_window75,0.035898447036743164
E12,assertj-core,XGB_ClassWeight,hIndexModificationsPerCoveredLine_window100,0.09372668713331223
E12,assertj-core,XGB_ClassWeight,hIndexModificationsPerCoveredLine_window500,0.04925989732146263
E12,assertj-core,XGB_ClassWeight,hIndexModificationsPerCoveredLine_window10000,0.04286690428853035
E12,assertj-core,XGB_ClassWeight,num_third_party_libs,0.03402156010270119
E12,assertj-core,LightGBM_Baseline,assertion-roulette,29.0
E12,assertj-core,LightGBM_Baseline,conditional-test-logic,13.0
E12,assertj-core,LightGBM_Baseline,eager-test,20.0
E12,assertj-core,LightGBM_Baseline,fire-and-forget,44.0
E12,assertj-core,LightGBM_Baseline,indirect-testing,37.0
E12,assertj-core,LightGBM_Baseline,mystery-guest,24.0
E12,assertj-core,LightGBM_Baseline,resource-optimism,21.0
E12,assertj-core,LightGBM_Baseline,test-run-war,50.0
E12,assertj-core,LightGBM_Baseline,testLength,320.0
E12,assertj-core,LightGBM_Baseline,numAsserts,115.0
E12,assertj-core,LightGBM_Baseline,numCoveredLines,299.0
E12,assertj-core,LightGBM_Baseline,ExecutionTime,471.0
E12,assertj-core,LightGBM_Baseline,projectSourceLinesCovered,390.0
E12,assertj-core,LightGBM_Baseline,projectSourceClassesCovered,368.0
E12,assertj-core,LightGBM_Baseline,hIndexModificationsPerCoveredLine_window5,21.0
E12,assertj-core,LightGBM_Baseline,hIndexModificationsPerCoveredLine_window10,49.0
E12,assertj-core,LightGBM_Baseline,hIndexModificationsPerCoveredLine_window25,58.0
E12,assertj-core,LightGBM_Baseline,hIndexModificationsPerCoveredLine_window50,77.0
E12,assertj-core,LightGBM_Baseline,hIndexModificationsPerCoveredLine_window75,31.0
E12,assertj-core,LightGBM_Baseline,hIndexModificationsPerCoveredLine_window100,118.0
E12,assertj-core,LightGBM_Baseline,hIndexModificationsPerCoveredLine_window500,122.0
E12,assertj-core,LightGBM_Baseline,hIndexModificationsPerCoveredLine_window10000,152.0
E12,assertj-core,LightGBM_Baseline,num_third_party_libs,171.0
E12,assertj-core,LightGBM_Balanced,assertion-roulette,27.0
E12,assertj-core,LightGBM_Balanced,conditional-test-logic,14.0
E12,assertj-core,LightGBM_Balanced,eager-test,26.0
E12,assertj-core,LightGBM_Balanced,fire-and-forget,44.0
E12,assertj-core,LightGBM_Balanced,indirect-testing,46.0
E12,assertj-core,LightGBM_Balanced,mystery-guest,29.0
E12,assertj-core,LightGBM_Balanced,resource-optimism,31.0
E12,assertj-core,LightGBM_Balanced,test-run-war,49.0
E12,assertj-core,LightGBM_Balanced,testLength,310.0
E12,assertj-core,LightGBM_Balanced,numAsserts,102.0
E12,assertj-core,LightGBM_Balanced,numCoveredLines,282.0
E12,assertj-core,LightGBM_Balanced,ExecutionTime,470.0
E12,assertj-core,LightGBM_Balanced,projectSourceLinesCovered,328.0
E12,assertj-core,LightGBM_Balanced,projectSourceClassesCovered,402.0
E12,assertj-core,LightGBM_Balanced,hIndexModificationsPerCoveredLine_window5,36.0
E12,assertj-core,LightGBM_Balanced,hIndexModificationsPerCoveredLine_window10,46.0
E12,assertj-core,LightGBM_Balanced,hIndexModificationsPerCoveredLine_window25,50.0
E12,assertj-core,LightGBM_Balanced,hIndexModificationsPerCoveredLine_window50,87.0
E12,assertj-core,LightGBM_Balanced,hIndexModificationsPerCoveredLine_window75,44.0
E12,assertj-core,LightGBM_Balanced,hIndexModificationsPerCoveredLine_window100,110.0
E12,assertj-core,LightGBM_Balanced,hIndexModificationsPerCoveredLine_window500,151.0
E12,assertj-core,LightGBM_Balanced,hIndexModificationsPerCoveredLine_window10000,135.0
E12,assertj-core,LightGBM_Balanced,num_third_party_libs,181.0
E12,assertj-core,GradientBoosting_Balanced,assertion-roulette,0.0
E12,assertj-core,GradientBoosting_Balanced,conditional-test-logic,5.6961646678111246e-05
E12,assertj-core,GradientBoosting_Balanced,eager-test,0.0006972466029181906
E12,assertj-core,GradientBoosting_Balanced,fire-and-forget,0.021276079708872207
E12,assertj-core,GradientBoosting_Balanced,indirect-testing,0.0030133560264308397
E12,assertj-core,GradientBoosting_Balanced,mystery-guest,0.003933080499568496
E12,assertj-core,GradientBoosting_Balanced,resource-optimism,0.014287894722429554
E12,assertj-core,GradientBoosting_Balanced,test-run-war,0.025437383675377928
E12,assertj-core,GradientBoosting_Balanced,testLength,0.04444548252562064
E12,assertj-core,GradientBoosting_Balanced,numAsserts,0.0028474276516593585
E12,assertj-core,GradientBoosting_Balanced,numCoveredLines,0.04348240837004657
E12,assertj-core,GradientBoosting_Balanced,ExecutionTime,0.40154656838459984
E12,assertj-core,GradientBoosting_Balanced,projectSourceLinesCovered,0.06410488681210262
E12,assertj-core,GradientBoosting_Balanced,projectSourceClassesCovered,0.10435958983964726
E12,assertj-core,GradientBoosting_Balanced,hIndexModificationsPerCoveredLine_window5,0.008038487428758439
E12,assertj-core,GradientBoosting_Balanced,hIndexModificationsPerCoveredLine_window10,0.028433467282037387
E12,assertj-core,GradientBoosting_Balanced,hIndexModificationsPerCoveredLine_window25,0.015029471095947555
E12,assertj-core,GradientBoosting_Balanced,hIndexModificationsPerCoveredLine_window50,0.01975057949148381
E12,assertj-core,GradientBoosting_Balanced,hIndexModificationsPerCoveredLine_window75,0.02755217428296432
E12,assertj-core,GradientBoosting_Balanced,hIndexModificationsPerCoveredLine_window100,0.09382150582620259
E12,assertj-core,GradientBoosting_Balanced,hIndexModificationsPerCoveredLine_window500,0.02884246844464434
E12,assertj-core,GradientBoosting_Balanced,hIndexModificationsPerCoveredLine_window10000,0.025682893558491664
E12,assertj-core,GradientBoosting_Balanced,num_third_party_libs,0.023360586123518403
E13,http-request,RF_Baseline,assertion-roulette,0.011646989567867456
E13,http-request,RF_Baseline,conditional-test-logic,0.0050451883994585
E13,http-request,RF_Baseline,eager-test,0.006388759976871665
E13,http-request,RF_Baseline,fire-and-forget,0.01118866187183032
E13,http-request,RF_Baseline,indirect-testing,0.015253072877050708
E13,http-request,RF_Baseline,mystery-guest,0.008156008819372321
E13,http-request,RF_Baseline,resource-optimism,0.007098590214039348
E13,http-request,RF_Baseline,test-run-war,0.0066160538192776295
E13,http-request,RF_Baseline,testLength,0.09178390725389217
E13,http-request,RF_Baseline,numAsserts,0.042026700528089274
E13,http-request,RF_Baseline,numCoveredLines,0.08679663728952151
E13,http-request,RF_Baseline,ExecutionTime,0.15797476010522668
E13,http-request,RF_Baseline,projectSourceLinesCovered,0.12456979221961118
E13,http-request,RF_Baseline,projectSourceClassesCovered,0.12207092394304561
E13,http-request,RF_Baseline,hIndexModificationsPerCoveredLine_window5,0.01399004162900751
E13,http-request,RF_Baseline,hIndexModificationsPerCoveredLine_window10,0.03194787829962669
E13,http-request,RF_Baseline,hIndexModificationsPerCoveredLine_window25,0.022716457486200412
E13,http-request,RF_Baseline,hIndexModificationsPerCoveredLine_window50,0.024640409467001086
E13,http-request,RF_Baseline,hIndexModificationsPerCoveredLine_window75,0.024742917366432114
E13,http-request,RF_Baseline,hIndexModificationsPerCoveredLine_window100,0.041225632391883066
E13,http-request,RF_Baseline,hIndexModificationsPerCoveredLine_window500,0.04146102243947444
E13,http-request,RF_Baseline,hIndexModificationsPerCoveredLine_window10000,0.05341699013116135
E13,http-request,RF_Baseline,num_third_party_libs,0.0492426039040591
E13,http-request,RF_Balanced,assertion-roulette,0.009189477778661026
E13,http-request,RF_Balanced,conditional-test-logic,0.003519086493564228
E13,http-request,RF_Balanced,eager-test,0.005440450119313006
E13,http-request,RF_Balanced,fire-and-forget,0.013619555210100125
E13,http-request,RF_Balanced,indirect-testing,0.013414663812920344
E13,http-request,RF_Balanced,mystery-guest,0.011885386604418763
E13,http-request,RF_Balanced,resource-optimism,0.007918163705206994
E13,http-request,RF_Balanced,test-run-war,0.00808156253246302
E13,http-request,RF_Balanced,testLength,0.06278673398918724
E13,http-request,RF_Balanced,numAsserts,0.02844339480044618
E13,http-request,RF_Balanced,numCoveredLines,0.07647025306632911
E13,http-request,RF_Balanced,ExecutionTime,0.2032837638381385
E13,http-request,RF_Balanced,projectSourceLinesCovered,0.11511686762326925
E13,http-request,RF_Balanced,projectSourceClassesCovered,0.11558791891046545
E13,http-request,RF_Balanced,hIndexModificationsPerCoveredLine_window5,0.012844148277242944
E13,http-request,RF_Balanced,hIndexModificationsPerCoveredLine_window10,0.024365077467463185
E13,http-request,RF_Balanced,hIndexModificationsPerCoveredLine_window25,0.02975498301158257
E13,http-request,RF_Balanced,hIndexModificationsPerCoveredLine_window50,0.0377536153114923
E13,http-request,RF_Balanced,hIndexModificationsPerCoveredLine_window75,0.045471342641396975
E13,http-request,RF_Balanced,hIndexModificationsPerCoveredLine_window100,0.06844007245810332
E13,http-request,RF_Balanced,hIndexModificationsPerCoveredLine_window500,0.037671669610473565
E13,http-request,RF_Balanced,hIndexModificationsPerCoveredLine_window10000,0.0366522966179256
E13,http-request,RF_Balanced,num_third_party_libs,0.03228951611983637
E13,http-request,Balanced_RF,assertion-roulette,0.009099600182528986
E13,http-request,Balanced_RF,conditional-test-logic,0.003786242139527313
E13,http-request,Balanced_RF,eager-test,0.006160083288598982
E13,http-request,Balanced_RF,fire-and-forget,0.012867321635405729
E13,http-request,Balanced_RF,indirect-testing,0.013660020034193497
E13,http-request,Balanced_RF,mystery-guest,0.012610997247994762
E13,http-request,Balanced_RF,resource-optimism,0.008188712762129948
E13,http-request,Balanced_RF,test-run-war,0.008623581393032211
E13,http-request,Balanced_RF,testLength,0.07373654146968733
E13,http-request,Balanced_RF,numAsserts,0.03142730946896193
E13,http-request,Balanced_RF,numCoveredLines,0.07927269741793717
E13,http-request,Balanced_RF,ExecutionTime,0.1929754332101943
E13,http-request,Balanced_RF,projectSourceLinesCovered,0.1160192904881713
E13,http-request,Balanced_RF,projectSourceClassesCovered,0.11546586863639853
E13,http-request,Balanced_RF,hIndexModificationsPerCoveredLine_window5,0.014745799661105811
E13,http-request,Balanced_RF,hIndexModificationsPerCoveredLine_window10,0.027078356628902938
E13,http-request,Balanced_RF,hIndexModificationsPerCoveredLine_window25,0.027163469521234086
E13,http-request,Balanced_RF,hIndexModificationsPerCoveredLine_window50,0.03389233318822976
E13,http-request,Balanced_RF,hIndexModificationsPerCoveredLine_window75,0.04560723676578278
E13,http-request,Balanced_RF,hIndexModificationsPerCoveredLine_window100,0.0635471979935863
E13,http-request,Balanced_RF,hIndexModificationsPerCoveredLine_window500,0.03792759074819547
E13,http-request,Balanced_RF,hIndexModificationsPerCoveredLine_window10000,0.03467907575103815
E13,http-request,Balanced_RF,num_third_party_libs,0.03146524036716282
E13,http-request,ExtraTrees_Balanced,assertion-roulette,0.024191622030904962
E13,http-request,ExtraTrees_Balanced,conditional-test-logic,0.013024818108431375
E13,http-request,ExtraTrees_Balanced,eager-test,0.012334134066739765
E13,http-request,ExtraTrees_Balanced,fire-and-forget,0.03299621827538172
E13,http-request,ExtraTrees_Balanced,indirect-testing,0.03919266326099063
E13,http-request,ExtraTrees_Balanced,mystery-guest,0.017099908020413508
E13,http-request,ExtraTrees_Balanced,resource-optimism,0.011267635282440071
E13,http-request,ExtraTrees_Balanced,test-run-war,0.01626149761792366
E13,http-request,ExtraTrees_Balanced,testLength,0.049656599933101654
E13,http-request,ExtraTrees_Balanced,numAsserts,0.03522101944453488
E13,http-request,ExtraTrees_Balanced,numCoveredLines,0.06514093243281834
E13,http-request,ExtraTrees_Balanced,ExecutionTime,0.08008462065345509
E13,http-request,ExtraTrees_Balanced,projectSourceLinesCovered,0.07318527910428059
E13,http-request,ExtraTrees_Balanced,projectSourceClassesCovered,0.09262298706295677
E13,http-request,ExtraTrees_Balanced,hIndexModificationsPerCoveredLine_window5,0.030577825339967127
E13,http-request,ExtraTrees_Balanced,hIndexModificationsPerCoveredLine_window10,0.05624798147589126
E13,http-request,ExtraTrees_Balanced,hIndexModificationsPerCoveredLine_window25,0.04073016936548799
E13,http-request,ExtraTrees_Balanced,hIndexModificationsPerCoveredLine_window50,0.05983097713919277
E13,http-request,ExtraTrees_Balanced,hIndexModificationsPerCoveredLine_window75,0.044783762140799745
E13,http-request,ExtraTrees_Balanced,hIndexModificationsPerCoveredLine_window100,0.06920328004691974
E13,http-request,ExtraTrees_Balanced,hIndexModificationsPerCoveredLine_window500,0.06055276383308612
E13,http-request,ExtraTrees_Balanced,hIndexModificationsPerCoveredLine_window10000,0.04073632715205736
E13,http-request,ExtraTrees_Balanced,num_third_party_libs,0.03505697821222494
E13,http-request,XGB_Baseline,assertion-roulette,0.009395656175911427
E13,http-request,XGB_Baseline,conditional-test-logic,0.011818572878837585
E13,http-request,XGB_Baseline,eager-test,0.014917847700417042
E13,http-request,XGB_Baseline,fire-and-forget,0.029310913756489754
E13,http-request,XGB_Baseline,indirect-testing,0.034246452152729034
E13,http-request,XGB_Baseline,mystery-guest,0.03044024109840393
E13,http-request,XGB_Baseline,resource-optimism,0.07298333197832108
E13,http-request,XGB_Baseline,test-run-war,0.018348494544625282
E13,http-request,XGB_Baseline,testLength,0.030770884826779366
E13,http-request,XGB_Baseline,numAsserts,0.013810202479362488
E13,http-request,XGB_Baseline,numCoveredLines,0.04215673729777336
E13,http-request,XGB_Baseline,ExecutionTime,0.035273753106594086
E13,http-request,XGB_Baseline,projectSourceLinesCovered,0.02090630680322647
E13,http-request,XGB_Baseline,projectSourceClassesCovered,0.036317355930805206
E13,http-request,XGB_Baseline,hIndexModificationsPerCoveredLine_window5,0.01844833418726921
E13,http-request,XGB_Baseline,hIndexModificationsPerCoveredLine_window10,0.13283930718898773
E13,http-request,XGB_Baseline,hIndexModificationsPerCoveredLine_window25,0.07827042788267136
E13,http-request,XGB_Baseline,hIndexModificationsPerCoveredLine_window50,0.04463471844792366
E13,http-request,XGB_Baseline,hIndexModificationsPerCoveredLine_window75,0.05092586576938629
E13,http-request,XGB_Baseline,hIndexModificationsPerCoveredLine_window100,0.1836572289466858
E13,http-request,XGB_Baseline,hIndexModificationsPerCoveredLine_window500,0.04785887524485588
E13,http-request,XGB_Baseline,hIndexModificationsPerCoveredLine_window10000,0.02629578858613968
E13,http-request,XGB_Baseline,num_third_party_libs,0.01637282595038414
E13,http-request,XGB_ClassWeight,assertion-roulette,0.022014079615473747
E13,http-request,XGB_ClassWeight,conditional-test-logic,0.009007921442389488
E13,http-request,XGB_ClassWeight,eager-test,0.020423566922545433
E13,http-request,XGB_ClassWeight,fire-and-forget,0.04888719320297241
E13,http-request,XGB_ClassWeight,indirect-testing,0.03192573040723801
E13,http-request,XGB_ClassWeight,mystery-guest,0.05551670491695404
E13,http-request,XGB_ClassWeight,resource-optimism,0.04500278830528259
E13,http-request,XGB_ClassWeight,test-run-war,0.03243725374341011
E13,http-request,XGB_ClassWeight,testLength,0.021598530933260918
E13,http-request,XGB_ClassWeight,numAsserts,0.018915267661213875
E13,http-request,XGB_ClassWeight,numCoveredLines,0.030805964022874832
E13,http-request,XGB_ClassWeight,ExecutionTime,0.09295108169317245
E13,http-request,XGB_ClassWeight,projectSourceLinesCovered,0.02808550000190735
E13,http-request,XGB_ClassWeight,projectSourceClassesCovered,0.041514135897159576
E13,http-request,XGB_ClassWeight,hIndexModificationsPerCoveredLine_window5,0.019550085067749023
E13,http-request,XGB_ClassWeight,hIndexModificationsPerCoveredLine_window10,0.06496881693601608
E13,http-request,XGB_ClassWeight,hIndexModificationsPerCoveredLine_window25,0.06541050970554352
E13,http-request,XGB_ClassWeight,hIndexModificationsPerCoveredLine_window50,0.049202751368284225
E13,http-request,XGB_ClassWeight,hIndexModificationsPerCoveredLine_window75,0.035749081522226334
E13,http-request,XGB_ClassWeight,hIndexModificationsPerCoveredLine_window100,0.15750527381896973
E13,http-request,XGB_ClassWeight,hIndexModificationsPerCoveredLine_window500,0.03804842755198479
E13,http-request,XGB_ClassWeight,hIndexModificationsPerCoveredLine_window10000,0.04769490286707878
E13,http-request,XGB_ClassWeight,num_third_party_libs,0.022784393280744553
E13,http-request,LightGBM_Baseline,assertion-roulette,30.0
E13,http-request,LightGBM_Baseline,conditional-test-logic,3.0
E13,http-request,LightGBM_Baseline,eager-test,18.0
E13,http-request,LightGBM_Baseline,fire-and-forget,44.0
E13,http-request,LightGBM_Baseline,indirect-testing,49.0
E13,http-request,LightGBM_Baseline,mystery-guest,41.0
E13,http-request,LightGBM_Baseline,resource-optimism,21.0
E13,http-request,LightGBM_Baseline,test-run-war,40.0
E13,http-request,LightGBM_Baseline,testLength,323.0
E13,http-request,LightGBM_Baseline,numAsserts,126.0
E13,http-request,LightGBM_Baseline,numCoveredLines,269.0
E13,http-request,LightGBM_Baseline,ExecutionTime,467.0
E13,http-request,LightGBM_Baseline,projectSourceLinesCovered,402.0
E13,http-request,LightGBM_Baseline,projectSourceClassesCovered,357.0
E13,http-request,LightGBM_Baseline,hIndexModificationsPerCoveredLine_window5,41.0
E13,http-request,LightGBM_Baseline,hIndexModificationsPerCoveredLine_window10,43.0
E13,http-request,LightGBM_Baseline,hIndexModificationsPerCoveredLine_window25,56.0
E13,http-request,LightGBM_Baseline,hIndexModificationsPerCoveredLine_window50,89.0
E13,http-request,LightGBM_Baseline,hIndexModificationsPerCoveredLine_window75,52.0
E13,http-request,LightGBM_Baseline,hIndexModificationsPerCoveredLine_window100,95.0
E13,http-request,LightGBM_Baseline,hIndexModificationsPerCoveredLine_window500,132.0
E13,http-request,LightGBM_Baseline,hIndexModificationsPerCoveredLine_window10000,131.0
E13,http-request,LightGBM_Baseline,num_third_party_libs,171.0
E13,http-request,LightGBM_Balanced,assertion-roulette,29.0
E13,http-request,LightGBM_Balanced,conditional-test-logic,11.0
E13,http-request,LightGBM_Balanced,eager-test,24.0
E13,http-request,LightGBM_Balanced,fire-and-forget,50.0
E13,http-request,LightGBM_Balanced,indirect-testing,36.0
E13,http-request,LightGBM_Balanced,mystery-guest,31.0
E13,http-request,LightGBM_Balanced,resource-optimism,27.0
E13,http-request,LightGBM_Balanced,test-run-war,40.0
E13,http-request,LightGBM_Balanced,testLength,306.0
E13,http-request,LightGBM_Balanced,numAsserts,135.0
E13,http-request,LightGBM_Balanced,numCoveredLines,266.0
E13,http-request,LightGBM_Balanced,ExecutionTime,479.0
E13,http-request,LightGBM_Balanced,projectSourceLinesCovered,321.0
E13,http-request,LightGBM_Balanced,projectSourceClassesCovered,413.0
E13,http-request,LightGBM_Balanced,hIndexModificationsPerCoveredLine_window5,51.0
E13,http-request,LightGBM_Balanced,hIndexModificationsPerCoveredLine_window10,59.0
E13,http-request,LightGBM_Balanced,hIndexModificationsPerCoveredLine_window25,57.0
E13,http-request,LightGBM_Balanced,hIndexModificationsPerCoveredLine_window50,83.0
E13,http-request,LightGBM_Balanced,hIndexModificationsPerCoveredLine_window75,43.0
E13,http-request,LightGBM_Balanced,hIndexModificationsPerCoveredLine_window100,104.0
E13,http-request,LightGBM_Balanced,hIndexModificationsPerCoveredLine_window500,130.0
E13,http-request,LightGBM_Balanced,hIndexModificationsPerCoveredLine_window10000,139.0
E13,http-request,LightGBM_Balanced,num_third_party_libs,166.0
E13,http-request,GradientBoosting_Balanced,assertion-roulette,0.0008515299700537963
E13,http-request,GradientBoosting_Balanced,conditional-test-logic,0.0
E13,http-request,GradientBoosting_Balanced,eager-test,0.0009615669701355106
E13,http-request,GradientBoosting_Balanced,fire-and-forget,0.01714540844653939
E13,http-request,GradientBoosting_Balanced,indirect-testing,0.0007994536001954915
E13,http-request,GradientBoosting_Balanced,mystery-guest,0.008262567334441489
E13,http-request,GradientBoosting_Balanced,resource-optimism,0.00811651597503952
E13,http-request,GradientBoosting_Balanced,test-run-war,0.0042951305068405065
E13,http-request,GradientBoosting_Balanced,testLength,0.03682372338094401
E13,http-request,GradientBoosting_Balanced,numAsserts,0.003729255429512166
E13,http-request,GradientBoosting_Balanced,numCoveredLines,0.04303875873845307
E13,http-request,GradientBoosting_Balanced,ExecutionTime,0.39643440983056305
E13,http-request,GradientBoosting_Balanced,projectSourceLinesCovered,0.09037888406353735
E13,http-request,GradientBoosting_Balanced,projectSourceClassesCovered,0.09808298730937809
E13,http-request,GradientBoosting_Balanced,hIndexModificationsPerCoveredLine_window5,0.0056402351905814945
E13,http-request,GradientBoosting_Balanced,hIndexModificationsPerCoveredLine_window10,0.03016740311670127
E13,http-request,GradientBoosting_Balanced,hIndexModificationsPerCoveredLine_window25,0.02370216108990918
E13,http-request,GradientBoosting_Balanced,hIndexModificationsPerCoveredLine_window50,0.028721480935740326
E13,http-request,GradientBoosting_Balanced,hIndexModificationsPerCoveredLine_window75,0.05660541649920374
E13,http-request,GradientBoosting_Balanced,hIndexModificationsPerCoveredLine_window100,0.0871650269526264
E13,http-request,GradientBoosting_Balanced,hIndexModificationsPerCoveredLine_window500,0.027390389332171756
E13,http-request,GradientBoosting_Balanced,hIndexModificationsPerCoveredLine_window10000,0.01918099092317151
E13,http-request,GradientBoosting_Balanced,num_third_party_libs,0.0125067044042609
E14,ninja,RF_Baseline,assertion-roulette,0.010921384472310539
E14,ninja,RF_Baseline,conditional-test-logic,0.005186306272116257
E14,ninja,RF_Baseline,eager-test,0.006302737415068689
E14,ninja,RF_Baseline,fire-and-forget,0.01196292732635441
E14,ninja,RF_Baseline,indirect-testing,0.01502759800550877
E14,ninja,RF_Baseline,mystery-guest,0.008279562907385343
E14,ninja,RF_Baseline,resource-optimism,0.008453993188982547
E14,ninja,RF_Baseline,test-run-war,0.007971982054621804
E14,ninja,RF_Baseline,testLength,0.08967193703549389
E14,ninja,RF_Baseline,numAsserts,0.042662591180568005
E14,ninja,RF_Baseline,numCoveredLines,0.08783647398670423
E14,ninja,RF_Baseline,ExecutionTime,0.16186562323235387
E14,ninja,RF_Baseline,projectSourceLinesCovered,0.12463624527927747
E14,ninja,RF_Baseline,projectSourceClassesCovered,0.11318398582783591
E14,ninja,RF_Baseline,hIndexModificationsPerCoveredLine_window5,0.014505974927406566
E14,ninja,RF_Baseline,hIndexModificationsPerCoveredLine_window10,0.03933887780054462
E14,ninja,RF_Baseline,hIndexModificationsPerCoveredLine_window25,0.02101131346452182
E14,ninja,RF_Baseline,hIndexModificationsPerCoveredLine_window50,0.02517792553755385
E14,ninja,RF_Baseline,hIndexModificationsPerCoveredLine_window75,0.026117753413684955
E14,ninja,RF_Baseline,hIndexModificationsPerCoveredLine_window100,0.04215274833739935
E14,ninja,RF_Baseline,hIndexModificationsPerCoveredLine_window500,0.03765281175431149
E14,ninja,RF_Baseline,hIndexModificationsPerCoveredLine_window10000,0.04719661229964634
E14,ninja,RF_Baseline,num_third_party_libs,0.052882634280349304
E14,ninja,RF_Balanced,assertion-roulette,0.009259758551232289
E14,ninja,RF_Balanced,conditional-test-logic,0.0030972338731392406
E14,ninja,RF_Balanced,eager-test,0.006584708091930408
E14,ninja,RF_Balanced,fire-and-forget,0.018277053908142823
E14,ninja,RF_Balanced,indirect-testing,0.014353178938878856
E14,ninja,RF_Balanced,mystery-guest,0.011409233644045247
E14,ninja,RF_Balanced,resource-optimism,0.008568638496829798
E14,ninja,RF_Balanced,test-run-war,0.01188786258844863
E14,ninja,RF_Balanced,testLength,0.06712545648118155
E14,ninja,RF_Balanced,numAsserts,0.02989810384594543
E14,ninja,RF_Balanced,numCoveredLines,0.07984300897394085
E14,ninja,RF_Balanced,ExecutionTime,0.19287067365127292
E14,ninja,RF_Balanced,projectSourceLinesCovered,0.11558914857123516
E14,ninja,RF_Balanced,projectSourceClassesCovered,0.11080432408934808
E14,ninja,RF_Balanced,hIndexModificationsPerCoveredLine_window5,0.015372899382593543
E14,ninja,RF_Balanced,hIndexModificationsPerCoveredLine_window10,0.02685757305001343
E14,ninja,RF_Balanced,hIndexModificationsPerCoveredLine_window25,0.029909560395609006
E14,ninja,RF_Balanced,hIndexModificationsPerCoveredLine_window50,0.03300080094437215
E14,ninja,RF_Balanced,hIndexModificationsPerCoveredLine_window75,0.041268719974716324
E14,ninja,RF_Balanced,hIndexModificationsPerCoveredLine_window100,0.06799197041570108
E14,ninja,RF_Balanced,hIndexModificationsPerCoveredLine_window500,0.03696022504521329
E14,ninja,RF_Balanced,hIndexModificationsPerCoveredLine_window10000,0.03656721021434404
E14,ninja,RF_Balanced,num_third_party_libs,0.032502656871866015
E14,ninja,Balanced_RF,assertion-roulette,0.010470938106919273
E14,ninja,Balanced_RF,conditional-test-logic,0.0031137456329331154
E14,ninja,Balanced_RF,eager-test,0.007056403457642122
E14,ninja,Balanced_RF,fire-and-forget,0.01846451795569699
E14,ninja,Balanced_RF,indirect-testing,0.015490806139570962
E14,ninja,Balanced_RF,mystery-guest,0.011282272249567753
E14,ninja,Balanced_RF,resource-optimism,0.007294696687048835
E14,ninja,Balanced_RF,test-run-war,0.01210160661655277
E14,ninja,Balanced_RF,testLength,0.06977916195383649
E14,ninja,Balanced_RF,numAsserts,0.03247670587818368
E14,ninja,Balanced_RF,numCoveredLines,0.07599141356743828
E14,ninja,Balanced_RF,ExecutionTime,0.183507745269198
E14,ninja,Balanced_RF,projectSourceLinesCovered,0.1099730165672141
E14,ninja,Balanced_RF,projectSourceClassesCovered,0.11621123180163184
E14,ninja,Balanced_RF,hIndexModificationsPerCoveredLine_window5,0.012625063392360997
E14,ninja,Balanced_RF,hIndexModificationsPerCoveredLine_window10,0.034665305621422525
E14,ninja,Balanced_RF,hIndexModificationsPerCoveredLine_window25,0.027924879487037757
E14,ninja,Balanced_RF,hIndexModificationsPerCoveredLine_window50,0.031358536885269725
E14,ninja,Balanced_RF,hIndexModificationsPerCoveredLine_window75,0.04229346215188898
E14,ninja,Balanced_RF,hIndexModificationsPerCoveredLine_window100,0.06914832079179095
E14,ninja,Balanced_RF,hIndexModificationsPerCoveredLine_window500,0.03841096099518471
E14,ninja,Balanced_RF,hIndexModificationsPerCoveredLine_window10000,0.03808714396955721
E14,ninja,Balanced_RF,num_third_party_libs,0.03227206482205276
E14,ninja,ExtraTrees_Balanced,assertion-roulette,0.02591680037530846
E14,ninja,ExtraTrees_Balanced,conditional-test-logic,0.013012882718998807
E14,ninja,ExtraTrees_Balanced,eager-test,0.012801016031587047
E14,ninja,ExtraTrees_Balanced,fire-and-forget,0.03730845567440008
E14,ninja,ExtraTrees_Balanced,indirect-testing,0.039269831760230106
E14,ninja,ExtraTrees_Balanced,mystery-guest,0.017138959680751287
E14,ninja,ExtraTrees_Balanced,resource-optimism,0.010811935747212963
E14,ninja,ExtraTrees_Balanced,test-run-war,0.01775846697061016
E14,ninja,ExtraTrees_Balanced,testLength,0.05066013322398288
E14,ninja,ExtraTrees_Balanced,numAsserts,0.035728714946722924
E14,ninja,ExtraTrees_Balanced,numCoveredLines,0.06539919533401525
E14,ninja,ExtraTrees_Balanced,ExecutionTime,0.07849437548328693
E14,ninja,ExtraTrees_Balanced,projectSourceLinesCovered,0.07344789049646484
E14,ninja,ExtraTrees_Balanced,projectSourceClassesCovered,0.09571682878837791
E14,ninja,ExtraTrees_Balanced,hIndexModificationsPerCoveredLine_window5,0.029383105037697203
E14,ninja,ExtraTrees_Balanced,hIndexModificationsPerCoveredLine_window10,0.05741530204143741
E14,ninja,ExtraTrees_Balanced,hIndexModificationsPerCoveredLine_window25,0.036146867425883494
E14,ninja,ExtraTrees_Balanced,hIndexModificationsPerCoveredLine_window50,0.06173990043986981
E14,ninja,ExtraTrees_Balanced,hIndexModificationsPerCoveredLine_window75,0.04598839090546329
E14,ninja,ExtraTrees_Balanced,hIndexModificationsPerCoveredLine_window100,0.06646473009409198
E14,ninja,ExtraTrees_Balanced,hIndexModificationsPerCoveredLine_window500,0.05702108273497723
E14,ninja,ExtraTrees_Balanced,hIndexModificationsPerCoveredLine_window10000,0.037692262422449635
E14,ninja,ExtraTrees_Balanced,num_third_party_libs,0.034682871666180365
E14,ninja,XGB_Baseline,assertion-roulette,0.013186413794755936
E14,ninja,XGB_Baseline,conditional-test-logic,0.011975660920143127
E14,ninja,XGB_Baseline,eager-test,0.013124694116413593
E14,ninja,XGB_Baseline,fire-and-forget,0.037721503525972366
E14,ninja,XGB_Baseline,indirect-testing,0.034233979880809784
E14,ninja,XGB_Baseline,mystery-guest,0.026996614411473274
E14,ninja,XGB_Baseline,resource-optimism,0.06719262152910233
E14,ninja,XGB_Baseline,test-run-war,0.030638722702860832
E14,ninja,XGB_Baseline,testLength,0.030816787853837013
E14,ninja,XGB_Baseline,numAsserts,0.012851636856794357
E14,ninja,XGB_Baseline,numCoveredLines,0.043101515620946884
E14,ninja,XGB_Baseline,ExecutionTime,0.036279696971178055
E14,ninja,XGB_Baseline,projectSourceLinesCovered,0.014541743323206902
E14,ninja,XGB_Baseline,projectSourceClassesCovered,0.04316306859254837
E14,ninja,XGB_Baseline,hIndexModificationsPerCoveredLine_window5,0.019137464463710785
E14,ninja,XGB_Baseline,hIndexModificationsPerCoveredLine_window10,0.1425759643316269
E14,ninja,XGB_Baseline,hIndexModificationsPerCoveredLine_window25,0.08026513457298279
E14,ninja,XGB_Baseline,hIndexModificationsPerCoveredLine_window50,0.04967966675758362
E14,ninja,XGB_Baseline,hIndexModificationsPerCoveredLine_window75,0.031953565776348114
E14,ninja,XGB_Baseline,hIndexModificationsPerCoveredLine_window100,0.1609695553779602
E14,ninja,XGB_Baseline,hIndexModificationsPerCoveredLine_window500,0.052478957921266556
E14,ninja,XGB_Baseline,hIndexModificationsPerCoveredLine_window10000,0.0300438292324543
E14,ninja,XGB_Baseline,num_third_party_libs,0.01707119680941105
E14,ninja,XGB_ClassWeight,assertion-roulette,0.014348450116813183
E14,ninja,XGB_ClassWeight,conditional-test-logic,0.010323264636099339
E14,ninja,XGB_ClassWeight,eager-test,0.023215260356664658
E14,ninja,XGB_ClassWeight,fire-and-forget,0.0724310576915741
E14,ninja,XGB_ClassWeight,indirect-testing,0.028644848614931107
E14,ninja,XGB_ClassWeight,mystery-guest,0.03561542555689812
E14,ninja,XGB_ClassWeight,resource-optimism,0.055640362203121185
E14,ninja,XGB_ClassWeight,test-run-war,0.06523355096578598
E14,ninja,XGB_ClassWeight,testLength,0.021404480561614037
E14,ninja,XGB_ClassWeight,numAsserts,0.016729990020394325
E14,ninja,XGB_ClassWeight,numCoveredLines,0.029105352237820625
E14,ninja,XGB_ClassWeight,ExecutionTime,0.08002829551696777
E14,ninja,XGB_ClassWeight,projectSourceLinesCovered,0.02307729795575142
E14,ninja,XGB_ClassWeight,projectSourceClassesCovered,0.03716401755809784
E14,ninja,XGB_ClassWeight,hIndexModificationsPerCoveredLine_window5,0.02615172788500786
E14,ninja,XGB_ClassWeight,hIndexModificationsPerCoveredLine_window10,0.07011771947145462
E14,ninja,XGB_ClassWeight,hIndexModificationsPerCoveredLine_window25,0.061550796031951904
E14,ninja,XGB_ClassWeight,hIndexModificationsPerCoveredLine_window50,0.058789730072021484
E14,ninja,XGB_ClassWeight,hIndexModificationsPerCoveredLine_window75,0.035086289048194885
E14,ninja,XGB_ClassWeight,hIndexModificationsPerCoveredLine_window100,0.13530230522155762
E14,ninja,XGB_ClassWeight,hIndexModificationsPerCoveredLine_window500,0.040923673659563065
E14,ninja,XGB_ClassWeight,hIndexModificationsPerCoveredLine_window10000,0.03519599512219429
E14,ninja,XGB_ClassWeight,num_third_party_libs,0.023920033127069473
E14,ninja,LightGBM_Baseline,assertion-roulette,30.0
E14,ninja,LightGBM_Baseline,conditional-test-logic,12.0
E14,ninja,LightGBM_Baseline,eager-test,12.0
E14,ninja,LightGBM_Baseline,fire-and-forget,49.0
E14,ninja,LightGBM_Baseline,indirect-testing,64.0
E14,ninja,LightGBM_Baseline,mystery-guest,38.0
E14,ninja,LightGBM_Baseline,resource-optimism,22.0
E14,ninja,LightGBM_Baseline,test-run-war,43.0
E14,ninja,LightGBM_Baseline,testLength,363.0
E14,ninja,LightGBM_Baseline,numAsserts,124.0
E14,ninja,LightGBM_Baseline,numCoveredLines,288.0
E14,ninja,LightGBM_Baseline,ExecutionTime,431.0
E14,ninja,LightGBM_Baseline,projectSourceLinesCovered,435.0
E14,ninja,LightGBM_Baseline,projectSourceClassesCovered,353.0
E14,ninja,LightGBM_Baseline,hIndexModificationsPerCoveredLine_window5,34.0
E14,ninja,LightGBM_Baseline,hIndexModificationsPerCoveredLine_window10,57.0
E14,ninja,LightGBM_Baseline,hIndexModificationsPerCoveredLine_window25,57.0
E14,ninja,LightGBM_Baseline,hIndexModificationsPerCoveredLine_window50,63.0
E14,ninja,LightGBM_Baseline,hIndexModificationsPerCoveredLine_window75,33.0
E14,ninja,LightGBM_Baseline,hIndexModificationsPerCoveredLine_window100,87.0
E14,ninja,LightGBM_Baseline,hIndexModificationsPerCoveredLine_window500,123.0
E14,ninja,LightGBM_Baseline,hIndexModificationsPerCoveredLine_window10000,107.0
E14,ninja,LightGBM_Baseline,num_third_party_libs,175.0
E14,ninja,LightGBM_Balanced,assertion-roulette,25.0
E14,ninja,LightGBM_Balanced,conditional-test-logic,13.0
E14,ninja,LightGBM_Balanced,eager-test,26.0
E14,ninja,LightGBM_Balanced,fire-and-forget,47.0
E14,ninja,LightGBM_Balanced,indirect-testing,49.0
E14,ninja,LightGBM_Balanced,mystery-guest,25.0
E14,ninja,LightGBM_Balanced,resource-optimism,36.0
E14,ninja,LightGBM_Balanced,test-run-war,48.0
E14,ninja,LightGBM_Balanced,testLength,316.0
E14,ninja,LightGBM_Balanced,numAsserts,134.0
E14,ninja,LightGBM_Balanced,numCoveredLines,248.0
E14,ninja,LightGBM_Balanced,ExecutionTime,437.0
E14,ninja,LightGBM_Balanced,projectSourceLinesCovered,338.0
E14,ninja,LightGBM_Balanced,projectSourceClassesCovered,395.0
E14,ninja,LightGBM_Balanced,hIndexModificationsPerCoveredLine_window5,51.0
E14,ninja,LightGBM_Balanced,hIndexModificationsPerCoveredLine_window10,57.0
E14,ninja,LightGBM_Balanced,hIndexModificationsPerCoveredLine_window25,47.0
E14,ninja,LightGBM_Balanced,hIndexModificationsPerCoveredLine_window50,90.0
E14,ninja,LightGBM_Balanced,hIndexModificationsPerCoveredLine_window75,52.0
E14,ninja,LightGBM_Balanced,hIndexModificationsPerCoveredLine_window100,108.0
E14,ninja,LightGBM_Balanced,hIndexModificationsPerCoveredLine_window500,162.0
E14,ninja,LightGBM_Balanced,hIndexModificationsPerCoveredLine_window10000,133.0
E14,ninja,LightGBM_Balanced,num_third_party_libs,163.0
E14,ninja,GradientBoosting_Balanced,assertion-roulette,0.0009552616625745911
E14,ninja,GradientBoosting_Balanced,conditional-test-logic,0.0001839600690730527
E14,ninja,GradientBoosting_Balanced,eager-test,0.000307441604011276
E14,ninja,GradientBoosting_Balanced,fire-and-forget,0.03549696715880753
E14,ninja,GradientBoosting_Balanced,indirect-testing,0.003074389330917349
E14,ninja,GradientBoosting_Balanced,mystery-guest,0.005756286495199801
E14,ninja,GradientBoosting_Balanced,resource-optimism,0.0077864235230728236
E14,ninja,GradientBoosting_Balanced,test-run-war,0.019164581212979925
E14,ninja,GradientBoosting_Balanced,testLength,0.03708625419468182
E14,ninja,GradientBoosting_Balanced,numAsserts,0.0027387501615767835
E14,ninja,GradientBoosting_Balanced,numCoveredLines,0.04359015079106621
E14,ninja,GradientBoosting_Balanced,ExecutionTime,0.3737198967081986
E14,ninja,GradientBoosting_Balanced,projectSourceLinesCovered,0.09175856154511862
E14,ninja,GradientBoosting_Balanced,projectSourceClassesCovered,0.09218246578031265
E14,ninja,GradientBoosting_Balanced,hIndexModificationsPerCoveredLine_window5,0.0054417465772305055
E14,ninja,GradientBoosting_Balanced,hIndexModificationsPerCoveredLine_window10,0.022532149351974784
E14,ninja,GradientBoosting_Balanced,hIndexModificationsPerCoveredLine_window25,0.043627145611310654
E14,ninja,GradientBoosting_Balanced,hIndexModificationsPerCoveredLine_window50,0.0134219441736922
E14,ninja,GradientBoosting_Balanced,hIndexModificationsPerCoveredLine_window75,0.05172543966829923
E14,ninja,GradientBoosting_Balanced,hIndexModificationsPerCoveredLine_window100,0.09543577200341652
E14,ninja,GradientBoosting_Balanced,hIndexModificationsPerCoveredLine_window500,0.03003790575571676
E14,ninja,GradientBoosting_Balanced,hIndexModificationsPerCoveredLine_window10000,0.013837830310021084
E14,ninja,GradientBoosting_Balanced,num_third_party_libs,0.010138676310747436
E15,orbit,RF_Baseline,assertion-roulette,0.01054127008556221
E15,orbit,RF_Baseline,conditional-test-logic,0.005104657066480437
E15,orbit,RF_Baseline,eager-test,0.006145778726979954
E15,orbit,RF_Baseline,fire-and-forget,0.010052208829168779
E15,orbit,RF_Baseline,indirect-testing,0.014444460083123323
E15,orbit,RF_Baseline,mystery-guest,0.00880801248841716
E15,orbit,RF_Baseline,resource-optimism,0.006979906232176184
E15,orbit,RF_Baseline,test-run-war,0.00689791425658374
E15,orbit,RF_Baseline,testLength,0.09270314248869693
E15,orbit,RF_Baseline,numAsserts,0.04147574856529746
E15,orbit,RF_Baseline,numCoveredLines,0.0893030632105467
E15,orbit,RF_Baseline,ExecutionTime,0.1612347726414902
E15,orbit,RF_Baseline,projectSourceLinesCovered,0.12350120121979684
E15,orbit,RF_Baseline,projectSourceClassesCovered,0.11888667602150214
E15,orbit,RF_Baseline,hIndexModificationsPerCoveredLine_window5,0.015115450827041448
E15,orbit,RF_Baseline,hIndexModificationsPerCoveredLine_window10,0.03688121572836248
E15,orbit,RF_Baseline,hIndexModificationsPerCoveredLine_window25,0.02107688035270762
E15,orbit,RF_Baseline,hIndexModificationsPerCoveredLine_window50,0.024801133920900224
E15,orbit,RF_Baseline,hIndexModificationsPerCoveredLine_window75,0.025731829754202594
E15,orbit,RF_Baseline,hIndexModificationsPerCoveredLine_window100,0.037617965724284594
E15,orbit,RF_Baseline,hIndexModificationsPerCoveredLine_window500,0.03941122642633362
E15,orbit,RF_Baseline,hIndexModificationsPerCoveredLine_window10000,0.05330850230456091
E15,orbit,RF_Baseline,num_third_party_libs,0.04997698304578437
E15,orbit,RF_Balanced,assertion-roulette,0.008465834341459953
E15,orbit,RF_Balanced,conditional-test-logic,0.0029946036171139465
E15,orbit,RF_Balanced,eager-test,0.006322456824223506
E15,orbit,RF_Balanced,fire-and-forget,0.014939096665862229
E15,orbit,RF_Balanced,indirect-testing,0.014144964757733752
E15,orbit,RF_Balanced,mystery-guest,0.011487565462031005
E15,orbit,RF_Balanced,resource-optimism,0.008488942389976587
E15,orbit,RF_Balanced,test-run-war,0.013882907666869124
E15,orbit,RF_Balanced,testLength,0.06546055647732753
E15,orbit,RF_Balanced,numAsserts,0.02910087290260121
E15,orbit,RF_Balanced,numCoveredLines,0.07143522996327105
E15,orbit,RF_Balanced,ExecutionTime,0.1934569922499723
E15,orbit,RF_Balanced,projectSourceLinesCovered,0.12051348960500888
E15,orbit,RF_Balanced,projectSourceClassesCovered,0.11712704907575908
E15,orbit,RF_Balanced,hIndexModificationsPerCoveredLine_window5,0.012809043764288775
E15,orbit,RF_Balanced,hIndexModificationsPerCoveredLine_window10,0.02531536766786971
E15,orbit,RF_Balanced,hIndexModificationsPerCoveredLine_window25,0.030450480778775484
E15,orbit,RF_Balanced,hIndexModificationsPerCoveredLine_window50,0.03630445976375929
E15,orbit,RF_Balanced,hIndexModificationsPerCoveredLine_window75,0.04445691182176716
E15,orbit,RF_Balanced,hIndexModificationsPerCoveredLine_window100,0.06725552974612843
E15,orbit,RF_Balanced,hIndexModificationsPerCoveredLine_window500,0.038930144012051145
E15,orbit,RF_Balanced,hIndexModificationsPerCoveredLine_window10000,0.0345503536175679
E15,orbit,RF_Balanced,num_third_party_libs,0.03210714682858223
E15,orbit,Balanced_RF,assertion-roulette,0.010407088802973759
E15,orbit,Balanced_RF,conditional-test-logic,0.004098154746410406
E15,orbit,Balanced_RF,eager-test,0.007237776699537542
E15,orbit,Balanced_RF,fire-and-forget,0.014968892051251282
E15,orbit,Balanced_RF,indirect-testing,0.01438050927075095
E15,orbit,Balanced_RF,mystery-guest,0.012238420277577816
E15,orbit,Balanced_RF,resource-optimism,0.006039569943888293
E15,orbit,Balanced_RF,test-run-war,0.012523835948442065
E15,orbit,Balanced_RF,testLength,0.06626570130291998
E15,orbit,Balanced_RF,numAsserts,0.0316987662594843
E15,orbit,Balanced_RF,numCoveredLines,0.0805962379658391
E15,orbit,Balanced_RF,ExecutionTime,0.18685070185985594
E15,orbit,Balanced_RF,projectSourceLinesCovered,0.10369935460272951
E15,orbit,Balanced_RF,projectSourceClassesCovered,0.1131749814810604
E15,orbit,Balanced_RF,hIndexModificationsPerCoveredLine_window5,0.016750830331060094
E15,orbit,Balanced_RF,hIndexModificationsPerCoveredLine_window10,0.03096993579653541
E15,orbit,Balanced_RF,hIndexModificationsPerCoveredLine_window25,0.032912119918018
E15,orbit,Balanced_RF,hIndexModificationsPerCoveredLine_window50,0.03282691761766194
E15,orbit,Balanced_RF,hIndexModificationsPerCoveredLine_window75,0.04651318578712897
E15,orbit,Balanced_RF,hIndexModificationsPerCoveredLine_window100,0.06768376906199504
E15,orbit,Balanced_RF,hIndexModificationsPerCoveredLine_window500,0.03991417124313587
E15,orbit,Balanced_RF,hIndexModificationsPerCoveredLine_window10000,0.034150114186909275
E15,orbit,Balanced_RF,num_third_party_libs,0.03409896484483407
E15,orbit,ExtraTrees_Balanced,assertion-roulette,0.02617386323307892
E15,orbit,ExtraTrees_Balanced,conditional-test-logic,0.012983693576696568
E15,orbit,ExtraTrees_Balanced,eager-test,0.012510996504886213
E15,orbit,ExtraTrees_Balanced,fire-and-forget,0.03474447229383106
E15,orbit,ExtraTrees_Balanced,indirect-testing,0.039066156797477235
E15,orbit,ExtraTrees_Balanced,mystery-guest,0.018283544828144267
E15,orbit,ExtraTrees_Balanced,resource-optimism,0.010984232277079568
E15,orbit,ExtraTrees_Balanced,test-run-war,0.018163114647965765
E15,orbit,ExtraTrees_Balanced,testLength,0.04869034166063929
E15,orbit,ExtraTrees_Balanced,numAsserts,0.03714787081286325
E15,orbit,ExtraTrees_Balanced,numCoveredLines,0.06382507153810785
E15,orbit,ExtraTrees_Balanced,ExecutionTime,0.07605822437291028
E15,orbit,ExtraTrees_Balanced,projectSourceLinesCovered,0.07388902793733439
E15,orbit,ExtraTrees_Balanced,projectSourceClassesCovered,0.09623663809504461
E15,orbit,ExtraTrees_Balanced,hIndexModificationsPerCoveredLine_window5,0.028606446100521075
E15,orbit,ExtraTrees_Balanced,hIndexModificationsPerCoveredLine_window10,0.05665444051797416
E15,orbit,ExtraTrees_Balanced,hIndexModificationsPerCoveredLine_window25,0.04012931209807209
E15,orbit,ExtraTrees_Balanced,hIndexModificationsPerCoveredLine_window50,0.057670044678242514
E15,orbit,ExtraTrees_Balanced,hIndexModificationsPerCoveredLine_window75,0.04749855631842149
E15,orbit,ExtraTrees_Balanced,hIndexModificationsPerCoveredLine_window100,0.06711386403946029
E15,orbit,ExtraTrees_Balanced,hIndexModificationsPerCoveredLine_window500,0.058533838243891065
E15,orbit,ExtraTrees_Balanced,hIndexModificationsPerCoveredLine_window10000,0.0392031319407709
E15,orbit,ExtraTrees_Balanced,num_third_party_libs,0.03583311748658703
E15,orbit,XGB_Baseline,assertion-roulette,0.009517728351056576
E15,orbit,XGB_Baseline,conditional-test-logic,0.009895365685224533
E15,orbit,XGB_Baseline,eager-test,0.012555980123579502
E15,orbit,XGB_Baseline,fire-and-forget,0.03344551846385002
E15,orbit,XGB_Baseline,indirect-testing,0.03790299594402313
E15,orbit,XGB_Baseline,mystery-guest,0.03108634427189827
E15,orbit,XGB_Baseline,resource-optimism,0.0706368163228035
E15,orbit,XGB_Baseline,test-run-war,0.028431057929992676
E15,orbit,XGB_Baseline,testLength,0.02893827296793461
E15,orbit,XGB_Baseline,numAsserts,0.015287764370441437
E15,orbit,XGB_Baseline,numCoveredLines,0.04254686459898949
E15,orbit,XGB_Baseline,ExecutionTime,0.03536676615476608
E15,orbit,XGB_Baseline,projectSourceLinesCovered,0.020546747371554375
E15,orbit,XGB_Baseline,projectSourceClassesCovered,0.03663070127367973
E15,orbit,XGB_Baseline,hIndexModificationsPerCoveredLine_window5,0.014263263903558254
E15,orbit,XGB_Baseline,hIndexModificationsPerCoveredLine_window10,0.11199086904525757
E15,orbit,XGB_Baseline,hIndexModificationsPerCoveredLine_window25,0.1105261966586113
E15,orbit,XGB_Baseline,hIndexModificationsPerCoveredLine_window50,0.057370077818632126
E15,orbit,XGB_Baseline,hIndexModificationsPerCoveredLine_window75,0.03366522118449211
E15,orbit,XGB_Baseline,hIndexModificationsPerCoveredLine_window100,0.1677626222372055
E15,orbit,XGB_Baseline,hIndexModificationsPerCoveredLine_window500,0.047767747193574905
E15,orbit,XGB_Baseline,hIndexModificationsPerCoveredLine_window10000,0.023248618468642235
E15,orbit,XGB_Baseline,num_third_party_libs,0.02061639353632927
E15,orbit,XGB_ClassWeight,assertion-roulette,0.023194147273898125
E15,orbit,XGB_ClassWeight,conditional-test-logic,0.009802188724279404
E15,orbit,XGB_ClassWeight,eager-test,0.01949496567249298
E15,orbit,XGB_ClassWeight,fire-and-forget,0.09113329648971558
E15,orbit,XGB_ClassWeight,indirect-testing,0.024431224912405014
E15,orbit,XGB_ClassWeight,mystery-guest,0.02134809084236622
E15,orbit,XGB_ClassWeight,resource-optimism,0.06801296770572662
E15,orbit,XGB_ClassWeight,test-run-war,0.06301464885473251
E15,orbit,XGB_ClassWeight,testLength,0.020147861912846565
E15,orbit,XGB_ClassWeight,numAsserts,0.017344942316412926
E15,orbit,XGB_ClassWeight,numCoveredLines,0.03135322034358978
E15,orbit,XGB_ClassWeight,ExecutionTime,0.07748987525701523
E15,orbit,XGB_ClassWeight,projectSourceLinesCovered,0.0233797337859869
E15,orbit,XGB_ClassWeight,projectSourceClassesCovered,0.03971003368496895
E15,orbit,XGB_ClassWeight,hIndexModificationsPerCoveredLine_window5,0.031925853341817856
E15,orbit,XGB_ClassWeight,hIndexModificationsPerCoveredLine_window10,0.08042266219854355
E15,orbit,XGB_ClassWeight,hIndexModificationsPerCoveredLine_window25,0.05109464004635811
E15,orbit,XGB_ClassWeight,hIndexModificationsPerCoveredLine_window50,0.06519496440887451
E15,orbit,XGB_ClassWeight,hIndexModificationsPerCoveredLine_window75,0.02503945119678974
E15,orbit,XGB_ClassWeight,hIndexModificationsPerCoveredLine_window100,0.11344234645366669
E15,orbit,XGB_ClassWeight,hIndexModificationsPerCoveredLine_window500,0.04178036004304886
E15,orbit,XGB_ClassWeight,hIndexModificationsPerCoveredLine_window10000,0.03660401329398155
E15,orbit,XGB_ClassWeight,num_third_party_libs,0.024638408794999123
E15,orbit,LightGBM_Baseline,assertion-roulette,33.0
E15,orbit,LightGBM_Baseline,conditional-test-logic,7.0
E15,orbit,LightGBM_Baseline,eager-test,23.0
E15,orbit,LightGBM_Baseline,fire-and-forget,51.0
E15,orbit,LightGBM_Baseline,indirect-testing,48.0
E15,orbit,LightGBM_Baseline,mystery-guest,20.0
E15,orbit,LightGBM_Baseline,resource-optimism,20.0
E15,orbit,LightGBM_Baseline,test-run-war,56.0
E15,orbit,LightGBM_Baseline,testLength,339.0
E15,orbit,LightGBM_Baseline,numAsserts,123.0
E15,orbit,LightGBM_Baseline,numCoveredLines,255.0
E15,orbit,LightGBM_Baseline,ExecutionTime,453.0
E15,orbit,LightGBM_Baseline,projectSourceLinesCovered,410.0
E15,orbit,LightGBM_Baseline,projectSourceClassesCovered,368.0
E15,orbit,LightGBM_Baseline,hIndexModificationsPerCoveredLine_window5,37.0
E15,orbit,LightGBM_Baseline,hIndexModificationsPerCoveredLine_window10,55.0
E15,orbit,LightGBM_Baseline,hIndexModificationsPerCoveredLine_window25,62.0
E15,orbit,LightGBM_Baseline,hIndexModificationsPerCoveredLine_window50,66.0
E15,orbit,LightGBM_Baseline,hIndexModificationsPerCoveredLine_window75,34.0
E15,orbit,LightGBM_Baseline,hIndexModificationsPerCoveredLine_window100,84.0
E15,orbit,LightGBM_Baseline,hIndexModificationsPerCoveredLine_window500,127.0
E15,orbit,LightGBM_Baseline,hIndexModificationsPerCoveredLine_window10000,138.0
E15,orbit,LightGBM_Baseline,num_third_party_libs,191.0
E15,orbit,LightGBM_Balanced,assertion-roulette,31.0
E15,orbit,LightGBM_Balanced,conditional-test-logic,13.0
E15,orbit,LightGBM_Balanced,eager-test,22.0
E15,orbit,LightGBM_Balanced,fire-and-forget,39.0
E15,orbit,LightGBM_Balanced,indirect-testing,36.0
E15,orbit,LightGBM_Balanced,mystery-guest,28.0
E15,orbit,LightGBM_Balanced,resource-optimism,31.0
E15,orbit,LightGBM_Balanced,test-run-war,52.0
E15,orbit,LightGBM_Balanced,testLength,327.0
E15,orbit,LightGBM_Balanced,numAsserts,121.0
E15,orbit,LightGBM_Balanced,numCoveredLines,249.0
E15,orbit,LightGBM_Balanced,ExecutionTime,455.0
E15,orbit,LightGBM_Balanced,projectSourceLinesCovered,335.0
E15,orbit,LightGBM_Balanced,projectSourceClassesCovered,370.0
E15,orbit,LightGBM_Balanced,hIndexModificationsPerCoveredLine_window5,57.0
E15,orbit,LightGBM_Balanced,hIndexModificationsPerCoveredLine_window10,59.0
E15,orbit,LightGBM_Balanced,hIndexModificationsPerCoveredLine_window25,65.0
E15,orbit,LightGBM_Balanced,hIndexModificationsPerCoveredLine_window50,90.0
E15,orbit,LightGBM_Balanced,hIndexModificationsPerCoveredLine_window75,47.0
E15,orbit,LightGBM_Balanced,hIndexModificationsPerCoveredLine_window100,100.0
E15,orbit,LightGBM_Balanced,hIndexModificationsPerCoveredLine_window500,163.0
E15,orbit,LightGBM_Balanced,hIndexModificationsPerCoveredLine_window10000,140.0
E15,orbit,LightGBM_Balanced,num_third_party_libs,170.0
E15,orbit,GradientBoosting_Balanced,assertion-roulette,0.0018892850560560154
E15,orbit,GradientBoosting_Balanced,conditional-test-logic,0.0
E15,orbit,GradientBoosting_Balanced,eager-test,0.00029948656787612206
E15,orbit,GradientBoosting_Balanced,fire-and-forget,0.026065649870902822
E15,orbit,GradientBoosting_Balanced,indirect-testing,0.001640251628556817
E15,orbit,GradientBoosting_Balanced,mystery-guest,0.006334690515422781
E15,orbit,GradientBoosting_Balanced,resource-optimism,0.007305768388249976
E15,orbit,GradientBoosting_Balanced,test-run-war,0.017770633855250358
E15,orbit,GradientBoosting_Balanced,testLength,0.034999677754778746
E15,orbit,GradientBoosting_Balanced,numAsserts,0.003968306940420535
E15,orbit,GradientBoosting_Balanced,numCoveredLines,0.04575790587967536
E15,orbit,GradientBoosting_Balanced,ExecutionTime,0.37140965324840053
E15,orbit,GradientBoosting_Balanced,projectSourceLinesCovered,0.09978905829663609
E15,orbit,GradientBoosting_Balanced,projectSourceClassesCovered,0.093528032971327
E15,orbit,GradientBoosting_Balanced,hIndexModificationsPerCoveredLine_window5,0.0034583312581038905
E15,orbit,GradientBoosting_Balanced,hIndexModificationsPerCoveredLine_window10,0.022441482606708946
E15,orbit,GradientBoosting_Balanced,hIndexModificationsPerCoveredLine_window25,0.0462722828989389
E15,orbit,GradientBoosting_Balanced,hIndexModificationsPerCoveredLine_window50,0.01600676913157293
E15,orbit,GradientBoosting_Balanced,hIndexModificationsPerCoveredLine_window75,0.050982365941234724
E15,orbit,GradientBoosting_Balanced,hIndexModificationsPerCoveredLine_window100,0.09536439667035358
E15,orbit,GradientBoosting_Balanced,hIndexModificationsPerCoveredLine_window500,0.026310988673345807
E15,orbit,GradientBoosting_Balanced,hIndexModificationsPerCoveredLine_window10000,0.017810816029757114
E15,orbit,GradientBoosting_Balanced,num_third_party_libs,0.010594165816431031
E16,logback,RF_Baseline,assertion-roulette,0.010219199517018272
E16,logback,RF_Baseline,conditional-test-logic,0.00451037207102438
E16,logback,RF_Baseline,eager-test,0.006210742646925093
E16,logback,RF_Baseline,fire-and-forget,0.010064328990005573
E16,logback,RF_Baseline,indirect-testing,0.014707386217541973
E16,logback,RF_Baseline,mystery-guest,0.006665173067421366
E16,logback,RF_Baseline,resource-optimism,0.007032394192357584
E16,logback,RF_Baseline,test-run-war,0.007584736457604986
E16,logback,RF_Baseline,testLength,0.08849907283160473
E16,logback,RF_Baseline,numAsserts,0.03941529170610056
E16,logback,RF_Baseline,numCoveredLines,0.08952155519285945
E16,logback,RF_Baseline,ExecutionTime,0.1590246814107426
E16,logback,RF_Baseline,projectSourceLinesCovered,0.12250475438365119
E16,logback,RF_Baseline,projectSourceClassesCovered,0.12558517435718577
E16,logback,RF_Baseline,hIndexModificationsPerCoveredLine_window5,0.01567609513605491
E16,logback,RF_Baseline,hIndexModificationsPerCoveredLine_window10,0.03677170756246839
E16,logback,RF_Baseline,hIndexModificationsPerCoveredLine_window25,0.02478196615976903
E16,logback,RF_Baseline,hIndexModificationsPerCoveredLine_window50,0.02746814523034034
E16,logback,RF_Baseline,hIndexModificationsPerCoveredLine_window75,0.030459956678036262
E16,logback,RF_Baseline,hIndexModificationsPerCoveredLine_window100,0.04138049989919182
E16,logback,RF_Baseline,hIndexModificationsPerCoveredLine_window500,0.03617725663866092
E16,logback,RF_Baseline,hIndexModificationsPerCoveredLine_window10000,0.04728399092739797
E16,logback,RF_Baseline,num_third_party_libs,0.04845551872603683
E16,logback,RF_Balanced,assertion-roulette,0.008098433053851242
E16,logback,RF_Balanced,conditional-test-logic,0.003384939716781194
E16,logback,RF_Balanced,eager-test,0.006449606150552662
E16,logback,RF_Balanced,fire-and-forget,0.01891838480497191
E16,logback,RF_Balanced,indirect-testing,0.01420209911913981
E16,logback,RF_Balanced,mystery-guest,0.008251456129174715
E16,logback,RF_Balanced,resource-optimism,0.00859185919086746
E16,logback,RF_Balanced,test-run-war,0.011548578155051918
E16,logback,RF_Balanced,testLength,0.0635800434239666
E16,logback,RF_Balanced,numAsserts,0.029335260379122617
E16,logback,RF_Balanced,numCoveredLines,0.0756469373103948
E16,logback,RF_Balanced,ExecutionTime,0.1928930484091956
E16,logback,RF_Balanced,projectSourceLinesCovered,0.11104484163982739
E16,logback,RF_Balanced,projectSourceClassesCovered,0.1216706981005011
E16,logback,RF_Balanced,hIndexModificationsPerCoveredLine_window5,0.011049937430284991
E16,logback,RF_Balanced,hIndexModificationsPerCoveredLine_window10,0.028700558145156162
E16,logback,RF_Balanced,hIndexModificationsPerCoveredLine_window25,0.03251304542535001
E16,logback,RF_Balanced,hIndexModificationsPerCoveredLine_window50,0.033243973232903665
E16,logback,RF_Balanced,hIndexModificationsPerCoveredLine_window75,0.042570897760974766
E16,logback,RF_Balanced,hIndexModificationsPerCoveredLine_window100,0.07208179803556933
E16,logback,RF_Balanced,hIndexModificationsPerCoveredLine_window500,0.03665605832058826
E16,logback,RF_Balanced,hIndexModificationsPerCoveredLine_window10000,0.03799468970678055
E16,logback,RF_Balanced,num_third_party_libs,0.031572856358993304
E16,logback,Balanced_RF,assertion-roulette,0.009065462542852247
E16,logback,Balanced_RF,conditional-test-logic,0.004692323223937567
E16,logback,Balanced_RF,eager-test,0.006400711989990243
E16,logback,Balanced_RF,fire-and-forget,0.018519104028130996
E16,logback,Balanced_RF,indirect-testing,0.016839706263039357
E16,logback,Balanced_RF,mystery-guest,0.009159579658226016
E16,logback,Balanced_RF,resource-optimism,0.008456747995778124
E16,logback,Balanced_RF,test-run-war,0.011478969760729808
E16,logback,Balanced_RF,testLength,0.06938256885244919
E16,logback,Balanced_RF,numAsserts,0.03306685119667505
E16,logback,Balanced_RF,numCoveredLines,0.0751972385558679
E16,logback,Balanced_RF,ExecutionTime,0.17473506717698814
E16,logback,Balanced_RF,projectSourceLinesCovered,0.11198203803883758
E16,logback,Balanced_RF,projectSourceClassesCovered,0.11872044491214694
E16,logback,Balanced_RF,hIndexModificationsPerCoveredLine_window5,0.016382214372226898
E16,logback,Balanced_RF,hIndexModificationsPerCoveredLine_window10,0.032477117051376354
E16,logback,Balanced_RF,hIndexModificationsPerCoveredLine_window25,0.03237896400052106
E16,logback,Balanced_RF,hIndexModificationsPerCoveredLine_window50,0.033375733120120085
E16,logback,Balanced_RF,hIndexModificationsPerCoveredLine_window75,0.04701328135874842
E16,logback,Balanced_RF,hIndexModificationsPerCoveredLine_window100,0.06522311420307252
E16,logback,Balanced_RF,hIndexModificationsPerCoveredLine_window500,0.03995246531315729
E16,logback,Balanced_RF,hIndexModificationsPerCoveredLine_window10000,0.03470921342837038
E16,logback,Balanced_RF,num_third_party_libs,0.030791082956757584
E16,logback,ExtraTrees_Balanced,assertion-roulette,0.026712261564286268
E16,logback,ExtraTrees_Balanced,conditional-test-logic,0.012560233304214574
E16,logback,ExtraTrees_Balanced,eager-test,0.012673514665409957
E16,logback,ExtraTrees_Balanced,fire-and-forget,0.03656201888757603
E16,logback,ExtraTrees_Balanced,indirect-testing,0.04165828075558082
E16,logback,ExtraTrees_Balanced,mystery-guest,0.015431635104275032
E16,logback,ExtraTrees_Balanced,resource-optimism,0.010187953650316257
E16,logback,ExtraTrees_Balanced,test-run-war,0.01859507988113669
E16,logback,ExtraTrees_Balanced,testLength,0.04721577207871741
E16,logback,ExtraTrees_Balanced,numAsserts,0.03446106159664104
E16,logback,ExtraTrees_Balanced,numCoveredLines,0.062101548786091504
E16,logback,ExtraTrees_Balanced,ExecutionTime,0.07835356023637464
E16,logback,ExtraTrees_Balanced,projectSourceLinesCovered,0.06757392548976567
E16,logback,ExtraTrees_Balanced,projectSourceClassesCovered,0.09307563240214325
E16,logback,ExtraTrees_Balanced,hIndexModificationsPerCoveredLine_window5,0.032679184865013616
E16,logback,ExtraTrees_Balanced,hIndexModificationsPerCoveredLine_window10,0.05807717789441806
E16,logback,ExtraTrees_Balanced,hIndexModificationsPerCoveredLine_window25,0.037553995795149404
E16,logback,ExtraTrees_Balanced,hIndexModificationsPerCoveredLine_window50,0.057147468614527935
E16,logback,ExtraTrees_Balanced,hIndexModificationsPerCoveredLine_window75,0.05046679891493083
E16,logback,ExtraTrees_Balanced,hIndexModificationsPerCoveredLine_window100,0.07554045494147142
E16,logback,ExtraTrees_Balanced,hIndexModificationsPerCoveredLine_window500,0.0589850165181635
E16,logback,ExtraTrees_Balanced,hIndexModificationsPerCoveredLine_window10000,0.03734028440134768
E16,logback,ExtraTrees_Balanced,num_third_party_libs,0.03504713965244834
E16,logback,XGB_Baseline,assertion-roulette,0.011131517589092255
E16,logback,XGB_Baseline,conditional-test-logic,0.013702469877898693
E16,logback,XGB_Baseline,eager-test,0.007714607287198305
E16,logback,XGB_Baseline,fire-and-forget,0.045072589069604874
E16,logback,XGB_Baseline,indirect-testing,0.033044539391994476
E16,logback,XGB_Baseline,mystery-guest,0.043441008776426315
E16,logback,XGB_Baseline,resource-optimism,0.053534992039203644
E16,logback,XGB_Baseline,test-run-war,0.030484778806567192
E16,logback,XGB_Baseline,testLength,0.028481831774115562
E16,logback,XGB_Baseline,numAsserts,0.01484624296426773
E16,logback,XGB_Baseline,numCoveredLines,0.04564584791660309
E16,logback,XGB_Baseline,ExecutionTime,0.03391192480921745
E16,logback,XGB_Baseline,projectSourceLinesCovered,0.015666093677282333
E16,logback,XGB_Baseline,projectSourceClassesCovered,0.044865500181913376
E16,logback,XGB_Baseline,hIndexModificationsPerCoveredLine_window5,0.010095693171024323
E16,logback,XGB_Baseline,hIndexModificationsPerCoveredLine_window10,0.11616649478673935
E16,logback,XGB_Baseline,hIndexModificationsPerCoveredLine_window25,0.12801408767700195
E16,logback,XGB_Baseline,hIndexModificationsPerCoveredLine_window50,0.036653272807598114
E16,logback,XGB_Baseline,hIndexModificationsPerCoveredLine_window75,0.025289621204137802
E16,logback,XGB_Baseline,hIndexModificationsPerCoveredLine_window100,0.17344734072685242
E16,logback,XGB_Baseline,hIndexModificationsPerCoveredLine_window500,0.04664033278822899
E16,logback,XGB_Baseline,hIndexModificationsPerCoveredLine_window10000,0.026771917939186096
E16,logback,XGB_Baseline,num_third_party_libs,0.01537731196731329
E16,logback,XGB_ClassWeight,assertion-roulette,0.026329703629016876
E16,logback,XGB_ClassWeight,conditional-test-logic,0.012605372816324234
E16,logback,XGB_ClassWeight,eager-test,0.02745189145207405
E16,logback,XGB_ClassWeight,fire-and-forget,0.0761236771941185
E16,logback,XGB_ClassWeight,indirect-testing,0.023774905130267143
E16,logback,XGB_ClassWeight,mystery-guest,0.03256639093160629
E16,logback,XGB_ClassWeight,resource-optimism,0.04925135150551796
E16,logback,XGB_ClassWeight,test-run-war,0.055799879133701324
E16,logback,XGB_ClassWeight,testLength,0.02151833474636078
E16,logback,XGB_ClassWeight,numAsserts,0.018388424068689346
E16,logback,XGB_ClassWeight,numCoveredLines,0.026408102363348007
E16,logback,XGB_ClassWeight,ExecutionTime,0.07707224041223526
E16,logback,XGB_ClassWeight,projectSourceLinesCovered,0.025783363729715347
E16,logback,XGB_ClassWeight,projectSourceClassesCovered,0.040482450276613235
E16,logback,XGB_ClassWeight,hIndexModificationsPerCoveredLine_window5,0.02199677564203739
E16,logback,XGB_ClassWeight,hIndexModificationsPerCoveredLine_window10,0.07037065178155899
E16,logback,XGB_ClassWeight,hIndexModificationsPerCoveredLine_window25,0.04567938670516014
E16,logback,XGB_ClassWeight,hIndexModificationsPerCoveredLine_window50,0.04298804700374603
E16,logback,XGB_ClassWeight,hIndexModificationsPerCoveredLine_window75,0.043576765805482864
E16,logback,XGB_ClassWeight,hIndexModificationsPerCoveredLine_window100,0.14541485905647278
E16,logback,XGB_ClassWeight,hIndexModificationsPerCoveredLine_window500,0.038747962564229965
E16,logback,XGB_ClassWeight,hIndexModificationsPerCoveredLine_window10000,0.0558282770216465
E16,logback,XGB_ClassWeight,num_third_party_libs,0.02184128761291504
E16,logback,LightGBM_Baseline,assertion-roulette,22.0
E16,logback,LightGBM_Baseline,conditional-test-logic,7.0
E16,logback,LightGBM_Baseline,eager-test,18.0
E16,logback,LightGBM_Baseline,fire-and-forget,41.0
E16,logback,LightGBM_Baseline,indirect-testing,45.0
E16,logback,LightGBM_Baseline,mystery-guest,18.0
E16,logback,LightGBM_Baseline,resource-optimism,33.0
E16,logback,LightGBM_Baseline,test-run-war,40.0
E16,logback,LightGBM_Baseline,testLength,335.0
E16,logback,LightGBM_Baseline,numAsserts,147.0
E16,logback,LightGBM_Baseline,numCoveredLines,278.0
E16,logback,LightGBM_Baseline,ExecutionTime,438.0
E16,logback,LightGBM_Baseline,projectSourceLinesCovered,435.0
E16,logback,LightGBM_Baseline,projectSourceClassesCovered,356.0
E16,logback,LightGBM_Baseline,hIndexModificationsPerCoveredLine_window5,38.0
E16,logback,LightGBM_Baseline,hIndexModificationsPerCoveredLine_window10,53.0
E16,logback,LightGBM_Baseline,hIndexModificationsPerCoveredLine_window25,60.0
E16,logback,LightGBM_Baseline,hIndexModificationsPerCoveredLine_window50,67.0
E16,logback,LightGBM_Baseline,hIndexModificationsPerCoveredLine_window75,33.0
E16,logback,LightGBM_Baseline,hIndexModificationsPerCoveredLine_window100,87.0
E16,logback,LightGBM_Baseline,hIndexModificationsPerCoveredLine_window500,127.0
E16,logback,LightGBM_Baseline,hIndexModificationsPerCoveredLine_window10000,146.0
E16,logback,LightGBM_Baseline,num_third_party_libs,176.0
E16,logback,LightGBM_Balanced,assertion-roulette,23.0
E16,logback,LightGBM_Balanced,conditional-test-logic,9.0
E16,logback,LightGBM_Balanced,eager-test,19.0
E16,logback,LightGBM_Balanced,fire-and-forget,36.0
E16,logback,LightGBM_Balanced,indirect-testing,31.0
E16,logback,LightGBM_Balanced,mystery-guest,12.0
E16,logback,LightGBM_Balanced,resource-optimism,35.0
E16,logback,LightGBM_Balanced,test-run-war,58.0
E16,logback,LightGBM_Balanced,testLength,297.0
E16,logback,LightGBM_Balanced,numAsserts,127.0
E16,logback,LightGBM_Balanced,numCoveredLines,266.0
E16,logback,LightGBM_Balanced,ExecutionTime,421.0
E16,logback,LightGBM_Balanced,projectSourceLinesCovered,371.0
E16,logback,LightGBM_Balanced,projectSourceClassesCovered,432.0
E16,logback,LightGBM_Balanced,hIndexModificationsPerCoveredLine_window5,55.0
E16,logback,LightGBM_Balanced,hIndexModificationsPerCoveredLine_window10,63.0
E16,logback,LightGBM_Balanced,hIndexModificationsPerCoveredLine_window25,66.0
E16,logback,LightGBM_Balanced,hIndexModificationsPerCoveredLine_window50,85.0
E16,logback,LightGBM_Balanced,hIndexModificationsPerCoveredLine_window75,34.0
E16,logback,LightGBM_Balanced,hIndexModificationsPerCoveredLine_window100,103.0
E16,logback,LightGBM_Balanced,hIndexModificationsPerCoveredLine_window500,150.0
E16,logback,LightGBM_Balanced,hIndexModificationsPerCoveredLine_window10000,145.0
E16,logback,LightGBM_Balanced,num_third_party_libs,162.0
E16,logback,GradientBoosting_Balanced,assertion-roulette,0.0017544220491238014
E16,logback,GradientBoosting_Balanced,conditional-test-logic,0.00041869195674568816
E16,logback,GradientBoosting_Balanced,eager-test,0.002153528537778209
E16,logback,GradientBoosting_Balanced,fire-and-forget,0.037934446286221016
E16,logback,GradientBoosting_Balanced,indirect-testing,0.0009369743993124427
E16,logback,GradientBoosting_Balanced,mystery-guest,0.0013373373732586391
E16,logback,GradientBoosting_Balanced,resource-optimism,0.011443649852121098
E16,logback,GradientBoosting_Balanced,test-run-war,0.015517275480058865
E16,logback,GradientBoosting_Balanced,testLength,0.03937459655866103
E16,logback,GradientBoosting_Balanced,numAsserts,0.004641773591738589
E16,logback,GradientBoosting_Balanced,numCoveredLines,0.04441578266052662
E16,logback,GradientBoosting_Balanced,ExecutionTime,0.34872792737832986
E16,logback,GradientBoosting_Balanced,projectSourceLinesCovered,0.09791054793804722
E16,logback,GradientBoosting_Balanced,projectSourceClassesCovered,0.09851456141114236
E16,logback,GradientBoosting_Balanced,hIndexModificationsPerCoveredLine_window5,0.004605614593237982
E16,logback,GradientBoosting_Balanced,hIndexModificationsPerCoveredLine_window10,0.0191112020688666
E16,logback,GradientBoosting_Balanced,hIndexModificationsPerCoveredLine_window25,0.046658853602669956
E16,logback,GradientBoosting_Balanced,hIndexModificationsPerCoveredLine_window50,0.011899391871333811
E16,logback,GradientBoosting_Balanced,hIndexModificationsPerCoveredLine_window75,0.052796189854682256
E16,logback,GradientBoosting_Balanced,hIndexModificationsPerCoveredLine_window100,0.09620856245624787
E16,logback,GradientBoosting_Balanced,hIndexModificationsPerCoveredLine_window500,0.03253783128083948
E16,logback,GradientBoosting_Balanced,hIndexModificationsPerCoveredLine_window10000,0.020600153701197797
E16,logback,GradientBoosting_Balanced,num_third_party_libs,0.010500685097858667
E17,spring-boot,RF_Baseline,assertion-roulette,0.009932607812095094
E17,spring-boot,RF_Baseline,conditional-test-logic,0.005792696095166593
E17,spring-boot,RF_Baseline,eager-test,0.007582030256356328
E17,spring-boot,RF_Baseline,fire-and-forget,0.013212634185502599
E17,spring-boot,RF_Baseline,indirect-testing,0.013551011326182655
E17,spring-boot,RF_Baseline,mystery-guest,0.0049161338881568315
E17,spring-boot,RF_Baseline,resource-optimism,0.004115921464362896
E17,spring-boot,RF_Baseline,test-run-war,0.0075045761644115935
E17,spring-boot,RF_Baseline,testLength,0.08928720985741061
E17,spring-boot,RF_Baseline,numAsserts,0.04343736552435887
E17,spring-boot,RF_Baseline,numCoveredLines,0.08028746978090293
E17,spring-boot,RF_Baseline,ExecutionTime,0.1521867595455247
E17,spring-boot,RF_Baseline,projectSourceLinesCovered,0.1218466020743555
E17,spring-boot,RF_Baseline,projectSourceClassesCovered,0.10762289808801935
E17,spring-boot,RF_Baseline,hIndexModificationsPerCoveredLine_window5,0.015775067750635287
E17,spring-boot,RF_Baseline,hIndexModificationsPerCoveredLine_window10,0.06218137046409537
E17,spring-boot,RF_Baseline,hIndexModificationsPerCoveredLine_window25,0.024408681003429918
E17,spring-boot,RF_Baseline,hIndexModificationsPerCoveredLine_window50,0.031415701843879436
E17,spring-boot,RF_Baseline,hIndexModificationsPerCoveredLine_window75,0.030899499930511564
E17,spring-boot,RF_Baseline,hIndexModificationsPerCoveredLine_window100,0.04985789946571668
E17,spring-boot,RF_Baseline,hIndexModificationsPerCoveredLine_window500,0.03364955449124708
E17,spring-boot,RF_Baseline,hIndexModificationsPerCoveredLine_window10000,0.03879355464913029
E17,spring-boot,RF_Baseline,num_third_party_libs,0.05174275433854781
E17,spring-boot,RF_Balanced,assertion-roulette,0.009847688021045785
E17,spring-boot,RF_Balanced,conditional-test-logic,0.003179934767978945
E17,spring-boot,RF_Balanced,eager-test,0.006650979646506601
E17,spring-boot,RF_Balanced,fire-and-forget,0.02538392202636095
E17,spring-boot,RF_Balanced,indirect-testing,0.012684656413511042
E17,spring-boot,RF_Balanced,mystery-guest,0.0029810992953769604
E17,spring-boot,RF_Balanced,resource-optimism,0.0012969554800307574
E17,spring-boot,RF_Balanced,test-run-war,0.011221689240444532
E17,spring-boot,RF_Balanced,testLength,0.0733348374970975
E17,spring-boot,RF_Balanced,numAsserts,0.03369652586311852
E17,spring-boot,RF_Balanced,numCoveredLines,0.07272559077707585
E17,spring-boot,RF_Balanced,ExecutionTime,0.15885514450764374
E17,spring-boot,RF_Balanced,projectSourceLinesCovered,0.11195818827926236
E17,spring-boot,RF_Balanced,projectSourceClassesCovered,0.09976603742982762
E17,spring-boot,RF_Balanced,hIndexModificationsPerCoveredLine_window5,0.012952331092834687
E17,spring-boot,RF_Balanced,hIndexModificationsPerCoveredLine_window10,0.027246579826880314
E17,spring-boot,RF_Balanced,hIndexModificationsPerCoveredLine_window25,0.02954394339989907
E17,spring-boot,RF_Balanced,hIndexModificationsPerCoveredLine_window50,0.041881028737401085
E17,spring-boot,RF_Balanced,hIndexModificationsPerCoveredLine_window75,0.06389842038824119
E17,spring-boot,RF_Balanced,hIndexModificationsPerCoveredLine_window100,0.08835225192521788
E17,spring-boot,RF_Balanced,hIndexModificationsPerCoveredLine_window500,0.03990054543285191
E17,spring-boot,RF_Balanced,hIndexModificationsPerCoveredLine_window10000,0.040454261883464876
E17,spring-boot,RF_Balanced,num_third_party_libs,0.03218738806792772
E17,spring-boot,Balanced_RF,assertion-roulette,0.011849561460470679
E17,spring-boot,Balanced_RF,conditional-test-logic,0.003298258156639925
E17,spring-boot,Balanced_RF,eager-test,0.007542102419891602
E17,spring-boot,Balanced_RF,fire-and-forget,0.023584121603460857
E17,spring-boot,Balanced_RF,indirect-testing,0.011145905224183794
E17,spring-boot,Balanced_RF,mystery-guest,0.003943223318893335
E17,spring-boot,Balanced_RF,resource-optimism,0.0010482416783574528
E17,spring-boot,Balanced_RF,test-run-war,0.012717755417043779
E17,spring-boot,Balanced_RF,testLength,0.07076676366351106
E17,spring-boot,Balanced_RF,numAsserts,0.03513476365029195
E17,spring-boot,Balanced_RF,numCoveredLines,0.07382424360965067
E17,spring-boot,Balanced_RF,ExecutionTime,0.15508823468663602
E17,spring-boot,Balanced_RF,projectSourceLinesCovered,0.10616700376387335
E17,spring-boot,Balanced_RF,projectSourceClassesCovered,0.09703081745532258
E17,spring-boot,Balanced_RF,hIndexModificationsPerCoveredLine_window5,0.011895141492104529
E17,spring-boot,Balanced_RF,hIndexModificationsPerCoveredLine_window10,0.03585976968277678
E17,spring-boot,Balanced_RF,hIndexModificationsPerCoveredLine_window25,0.02513109753479362
E17,spring-boot,Balanced_RF,hIndexModificationsPerCoveredLine_window50,0.05079380932215789
E17,spring-boot,Balanced_RF,hIndexModificationsPerCoveredLine_window75,0.05447974155578603
E17,spring-boot,Balanced_RF,hIndexModificationsPerCoveredLine_window100,0.09624508747038649
E17,spring-boot,Balanced_RF,hIndexModificationsPerCoveredLine_window500,0.04023244268461057
E17,spring-boot,Balanced_RF,hIndexModificationsPerCoveredLine_window10000,0.04040757109279893
E17,spring-boot,Balanced_RF,num_third_party_libs,0.03181434305635807
E17,spring-boot,ExtraTrees_Balanced,assertion-roulette,0.03351105257864847
E17,spring-boot,ExtraTrees_Balanced,conditional-test-logic,0.013751181767841418
E17,spring-boot,ExtraTrees_Balanced,eager-test,0.013729121721296058
E17,spring-boot,ExtraTrees_Balanced,fire-and-forget,0.04661997480283226
E17,spring-boot,ExtraTrees_Balanced,indirect-testing,0.02211827955776792
E17,spring-boot,ExtraTrees_Balanced,mystery-guest,0.007901622536928861
E17,spring-boot,ExtraTrees_Balanced,resource-optimism,0.005246031054464648
E17,spring-boot,ExtraTrees_Balanced,test-run-war,0.01681311719835394
E17,spring-boot,ExtraTrees_Balanced,testLength,0.053703538482996055
E17,spring-boot,ExtraTrees_Balanced,numAsserts,0.03166361600148589
E17,spring-boot,ExtraTrees_Balanced,numCoveredLines,0.0608818003582031
E17,spring-boot,ExtraTrees_Balanced,ExecutionTime,0.07333047583927395
E17,spring-boot,ExtraTrees_Balanced,projectSourceLinesCovered,0.07333586960481882
E17,spring-boot,ExtraTrees_Balanced,projectSourceClassesCovered,0.08805634188550629
E17,spring-boot,ExtraTrees_Balanced,hIndexModificationsPerCoveredLine_window5,0.034531405419446916
E17,spring-boot,ExtraTrees_Balanced,hIndexModificationsPerCoveredLine_window10,0.05678970906182996
E17,spring-boot,ExtraTrees_Balanced,hIndexModificationsPerCoveredLine_window25,0.032650357595513525
E17,spring-boot,ExtraTrees_Balanced,hIndexModificationsPerCoveredLine_window50,0.07572458995779023
E17,spring-boot,ExtraTrees_Balanced,hIndexModificationsPerCoveredLine_window75,0.06264943455130445
E17,spring-boot,ExtraTrees_Balanced,hIndexModificationsPerCoveredLine_window100,0.07686184630605812
E17,spring-boot,ExtraTrees_Balanced,hIndexModificationsPerCoveredLine_window500,0.04574130902332446
E17,spring-boot,ExtraTrees_Balanced,hIndexModificationsPerCoveredLine_window10000,0.039710066194389056
E17,spring-boot,ExtraTrees_Balanced,num_third_party_libs,0.03467925849992574
E17,spring-boot,XGB_Baseline,assertion-roulette,0.008881090208888054
E17,spring-boot,XGB_Baseline,conditional-test-logic,0.002202912699431181
E17,spring-boot,XGB_Baseline,eager-test,0.008072557859122753
E17,spring-boot,XGB_Baseline,fire-and-forget,0.03453095629811287
E17,spring-boot,XGB_Baseline,indirect-testing,0.017334476113319397
E17,spring-boot,XGB_Baseline,mystery-guest,0.011264558881521225
E17,spring-boot,XGB_Baseline,resource-optimism,0.01916888728737831
E17,spring-boot,XGB_Baseline,test-run-war,0.023563016206026077
E17,spring-boot,XGB_Baseline,testLength,0.015643013641238213
E17,spring-boot,XGB_Baseline,numAsserts,0.013662828132510185
E17,spring-boot,XGB_Baseline,numCoveredLines,0.010427633300423622
E17,spring-boot,XGB_Baseline,ExecutionTime,0.021569494158029556
E17,spring-boot,XGB_Baseline,projectSourceLinesCovered,0.013865089975297451
E17,spring-boot,XGB_Baseline,projectSourceClassesCovered,0.02357741817831993
E17,spring-boot,XGB_Baseline,hIndexModificationsPerCoveredLine_window5,0.015900326892733574
E17,spring-boot,XGB_Baseline,hIndexModificationsPerCoveredLine_window10,0.38778865337371826
E17,spring-boot,XGB_Baseline,hIndexModificationsPerCoveredLine_window25,0.02315532974898815
E17,spring-boot,XGB_Baseline,hIndexModificationsPerCoveredLine_window50,0.017574133351445198
E17,spring-boot,XGB_Baseline,hIndexModificationsPerCoveredLine_window75,0.05761467292904854
E17,spring-boot,XGB_Baseline,hIndexModificationsPerCoveredLine_window100,0.17875267565250397
E17,spring-boot,XGB_Baseline,hIndexModificationsPerCoveredLine_window500,0.01206029113382101
E17,spring-boot,XGB_Baseline,hIndexModificationsPerCoveredLine_window10000,0.046160075813531876
E17,spring-boot,XGB_Baseline,num_third_party_libs,0.03722986578941345
E17,spring-boot,XGB_ClassWeight,assertion-roulette,0.0195082426071167
E17,spring-boot,XGB_ClassWeight,conditional-test-logic,0.015365870669484138
E17,spring-boot,XGB_ClassWeight,eager-test,0.014660566113889217
E17,spring-boot,XGB_ClassWeight,fire-and-forget,0.07637056708335876
E17,spring-boot,XGB_ClassWeight,indirect-testing,0.020733073353767395
E17,spring-boot,XGB_ClassWeight,mystery-guest,0.029070982709527016
E17,spring-boot,XGB_ClassWeight,resource-optimism,0.012255202047526836
E17,spring-boot,XGB_ClassWeight,test-run-war,0.04882477968931198
E17,spring-boot,XGB_ClassWeight,testLength,0.020668797194957733
E17,spring-boot,XGB_ClassWeight,numAsserts,0.01654362864792347
E17,spring-boot,XGB_ClassWeight,numCoveredLines,0.01578013226389885
E17,spring-boot,XGB_ClassWeight,ExecutionTime,0.04436608403921127
E17,spring-boot,XGB_ClassWeight,projectSourceLinesCovered,0.026031767949461937
E17,spring-boot,XGB_ClassWeight,projectSourceClassesCovered,0.02668285369873047
E17,spring-boot,XGB_ClassWeight,hIndexModificationsPerCoveredLine_window5,0.03547804802656174
E17,spring-boot,XGB_ClassWeight,hIndexModificationsPerCoveredLine_window10,0.050662219524383545
E17,spring-boot,XGB_ClassWeight,hIndexModificationsPerCoveredLine_window25,0.03291986882686615
E17,spring-boot,XGB_ClassWeight,hIndexModificationsPerCoveredLine_window50,0.05831651762127876
E17,spring-boot,XGB_ClassWeight,hIndexModificationsPerCoveredLine_window75,0.03406494855880737
E17,spring-boot,XGB_ClassWeight,hIndexModificationsPerCoveredLine_window100,0.29340893030166626
E17,spring-boot,XGB_ClassWeight,hIndexModificationsPerCoveredLine_window500,0.04498419538140297
E17,spring-boot,XGB_ClassWeight,hIndexModificationsPerCoveredLine_window10000,0.038957610726356506
E17,spring-boot,XGB_ClassWeight,num_third_party_libs,0.02434520609676838
E17,spring-boot,LightGBM_Baseline,assertion-roulette,39.0
E17,spring-boot,LightGBM_Baseline,conditional-test-logic,5.0
E17,spring-boot,LightGBM_Baseline,eager-test,14.0
E17,spring-boot,LightGBM_Baseline,fire-and-forget,53.0
E17,spring-boot,LightGBM_Baseline,indirect-testing,35.0
E17,spring-boot,LightGBM_Baseline,mystery-guest,17.0
E17,spring-boot,LightGBM_Baseline,resource-optimism,10.0
E17,spring-boot,LightGBM_Baseline,test-run-war,45.0
E17,spring-boot,LightGBM_Baseline,testLength,349.0
E17,spring-boot,LightGBM_Baseline,numAsserts,139.0
E17,spring-boot,LightGBM_Baseline,numCoveredLines,321.0
E17,spring-boot,LightGBM_Baseline,ExecutionTime,440.0
E17,spring-boot,LightGBM_Baseline,projectSourceLinesCovered,410.0
E17,spring-boot,LightGBM_Baseline,projectSourceClassesCovered,418.0
E17,spring-boot,LightGBM_Baseline,hIndexModificationsPerCoveredLine_window5,33.0
E17,spring-boot,LightGBM_Baseline,hIndexModificationsPerCoveredLine_window10,46.0
E17,spring-boot,LightGBM_Baseline,hIndexModificationsPerCoveredLine_window25,44.0
E17,spring-boot,LightGBM_Baseline,hIndexModificationsPerCoveredLine_window50,86.0
E17,spring-boot,LightGBM_Baseline,hIndexModificationsPerCoveredLine_window75,32.0
E17,spring-boot,LightGBM_Baseline,hIndexModificationsPerCoveredLine_window100,93.0
E17,spring-boot,LightGBM_Baseline,hIndexModificationsPerCoveredLine_window500,100.0
E17,spring-boot,LightGBM_Baseline,hIndexModificationsPerCoveredLine_window10000,124.0
E17,spring-boot,LightGBM_Baseline,num_third_party_libs,147.0
E17,spring-boot,LightGBM_Balanced,assertion-roulette,27.0
E17,spring-boot,LightGBM_Balanced,conditional-test-logic,12.0
E17,spring-boot,LightGBM_Balanced,eager-test,18.0
E17,spring-boot,LightGBM_Balanced,fire-and-forget,41.0
E17,spring-boot,LightGBM_Balanced,indirect-testing,38.0
E17,spring-boot,LightGBM_Balanced,mystery-guest,22.0
E17,spring-boot,LightGBM_Balanced,resource-optimism,14.0
E17,spring-boot,LightGBM_Balanced,test-run-war,42.0
E17,spring-boot,LightGBM_Balanced,testLength,342.0
E17,spring-boot,LightGBM_Balanced,numAsserts,132.0
E17,spring-boot,LightGBM_Balanced,numCoveredLines,275.0
E17,spring-boot,LightGBM_Balanced,ExecutionTime,412.0
E17,spring-boot,LightGBM_Balanced,projectSourceLinesCovered,392.0
E17,spring-boot,LightGBM_Balanced,projectSourceClassesCovered,416.0
E17,spring-boot,LightGBM_Balanced,hIndexModificationsPerCoveredLine_window5,44.0
E17,spring-boot,LightGBM_Balanced,hIndexModificationsPerCoveredLine_window10,71.0
E17,spring-boot,LightGBM_Balanced,hIndexModificationsPerCoveredLine_window25,41.0
E17,spring-boot,LightGBM_Balanced,hIndexModificationsPerCoveredLine_window50,72.0
E17,spring-boot,LightGBM_Balanced,hIndexModificationsPerCoveredLine_window75,43.0
E17,spring-boot,LightGBM_Balanced,hIndexModificationsPerCoveredLine_window100,105.0
E17,spring-boot,LightGBM_Balanced,hIndexModificationsPerCoveredLine_window500,117.0
E17,spring-boot,LightGBM_Balanced,hIndexModificationsPerCoveredLine_window10000,158.0
E17,spring-boot,LightGBM_Balanced,num_third_party_libs,166.0
E17,spring-boot,GradientBoosting_Balanced,assertion-roulette,0.002016941240414481
E17,spring-boot,GradientBoosting_Balanced,conditional-test-logic,0.0002061999924557543
E17,spring-boot,GradientBoosting_Balanced,eager-test,0.0008899717638198899
E17,spring-boot,GradientBoosting_Balanced,fire-and-forget,0.04228615925886043
E17,spring-boot,GradientBoosting_Balanced,indirect-testing,0.0011513139076824634
E17,spring-boot,GradientBoosting_Balanced,mystery-guest,0.0
E17,spring-boot,GradientBoosting_Balanced,resource-optimism,0.0016224491417230248
E17,spring-boot,GradientBoosting_Balanced,test-run-war,0.016831149420685122
E17,spring-boot,GradientBoosting_Balanced,testLength,0.04966396387126528
E17,spring-boot,GradientBoosting_Balanced,numAsserts,0.005758536194576416
E17,spring-boot,GradientBoosting_Balanced,numCoveredLines,0.014593858715670245
E17,spring-boot,GradientBoosting_Balanced,ExecutionTime,0.29262946071849627
E17,spring-boot,GradientBoosting_Balanced,projectSourceLinesCovered,0.10082340534634428
E17,spring-boot,GradientBoosting_Balanced,projectSourceClassesCovered,0.06695753402197281
E17,spring-boot,GradientBoosting_Balanced,hIndexModificationsPerCoveredLine_window5,0.0019172319537096541
E17,spring-boot,GradientBoosting_Balanced,hIndexModificationsPerCoveredLine_window10,0.03306857171762676
E17,spring-boot,GradientBoosting_Balanced,hIndexModificationsPerCoveredLine_window25,0.024125498243815442
E17,spring-boot,GradientBoosting_Balanced,hIndexModificationsPerCoveredLine_window50,0.005662105530970844
E17,spring-boot,GradientBoosting_Balanced,hIndexModificationsPerCoveredLine_window75,0.038297402208259675
E17,spring-boot,GradientBoosting_Balanced,hIndexModificationsPerCoveredLine_window100,0.21621320210779557
E17,spring-boot,GradientBoosting_Balanced,hIndexModificationsPerCoveredLine_window500,0.030811335474823624
E17,spring-boot,GradientBoosting_Balanced,hIndexModificationsPerCoveredLine_window10000,0.0332451553145883
E17,spring-boot,GradientBoosting_Balanced,num_third_party_libs,0.02122855385444364
E18,okhttp,RF_Baseline,assertion-roulette,0.009415810189625177
E18,okhttp,RF_Baseline,conditional-test-logic,0.006124792054093269
E18,okhttp,RF_Baseline,eager-test,0.004671967254217802
E18,okhttp,RF_Baseline,fire-and-forget,0.011503738703292268
E18,okhttp,RF_Baseline,indirect-testing,0.014386164387632494
E18,okhttp,RF_Baseline,mystery-guest,0.0072738231046654495
E18,okhttp,RF_Baseline,resource-optimism,0.008454390689712925
E18,okhttp,RF_Baseline,test-run-war,0.008874916894199872
E18,okhttp,RF_Baseline,testLength,0.0793450479056347
E18,okhttp,RF_Baseline,numAsserts,0.038193497809904636
E18,okhttp,RF_Baseline,numCoveredLines,0.08259327129157214
E18,okhttp,RF_Baseline,ExecutionTime,0.1426906787333962
E18,okhttp,RF_Baseline,projectSourceLinesCovered,0.1250003870844579
E18,okhttp,RF_Baseline,projectSourceClassesCovered,0.11817123648267377
E18,okhttp,RF_Baseline,hIndexModificationsPerCoveredLine_window5,0.016935276181093164
E18,okhttp,RF_Baseline,hIndexModificationsPerCoveredLine_window10,0.04003246679112241
E18,okhttp,RF_Baseline,hIndexModificationsPerCoveredLine_window25,0.026592080644729732
E18,okhttp,RF_Baseline,hIndexModificationsPerCoveredLine_window50,0.02486012896862639
E18,okhttp,RF_Baseline,hIndexModificationsPerCoveredLine_window75,0.03233202991694539
E18,okhttp,RF_Baseline,hIndexModificationsPerCoveredLine_window100,0.049206453345783704
E18,okhttp,RF_Baseline,hIndexModificationsPerCoveredLine_window500,0.04668848236117123
E18,okhttp,RF_Baseline,hIndexModificationsPerCoveredLine_window10000,0.0538686066929417
E18,okhttp,RF_Baseline,num_third_party_libs,0.05278475251250784
E18,okhttp,RF_Balanced,assertion-roulette,0.008491071934794257
E18,okhttp,RF_Balanced,conditional-test-logic,0.0036109937360734217
E18,okhttp,RF_Balanced,eager-test,0.005483210317081006
E18,okhttp,RF_Balanced,fire-and-forget,0.025579766799456206
E18,okhttp,RF_Balanced,indirect-testing,0.012584911895666484
E18,okhttp,RF_Balanced,mystery-guest,0.014909806329843978
E18,okhttp,RF_Balanced,resource-optimism,0.007361884941216765
E18,okhttp,RF_Balanced,test-run-war,0.01380036342825737
E18,okhttp,RF_Balanced,testLength,0.06008326764460632
E18,okhttp,RF_Balanced,numAsserts,0.0289935423353452
E18,okhttp,RF_Balanced,numCoveredLines,0.07580593259289521
E18,okhttp,RF_Balanced,ExecutionTime,0.20162794676343151
E18,okhttp,RF_Balanced,projectSourceLinesCovered,0.13061318667766292
E18,okhttp,RF_Balanced,projectSourceClassesCovered,0.12413091647819323
E18,okhttp,RF_Balanced,hIndexModificationsPerCoveredLine_window5,0.015014627278228245
E18,okhttp,RF_Balanced,hIndexModificationsPerCoveredLine_window10,0.02325878535287345
E18,okhttp,RF_Balanced,hIndexModificationsPerCoveredLine_window25,0.029099561645669913
E18,okhttp,RF_Balanced,hIndexModificationsPerCoveredLine_window50,0.03406008031051838
E18,okhttp,RF_Balanced,hIndexModificationsPerCoveredLine_window75,0.036425326215422965
E18,okhttp,RF_Balanced,hIndexModificationsPerCoveredLine_window100,0.04963949670653972
E18,okhttp,RF_Balanced,hIndexModificationsPerCoveredLine_window500,0.040012169756571285
E18,okhttp,RF_Balanced,hIndexModificationsPerCoveredLine_window10000,0.030794480636166664
E18,okhttp,RF_Balanced,num_third_party_libs,0.028618670223485486
E18,okhttp,Balanced_RF,assertion-roulette,0.00893019012641077
E18,okhttp,Balanced_RF,conditional-test-logic,0.00464658099108971
E18,okhttp,Balanced_RF,eager-test,0.005771165395898671
E18,okhttp,Balanced_RF,fire-and-forget,0.021142115111657686
E18,okhttp,Balanced_RF,indirect-testing,0.015942287552112896
E18,okhttp,Balanced_RF,mystery-guest,0.011199808531939012
E18,okhttp,Balanced_RF,resource-optimism,0.00889155462641624
E18,okhttp,Balanced_RF,test-run-war,0.01573789034990407
E18,okhttp,Balanced_RF,testLength,0.061524283400899264
E18,okhttp,Balanced_RF,numAsserts,0.03228708638296837
E18,okhttp,Balanced_RF,numCoveredLines,0.07654329436076236
E18,okhttp,Balanced_RF,ExecutionTime,0.18343114959783685
E18,okhttp,Balanced_RF,projectSourceLinesCovered,0.12512947747708608
E18,okhttp,Balanced_RF,projectSourceClassesCovered,0.13028678303119423
E18,okhttp,Balanced_RF,hIndexModificationsPerCoveredLine_window5,0.020779893489903015
E18,okhttp,Balanced_RF,hIndexModificationsPerCoveredLine_window10,0.029380610366700033
E18,okhttp,Balanced_RF,hIndexModificationsPerCoveredLine_window25,0.0272124534900991
E18,okhttp,Balanced_RF,hIndexModificationsPerCoveredLine_window50,0.030763086569844673
E18,okhttp,Balanced_RF,hIndexModificationsPerCoveredLine_window75,0.0335372345164166
E18,okhttp,Balanced_RF,hIndexModificationsPerCoveredLine_window100,0.05343509848360368
E18,okhttp,Balanced_RF,hIndexModificationsPerCoveredLine_window500,0.03661250655208919
E18,okhttp,Balanced_RF,hIndexModificationsPerCoveredLine_window10000,0.03842245623656289
E18,okhttp,Balanced_RF,num_third_party_libs,0.028392993358605075
E18,okhttp,ExtraTrees_Balanced,assertion-roulette,0.03045768461969846
E18,okhttp,ExtraTrees_Balanced,conditional-test-logic,0.015277824988796412
E18,okhttp,ExtraTrees_Balanced,eager-test,0.01261746594053921
E18,okhttp,ExtraTrees_Balanced,fire-and-forget,0.04482924637723433
E18,okhttp,ExtraTrees_Balanced,indirect-testing,0.039151169345457315
E18,okhttp,ExtraTrees_Balanced,mystery-guest,0.018886620027862736
E18,okhttp,ExtraTrees_Balanced,resource-optimism,0.013493548374258073
E18,okhttp,ExtraTrees_Balanced,test-run-war,0.020927109076719318
E18,okhttp,ExtraTrees_Balanced,testLength,0.0461312493188027
E18,okhttp,ExtraTrees_Balanced,numAsserts,0.0324666552666927
E18,okhttp,ExtraTrees_Balanced,numCoveredLines,0.06323789019935439
E18,okhttp,ExtraTrees_Balanced,ExecutionTime,0.07957424833621041
E18,okhttp,ExtraTrees_Balanced,projectSourceLinesCovered,0.07690964907508897
E18,okhttp,ExtraTrees_Balanced,projectSourceClassesCovered,0.09413503260482542
E18,okhttp,ExtraTrees_Balanced,hIndexModificationsPerCoveredLine_window5,0.038119520484236676
E18,okhttp,ExtraTrees_Balanced,hIndexModificationsPerCoveredLine_window10,0.05543940724275037
E18,okhttp,ExtraTrees_Balanced,hIndexModificationsPerCoveredLine_window25,0.02978196362205551
E18,okhttp,ExtraTrees_Balanced,hIndexModificationsPerCoveredLine_window50,0.051268938307459606
E18,okhttp,ExtraTrees_Balanced,hIndexModificationsPerCoveredLine_window75,0.03857088698558559
E18,okhttp,ExtraTrees_Balanced,hIndexModificationsPerCoveredLine_window100,0.0648620498614619
E18,okhttp,ExtraTrees_Balanced,hIndexModificationsPerCoveredLine_window500,0.06254906701487857
E18,okhttp,ExtraTrees_Balanced,hIndexModificationsPerCoveredLine_window10000,0.038540756819354254
E18,okhttp,ExtraTrees_Balanced,num_third_party_libs,0.03277201611067698
E18,okhttp,XGB_Baseline,assertion-roulette,0.01284783985465765
E18,okhttp,XGB_Baseline,conditional-test-logic,0.010188058950006962
E18,okhttp,XGB_Baseline,eager-test,0.014447673223912716
E18,okhttp,XGB_Baseline,fire-and-forget,0.042459480464458466
E18,okhttp,XGB_Baseline,indirect-testing,0.032893888652324677
E18,okhttp,XGB_Baseline,mystery-guest,0.052377406507730484
E18,okhttp,XGB_Baseline,resource-optimism,0.07370327413082123
E18,okhttp,XGB_Baseline,test-run-war,0.023924998939037323
E18,okhttp,XGB_Baseline,testLength,0.02175210416316986
E18,okhttp,XGB_Baseline,numAsserts,0.014074943959712982
E18,okhttp,XGB_Baseline,numCoveredLines,0.034298211336135864
E18,okhttp,XGB_Baseline,ExecutionTime,0.05282831937074661
E18,okhttp,XGB_Baseline,projectSourceLinesCovered,0.034330010414123535
E18,okhttp,XGB_Baseline,projectSourceClassesCovered,0.023148564621806145
E18,okhttp,XGB_Baseline,hIndexModificationsPerCoveredLine_window5,0.015841972082853317
E18,okhttp,XGB_Baseline,hIndexModificationsPerCoveredLine_window10,0.13713407516479492
E18,okhttp,XGB_Baseline,hIndexModificationsPerCoveredLine_window25,0.10077395290136337
E18,okhttp,XGB_Baseline,hIndexModificationsPerCoveredLine_window50,0.04946469888091087
E18,okhttp,XGB_Baseline,hIndexModificationsPerCoveredLine_window75,0.02142011933028698
E18,okhttp,XGB_Baseline,hIndexModificationsPerCoveredLine_window100,0.14567051827907562
E18,okhttp,XGB_Baseline,hIndexModificationsPerCoveredLine_window500,0.043603017926216125
E18,okhttp,XGB_Baseline,hIndexModificationsPerCoveredLine_window10000,0.01773609034717083
E18,okhttp,XGB_Baseline,num_third_party_libs,0.025080783292651176
E18,okhttp,XGB_ClassWeight,assertion-roulette,0.01731298118829727
E18,okhttp,XGB_ClassWeight,conditional-test-logic,0.017027447000145912
E18,okhttp,XGB_ClassWeight,eager-test,0.023567674681544304
E18,okhttp,XGB_ClassWeight,fire-and-forget,0.152262344956398
E18,okhttp,XGB_ClassWeight,indirect-testing,0.03331740200519562
E18,okhttp,XGB_ClassWeight,mystery-guest,0.04646078869700432
E18,okhttp,XGB_ClassWeight,resource-optimism,0.05516143515706062
E18,okhttp,XGB_ClassWeight,test-run-war,0.029780618846416473
E18,okhttp,XGB_ClassWeight,testLength,0.020017744973301888
E18,okhttp,XGB_ClassWeight,numAsserts,0.01684292033314705
E18,okhttp,XGB_ClassWeight,numCoveredLines,0.022703178226947784
E18,okhttp,XGB_ClassWeight,ExecutionTime,0.09650145471096039
E18,okhttp,XGB_ClassWeight,projectSourceLinesCovered,0.02790607325732708
E18,okhttp,XGB_ClassWeight,projectSourceClassesCovered,0.03420066088438034
E18,okhttp,XGB_ClassWeight,hIndexModificationsPerCoveredLine_window5,0.02587728388607502
E18,okhttp,XGB_ClassWeight,hIndexModificationsPerCoveredLine_window10,0.03845755010843277
E18,okhttp,XGB_ClassWeight,hIndexModificationsPerCoveredLine_window25,0.08582846820354462
E18,okhttp,XGB_ClassWeight,hIndexModificationsPerCoveredLine_window50,0.0489361397922039
E18,okhttp,XGB_ClassWeight,hIndexModificationsPerCoveredLine_window75,0.03826209157705307
E18,okhttp,XGB_ClassWeight,hIndexModificationsPerCoveredLine_window100,0.08929852396249771
E18,okhttp,XGB_ClassWeight,hIndexModificationsPerCoveredLine_window500,0.041187409311532974
E18,okhttp,XGB_ClassWeight,hIndexModificationsPerCoveredLine_window10000,0.024764543399214745
E18,okhttp,XGB_ClassWeight,num_third_party_libs,0.01432537380605936
E18,okhttp,LightGBM_Baseline,assertion-roulette,40.0
E18,okhttp,LightGBM_Baseline,conditional-test-logic,12.0
E18,okhttp,LightGBM_Baseline,eager-test,27.0
E18,okhttp,LightGBM_Baseline,fire-and-forget,51.0
E18,okhttp,LightGBM_Baseline,indirect-testing,49.0
E18,okhttp,LightGBM_Baseline,mystery-guest,33.0
E18,okhttp,LightGBM_Baseline,resource-optimism,26.0
E18,okhttp,LightGBM_Baseline,test-run-war,46.0
E18,okhttp,LightGBM_Baseline,testLength,289.0
E18,okhttp,LightGBM_Baseline,numAsserts,131.0
E18,okhttp,LightGBM_Baseline,numCoveredLines,270.0
E18,okhttp,LightGBM_Baseline,ExecutionTime,425.0
E18,okhttp,LightGBM_Baseline,projectSourceLinesCovered,397.0
E18,okhttp,LightGBM_Baseline,projectSourceClassesCovered,384.0
E18,okhttp,LightGBM_Baseline,hIndexModificationsPerCoveredLine_window5,35.0
E18,okhttp,LightGBM_Baseline,hIndexModificationsPerCoveredLine_window10,47.0
E18,okhttp,LightGBM_Baseline,hIndexModificationsPerCoveredLine_window25,63.0
E18,okhttp,LightGBM_Baseline,hIndexModificationsPerCoveredLine_window50,77.0
E18,okhttp,LightGBM_Baseline,hIndexModificationsPerCoveredLine_window75,40.0
E18,okhttp,LightGBM_Baseline,hIndexModificationsPerCoveredLine_window100,116.0
E18,okhttp,LightGBM_Baseline,hIndexModificationsPerCoveredLine_window500,117.0
E18,okhttp,LightGBM_Baseline,hIndexModificationsPerCoveredLine_window10000,168.0
E18,okhttp,LightGBM_Baseline,num_third_party_libs,157.0
E18,okhttp,LightGBM_Balanced,assertion-roulette,20.0
E18,okhttp,LightGBM_Balanced,conditional-test-logic,3.0
E18,okhttp,LightGBM_Balanced,eager-test,20.0
E18,okhttp,LightGBM_Balanced,fire-and-forget,51.0
E18,okhttp,LightGBM_Balanced,indirect-testing,54.0
E18,okhttp,LightGBM_Balanced,mystery-guest,26.0
E18,okhttp,LightGBM_Balanced,resource-optimism,35.0
E18,okhttp,LightGBM_Balanced,test-run-war,57.0
E18,okhttp,LightGBM_Balanced,testLength,275.0
E18,okhttp,LightGBM_Balanced,numAsserts,112.0
E18,okhttp,LightGBM_Balanced,numCoveredLines,263.0
E18,okhttp,LightGBM_Balanced,ExecutionTime,433.0
E18,okhttp,LightGBM_Balanced,projectSourceLinesCovered,341.0
E18,okhttp,LightGBM_Balanced,projectSourceClassesCovered,409.0
E18,okhttp,LightGBM_Balanced,hIndexModificationsPerCoveredLine_window5,47.0
E18,okhttp,LightGBM_Balanced,hIndexModificationsPerCoveredLine_window10,54.0
E18,okhttp,LightGBM_Balanced,hIndexModificationsPerCoveredLine_window25,77.0
E18,okhttp,LightGBM_Balanced,hIndexModificationsPerCoveredLine_window50,77.0
E18,okhttp,LightGBM_Balanced,hIndexModificationsPerCoveredLine_window75,52.0
E18,okhttp,LightGBM_Balanced,hIndexModificationsPerCoveredLine_window100,128.0
E18,okhttp,LightGBM_Balanced,hIndexModificationsPerCoveredLine_window500,127.0
E18,okhttp,LightGBM_Balanced,hIndexModificationsPerCoveredLine_window10000,151.0
E18,okhttp,LightGBM_Balanced,num_third_party_libs,188.0
E18,okhttp,GradientBoosting_Balanced,assertion-roulette,0.00020000488220692128
E18,okhttp,GradientBoosting_Balanced,conditional-test-logic,0.0
E18,okhttp,GradientBoosting_Balanced,eager-test,0.00026201192234404753
E18,okhttp,GradientBoosting_Balanced,fire-and-forget,0.05784206311951158
E18,okhttp,GradientBoosting_Balanced,indirect-testing,0.007884864044233362
E18,okhttp,GradientBoosting_Balanced,mystery-guest,0.010463378614565285
E18,okhttp,GradientBoosting_Balanced,resource-optimism,0.009712041818165073
E18,okhttp,GradientBoosting_Balanced,test-run-war,0.012545034018135698
E18,okhttp,GradientBoosting_Balanced,testLength,0.02080349938549401
E18,okhttp,GradientBoosting_Balanced,numAsserts,0.008171311048037679
E18,okhttp,GradientBoosting_Balanced,numCoveredLines,0.05265701665230819
E18,okhttp,GradientBoosting_Balanced,ExecutionTime,0.4154069288814265
E18,okhttp,GradientBoosting_Balanced,projectSourceLinesCovered,0.08454717019242433
E18,okhttp,GradientBoosting_Balanced,projectSourceClassesCovered,0.06950506491278237
E18,okhttp,GradientBoosting_Balanced,hIndexModificationsPerCoveredLine_window5,0.0042822877414283676
E18,okhttp,GradientBoosting_Balanced,hIndexModificationsPerCoveredLine_window10,0.011611223561364861
E18,okhttp,GradientBoosting_Balanced,hIndexModificationsPerCoveredLine_window25,0.03599680224920308
E18,okhttp,GradientBoosting_Balanced,hIndexModificationsPerCoveredLine_window50,0.019979526016479867
E18,okhttp,GradientBoosting_Balanced,hIndexModificationsPerCoveredLine_window75,0.004255659845236449
E18,okhttp,GradientBoosting_Balanced,hIndexModificationsPerCoveredLine_window100,0.12265647656482857
E18,okhttp,GradientBoosting_Balanced,hIndexModificationsPerCoveredLine_window500,0.024587998337711647
E18,okhttp,GradientBoosting_Balanced,hIndexModificationsPerCoveredLine_window10000,0.014092603937644749
E18,okhttp,GradientBoosting_Balanced,num_third_party_libs,0.012537032254467227
E19,java-websocket,RF_Baseline,assertion-roulette,0.01063501209199332
E19,java-websocket,RF_Baseline,conditional-test-logic,0.005135546727393601
E19,java-websocket,RF_Baseline,eager-test,0.00673006173549993
E19,java-websocket,RF_Baseline,fire-and-forget,0.009531602404287486
E19,java-websocket,RF_Baseline,indirect-testing,0.01469131246628551
E19,java-websocket,RF_Baseline,mystery-guest,0.007669592679342118
E19,java-websocket,RF_Baseline,resource-optimism,0.007462666287655531
E19,java-websocket,RF_Baseline,test-run-war,0.007521666010117327
E19,java-websocket,RF_Baseline,testLength,0.09116748692911056
E19,java-websocket,RF_Baseline,numAsserts,0.040849946382012337
E19,java-websocket,RF_Baseline,numCoveredLines,0.08666972707362167
E19,java-websocket,RF_Baseline,ExecutionTime,0.16319388129534096
E19,java-websocket,RF_Baseline,projectSourceLinesCovered,0.12407298094593802
E19,java-websocket,RF_Baseline,projectSourceClassesCovered,0.11217673473132887
E19,java-websocket,RF_Baseline,hIndexModificationsPerCoveredLine_window5,0.014003104066236586
E19,java-websocket,RF_Baseline,hIndexModificationsPerCoveredLine_window10,0.036238564940950284
E19,java-websocket,RF_Baseline,hIndexModificationsPerCoveredLine_window25,0.02532635571349983
E19,java-websocket,RF_Baseline,hIndexModificationsPerCoveredLine_window50,0.026429469848592225
E19,java-websocket,RF_Baseline,hIndexModificationsPerCoveredLine_window75,0.024898950303359917
E19,java-websocket,RF_Baseline,hIndexModificationsPerCoveredLine_window100,0.03816282174218382
E19,java-websocket,RF_Baseline,hIndexModificationsPerCoveredLine_window500,0.04191490949697161
E19,java-websocket,RF_Baseline,hIndexModificationsPerCoveredLine_window10000,0.05030704039105651
E19,java-websocket,RF_Baseline,num_third_party_libs,0.05521056573722213
E19,java-websocket,RF_Balanced,assertion-roulette,0.008774258716498696
E19,java-websocket,RF_Balanced,conditional-test-logic,0.003663402433929016
E19,java-websocket,RF_Balanced,eager-test,0.006608435492041833
E19,java-websocket,RF_Balanced,fire-and-forget,0.018738248092038615
E19,java-websocket,RF_Balanced,indirect-testing,0.013650096617044933
E19,java-websocket,RF_Balanced,mystery-guest,0.01306230187743844
E19,java-websocket,RF_Balanced,resource-optimism,0.006851469330820492
E19,java-websocket,RF_Balanced,test-run-war,0.011301144385070556
E19,java-websocket,RF_Balanced,testLength,0.06626541319658508
E19,java-websocket,RF_Balanced,numAsserts,0.03037867000220625
E19,java-websocket,RF_Balanced,numCoveredLines,0.07937348151706444
E19,java-websocket,RF_Balanced,ExecutionTime,0.19274583740673332
E19,java-websocket,RF_Balanced,projectSourceLinesCovered,0.12351014097459641
E19,java-websocket,RF_Balanced,projectSourceClassesCovered,0.1231842258143103
E19,java-websocket,RF_Balanced,hIndexModificationsPerCoveredLine_window5,0.010862541336660862
E19,java-websocket,RF_Balanced,hIndexModificationsPerCoveredLine_window10,0.024546256402134124
E19,java-websocket,RF_Balanced,hIndexModificationsPerCoveredLine_window25,0.03474208294064631
E19,java-websocket,RF_Balanced,hIndexModificationsPerCoveredLine_window50,0.03178299482484056
E19,java-websocket,RF_Balanced,hIndexModificationsPerCoveredLine_window75,0.04413919457513942
E19,java-websocket,RF_Balanced,hIndexModificationsPerCoveredLine_window100,0.053166791505885276
E19,java-websocket,RF_Balanced,hIndexModificationsPerCoveredLine_window500,0.03811174272160469
E19,java-websocket,RF_Balanced,hIndexModificationsPerCoveredLine_window10000,0.033108775833562386
E19,java-websocket,RF_Balanced,num_third_party_libs,0.03143249400314815
E19,java-websocket,Balanced_RF,assertion-roulette,0.009217706125022655
E19,java-websocket,Balanced_RF,conditional-test-logic,0.00379267596947824
E19,java-websocket,Balanced_RF,eager-test,0.007544096729007086
E19,java-websocket,Balanced_RF,fire-and-forget,0.017392580279293083
E19,java-websocket,Balanced_RF,indirect-testing,0.013781176499437985
E19,java-websocket,Balanced_RF,mystery-guest,0.012069404736376167
E19,java-websocket,Balanced_RF,resource-optimism,0.007388764689423826
E19,java-websocket,Balanced_RF,test-run-war,0.011353375383562948
E19,java-websocket,Balanced_RF,testLength,0.0724191405189641
E19,java-websocket,Balanced_RF,numAsserts,0.033847325660152985
E19,java-websocket,Balanced_RF,numCoveredLines,0.08365928162012994
E19,java-websocket,Balanced_RF,ExecutionTime,0.17956391489449133
E19,java-websocket,Balanced_RF,projectSourceLinesCovered,0.11481954716176677
E19,java-websocket,Balanced_RF,projectSourceClassesCovered,0.11529484874399087
E19,java-websocket,Balanced_RF,hIndexModificationsPerCoveredLine_window5,0.013142533149199742
E19,java-websocket,Balanced_RF,hIndexModificationsPerCoveredLine_window10,0.027571930020025733
E19,java-websocket,Balanced_RF,hIndexModificationsPerCoveredLine_window25,0.033967943175042946
E19,java-websocket,Balanced_RF,hIndexModificationsPerCoveredLine_window50,0.03284450221334464
E19,java-websocket,Balanced_RF,hIndexModificationsPerCoveredLine_window75,0.04032794655682619
E19,java-websocket,Balanced_RF,hIndexModificationsPerCoveredLine_window100,0.05862774097534217
E19,java-websocket,Balanced_RF,hIndexModificationsPerCoveredLine_window500,0.040589312603511375
E19,java-websocket,Balanced_RF,hIndexModificationsPerCoveredLine_window10000,0.037851788545839433
E19,java-websocket,Balanced_RF,num_third_party_libs,0.0329324637497696
E19,java-websocket,ExtraTrees_Balanced,assertion-roulette,0.026754232357695237
E19,java-websocket,ExtraTrees_Balanced,conditional-test-logic,0.013019373763727955
E19,java-websocket,ExtraTrees_Balanced,eager-test,0.01333499293776235
E19,java-websocket,ExtraTrees_Balanced,fire-and-forget,0.03387031685995362
E19,java-websocket,ExtraTrees_Balanced,indirect-testing,0.03812332254162539
E19,java-websocket,ExtraTrees_Balanced,mystery-guest,0.017897230047600788
E19,java-websocket,ExtraTrees_Balanced,resource-optimism,0.011292646832806726
E19,java-websocket,ExtraTrees_Balanced,test-run-war,0.0186378448388099
E19,java-websocket,ExtraTrees_Balanced,testLength,0.050922459259398714
E19,java-websocket,ExtraTrees_Balanced,numAsserts,0.03621368351303884
E19,java-websocket,ExtraTrees_Balanced,numCoveredLines,0.06494378516688713
E19,java-websocket,ExtraTrees_Balanced,ExecutionTime,0.07981847870679093
E19,java-websocket,ExtraTrees_Balanced,projectSourceLinesCovered,0.0737617306406677
E19,java-websocket,ExtraTrees_Balanced,projectSourceClassesCovered,0.10095284314252305
E19,java-websocket,ExtraTrees_Balanced,hIndexModificationsPerCoveredLine_window5,0.026709522023255487
E19,java-websocket,ExtraTrees_Balanced,hIndexModificationsPerCoveredLine_window10,0.05282421466105108
E19,java-websocket,ExtraTrees_Balanced,hIndexModificationsPerCoveredLine_window25,0.03581500566628213
E19,java-websocket,ExtraTrees_Balanced,hIndexModificationsPerCoveredLine_window50,0.05768894837267413
E19,java-websocket,ExtraTrees_Balanced,hIndexModificationsPerCoveredLine_window75,0.04249356125703773
E19,java-websocket,ExtraTrees_Balanced,hIndexModificationsPerCoveredLine_window100,0.07003440385924424
E19,java-websocket,ExtraTrees_Balanced,hIndexModificationsPerCoveredLine_window500,0.059688963148223056
E19,java-websocket,ExtraTrees_Balanced,hIndexModificationsPerCoveredLine_window10000,0.0391721765113109
E19,java-websocket,ExtraTrees_Balanced,num_third_party_libs,0.036030263891632976
E19,java-websocket,XGB_Baseline,assertion-roulette,0.014357627369463444
E19,java-websocket,XGB_Baseline,conditional-test-logic,0.005086530931293964
E19,java-websocket,XGB_Baseline,eager-test,0.01157836988568306
E19,java-websocket,XGB_Baseline,fire-and-forget,0.0509028360247612
E19,java-websocket,XGB_Baseline,indirect-testing,0.03482314199209213
E19,java-websocket,XGB_Baseline,mystery-guest,0.030113019049167633
E19,java-websocket,XGB_Baseline,resource-optimism,0.07369266450405121
E19,java-websocket,XGB_Baseline,test-run-war,0.024425601586699486
E19,java-websocket,XGB_Baseline,testLength,0.031057247892022133
E19,java-websocket,XGB_Baseline,numAsserts,0.013910285197198391
E19,java-websocket,XGB_Baseline,numCoveredLines,0.04566309228539467
E19,java-websocket,XGB_Baseline,ExecutionTime,0.03548720106482506
E19,java-websocket,XGB_Baseline,projectSourceLinesCovered,0.018720567226409912
E19,java-websocket,XGB_Baseline,projectSourceClassesCovered,0.03961677849292755
E19,java-websocket,XGB_Baseline,hIndexModificationsPerCoveredLine_window5,0.019895749166607857
E19,java-websocket,XGB_Baseline,hIndexModificationsPerCoveredLine_window10,0.12982690334320068
E19,java-websocket,XGB_Baseline,hIndexModificationsPerCoveredLine_window25,0.07568852603435516
E19,java-websocket,XGB_Baseline,hIndexModificationsPerCoveredLine_window50,0.042988404631614685
E19,java-websocket,XGB_Baseline,hIndexModificationsPerCoveredLine_window75,0.04440698027610779
E19,java-websocket,XGB_Baseline,hIndexModificationsPerCoveredLine_window100,0.15706123411655426
E19,java-websocket,XGB_Baseline,hIndexModificationsPerCoveredLine_window500,0.046336669474840164
E19,java-websocket,XGB_Baseline,hIndexModificationsPerCoveredLine_window10000,0.03624724596738815
E19,java-websocket,XGB_Baseline,num_third_party_libs,0.018113283440470695
E19,java-websocket,XGB_ClassWeight,assertion-roulette,0.02263006940484047
E19,java-websocket,XGB_ClassWeight,conditional-test-logic,0.011786211282014847
E19,java-websocket,XGB_ClassWeight,eager-test,0.022454624995589256
E19,java-websocket,XGB_ClassWeight,fire-and-forget,0.06975109875202179
E19,java-websocket,XGB_ClassWeight,indirect-testing,0.02294711023569107
E19,java-websocket,XGB_ClassWeight,mystery-guest,0.031205881386995316
E19,java-websocket,XGB_ClassWeight,resource-optimism,0.047210872173309326
E19,java-websocket,XGB_ClassWeight,test-run-war,0.05896563082933426
E19,java-websocket,XGB_ClassWeight,testLength,0.023539619520306587
E19,java-websocket,XGB_ClassWeight,numAsserts,0.016588706523180008
E19,java-websocket,XGB_ClassWeight,numCoveredLines,0.03504793345928192
E19,java-websocket,XGB_ClassWeight,ExecutionTime,0.08511028438806534
E19,java-websocket,XGB_ClassWeight,projectSourceLinesCovered,0.02883339859545231
E19,java-websocket,XGB_ClassWeight,projectSourceClassesCovered,0.04270355775952339
E19,java-websocket,XGB_ClassWeight,hIndexModificationsPerCoveredLine_window5,0.04898792877793312
E19,java-websocket,XGB_ClassWeight,hIndexModificationsPerCoveredLine_window10,0.05307846888899803
E19,java-websocket,XGB_ClassWeight,hIndexModificationsPerCoveredLine_window25,0.07672777026891708
E19,java-websocket,XGB_ClassWeight,hIndexModificationsPerCoveredLine_window50,0.04596449062228203
E19,java-websocket,XGB_ClassWeight,hIndexModificationsPerCoveredLine_window75,0.029096730053424835
E19,java-websocket,XGB_ClassWeight,hIndexModificationsPerCoveredLine_window100,0.1207888126373291
E19,java-websocket,XGB_ClassWeight,hIndexModificationsPerCoveredLine_window500,0.03568970784544945
E19,java-websocket,XGB_ClassWeight,hIndexModificationsPerCoveredLine_window10000,0.04302796348929405
E19,java-websocket,XGB_ClassWeight,num_third_party_libs,0.02786310203373432
E19,java-websocket,LightGBM_Baseline,assertion-roulette,32.0
E19,java-websocket,LightGBM_Baseline,conditional-test-logic,7.0
E19,java-websocket,LightGBM_Baseline,eager-test,15.0
E19,java-websocket,LightGBM_Baseline,fire-and-forget,44.0
E19,java-websocket,LightGBM_Baseline,indirect-testing,42.0
E19,java-websocket,LightGBM_Baseline,mystery-guest,29.0
E19,java-websocket,LightGBM_Baseline,resource-optimism,16.0
E19,java-websocket,LightGBM_Baseline,test-run-war,50.0
E19,java-websocket,LightGBM_Baseline,testLength,364.0
E19,java-websocket,LightGBM_Baseline,numAsserts,123.0
E19,java-websocket,LightGBM_Baseline,numCoveredLines,250.0
E19,java-websocket,LightGBM_Baseline,ExecutionTime,473.0
E19,java-websocket,LightGBM_Baseline,projectSourceLinesCovered,428.0
E19,java-websocket,LightGBM_Baseline,projectSourceClassesCovered,375.0
E19,java-websocket,LightGBM_Baseline,hIndexModificationsPerCoveredLine_window5,36.0
E19,java-websocket,LightGBM_Baseline,hIndexModificationsPerCoveredLine_window10,42.0
E19,java-websocket,LightGBM_Baseline,hIndexModificationsPerCoveredLine_window25,59.0
E19,java-websocket,LightGBM_Baseline,hIndexModificationsPerCoveredLine_window50,74.0
E19,java-websocket,LightGBM_Baseline,hIndexModificationsPerCoveredLine_window75,40.0
E19,java-websocket,LightGBM_Baseline,hIndexModificationsPerCoveredLine_window100,90.0
E19,java-websocket,LightGBM_Baseline,hIndexModificationsPerCoveredLine_window500,137.0
E19,java-websocket,LightGBM_Baseline,hIndexModificationsPerCoveredLine_window10000,113.0
E19,java-websocket,LightGBM_Baseline,num_third_party_libs,161.0
E19,java-websocket,LightGBM_Balanced,assertion-roulette,35.0
E19,java-websocket,LightGBM_Balanced,conditional-test-logic,10.0
E19,java-websocket,LightGBM_Balanced,eager-test,29.0
E19,java-websocket,LightGBM_Balanced,fire-and-forget,41.0
E19,java-websocket,LightGBM_Balanced,indirect-testing,39.0
E19,java-websocket,LightGBM_Balanced,mystery-guest,33.0
E19,java-websocket,LightGBM_Balanced,resource-optimism,34.0
E19,java-websocket,LightGBM_Balanced,test-run-war,47.0
E19,java-websocket,LightGBM_Balanced,testLength,315.0
E19,java-websocket,LightGBM_Balanced,numAsserts,104.0
E19,java-websocket,LightGBM_Balanced,numCoveredLines,268.0
E19,java-websocket,LightGBM_Balanced,ExecutionTime,444.0
E19,java-websocket,LightGBM_Balanced,projectSourceLinesCovered,346.0
E19,java-websocket,LightGBM_Balanced,projectSourceClassesCovered,379.0
E19,java-websocket,LightGBM_Balanced,hIndexModificationsPerCoveredLine_window5,69.0
E19,java-websocket,LightGBM_Balanced,hIndexModificationsPerCoveredLine_window10,48.0
E19,java-websocket,LightGBM_Balanced,hIndexModificationsPerCoveredLine_window25,62.0
E19,java-websocket,LightGBM_Balanced,hIndexModificationsPerCoveredLine_window50,93.0
E19,java-websocket,LightGBM_Balanced,hIndexModificationsPerCoveredLine_window75,53.0
E19,java-websocket,LightGBM_Balanced,hIndexModificationsPerCoveredLine_window100,113.0
E19,java-websocket,LightGBM_Balanced,hIndexModificationsPerCoveredLine_window500,158.0
E19,java-websocket,LightGBM_Balanced,hIndexModificationsPerCoveredLine_window10000,128.0
E19,java-websocket,LightGBM_Balanced,num_third_party_libs,152.0
E19,java-websocket,GradientBoosting_Balanced,assertion-roulette,0.0008610281134635655
E19,java-websocket,GradientBoosting_Balanced,conditional-test-logic,0.0
E19,java-websocket,GradientBoosting_Balanced,eager-test,0.00044719439990813513
E19,java-websocket,GradientBoosting_Balanced,fire-and-forget,0.024829966360035857
E19,java-websocket,GradientBoosting_Balanced,indirect-testing,0.0005723518796757094
E19,java-websocket,GradientBoosting_Balanced,mystery-guest,0.00579502115963139
E19,java-websocket,GradientBoosting_Balanced,resource-optimism,0.00845603731629341
E19,java-websocket,GradientBoosting_Balanced,test-run-war,0.01895192962391065
E19,java-websocket,GradientBoosting_Balanced,testLength,0.03257273732742392
E19,java-websocket,GradientBoosting_Balanced,numAsserts,0.002333042669987801
E19,java-websocket,GradientBoosting_Balanced,numCoveredLines,0.04716102030980796
E19,java-websocket,GradientBoosting_Balanced,ExecutionTime,0.3655439835053787
E19,java-websocket,GradientBoosting_Balanced,projectSourceLinesCovered,0.09998199236428991
E19,java-websocket,GradientBoosting_Balanced,projectSourceClassesCovered,0.10515673998911594
E19,java-websocket,GradientBoosting_Balanced,hIndexModificationsPerCoveredLine_window5,0.004478606725066856
E19,java-websocket,GradientBoosting_Balanced,hIndexModificationsPerCoveredLine_window10,0.02507849674116535
E19,java-websocket,GradientBoosting_Balanced,hIndexModificationsPerCoveredLine_window25,0.040966066066150504
E19,java-websocket,GradientBoosting_Balanced,hIndexModificationsPerCoveredLine_window50,0.02104207767830739
E19,java-websocket,GradientBoosting_Balanced,hIndexModificationsPerCoveredLine_window75,0.05103879049501665
E19,java-websocket,GradientBoosting_Balanced,hIndexModificationsPerCoveredLine_window100,0.08789435180564577
E19,java-websocket,GradientBoosting_Balanced,hIndexModificationsPerCoveredLine_window500,0.028808813686253126
E19,java-websocket,GradientBoosting_Balanced,hIndexModificationsPerCoveredLine_window10000,0.014991146325240332
E19,java-websocket,GradientBoosting_Balanced,num_third_party_libs,0.013038605458231208
E20,undertow,RF_Baseline,assertion-roulette,0.010946339478386304
E20,undertow,RF_Baseline,conditional-test-logic,0.004998587464478135
E20,undertow,RF_Baseline,eager-test,0.006776443872440466
E20,undertow,RF_Baseline,fire-and-forget,0.010523944913967728
E20,undertow,RF_Baseline,indirect-testing,0.016054216137662586
E20,undertow,RF_Baseline,mystery-guest,0.009560904156214295
E20,undertow,RF_Baseline,resource-optimism,0.0074379328994574655
E20,undertow,RF_Baseline,test-run-war,0.008169259748671033
E20,undertow,RF_Baseline,testLength,0.08998020690504607
E20,undertow,RF_Baseline,numAsserts,0.04003545854542987
E20,undertow,RF_Baseline,numCoveredLines,0.0852048698999626
E20,undertow,RF_Baseline,ExecutionTime,0.1621129351815034
E20,undertow,RF_Baseline,projectSourceLinesCovered,0.12634553217191746
E20,undertow,RF_Baseline,projectSourceClassesCovered,0.11437776006086077
E20,undertow,RF_Baseline,hIndexModificationsPerCoveredLine_window5,0.0157971903515788
E20,undertow,RF_Baseline,hIndexModificationsPerCoveredLine_window10,0.03799257005586119
E20,undertow,RF_Baseline,hIndexModificationsPerCoveredLine_window25,0.023334859727900312
E20,undertow,RF_Baseline,hIndexModificationsPerCoveredLine_window50,0.023811615026309022
E20,undertow,RF_Baseline,hIndexModificationsPerCoveredLine_window75,0.02594085065125472
E20,undertow,RF_Baseline,hIndexModificationsPerCoveredLine_window100,0.03920819311553517
E20,undertow,RF_Baseline,hIndexModificationsPerCoveredLine_window500,0.04072661291659794
E20,undertow,RF_Baseline,hIndexModificationsPerCoveredLine_window10000,0.05202017314190628
E20,undertow,RF_Baseline,num_third_party_libs,0.04864354357705844
E20,undertow,RF_Balanced,assertion-roulette,0.008358051545895756
E20,undertow,RF_Balanced,conditional-test-logic,0.0032882143430962027
E20,undertow,RF_Balanced,eager-test,0.006413351754883122
E20,undertow,RF_Balanced,fire-and-forget,0.021116425422897666
E20,undertow,RF_Balanced,indirect-testing,0.013541519277029408
E20,undertow,RF_Balanced,mystery-guest,0.011727633673979727
E20,undertow,RF_Balanced,resource-optimism,0.007830674691045795
E20,undertow,RF_Balanced,test-run-war,0.011822964663151388
E20,undertow,RF_Balanced,testLength,0.06641514929832829
E20,undertow,RF_Balanced,numAsserts,0.027040080897222856
E20,undertow,RF_Balanced,numCoveredLines,0.07558630530949606
E20,undertow,RF_Balanced,ExecutionTime,0.19387974829814433
E20,undertow,RF_Balanced,projectSourceLinesCovered,0.11561323566183639
E20,undertow,RF_Balanced,projectSourceClassesCovered,0.11743917551760961
E20,undertow,RF_Balanced,hIndexModificationsPerCoveredLine_window5,0.012531595490035118
E20,undertow,RF_Balanced,hIndexModificationsPerCoveredLine_window10,0.02852935989832042
E20,undertow,RF_Balanced,hIndexModificationsPerCoveredLine_window25,0.029242567523592864
E20,undertow,RF_Balanced,hIndexModificationsPerCoveredLine_window50,0.032602944119164125
E20,undertow,RF_Balanced,hIndexModificationsPerCoveredLine_window75,0.045962768090516644
E20,undertow,RF_Balanced,hIndexModificationsPerCoveredLine_window100,0.06645417945418756
E20,undertow,RF_Balanced,hIndexModificationsPerCoveredLine_window500,0.0365170418504351
E20,undertow,RF_Balanced,hIndexModificationsPerCoveredLine_window10000,0.036635265510647566
E20,undertow,RF_Balanced,num_third_party_libs,0.03145174770848381
E20,undertow,Balanced_RF,assertion-roulette,0.00893909731388526
E20,undertow,Balanced_RF,conditional-test-logic,0.0030268378274664275
E20,undertow,Balanced_RF,eager-test,0.006582514113081098
E20,undertow,Balanced_RF,fire-and-forget,0.020289704786854046
E20,undertow,Balanced_RF,indirect-testing,0.014063942683925275
E20,undertow,Balanced_RF,mystery-guest,0.011774904379665756
E20,undertow,Balanced_RF,resource-optimism,0.007345124988738831
E20,undertow,Balanced_RF,test-run-war,0.012017598451037477
E20,undertow,Balanced_RF,testLength,0.06813564729147842
E20,undertow,Balanced_RF,numAsserts,0.03338265610362351
E20,undertow,Balanced_RF,numCoveredLines,0.07390000735609069
E20,undertow,Balanced_RF,ExecutionTime,0.1866239817815625
E20,undertow,Balanced_RF,projectSourceLinesCovered,0.11121919275522037
E20,undertow,Balanced_RF,projectSourceClassesCovered,0.1180100152141395
E20,undertow,Balanced_RF,hIndexModificationsPerCoveredLine_window5,0.01490868408235559
E20,undertow,Balanced_RF,hIndexModificationsPerCoveredLine_window10,0.03307155067681302
E20,undertow,Balanced_RF,hIndexModificationsPerCoveredLine_window25,0.030153262879015083
E20,undertow,Balanced_RF,hIndexModificationsPerCoveredLine_window50,0.03269149091890083
E20,undertow,Balanced_RF,hIndexModificationsPerCoveredLine_window75,0.042173713418328755
E20,undertow,Balanced_RF,hIndexModificationsPerCoveredLine_window100,0.06531372156289697
E20,undertow,Balanced_RF,hIndexModificationsPerCoveredLine_window500,0.03960426189192379
E20,undertow,Balanced_RF,hIndexModificationsPerCoveredLine_window10000,0.03425107505299357
E20,undertow,Balanced_RF,num_third_party_libs,0.03252101447000329
E20,undertow,ExtraTrees_Balanced,assertion-roulette,0.024962658954734332
E20,undertow,ExtraTrees_Balanced,conditional-test-logic,0.012310641762584706
E20,undertow,ExtraTrees_Balanced,eager-test,0.012884750969875411
E20,undertow,ExtraTrees_Balanced,fire-and-forget,0.03750257512902719
E20,undertow,ExtraTrees_Balanced,indirect-testing,0.03785041901165062
E20,undertow,ExtraTrees_Balanced,mystery-guest,0.01695616295616177
E20,undertow,ExtraTrees_Balanced,resource-optimism,0.01162367586234909
E20,undertow,ExtraTrees_Balanced,test-run-war,0.01743326252496421
E20,undertow,ExtraTrees_Balanced,testLength,0.051372431967390254
E20,undertow,ExtraTrees_Balanced,numAsserts,0.035854728202475976
E20,undertow,ExtraTrees_Balanced,numCoveredLines,0.06334998902502298
E20,undertow,ExtraTrees_Balanced,ExecutionTime,0.07643455183251917
E20,undertow,ExtraTrees_Balanced,projectSourceLinesCovered,0.07696018083584828
E20,undertow,ExtraTrees_Balanced,projectSourceClassesCovered,0.09446050864358391
E20,undertow,ExtraTrees_Balanced,hIndexModificationsPerCoveredLine_window5,0.030735952605169484
E20,undertow,ExtraTrees_Balanced,hIndexModificationsPerCoveredLine_window10,0.053516045329429884
E20,undertow,ExtraTrees_Balanced,hIndexModificationsPerCoveredLine_window25,0.03774820060011987
E20,undertow,ExtraTrees_Balanced,hIndexModificationsPerCoveredLine_window50,0.059755701773190534
E20,undertow,ExtraTrees_Balanced,hIndexModificationsPerCoveredLine_window75,0.046097954165655916
E20,undertow,ExtraTrees_Balanced,hIndexModificationsPerCoveredLine_window100,0.06974092821515979
E20,undertow,ExtraTrees_Balanced,hIndexModificationsPerCoveredLine_window500,0.058694543097856065
E20,undertow,ExtraTrees_Balanced,hIndexModificationsPerCoveredLine_window10000,0.03870955307144607
E20,undertow,ExtraTrees_Balanced,num_third_party_libs,0.03504458346378442
E20,undertow,XGB_Baseline,assertion-roulette,0.012975918129086494
E20,undertow,XGB_Baseline,conditional-test-logic,0.006643018685281277
E20,undertow,XGB_Baseline,eager-test,0.012871898710727692
E20,undertow,XGB_Baseline,fire-and-forget,0.044103506952524185
E20,undertow,XGB_Baseline,indirect-testing,0.042070165276527405
E20,undertow,XGB_Baseline,mystery-guest,0.024450836703181267
E20,undertow,XGB_Baseline,resource-optimism,0.07444333285093307
E20,undertow,XGB_Baseline,test-run-war,0.02995419129729271
E20,undertow,XGB_Baseline,testLength,0.027900028973817825
E20,undertow,XGB_Baseline,numAsserts,0.010724622756242752
E20,undertow,XGB_Baseline,numCoveredLines,0.03903276100754738
E20,undertow,XGB_Baseline,ExecutionTime,0.033724345266819
E20,undertow,XGB_Baseline,projectSourceLinesCovered,0.018330231308937073
E20,undertow,XGB_Baseline,projectSourceClassesCovered,0.03683435171842575
E20,undertow,XGB_Baseline,hIndexModificationsPerCoveredLine_window5,0.02586543746292591
E20,undertow,XGB_Baseline,hIndexModificationsPerCoveredLine_window10,0.11301079392433167
E20,undertow,XGB_Baseline,hIndexModificationsPerCoveredLine_window25,0.14044778048992157
E20,undertow,XGB_Baseline,hIndexModificationsPerCoveredLine_window50,0.034831415861845016
E20,undertow,XGB_Baseline,hIndexModificationsPerCoveredLine_window75,0.026932671666145325
E20,undertow,XGB_Baseline,hIndexModificationsPerCoveredLine_window100,0.1575678437948227
E20,undertow,XGB_Baseline,hIndexModificationsPerCoveredLine_window500,0.04558458551764488
E20,undertow,XGB_Baseline,hIndexModificationsPerCoveredLine_window10000,0.026043938472867012
E20,undertow,XGB_Baseline,num_third_party_libs,0.01565639302134514
E20,undertow,XGB_ClassWeight,assertion-roulette,0.012236213311553001
E20,undertow,XGB_ClassWeight,conditional-test-logic,0.014192718081176281
E20,undertow,XGB_ClassWeight,eager-test,0.019927969202399254
E20,undertow,XGB_ClassWeight,fire-and-forget,0.06949613988399506
E20,undertow,XGB_ClassWeight,indirect-testing,0.02665548585355282
E20,undertow,XGB_ClassWeight,mystery-guest,0.039963603019714355
E20,undertow,XGB_ClassWeight,resource-optimism,0.06301239877939224
E20,undertow,XGB_ClassWeight,test-run-war,0.07376695424318314
E20,undertow,XGB_ClassWeight,testLength,0.020722847431898117
E20,undertow,XGB_ClassWeight,numAsserts,0.014830594882369041
E20,undertow,XGB_ClassWeight,numCoveredLines,0.026377670466899872
E20,undertow,XGB_ClassWeight,ExecutionTime,0.07783593237400055
E20,undertow,XGB_ClassWeight,projectSourceLinesCovered,0.024711785838007927
E20,undertow,XGB_ClassWeight,projectSourceClassesCovered,0.0352141372859478
E20,undertow,XGB_ClassWeight,hIndexModificationsPerCoveredLine_window5,0.031766269356012344
E20,undertow,XGB_ClassWeight,hIndexModificationsPerCoveredLine_window10,0.06750016659498215
E20,undertow,XGB_ClassWeight,hIndexModificationsPerCoveredLine_window25,0.050403013825416565
E20,undertow,XGB_ClassWeight,hIndexModificationsPerCoveredLine_window50,0.058791276067495346
E20,undertow,XGB_ClassWeight,hIndexModificationsPerCoveredLine_window75,0.03611796721816063
E20,undertow,XGB_ClassWeight,hIndexModificationsPerCoveredLine_window100,0.12212753295898438
E20,undertow,XGB_ClassWeight,hIndexModificationsPerCoveredLine_window500,0.04250914230942726
E20,undertow,XGB_ClassWeight,hIndexModificationsPerCoveredLine_window10000,0.04748493805527687
E20,undertow,XGB_ClassWeight,num_third_party_libs,0.02435525320470333
E20,undertow,LightGBM_Baseline,assertion-roulette,33.0
E20,undertow,LightGBM_Baseline,conditional-test-logic,14.0
E20,undertow,LightGBM_Baseline,eager-test,18.0
E20,undertow,LightGBM_Baseline,fire-and-forget,57.0
E20,undertow,LightGBM_Baseline,indirect-testing,49.0
E20,undertow,LightGBM_Baseline,mystery-guest,30.0
E20,undertow,LightGBM_Baseline,resource-optimism,16.0
E20,undertow,LightGBM_Baseline,test-run-war,55.0
E20,undertow,LightGBM_Baseline,testLength,336.0
E20,undertow,LightGBM_Baseline,numAsserts,120.0
E20,undertow,LightGBM_Baseline,numCoveredLines,271.0
E20,undertow,LightGBM_Baseline,ExecutionTime,432.0
E20,undertow,LightGBM_Baseline,projectSourceLinesCovered,400.0
E20,undertow,LightGBM_Baseline,projectSourceClassesCovered,380.0
E20,undertow,LightGBM_Baseline,hIndexModificationsPerCoveredLine_window5,35.0
E20,undertow,LightGBM_Baseline,hIndexModificationsPerCoveredLine_window10,62.0
E20,undertow,LightGBM_Baseline,hIndexModificationsPerCoveredLine_window25,63.0
E20,undertow,LightGBM_Baseline,hIndexModificationsPerCoveredLine_window50,55.0
E20,undertow,LightGBM_Baseline,hIndexModificationsPerCoveredLine_window75,38.0
E20,undertow,LightGBM_Baseline,hIndexModificationsPerCoveredLine_window100,90.0
E20,undertow,LightGBM_Baseline,hIndexModificationsPerCoveredLine_window500,126.0
E20,undertow,LightGBM_Baseline,hIndexModificationsPerCoveredLine_window10000,143.0
E20,undertow,LightGBM_Baseline,num_third_party_libs,177.0
E20,undertow,LightGBM_Balanced,assertion-roulette,22.0
E20,undertow,LightGBM_Balanced,conditional-test-logic,13.0
E20,undertow,LightGBM_Balanced,eager-test,28.0
E20,undertow,LightGBM_Balanced,fire-and-forget,48.0
E20,undertow,LightGBM_Balanced,indirect-testing,34.0
E20,undertow,LightGBM_Balanced,mystery-guest,26.0
E20,undertow,LightGBM_Balanced,resource-optimism,32.0
E20,undertow,LightGBM_Balanced,test-run-war,52.0
E20,undertow,LightGBM_Balanced,testLength,309.0
E20,undertow,LightGBM_Balanced,numAsserts,101.0
E20,undertow,LightGBM_Balanced,numCoveredLines,255.0
E20,undertow,LightGBM_Balanced,ExecutionTime,438.0
E20,undertow,LightGBM_Balanced,projectSourceLinesCovered,364.0
E20,undertow,LightGBM_Balanced,projectSourceClassesCovered,398.0
E20,undertow,LightGBM_Balanced,hIndexModificationsPerCoveredLine_window5,44.0
E20,undertow,LightGBM_Balanced,hIndexModificationsPerCoveredLine_window10,70.0
E20,undertow,LightGBM_Balanced,hIndexModificationsPerCoveredLine_window25,64.0
E20,undertow,LightGBM_Balanced,hIndexModificationsPerCoveredLine_window50,94.0
E20,undertow,LightGBM_Balanced,hIndexModificationsPerCoveredLine_window75,39.0
E20,undertow,LightGBM_Balanced,hIndexModificationsPerCoveredLine_window100,108.0
E20,undertow,LightGBM_Balanced,hIndexModificationsPerCoveredLine_window500,152.0
E20,undertow,LightGBM_Balanced,hIndexModificationsPerCoveredLine_window10000,135.0
E20,undertow,LightGBM_Balanced,num_third_party_libs,174.0
E20,undertow,GradientBoosting_Balanced,assertion-roulette,0.0015088214100479438
E20,undertow,GradientBoosting_Balanced,conditional-test-logic,0.0
E20,undertow,GradientBoosting_Balanced,eager-test,0.0006758536380378799
E20,undertow,GradientBoosting_Balanced,fire-and-forget,0.03859324533610099
E20,undertow,GradientBoosting_Balanced,indirect-testing,0.0018875755367159116
E20,undertow,GradientBoosting_Balanced,mystery-guest,0.006454721490085366
E20,undertow,GradientBoosting_Balanced,resource-optimism,0.007278684556230852
E20,undertow,GradientBoosting_Balanced,test-run-war,0.016377104152793125
E20,undertow,GradientBoosting_Balanced,testLength,0.03072624440637989
E20,undertow,GradientBoosting_Balanced,numAsserts,0.0028249584077022945
E20,undertow,GradientBoosting_Balanced,numCoveredLines,0.04763141121005042
E20,undertow,GradientBoosting_Balanced,ExecutionTime,0.3720893983415617
E20,undertow,GradientBoosting_Balanced,projectSourceLinesCovered,0.0932020986732618
E20,undertow,GradientBoosting_Balanced,projectSourceClassesCovered,0.09787836675737022
E20,undertow,GradientBoosting_Balanced,hIndexModificationsPerCoveredLine_window5,0.0035150023089351163
E20,undertow,GradientBoosting_Balanced,hIndexModificationsPerCoveredLine_window10,0.019705848478813518
E20,undertow,GradientBoosting_Balanced,hIndexModificationsPerCoveredLine_window25,0.0416042600797814
E20,undertow,GradientBoosting_Balanced,hIndexModificationsPerCoveredLine_window50,0.017048623212100534
E20,undertow,GradientBoosting_Balanced,hIndexModificationsPerCoveredLine_window75,0.06090384750553245
E20,undertow,GradientBoosting_Balanced,hIndexModificationsPerCoveredLine_window100,0.08375214723982259
E20,undertow,GradientBoosting_Balanced,hIndexModificationsPerCoveredLine_window500,0.02912874893354924
E20,undertow,GradientBoosting_Balanced,hIndexModificationsPerCoveredLine_window10000,0.013182900018447857
E20,undertow,GradientBoosting_Balanced,num_third_party_libs,0.014030138306679044
E21,wildfly,RF_Baseline,assertion-roulette,0.010475319520329348
E21,wildfly,RF_Baseline,conditional-test-logic,0.004711937712659021
E21,wildfly,RF_Baseline,eager-test,0.006283877255272423
E21,wildfly,RF_Baseline,fire-and-forget,0.010657343211549828
E21,wildfly,RF_Baseline,indirect-testing,0.014306599813699767
E21,wildfly,RF_Baseline,mystery-guest,0.007338628305119635
E21,wildfly,RF_Baseline,resource-optimism,0.0077643169342237065
E21,wildfly,RF_Baseline,test-run-war,0.007113716243792105
E21,wildfly,RF_Baseline,testLength,0.09010647337477978
E21,wildfly,RF_Baseline,numAsserts,0.04123563012084769
E21,wildfly,RF_Baseline,numCoveredLines,0.08688961227273766
E21,wildfly,RF_Baseline,ExecutionTime,0.15955450193367107
E21,wildfly,RF_Baseline,projectSourceLinesCovered,0.12815878088787303
E21,wildfly,RF_Baseline,projectSourceClassesCovered,0.12325486659543325
E21,wildfly,RF_Baseline,hIndexModificationsPerCoveredLine_window5,0.01195525934207991
E21,wildfly,RF_Baseline,hIndexModificationsPerCoveredLine_window10,0.038411504488433036
E21,wildfly,RF_Baseline,hIndexModificationsPerCoveredLine_window25,0.024240406924718832
E21,wildfly,RF_Baseline,hIndexModificationsPerCoveredLine_window50,0.021881291864290463
E21,wildfly,RF_Baseline,hIndexModificationsPerCoveredLine_window75,0.029416269954291186
E21,wildfly,RF_Baseline,hIndexModificationsPerCoveredLine_window100,0.03788745099572712
E21,wildfly,RF_Baseline,hIndexModificationsPerCoveredLine_window500,0.03637103514762927
E21,wildfly,RF_Baseline,hIndexModificationsPerCoveredLine_window10000,0.04473470096143279
E21,wildfly,RF_Baseline,num_third_party_libs,0.05725047613940899
E21,wildfly,RF_Balanced,assertion-roulette,0.008849793835914561
E21,wildfly,RF_Balanced,conditional-test-logic,0.003183271370355633
E21,wildfly,RF_Balanced,eager-test,0.006022124894153314
E21,wildfly,RF_Balanced,fire-and-forget,0.021402619531135997
E21,wildfly,RF_Balanced,indirect-testing,0.013372826059893065
E21,wildfly,RF_Balanced,mystery-guest,0.012227121454295503
E21,wildfly,RF_Balanced,resource-optimism,0.007299567371535328
E21,wildfly,RF_Balanced,test-run-war,0.01000933791090975
E21,wildfly,RF_Balanced,testLength,0.06626188926720118
E21,wildfly,RF_Balanced,numAsserts,0.029848116958698673
E21,wildfly,RF_Balanced,numCoveredLines,0.07316355162326219
E21,wildfly,RF_Balanced,ExecutionTime,0.19516816676634408
E21,wildfly,RF_Balanced,projectSourceLinesCovered,0.11456619352532159
E21,wildfly,RF_Balanced,projectSourceClassesCovered,0.11810028683451013
E21,wildfly,RF_Balanced,hIndexModificationsPerCoveredLine_window5,0.013283483214687562
E21,wildfly,RF_Balanced,hIndexModificationsPerCoveredLine_window10,0.028513261967783993
E21,wildfly,RF_Balanced,hIndexModificationsPerCoveredLine_window25,0.029813041498040822
E21,wildfly,RF_Balanced,hIndexModificationsPerCoveredLine_window50,0.03371970533412368
E21,wildfly,RF_Balanced,hIndexModificationsPerCoveredLine_window75,0.045492064968795376
E21,wildfly,RF_Balanced,hIndexModificationsPerCoveredLine_window100,0.06163047152355143
E21,wildfly,RF_Balanced,hIndexModificationsPerCoveredLine_window500,0.03729605296541931
E21,wildfly,RF_Balanced,hIndexModificationsPerCoveredLine_window10000,0.03823433802235885
E21,wildfly,RF_Balanced,num_third_party_libs,0.03254271310170782
E21,wildfly,Balanced_RF,assertion-roulette,0.010853809283190135
E21,wildfly,Balanced_RF,conditional-test-logic,0.0030601573469744665
E21,wildfly,Balanced_RF,eager-test,0.006973566083640534
E21,wildfly,Balanced_RF,fire-and-forget,0.021292404011037186
E21,wildfly,Balanced_RF,indirect-testing,0.01457065276231468
E21,wildfly,Balanced_RF,mystery-guest,0.010610515033536183
E21,wildfly,Balanced_RF,resource-optimism,0.0069041804149403176
E21,wildfly,Balanced_RF,test-run-war,0.011678874408623176
E21,wildfly,Balanced_RF,testLength,0.06958724302683894
E21,wildfly,Balanced_RF,numAsserts,0.03177823918677186
E21,wildfly,Balanced_RF,numCoveredLines,0.07446141935944012
E21,wildfly,Balanced_RF,ExecutionTime,0.182498510648124
E21,wildfly,Balanced_RF,projectSourceLinesCovered,0.11119918145713133
E21,wildfly,Balanced_RF,projectSourceClassesCovered,0.12258818092983136
E21,wildfly,Balanced_RF,hIndexModificationsPerCoveredLine_window5,0.014932122557413094
E21,wildfly,Balanced_RF,hIndexModificationsPerCoveredLine_window10,0.03185876600145578
E21,wildfly,Balanced_RF,hIndexModificationsPerCoveredLine_window25,0.027594144731627374
E21,wildfly,Balanced_RF,hIndexModificationsPerCoveredLine_window50,0.034656599656188954
E21,wildfly,Balanced_RF,hIndexModificationsPerCoveredLine_window75,0.040181843999925505
E21,wildfly,Balanced_RF,hIndexModificationsPerCoveredLine_window100,0.06464912927211768
E21,wildfly,Balanced_RF,hIndexModificationsPerCoveredLine_window500,0.0385276975537523
E21,wildfly,Balanced_RF,hIndexModificationsPerCoveredLine_window10000,0.036900734157395
E21,wildfly,Balanced_RF,num_third_party_libs,0.03264202811773012
E21,wildfly,ExtraTrees_Balanced,assertion-roulette,0.02755606823485228
E21,wildfly,ExtraTrees_Balanced,conditional-test-logic,0.012391547785591168
E21,wildfly,ExtraTrees_Balanced,eager-test,0.013598979218972858
E21,wildfly,ExtraTrees_Balanced,fire-and-forget,0.038150722608307534
E21,wildfly,ExtraTrees_Balanced,indirect-testing,0.038937694108692404
E21,wildfly,ExtraTrees_Balanced,mystery-guest,0.018199519333662803
E21,wildfly,ExtraTrees_Balanced,resource-optimism,0.011404193661624117
E21,wildfly,ExtraTrees_Balanced,test-run-war,0.01639904593869022
E21,wildfly,ExtraTrees_Balanced,testLength,0.04892057184150609
E21,wildfly,ExtraTrees_Balanced,numAsserts,0.035084891258378485
E21,wildfly,ExtraTrees_Balanced,numCoveredLines,0.06022033284287643
E21,wildfly,ExtraTrees_Balanced,ExecutionTime,0.07251714175892486
E21,wildfly,ExtraTrees_Balanced,projectSourceLinesCovered,0.08332510864547943
E21,wildfly,ExtraTrees_Balanced,projectSourceClassesCovered,0.09369648899352707
E21,wildfly,ExtraTrees_Balanced,hIndexModificationsPerCoveredLine_window5,0.026089232869464213
E21,wildfly,ExtraTrees_Balanced,hIndexModificationsPerCoveredLine_window10,0.05480482875594297
E21,wildfly,ExtraTrees_Balanced,hIndexModificationsPerCoveredLine_window25,0.04210243139111345
E21,wildfly,ExtraTrees_Balanced,hIndexModificationsPerCoveredLine_window50,0.058053446122094704
E21,wildfly,ExtraTrees_Balanced,hIndexModificationsPerCoveredLine_window75,0.0417353984344177
E21,wildfly,ExtraTrees_Balanced,hIndexModificationsPerCoveredLine_window100,0.07049687384613294
E21,wildfly,ExtraTrees_Balanced,hIndexModificationsPerCoveredLine_window500,0.061830947169912207
E21,wildfly,ExtraTrees_Balanced,hIndexModificationsPerCoveredLine_window10000,0.03918374574351324
E21,wildfly,ExtraTrees_Balanced,num_third_party_libs,0.03530078943632289
E21,wildfly,XGB_Baseline,assertion-roulette,0.012178000062704086
E21,wildfly,XGB_Baseline,conditional-test-logic,0.009871849790215492
E21,wildfly,XGB_Baseline,eager-test,0.03854198381304741
E21,wildfly,XGB_Baseline,fire-and-forget,0.04509475827217102
E21,wildfly,XGB_Baseline,indirect-testing,0.021581994369626045
E21,wildfly,XGB_Baseline,mystery-guest,0.032313670963048935
E21,wildfly,XGB_Baseline,resource-optimism,0.0805661678314209
E21,wildfly,XGB_Baseline,test-run-war,0.027056286111474037
E21,wildfly,XGB_Baseline,testLength,0.032687827944755554
E21,wildfly,XGB_Baseline,numAsserts,0.01164557971060276
E21,wildfly,XGB_Baseline,numCoveredLines,0.017546020448207855
E21,wildfly,XGB_Baseline,ExecutionTime,0.04042966663837433
E21,wildfly,XGB_Baseline,projectSourceLinesCovered,0.042532894760370255
E21,wildfly,XGB_Baseline,projectSourceClassesCovered,0.05243132263422012
E21,wildfly,XGB_Baseline,hIndexModificationsPerCoveredLine_window5,0.1268070936203003
E21,wildfly,XGB_Baseline,hIndexModificationsPerCoveredLine_window10,0.01971951127052307
E21,wildfly,XGB_Baseline,hIndexModificationsPerCoveredLine_window25,0.03391072154045105
E21,wildfly,XGB_Baseline,hIndexModificationsPerCoveredLine_window50,0.03505468741059303
E21,wildfly,XGB_Baseline,hIndexModificationsPerCoveredLine_window75,0.11313037574291229
E21,wildfly,XGB_Baseline,hIndexModificationsPerCoveredLine_window100,0.11942384392023087
E21,wildfly,XGB_Baseline,hIndexModificationsPerCoveredLine_window500,0.020235640928149223
E21,wildfly,XGB_Baseline,hIndexModificationsPerCoveredLine_window10000,0.039848700165748596
E21,wildfly,XGB_Baseline,num_third_party_libs,0.02739141695201397
E21,wildfly,XGB_ClassWeight,assertion-roulette,0.02399224042892456
E21,wildfly,XGB_ClassWeight,conditional-test-logic,0.00970429740846157
E21,wildfly,XGB_ClassWeight,eager-test,0.035232722759246826
E21,wildfly,XGB_ClassWeight,fire-and-forget,0.07301007956266403
E21,wildfly,XGB_ClassWeight,indirect-testing,0.016622543334960938
E21,wildfly,XGB_ClassWeight,mystery-guest,0.03141668066382408
E21,wildfly,XGB_ClassWeight,resource-optimism,0.056599028408527374
E21,wildfly,XGB_ClassWeight,test-run-war,0.06977179646492004
E21,wildfly,XGB_ClassWeight,testLength,0.02392665669322014
E21,wildfly,XGB_ClassWeight,numAsserts,0.015302115119993687
E21,wildfly,XGB_ClassWeight,numCoveredLines,0.023878850042819977
E21,wildfly,XGB_ClassWeight,ExecutionTime,0.0770290270447731
E21,wildfly,XGB_ClassWeight,projectSourceLinesCovered,0.02250995859503746
E21,wildfly,XGB_ClassWeight,projectSourceClassesCovered,0.05557488650083542
E21,wildfly,XGB_ClassWeight,hIndexModificationsPerCoveredLine_window5,0.027017010375857353
E21,wildfly,XGB_ClassWeight,hIndexModificationsPerCoveredLine_window10,0.07308416068553925
E21,wildfly,XGB_ClassWeight,hIndexModificationsPerCoveredLine_window25,0.06051849573850632
E21,wildfly,XGB_ClassWeight,hIndexModificationsPerCoveredLine_window50,0.061423592269420624
E21,wildfly,XGB_ClassWeight,hIndexModificationsPerCoveredLine_window75,0.01624082773923874
E21,wildfly,XGB_ClassWeight,hIndexModificationsPerCoveredLine_window100,0.12175476551055908
E21,wildfly,XGB_ClassWeight,hIndexModificationsPerCoveredLine_window500,0.043512195348739624
E21,wildfly,XGB_ClassWeight,hIndexModificationsPerCoveredLine_window10000,0.04193122312426567
E21,wildfly,XGB_ClassWeight,num_third_party_libs,0.019946865737438202
E21,wildfly,LightGBM_Baseline,assertion-roulette,24.0
E21,wildfly,LightGBM_Baseline,conditional-test-logic,8.0
E21,wildfly,LightGBM_Baseline,eager-test,15.0
E21,wildfly,LightGBM_Baseline,fire-and-forget,44.0
E21,wildfly,LightGBM_Baseline,indirect-testing,50.0
E21,wildfly,LightGBM_Baseline,mystery-guest,33.0
E21,wildfly,LightGBM_Baseline,resource-optimism,20.0
E21,wildfly,LightGBM_Baseline,test-run-war,37.0
E21,wildfly,LightGBM_Baseline,testLength,337.0
E21,wildfly,LightGBM_Baseline,numAsserts,137.0
E21,wildfly,LightGBM_Baseline,numCoveredLines,266.0
E21,wildfly,LightGBM_Baseline,ExecutionTime,456.0
E21,wildfly,LightGBM_Baseline,projectSourceLinesCovered,419.0
E21,wildfly,LightGBM_Baseline,projectSourceClassesCovered,421.0
E21,wildfly,LightGBM_Baseline,hIndexModificationsPerCoveredLine_window5,23.0
E21,wildfly,LightGBM_Baseline,hIndexModificationsPerCoveredLine_window10,59.0
E21,wildfly,LightGBM_Baseline,hIndexModificationsPerCoveredLine_window25,42.0
E21,wildfly,LightGBM_Baseline,hIndexModificationsPerCoveredLine_window50,72.0
E21,wildfly,LightGBM_Baseline,hIndexModificationsPerCoveredLine_window75,36.0
E21,wildfly,LightGBM_Baseline,hIndexModificationsPerCoveredLine_window100,88.0
E21,wildfly,LightGBM_Baseline,hIndexModificationsPerCoveredLine_window500,119.0
E21,wildfly,LightGBM_Baseline,hIndexModificationsPerCoveredLine_window10000,102.0
E21,wildfly,LightGBM_Baseline,num_third_party_libs,192.0
E21,wildfly,LightGBM_Balanced,assertion-roulette,35.0
E21,wildfly,LightGBM_Balanced,conditional-test-logic,10.0
E21,wildfly,LightGBM_Balanced,eager-test,23.0
E21,wildfly,LightGBM_Balanced,fire-and-forget,46.0
E21,wildfly,LightGBM_Balanced,indirect-testing,40.0
E21,wildfly,LightGBM_Balanced,mystery-guest,26.0
E21,wildfly,LightGBM_Balanced,resource-optimism,21.0
E21,wildfly,LightGBM_Balanced,test-run-war,33.0
E21,wildfly,LightGBM_Balanced,testLength,334.0
E21,wildfly,LightGBM_Balanced,numAsserts,130.0
E21,wildfly,LightGBM_Balanced,numCoveredLines,276.0
E21,wildfly,LightGBM_Balanced,ExecutionTime,405.0
E21,wildfly,LightGBM_Balanced,projectSourceLinesCovered,339.0
E21,wildfly,LightGBM_Balanced,projectSourceClassesCovered,452.0
E21,wildfly,LightGBM_Balanced,hIndexModificationsPerCoveredLine_window5,47.0
E21,wildfly,LightGBM_Balanced,hIndexModificationsPerCoveredLine_window10,67.0
E21,wildfly,LightGBM_Balanced,hIndexModificationsPerCoveredLine_window25,56.0
E21,wildfly,LightGBM_Balanced,hIndexModificationsPerCoveredLine_window50,83.0
E21,wildfly,LightGBM_Balanced,hIndexModificationsPerCoveredLine_window75,38.0
E21,wildfly,LightGBM_Balanced,hIndexModificationsPerCoveredLine_window100,104.0
E21,wildfly,LightGBM_Balanced,hIndexModificationsPerCoveredLine_window500,150.0
E21,wildfly,LightGBM_Balanced,hIndexModificationsPerCoveredLine_window10000,113.0
E21,wildfly,LightGBM_Balanced,num_third_party_libs,172.0
E21,wildfly,GradientBoosting_Balanced,assertion-roulette,0.0007854351424490189
E21,wildfly,GradientBoosting_Balanced,conditional-test-logic,0.0
E21,wildfly,GradientBoosting_Balanced,eager-test,0.00044122141174978845
E21,wildfly,GradientBoosting_Balanced,fire-and-forget,0.03969644276607165
E21,wildfly,GradientBoosting_Balanced,indirect-testing,0.0006348645591154453
E21,wildfly,GradientBoosting_Balanced,mystery-guest,0.007234421433930541
E21,wildfly,GradientBoosting_Balanced,resource-optimism,0.007256845944608944
E21,wildfly,GradientBoosting_Balanced,test-run-war,0.01235717748436053
E21,wildfly,GradientBoosting_Balanced,testLength,0.03869223600878434
E21,wildfly,GradientBoosting_Balanced,numAsserts,0.005646402978502366
E21,wildfly,GradientBoosting_Balanced,numCoveredLines,0.023939595828116
E21,wildfly,GradientBoosting_Balanced,ExecutionTime,0.3619580824715232
E21,wildfly,GradientBoosting_Balanced,projectSourceLinesCovered,0.0857758033043672
E21,wildfly,GradientBoosting_Balanced,projectSourceClassesCovered,0.14262753444293427
E21,wildfly,GradientBoosting_Balanced,hIndexModificationsPerCoveredLine_window5,0.004605374985878491
E21,wildfly,GradientBoosting_Balanced,hIndexModificationsPerCoveredLine_window10,0.022416313700860866
E21,wildfly,GradientBoosting_Balanced,hIndexModificationsPerCoveredLine_window25,0.026386247015698194
E21,wildfly,GradientBoosting_Balanced,hIndexModificationsPerCoveredLine_window50,0.021969374116321078
E21,wildfly,GradientBoosting_Balanced,hIndexModificationsPerCoveredLine_window75,0.04955540470016866
E21,wildfly,GradientBoosting_Balanced,hIndexModificationsPerCoveredLine_window100,0.09250938164080985
E21,wildfly,GradientBoosting_Balanced,hIndexModificationsPerCoveredLine_window500,0.03260003933039784
E21,wildfly,GradientBoosting_Balanced,hIndexModificationsPerCoveredLine_window10000,0.011615507940621727
E21,wildfly,GradientBoosting_Balanced,num_third_party_libs,0.011296292792730138
E22,wro4j,RF_Baseline,assertion-roulette,0.009300658140613555
E22,wro4j,RF_Baseline,conditional-test-logic,0.004783364989515878
E22,wro4j,RF_Baseline,eager-test,0.006173918210874933
E22,wro4j,RF_Baseline,fire-and-forget,0.012764666714216975
E22,wro4j,RF_Baseline,indirect-testing,0.014640398935456671
E22,wro4j,RF_Baseline,mystery-guest,0.009588180103453605
E22,wro4j,RF_Baseline,resource-optimism,0.007646772763977159
E22,wro4j,RF_Baseline,test-run-war,0.007740560745199428
E22,wro4j,RF_Baseline,testLength,0.08950463172973518
E22,wro4j,RF_Baseline,numAsserts,0.04116439048920429
E22,wro4j,RF_Baseline,numCoveredLines,0.09151827767128123
E22,wro4j,RF_Baseline,ExecutionTime,0.1579778681637052
E22,wro4j,RF_Baseline,projectSourceLinesCovered,0.12936699461579876
E22,wro4j,RF_Baseline,projectSourceClassesCovered,0.12139876811196329
E22,wro4j,RF_Baseline,hIndexModificationsPerCoveredLine_window5,0.022961530373586045
E22,wro4j,RF_Baseline,hIndexModificationsPerCoveredLine_window10,0.02659336766928075
E22,wro4j,RF_Baseline,hIndexModificationsPerCoveredLine_window25,0.027757577978616672
E22,wro4j,RF_Baseline,hIndexModificationsPerCoveredLine_window50,0.023102606168258457
E22,wro4j,RF_Baseline,hIndexModificationsPerCoveredLine_window75,0.027626989340623326
E22,wro4j,RF_Baseline,hIndexModificationsPerCoveredLine_window100,0.04036908856379621
E22,wro4j,RF_Baseline,hIndexModificationsPerCoveredLine_window500,0.0388604149743452
E22,wro4j,RF_Baseline,hIndexModificationsPerCoveredLine_window10000,0.04801741217849831
E22,wro4j,RF_Baseline,num_third_party_libs,0.04114156136799896
E22,wro4j,RF_Balanced,assertion-roulette,0.008164604261715376
E22,wro4j,RF_Balanced,conditional-test-logic,0.0031333640617355156
E22,wro4j,RF_Balanced,eager-test,0.005944506560716363
E22,wro4j,RF_Balanced,fire-and-forget,0.02236619252171435
E22,wro4j,RF_Balanced,indirect-testing,0.013859146291047026
E22,wro4j,RF_Balanced,mystery-guest,0.010956365594134713
E22,wro4j,RF_Balanced,resource-optimism,0.010065482052100045
E22,wro4j,RF_Balanced,test-run-war,0.01245467971525258
E22,wro4j,RF_Balanced,testLength,0.06612992584339271
E22,wro4j,RF_Balanced,numAsserts,0.028748150594628763
E22,wro4j,RF_Balanced,numCoveredLines,0.07429139803798868
E22,wro4j,RF_Balanced,ExecutionTime,0.18256202863759516
E22,wro4j,RF_Balanced,projectSourceLinesCovered,0.11356773478088145
E22,wro4j,RF_Balanced,projectSourceClassesCovered,0.1168855144654317
E22,wro4j,RF_Balanced,hIndexModificationsPerCoveredLine_window5,0.016735054675636643
E22,wro4j,RF_Balanced,hIndexModificationsPerCoveredLine_window10,0.02695498862428907
E22,wro4j,RF_Balanced,hIndexModificationsPerCoveredLine_window25,0.026996322759272457
E22,wro4j,RF_Balanced,hIndexModificationsPerCoveredLine_window50,0.038135121456671896
E22,wro4j,RF_Balanced,hIndexModificationsPerCoveredLine_window75,0.05325542512469138
E22,wro4j,RF_Balanced,hIndexModificationsPerCoveredLine_window100,0.06848753096289024
E22,wro4j,RF_Balanced,hIndexModificationsPerCoveredLine_window500,0.034709038603271104
E22,wro4j,RF_Balanced,hIndexModificationsPerCoveredLine_window10000,0.034815804089496645
E22,wro4j,RF_Balanced,num_third_party_libs,0.030781620285446225
E22,wro4j,Balanced_RF,assertion-roulette,0.01034084213871757
E22,wro4j,Balanced_RF,conditional-test-logic,0.0031800395016224636
E22,wro4j,Balanced_RF,eager-test,0.007162496147036557
E22,wro4j,Balanced_RF,fire-and-forget,0.017658279518680212
E22,wro4j,Balanced_RF,indirect-testing,0.014645247759584652
E22,wro4j,Balanced_RF,mystery-guest,0.012946080595767642
E22,wro4j,Balanced_RF,resource-optimism,0.007179531423988687
E22,wro4j,Balanced_RF,test-run-war,0.012520607987854517
E22,wro4j,Balanced_RF,testLength,0.06426620370184752
E22,wro4j,Balanced_RF,numAsserts,0.0319953015373889
E22,wro4j,Balanced_RF,numCoveredLines,0.07576843833989992
E22,wro4j,Balanced_RF,ExecutionTime,0.18208871532599347
E22,wro4j,Balanced_RF,projectSourceLinesCovered,0.10796988414132205
E22,wro4j,Balanced_RF,projectSourceClassesCovered,0.11316585346039218
E22,wro4j,Balanced_RF,hIndexModificationsPerCoveredLine_window5,0.012807184401466323
E22,wro4j,Balanced_RF,hIndexModificationsPerCoveredLine_window10,0.03210457121423076
E22,wro4j,Balanced_RF,hIndexModificationsPerCoveredLine_window25,0.026659842371511925
E22,wro4j,Balanced_RF,hIndexModificationsPerCoveredLine_window50,0.041676338630073084
E22,wro4j,Balanced_RF,hIndexModificationsPerCoveredLine_window75,0.05366849980953004
E22,wro4j,Balanced_RF,hIndexModificationsPerCoveredLine_window100,0.07244134751451825
E22,wro4j,Balanced_RF,hIndexModificationsPerCoveredLine_window500,0.0342601306436965
E22,wro4j,Balanced_RF,hIndexModificationsPerCoveredLine_window10000,0.034833760727689886
E22,wro4j,Balanced_RF,num_third_party_libs,0.030660803107186968
E22,wro4j,ExtraTrees_Balanced,assertion-roulette,0.026736494744673347
E22,wro4j,ExtraTrees_Balanced,conditional-test-logic,0.011902327852063167
E22,wro4j,ExtraTrees_Balanced,eager-test,0.013033319725471308
E22,wro4j,ExtraTrees_Balanced,fire-and-forget,0.03823688975806394
E22,wro4j,ExtraTrees_Balanced,indirect-testing,0.03999932663449435
E22,wro4j,ExtraTrees_Balanced,mystery-guest,0.01871203569249368
E22,wro4j,ExtraTrees_Balanced,resource-optimism,0.010321723015339417
E22,wro4j,ExtraTrees_Balanced,test-run-war,0.018195047576335045
E22,wro4j,ExtraTrees_Balanced,testLength,0.0487066950016269
E22,wro4j,ExtraTrees_Balanced,numAsserts,0.0386709864397333
E22,wro4j,ExtraTrees_Balanced,numCoveredLines,0.05708769578928844
E22,wro4j,ExtraTrees_Balanced,ExecutionTime,0.07818742557420494
E22,wro4j,ExtraTrees_Balanced,projectSourceLinesCovered,0.07428780894679717
E22,wro4j,ExtraTrees_Balanced,projectSourceClassesCovered,0.09472534775076749
E22,wro4j,ExtraTrees_Balanced,hIndexModificationsPerCoveredLine_window5,0.03153159799937166
E22,wro4j,ExtraTrees_Balanced,hIndexModificationsPerCoveredLine_window10,0.057950616650602776
E22,wro4j,ExtraTrees_Balanced,hIndexModificationsPerCoveredLine_window25,0.03435231954168467
E22,wro4j,ExtraTrees_Balanced,hIndexModificationsPerCoveredLine_window50,0.0661574742627988
E22,wro4j,ExtraTrees_Balanced,hIndexModificationsPerCoveredLine_window75,0.04887757946252148
E22,wro4j,ExtraTrees_Balanced,hIndexModificationsPerCoveredLine_window100,0.06548117461281013
E22,wro4j,ExtraTrees_Balanced,hIndexModificationsPerCoveredLine_window500,0.06055792328952219
E22,wro4j,ExtraTrees_Balanced,hIndexModificationsPerCoveredLine_window10000,0.03363551818098682
E22,wro4j,ExtraTrees_Balanced,num_third_party_libs,0.032652671498348745
E22,wro4j,XGB_Baseline,assertion-roulette,0.015749623998999596
E22,wro4j,XGB_Baseline,conditional-test-logic,0.010648799128830433
E22,wro4j,XGB_Baseline,eager-test,0.01674654707312584
E22,wro4j,XGB_Baseline,fire-and-forget,0.042659781873226166
E22,wro4j,XGB_Baseline,indirect-testing,0.018358618021011353
E22,wro4j,XGB_Baseline,mystery-guest,0.02395891211926937
E22,wro4j,XGB_Baseline,resource-optimism,0.07709864526987076
E22,wro4j,XGB_Baseline,test-run-war,0.0325305312871933
E22,wro4j,XGB_Baseline,testLength,0.02225700207054615
E22,wro4j,XGB_Baseline,numAsserts,0.012128524482250214
E22,wro4j,XGB_Baseline,numCoveredLines,0.019595608115196228
E22,wro4j,XGB_Baseline,ExecutionTime,0.040469180792570114
E22,wro4j,XGB_Baseline,projectSourceLinesCovered,0.03158252313733101
E22,wro4j,XGB_Baseline,projectSourceClassesCovered,0.07749419659376144
E22,wro4j,XGB_Baseline,hIndexModificationsPerCoveredLine_window5,0.021313123404979706
E22,wro4j,XGB_Baseline,hIndexModificationsPerCoveredLine_window10,0.038601767271757126
E22,wro4j,XGB_Baseline,hIndexModificationsPerCoveredLine_window25,0.04222797974944115
E22,wro4j,XGB_Baseline,hIndexModificationsPerCoveredLine_window50,0.02903805859386921
E22,wro4j,XGB_Baseline,hIndexModificationsPerCoveredLine_window75,0.28130441904067993
E22,wro4j,XGB_Baseline,hIndexModificationsPerCoveredLine_window100,0.030144469812512398
E22,wro4j,XGB_Baseline,hIndexModificationsPerCoveredLine_window500,0.034996550530195236
E22,wro4j,XGB_Baseline,hIndexModificationsPerCoveredLine_window10000,0.061434559524059296
E22,wro4j,XGB_Baseline,num_third_party_libs,0.019660554826259613
E22,wro4j,XGB_ClassWeight,assertion-roulette,0.020797930657863617
E22,wro4j,XGB_ClassWeight,conditional-test-logic,0.013717485591769218
E22,wro4j,XGB_ClassWeight,eager-test,0.018847398459911346
E22,wro4j,XGB_ClassWeight,fire-and-forget,0.08698489516973495
E22,wro4j,XGB_ClassWeight,indirect-testing,0.022650770843029022
E22,wro4j,XGB_ClassWeight,mystery-guest,0.03008081763982773
E22,wro4j,XGB_ClassWeight,resource-optimism,0.07182719558477402
E22,wro4j,XGB_ClassWeight,test-run-war,0.05586030334234238
E22,wro4j,XGB_ClassWeight,testLength,0.020196866244077682
E22,wro4j,XGB_ClassWeight,numAsserts,0.015697957947850227
E22,wro4j,XGB_ClassWeight,numCoveredLines,0.024533186107873917
E22,wro4j,XGB_ClassWeight,ExecutionTime,0.07957323640584946
E22,wro4j,XGB_ClassWeight,projectSourceLinesCovered,0.025713911280035973
E22,wro4j,XGB_ClassWeight,projectSourceClassesCovered,0.04442599415779114
E22,wro4j,XGB_ClassWeight,hIndexModificationsPerCoveredLine_window5,0.04195839911699295
E22,wro4j,XGB_ClassWeight,hIndexModificationsPerCoveredLine_window10,0.05700360983610153
E22,wro4j,XGB_ClassWeight,hIndexModificationsPerCoveredLine_window25,0.03353792428970337
E22,wro4j,XGB_ClassWeight,hIndexModificationsPerCoveredLine_window50,0.04960102587938309
E22,wro4j,XGB_ClassWeight,hIndexModificationsPerCoveredLine_window75,0.04167701676487923
E22,wro4j,XGB_ClassWeight,hIndexModificationsPerCoveredLine_window100,0.14540787041187286
E22,wro4j,XGB_ClassWeight,hIndexModificationsPerCoveredLine_window500,0.04359195753931999
E22,wro4j,XGB_ClassWeight,hIndexModificationsPerCoveredLine_window10000,0.032672468572854996
E22,wro4j,XGB_ClassWeight,num_third_party_libs,0.02364172600209713
E22,wro4j,LightGBM_Baseline,assertion-roulette,33.0
E22,wro4j,LightGBM_Baseline,conditional-test-logic,13.0
E22,wro4j,LightGBM_Baseline,eager-test,13.0
E22,wro4j,LightGBM_Baseline,fire-and-forget,50.0
E22,wro4j,LightGBM_Baseline,indirect-testing,47.0
E22,wro4j,LightGBM_Baseline,mystery-guest,30.0
E22,wro4j,LightGBM_Baseline,resource-optimism,15.0
E22,wro4j,LightGBM_Baseline,test-run-war,55.0
E22,wro4j,LightGBM_Baseline,testLength,333.0
E22,wro4j,LightGBM_Baseline,numAsserts,136.0
E22,wro4j,LightGBM_Baseline,numCoveredLines,283.0
E22,wro4j,LightGBM_Baseline,ExecutionTime,454.0
E22,wro4j,LightGBM_Baseline,projectSourceLinesCovered,370.0
E22,wro4j,LightGBM_Baseline,projectSourceClassesCovered,361.0
E22,wro4j,LightGBM_Baseline,hIndexModificationsPerCoveredLine_window5,30.0
E22,wro4j,LightGBM_Baseline,hIndexModificationsPerCoveredLine_window10,69.0
E22,wro4j,LightGBM_Baseline,hIndexModificationsPerCoveredLine_window25,70.0
E22,wro4j,LightGBM_Baseline,hIndexModificationsPerCoveredLine_window50,76.0
E22,wro4j,LightGBM_Baseline,hIndexModificationsPerCoveredLine_window75,29.0
E22,wro4j,LightGBM_Baseline,hIndexModificationsPerCoveredLine_window100,92.0
E22,wro4j,LightGBM_Baseline,hIndexModificationsPerCoveredLine_window500,117.0
E22,wro4j,LightGBM_Baseline,hIndexModificationsPerCoveredLine_window10000,135.0
E22,wro4j,LightGBM_Baseline,num_third_party_libs,189.0
E22,wro4j,LightGBM_Balanced,assertion-roulette,30.0
E22,wro4j,LightGBM_Balanced,conditional-test-logic,14.0
E22,wro4j,LightGBM_Balanced,eager-test,25.0
E22,wro4j,LightGBM_Balanced,fire-and-forget,45.0
E22,wro4j,LightGBM_Balanced,indirect-testing,38.0
E22,wro4j,LightGBM_Balanced,mystery-guest,39.0
E22,wro4j,LightGBM_Balanced,resource-optimism,20.0
E22,wro4j,LightGBM_Balanced,test-run-war,57.0
E22,wro4j,LightGBM_Balanced,testLength,317.0
E22,wro4j,LightGBM_Balanced,numAsserts,131.0
E22,wro4j,LightGBM_Balanced,numCoveredLines,273.0
E22,wro4j,LightGBM_Balanced,ExecutionTime,418.0
E22,wro4j,LightGBM_Balanced,projectSourceLinesCovered,369.0
E22,wro4j,LightGBM_Balanced,projectSourceClassesCovered,412.0
E22,wro4j,LightGBM_Balanced,hIndexModificationsPerCoveredLine_window5,54.0
E22,wro4j,LightGBM_Balanced,hIndexModificationsPerCoveredLine_window10,60.0
E22,wro4j,LightGBM_Balanced,hIndexModificationsPerCoveredLine_window25,50.0
E22,wro4j,LightGBM_Balanced,hIndexModificationsPerCoveredLine_window50,84.0
E22,wro4j,LightGBM_Balanced,hIndexModificationsPerCoveredLine_window75,40.0
E22,wro4j,LightGBM_Balanced,hIndexModificationsPerCoveredLine_window100,94.0
E22,wro4j,LightGBM_Balanced,hIndexModificationsPerCoveredLine_window500,155.0
E22,wro4j,LightGBM_Balanced,hIndexModificationsPerCoveredLine_window10000,103.0
E22,wro4j,LightGBM_Balanced,num_third_party_libs,172.0
E22,wro4j,GradientBoosting_Balanced,assertion-roulette,0.0013666178201888971
E22,wro4j,GradientBoosting_Balanced,conditional-test-logic,0.0001963541734828677
E22,wro4j,GradientBoosting_Balanced,eager-test,0.0005936392045325328
E22,wro4j,GradientBoosting_Balanced,fire-and-forget,0.03326108901712608
E22,wro4j,GradientBoosting_Balanced,indirect-testing,0.0015622199446231957
E22,wro4j,GradientBoosting_Balanced,mystery-guest,0.008440424451286113
E22,wro4j,GradientBoosting_Balanced,resource-optimism,0.006812926415196399
E22,wro4j,GradientBoosting_Balanced,test-run-war,0.01802165387054909
E22,wro4j,GradientBoosting_Balanced,testLength,0.031443237199115986
E22,wro4j,GradientBoosting_Balanced,numAsserts,0.00473578992749361
E22,wro4j,GradientBoosting_Balanced,numCoveredLines,0.03626608807251386
E22,wro4j,GradientBoosting_Balanced,ExecutionTime,0.36262259751868126
E22,wro4j,GradientBoosting_Balanced,projectSourceLinesCovered,0.09515928162604052
E22,wro4j,GradientBoosting_Balanced,projectSourceClassesCovered,0.11523981475858884
E22,wro4j,GradientBoosting_Balanced,hIndexModificationsPerCoveredLine_window5,0.0022343200075007966
E22,wro4j,GradientBoosting_Balanced,hIndexModificationsPerCoveredLine_window10,0.029131989475434265
E22,wro4j,GradientBoosting_Balanced,hIndexModificationsPerCoveredLine_window25,0.010727427034943606
E22,wro4j,GradientBoosting_Balanced,hIndexModificationsPerCoveredLine_window50,0.014230019166821492
E22,wro4j,GradientBoosting_Balanced,hIndexModificationsPerCoveredLine_window75,0.07028395750455886
E22,wro4j,GradientBoosting_Balanced,hIndexModificationsPerCoveredLine_window100,0.1141198552082985
E22,wro4j,GradientBoosting_Balanced,hIndexModificationsPerCoveredLine_window500,0.017636753255375885
E22,wro4j,GradientBoosting_Balanced,hIndexModificationsPerCoveredLine_window10000,0.010376564067165327
E22,wro4j,GradientBoosting_Balanced,num_third_party_libs,0.015537380280482118
E23,zxing,RF_Baseline,assertion-roulette,0.01085307230914717
E23,zxing,RF_Baseline,conditional-test-logic,0.005087785079652985
E23,zxing,RF_Baseline,eager-test,0.006166224748018521
E23,zxing,RF_Baseline,fire-and-forget,0.01050209719380305
E23,zxing,RF_Baseline,indirect-testing,0.016031760505600776
E23,zxing,RF_Baseline,mystery-guest,0.00761007953137766
E23,zxing,RF_Baseline,resource-optimism,0.00851185876160268
E23,zxing,RF_Baseline,test-run-war,0.007358990248785133
E23,zxing,RF_Baseline,testLength,0.08825903442961042
E23,zxing,RF_Baseline,numAsserts,0.041679442410319005
E23,zxing,RF_Baseline,numCoveredLines,0.08239193788723506
E23,zxing,RF_Baseline,ExecutionTime,0.15822353985038815
E23,zxing,RF_Baseline,projectSourceLinesCovered,0.13222470500124658
E23,zxing,RF_Baseline,projectSourceClassesCovered,0.11878509043508778
E23,zxing,RF_Baseline,hIndexModificationsPerCoveredLine_window5,0.015223160192957646
E23,zxing,RF_Baseline,hIndexModificationsPerCoveredLine_window10,0.034145258865715955
E23,zxing,RF_Baseline,hIndexModificationsPerCoveredLine_window25,0.024202925016893136
E23,zxing,RF_Baseline,hIndexModificationsPerCoveredLine_window50,0.023499158328203606
E23,zxing,RF_Baseline,hIndexModificationsPerCoveredLine_window75,0.02646236584642544
E23,zxing,RF_Baseline,hIndexModificationsPerCoveredLine_window100,0.03963897198719149
E23,zxing,RF_Baseline,hIndexModificationsPerCoveredLine_window500,0.043282707430154554
E23,zxing,RF_Baseline,hIndexModificationsPerCoveredLine_window10000,0.04620730382991311
E23,zxing,RF_Baseline,num_third_party_libs,0.053652530110670144
E23,zxing,RF_Balanced,assertion-roulette,0.008735192074173587
E23,zxing,RF_Balanced,conditional-test-logic,0.0027953707549829687
E23,zxing,RF_Balanced,eager-test,0.006290091449409187
E23,zxing,RF_Balanced,fire-and-forget,0.019617672626158354
E23,zxing,RF_Balanced,indirect-testing,0.01375769427626394
E23,zxing,RF_Balanced,mystery-guest,0.011097702021868149
E23,zxing,RF_Balanced,resource-optimism,0.008599732905714013
E23,zxing,RF_Balanced,test-run-war,0.012148547297559402
E23,zxing,RF_Balanced,testLength,0.06692460143131884
E23,zxing,RF_Balanced,numAsserts,0.028472094415392103
E23,zxing,RF_Balanced,numCoveredLines,0.07628610274013566
E23,zxing,RF_Balanced,ExecutionTime,0.1973116895908749
E23,zxing,RF_Balanced,projectSourceLinesCovered,0.11655238326949983
E23,zxing,RF_Balanced,projectSourceClassesCovered,0.11478457709949323
E23,zxing,RF_Balanced,hIndexModificationsPerCoveredLine_window5,0.012746351562438247
E23,zxing,RF_Balanced,hIndexModificationsPerCoveredLine_window10,0.028541545886923755
E23,zxing,RF_Balanced,hIndexModificationsPerCoveredLine_window25,0.029338354248021028
E23,zxing,RF_Balanced,hIndexModificationsPerCoveredLine_window50,0.0353145735969555
E23,zxing,RF_Balanced,hIndexModificationsPerCoveredLine_window75,0.04312213360982884
E23,zxing,RF_Balanced,hIndexModificationsPerCoveredLine_window100,0.0603057035949687
E23,zxing,RF_Balanced,hIndexModificationsPerCoveredLine_window500,0.038404621407362706
E23,zxing,RF_Balanced,hIndexModificationsPerCoveredLine_window10000,0.037412544194720926
E23,zxing,RF_Balanced,num_third_party_libs,0.031440719945936224
E23,zxing,Balanced_RF,assertion-roulette,0.01033148333431959
E23,zxing,Balanced_RF,conditional-test-logic,0.0034669276970283255
E23,zxing,Balanced_RF,eager-test,0.006297857892756666
E23,zxing,Balanced_RF,fire-and-forget,0.017755445211309857
E23,zxing,Balanced_RF,indirect-testing,0.01586873834549414
E23,zxing,Balanced_RF,mystery-guest,0.012430678210370014
E23,zxing,Balanced_RF,resource-optimism,0.006841815189665778
E23,zxing,Balanced_RF,test-run-war,0.012447483899722993
E23,zxing,Balanced_RF,testLength,0.0629464912339199
E23,zxing,Balanced_RF,numAsserts,0.032166772011855665
E23,zxing,Balanced_RF,numCoveredLines,0.07934820530122097
E23,zxing,Balanced_RF,ExecutionTime,0.18850680633229638
E23,zxing,Balanced_RF,projectSourceLinesCovered,0.12005098281406107
E23,zxing,Balanced_RF,projectSourceClassesCovered,0.11215719331750036
E23,zxing,Balanced_RF,hIndexModificationsPerCoveredLine_window5,0.015997627913019365
E23,zxing,Balanced_RF,hIndexModificationsPerCoveredLine_window10,0.03764918861281936
E23,zxing,Balanced_RF,hIndexModificationsPerCoveredLine_window25,0.027068638337091062
E23,zxing,Balanced_RF,hIndexModificationsPerCoveredLine_window50,0.027869811957668682
E23,zxing,Balanced_RF,hIndexModificationsPerCoveredLine_window75,0.04377868242020812
E23,zxing,Balanced_RF,hIndexModificationsPerCoveredLine_window100,0.06204826249786994
E23,zxing,Balanced_RF,hIndexModificationsPerCoveredLine_window500,0.03699198696244126
E23,zxing,Balanced_RF,hIndexModificationsPerCoveredLine_window10000,0.0353692883341998
E23,zxing,Balanced_RF,num_third_party_libs,0.03260963217316082
E23,zxing,ExtraTrees_Balanced,assertion-roulette,0.024443754043776692
E23,zxing,ExtraTrees_Balanced,conditional-test-logic,0.013038604702378252
E23,zxing,ExtraTrees_Balanced,eager-test,0.013227232821697108
E23,zxing,ExtraTrees_Balanced,fire-and-forget,0.03698193745723499
E23,zxing,ExtraTrees_Balanced,indirect-testing,0.03897057533116084
E23,zxing,ExtraTrees_Balanced,mystery-guest,0.01830953538205023
E23,zxing,ExtraTrees_Balanced,resource-optimism,0.012214794338115453
E23,zxing,ExtraTrees_Balanced,test-run-war,0.018428975838626693
E23,zxing,ExtraTrees_Balanced,testLength,0.050168232651537525
E23,zxing,ExtraTrees_Balanced,numAsserts,0.03607207996142032
E23,zxing,ExtraTrees_Balanced,numCoveredLines,0.06469785423673777
E23,zxing,ExtraTrees_Balanced,ExecutionTime,0.0797051434216284
E23,zxing,ExtraTrees_Balanced,projectSourceLinesCovered,0.07204921843227713
E23,zxing,ExtraTrees_Balanced,projectSourceClassesCovered,0.09343868217940368
E23,zxing,ExtraTrees_Balanced,hIndexModificationsPerCoveredLine_window5,0.03103728215393424
E23,zxing,ExtraTrees_Balanced,hIndexModificationsPerCoveredLine_window10,0.057696347472364726
E23,zxing,ExtraTrees_Balanced,hIndexModificationsPerCoveredLine_window25,0.03712347666324791
E23,zxing,ExtraTrees_Balanced,hIndexModificationsPerCoveredLine_window50,0.06228597473744215
E23,zxing,ExtraTrees_Balanced,hIndexModificationsPerCoveredLine_window75,0.04212875858480416
E23,zxing,ExtraTrees_Balanced,hIndexModificationsPerCoveredLine_window100,0.06526232682942562
E23,zxing,ExtraTrees_Balanced,hIndexModificationsPerCoveredLine_window500,0.05705938554779679
E23,zxing,ExtraTrees_Balanced,hIndexModificationsPerCoveredLine_window10000,0.039965348671857505
E23,zxing,ExtraTrees_Balanced,num_third_party_libs,0.035694478541081834
E23,zxing,XGB_Baseline,assertion-roulette,0.0127964336425066
E23,zxing,XGB_Baseline,conditional-test-logic,0.00836591050028801
E23,zxing,XGB_Baseline,eager-test,0.01952379196882248
E23,zxing,XGB_Baseline,fire-and-forget,0.04185601323843002
E23,zxing,XGB_Baseline,indirect-testing,0.037063974887132645
E23,zxing,XGB_Baseline,mystery-guest,0.017560770735144615
E23,zxing,XGB_Baseline,resource-optimism,0.08618579804897308
E23,zxing,XGB_Baseline,test-run-war,0.036825764924287796
E23,zxing,XGB_Baseline,testLength,0.031226245686411858
E23,zxing,XGB_Baseline,numAsserts,0.014393569901585579
E23,zxing,XGB_Baseline,numCoveredLines,0.05221524089574814
E23,zxing,XGB_Baseline,ExecutionTime,0.04054247587919235
E23,zxing,XGB_Baseline,projectSourceLinesCovered,0.022800656035542488
E23,zxing,XGB_Baseline,projectSourceClassesCovered,0.04518799111247063
E23,zxing,XGB_Baseline,hIndexModificationsPerCoveredLine_window5,0.023133937269449234
E23,zxing,XGB_Baseline,hIndexModificationsPerCoveredLine_window10,0.1084335446357727
E23,zxing,XGB_Baseline,hIndexModificationsPerCoveredLine_window25,0.04652552679181099
E23,zxing,XGB_Baseline,hIndexModificationsPerCoveredLine_window50,0.037358272820711136
E23,zxing,XGB_Baseline,hIndexModificationsPerCoveredLine_window75,0.04942859336733818
E23,zxing,XGB_Baseline,hIndexModificationsPerCoveredLine_window100,0.16554448008537292
E23,zxing,XGB_Baseline,hIndexModificationsPerCoveredLine_window500,0.058147553354501724
E23,zxing,XGB_Baseline,hIndexModificationsPerCoveredLine_window10000,0.02869293838739395
E23,zxing,XGB_Baseline,num_third_party_libs,0.01619059219956398
E23,zxing,XGB_ClassWeight,assertion-roulette,0.02702482044696808
E23,zxing,XGB_ClassWeight,conditional-test-logic,0.01376437023282051
E23,zxing,XGB_ClassWeight,eager-test,0.021108444780111313
E23,zxing,XGB_ClassWeight,fire-and-forget,0.0649942085146904
E23,zxing,XGB_ClassWeight,indirect-testing,0.022944776341319084
E23,zxing,XGB_ClassWeight,mystery-guest,0.03306485339999199
E23,zxing,XGB_ClassWeight,resource-optimism,0.049153078347444534
E23,zxing,XGB_ClassWeight,test-run-war,0.06855994462966919
E23,zxing,XGB_ClassWeight,testLength,0.022642863914370537
E23,zxing,XGB_ClassWeight,numAsserts,0.018141062930226326
E23,zxing,XGB_ClassWeight,numCoveredLines,0.02857692539691925
E23,zxing,XGB_ClassWeight,ExecutionTime,0.08444561064243317
E23,zxing,XGB_ClassWeight,projectSourceLinesCovered,0.025347381830215454
E23,zxing,XGB_ClassWeight,projectSourceClassesCovered,0.0412263385951519
E23,zxing,XGB_ClassWeight,hIndexModificationsPerCoveredLine_window5,0.03494362160563469
E23,zxing,XGB_ClassWeight,hIndexModificationsPerCoveredLine_window10,0.08540061861276627
E23,zxing,XGB_ClassWeight,hIndexModificationsPerCoveredLine_window25,0.038748014718294144
E23,zxing,XGB_ClassWeight,hIndexModificationsPerCoveredLine_window50,0.052892055362463
E23,zxing,XGB_ClassWeight,hIndexModificationsPerCoveredLine_window75,0.030231717973947525
E23,zxing,XGB_ClassWeight,hIndexModificationsPerCoveredLine_window100,0.1237904503941536
E23,zxing,XGB_ClassWeight,hIndexModificationsPerCoveredLine_window500,0.04278964176774025
E23,zxing,XGB_ClassWeight,hIndexModificationsPerCoveredLine_window10000,0.04637216404080391
E23,zxing,XGB_ClassWeight,num_third_party_libs,0.023836996406316757
E23,zxing,LightGBM_Baseline,assertion-roulette,44.0
E23,zxing,LightGBM_Baseline,conditional-test-logic,12.0
E23,zxing,LightGBM_Baseline,eager-test,20.0
E23,zxing,LightGBM_Baseline,fire-and-forget,52.0
E23,zxing,LightGBM_Baseline,indirect-testing,49.0
E23,zxing,LightGBM_Baseline,mystery-guest,30.0
E23,zxing,LightGBM_Baseline,resource-optimism,16.0
E23,zxing,LightGBM_Baseline,test-run-war,41.0
E23,zxing,LightGBM_Baseline,testLength,326.0
E23,zxing,LightGBM_Baseline,numAsserts,124.0
E23,zxing,LightGBM_Baseline,numCoveredLines,298.0
E23,zxing,LightGBM_Baseline,ExecutionTime,447.0
E23,zxing,LightGBM_Baseline,projectSourceLinesCovered,422.0
E23,zxing,LightGBM_Baseline,projectSourceClassesCovered,374.0
E23,zxing,LightGBM_Baseline,hIndexModificationsPerCoveredLine_window5,27.0
E23,zxing,LightGBM_Baseline,hIndexModificationsPerCoveredLine_window10,52.0
E23,zxing,LightGBM_Baseline,hIndexModificationsPerCoveredLine_window25,46.0
E23,zxing,LightGBM_Baseline,hIndexModificationsPerCoveredLine_window50,76.0
E23,zxing,LightGBM_Baseline,hIndexModificationsPerCoveredLine_window75,35.0
E23,zxing,LightGBM_Baseline,hIndexModificationsPerCoveredLine_window100,93.0
E23,zxing,LightGBM_Baseline,hIndexModificationsPerCoveredLine_window500,122.0
E23,zxing,LightGBM_Baseline,hIndexModificationsPerCoveredLine_window10000,128.0
E23,zxing,LightGBM_Baseline,num_third_party_libs,166.0
E23,zxing,LightGBM_Balanced,assertion-roulette,25.0
E23,zxing,LightGBM_Balanced,conditional-test-logic,16.0
E23,zxing,LightGBM_Balanced,eager-test,26.0
E23,zxing,LightGBM_Balanced,fire-and-forget,52.0
E23,zxing,LightGBM_Balanced,indirect-testing,48.0
E23,zxing,LightGBM_Balanced,mystery-guest,33.0
E23,zxing,LightGBM_Balanced,resource-optimism,31.0
E23,zxing,LightGBM_Balanced,test-run-war,50.0
E23,zxing,LightGBM_Balanced,testLength,316.0
E23,zxing,LightGBM_Balanced,numAsserts,114.0
E23,zxing,LightGBM_Balanced,numCoveredLines,276.0
E23,zxing,LightGBM_Balanced,ExecutionTime,420.0
E23,zxing,LightGBM_Balanced,projectSourceLinesCovered,326.0
E23,zxing,LightGBM_Balanced,projectSourceClassesCovered,394.0
E23,zxing,LightGBM_Balanced,hIndexModificationsPerCoveredLine_window5,64.0
E23,zxing,LightGBM_Balanced,hIndexModificationsPerCoveredLine_window10,55.0
E23,zxing,LightGBM_Balanced,hIndexModificationsPerCoveredLine_window25,58.0
E23,zxing,LightGBM_Balanced,hIndexModificationsPerCoveredLine_window50,85.0
E23,zxing,LightGBM_Balanced,hIndexModificationsPerCoveredLine_window75,51.0
E23,zxing,LightGBM_Balanced,hIndexModificationsPerCoveredLine_window100,115.0
E23,zxing,LightGBM_Balanced,hIndexModificationsPerCoveredLine_window500,166.0
E23,zxing,LightGBM_Balanced,hIndexModificationsPerCoveredLine_window10000,119.0
E23,zxing,LightGBM_Balanced,num_third_party_libs,160.0
E23,zxing,GradientBoosting_Balanced,assertion-roulette,0.0010473449166756908
E23,zxing,GradientBoosting_Balanced,conditional-test-logic,0.0
E23,zxing,GradientBoosting_Balanced,eager-test,0.0011917207231455257
E23,zxing,GradientBoosting_Balanced,fire-and-forget,0.03815883453118471
E23,zxing,GradientBoosting_Balanced,indirect-testing,0.0018168017032930586
E23,zxing,GradientBoosting_Balanced,mystery-guest,0.004980273886124328
E23,zxing,GradientBoosting_Balanced,resource-optimism,0.010724867407084377
E23,zxing,GradientBoosting_Balanced,test-run-war,0.016907134589278332
E23,zxing,GradientBoosting_Balanced,testLength,0.03259124107212674
E23,zxing,GradientBoosting_Balanced,numAsserts,0.003105996577057628
E23,zxing,GradientBoosting_Balanced,numCoveredLines,0.05515118818039498
E23,zxing,GradientBoosting_Balanced,ExecutionTime,0.3681565909046425
E23,zxing,GradientBoosting_Balanced,projectSourceLinesCovered,0.09660670436234675
E23,zxing,GradientBoosting_Balanced,projectSourceClassesCovered,0.09513130457757443
E23,zxing,GradientBoosting_Balanced,hIndexModificationsPerCoveredLine_window5,0.002988960822922632
E23,zxing,GradientBoosting_Balanced,hIndexModificationsPerCoveredLine_window10,0.017134356354278
E23,zxing,GradientBoosting_Balanced,hIndexModificationsPerCoveredLine_window25,0.04603221547036403
E23,zxing,GradientBoosting_Balanced,hIndexModificationsPerCoveredLine_window50,0.01192232426464982
E23,zxing,GradientBoosting_Balanced,hIndexModificationsPerCoveredLine_window75,0.042777732555864936
E23,zxing,GradientBoosting_Balanced,hIndexModificationsPerCoveredLine_window100,0.09588984317976709
E23,zxing,GradientBoosting_Balanced,hIndexModificationsPerCoveredLine_window500,0.03331628057268935
E23,zxing,GradientBoosting_Balanced,hIndexModificationsPerCoveredLine_window10000,0.011648018994211754
E23,zxing,GradientBoosting_Balanced,num_third_party_libs,0.012720264354323246
