Target_Project,Test_Index,True_Label,Predicted_Prob,Predicted_Label
achilles,3072,0,0.017700348,0
achilles,3986,0,0.017435025,0
achilles,3606,0,0.78098315,1
achilles,3646,0,0.1490164,0
achilles,2942,0,0.0015904594,0
achilles,3648,0,0.0052881297,0
achilles,3813,0,0.0021553382,0
achilles,3208,0,0.018862039,0
achilles,2879,0,0.007940007,0
achilles,3704,0,0.18336704,0
achilles,2989,0,0.32708734,0
achilles,4045,0,0.008912601,0
achilles,3261,0,0.0058738026,0
achilles,3501,0,0.027385924,0
achilles,3935,0,0.12825404,0
achilles,2825,0,0.007036739,0
achilles,3878,0,0.0072230017,0
achilles,3466,0,0.070825845,0
achilles,2889,0,0.0068460503,0
achilles,3896,0,0.41864327,0
achilles,3372,0,0.10065341,0
achilles,3721,0,0.018348727,0
achilles,3176,0,0.16089228,0
achilles,2895,0,0.24412495,0
achilles,3142,0,0.02266171,0
achilles,4037,0,0.02895314,0
achilles,2972,0,0.0022924521,0
achilles,3230,0,0.09173195,0
achilles,3241,0,0.1440991,0
achilles,3396,0,0.062199496,0
achilles,3997,0,0.041603774,0
achilles,3306,0,0.01258573,0
achilles,3598,0,0.07877341,0
achilles,3831,0,0.00407059,0
achilles,3237,0,0.0952184,0
achilles,2952,0,0.64016944,1
achilles,2848,0,0.10522534,0
achilles,2887,0,0.61127466,1
achilles,3645,0,0.006630445,0
achilles,3422,0,0.5135939,1
achilles,3709,0,0.001814722,0
achilles,3226,0,0.0629492,0
achilles,3369,0,0.4189406,0
achilles,3708,0,0.61673343,1
achilles,3942,0,0.05496697,0
achilles,2946,0,0.004361423,0
achilles,3523,0,0.011004973,0
achilles,2832,0,0.38748175,0
achilles,2824,0,0.56043375,1
achilles,2801,0,0.04016188,0
achilles,4024,0,0.018683009,0
achilles,3936,0,0.08663544,0
achilles,3284,0,0.0029182478,0
achilles,3408,0,0.1262335,0
achilles,4059,0,0.014990486,0
achilles,3130,0,0.0019494987,0
achilles,3151,0,0.071467005,0
achilles,3600,0,0.5360517,1
achilles,3136,0,0.030692091,0
achilles,3029,0,0.0047426443,0
achilles,3264,0,0.06902418,0
achilles,3227,0,0.049354132,0
achilles,4027,0,0.052525192,0
achilles,3726,0,0.019497363,0
achilles,3849,0,0.2838291,0
achilles,3914,0,0.047150545,0
achilles,3395,0,0.037946325,0
achilles,3765,0,0.037025984,0
achilles,2817,0,0.051892728,0
achilles,3551,0,0.25180012,0
achilles,2820,0,0.028396104,0
achilles,3079,0,0.3050746,0
achilles,3087,0,0.0070460914,0
achilles,2926,0,0.44442934,0
achilles,3323,0,0.18148799,0
achilles,2871,0,0.006576808,0
achilles,3746,0,0.12883824,0
achilles,3012,0,0.006653323,0
achilles,3665,0,0.009841327,0
achilles,3680,0,0.13838288,0
achilles,2900,0,0.3711562,0
achilles,3258,0,0.003127064,0
achilles,2810,0,0.011435209,0
achilles,2857,0,0.050725,0
achilles,3922,0,0.2057271,0
achilles,3091,0,0.0026818884,0
achilles,3702,0,0.2068562,0
achilles,3801,0,0.003990934,0
achilles,3199,0,0.082697466,0
achilles,3055,0,0.38871208,0
achilles,2979,0,0.56163216,1
achilles,3038,0,0.0075886087,0
achilles,3894,0,0.014488034,0
achilles,3757,0,0.005824282,0
achilles,3863,0,0.28168127,0
achilles,3844,0,0.04829337,0
achilles,3123,0,0.013524836,0
achilles,3455,0,0.011931003,0
achilles,3394,0,0.12951924,0
achilles,2998,0,0.40781048,0
achilles,3132,0,0.0026999447,0
achilles,3415,0,0.036323633,0
achilles,3941,0,0.02230773,0
achilles,3907,0,0.0041826507,0
achilles,4004,0,0.01992999,0
achilles,3877,0,0.017984897,0
achilles,2984,0,0.24669214,0
achilles,3193,0,0.0031732696,0
achilles,3956,0,0.014864514,0
achilles,2950,0,0.18367104,0
achilles,3335,0,0.17394832,0
achilles,3225,0,0.15614514,0
achilles,3970,0,0.074116774,0
achilles,3566,0,0.0045837816,0
achilles,3464,0,0.09064831,0
achilles,4010,0,0.024669135,0
achilles,3138,0,0.046459604,0
achilles,3005,0,0.014682931,0
achilles,3840,0,0.05710162,0
achilles,4013,0,0.6098422,1
achilles,4099,0,0.0030918857,0
achilles,3190,0,0.03421496,0
achilles,3876,0,0.03908797,0
achilles,2821,0,0.49160683,0
achilles,3247,0,0.34246385,0
achilles,3008,0,0.07141581,0
achilles,3188,0,0.3446678,0
achilles,4105,0,0.019767698,0
achilles,3836,0,0.0013249859,0
achilles,3663,0,0.0051937443,0
achilles,3601,0,0.0054912195,0
achilles,3426,0,0.013091426,0
achilles,2880,0,0.08176943,0
achilles,4046,0,0.02371491,0
achilles,3830,0,0.0023314862,0
achilles,3104,0,0.10148163,0
achilles,2983,0,0.116792224,0
achilles,3524,0,0.011004973,0
achilles,3239,0,0.10514284,0
achilles,3148,0,0.031569563,0
achilles,2948,0,0.03604091,0
achilles,3272,0,0.38547575,0
achilles,2798,0,0.3542538,0
achilles,3062,0,0.17466854,0
achilles,3568,0,0.018451834,0
achilles,2978,0,0.5452362,1
achilles,3795,0,0.0015538958,0
achilles,4053,0,0.0073086983,0
achilles,3179,0,0.0054457425,0
achilles,2929,0,0.01433127,0
achilles,3960,0,0.23937228,0
achilles,2806,0,0.05716247,0
achilles,4086,0,0.33762512,0
achilles,3792,0,0.0022799247,0
achilles,3470,0,0.038184986,0
achilles,3001,0,0.0070098597,0
achilles,3619,0,0.0021398244,0
achilles,3477,0,0.012457335,0
achilles,3206,0,0.0053735697,0
achilles,3864,0,0.29532957,0
achilles,4056,0,0.02371491,0
achilles,3901,0,0.016191596,0
achilles,3438,0,0.034367923,0
achilles,2856,0,0.018043846,0
achilles,3618,0,0.0029647916,0
achilles,2990,0,0.13045286,0
achilles,3945,0,0.050168097,0
achilles,3703,0,0.028542733,0
achilles,3436,0,0.002901103,0
achilles,3137,0,0.01603968,0
achilles,3280,0,0.054874577,0
achilles,2829,0,0.05093907,0
achilles,2822,0,0.014785192,0
achilles,3122,0,0.013524836,0
achilles,4015,0,0.45247462,0
achilles,3112,0,0.0027170803,0
achilles,3617,0,0.010929419,0
achilles,4066,0,0.023381788,0
achilles,4112,0,0.0035194377,0
achilles,3300,0,0.003059886,0
achilles,3159,0,0.2511892,0
achilles,3461,0,0.05905691,0
achilles,2953,0,0.13864236,0
achilles,3676,0,0.008534488,0
achilles,3794,0,0.0013798072,0
achilles,3939,0,0.0127935605,0
achilles,3531,0,0.0040894034,0
achilles,3463,0,0.043242697,0
achilles,3356,0,0.32560807,0
achilles,3734,0,0.016962133,0
achilles,3900,0,0.17120245,0
achilles,3756,0,0.0019710409,0
achilles,3647,0,0.0016086005,0
achilles,3277,0,0.3165897,0
achilles,3232,0,0.13270691,0
achilles,3777,0,0.0013798072,0
achilles,3245,0,0.49132565,0
achilles,2993,0,0.6659107,1
achilles,3433,0,0.0020619584,0
achilles,3923,0,0.01966851,0
achilles,3820,0,0.00067567965,0
achilles,3378,0,0.01925939,0
achilles,2939,0,0.016322196,0
achilles,3451,0,0.33964038,0
achilles,3823,0,0.0025272223,0
achilles,3577,0,0.07426295,0
achilles,3987,0,0.021645723,0
achilles,2986,0,0.0411185,0
achilles,3673,0,0.07975014,0
achilles,3584,0,0.013901419,0
achilles,3214,0,0.0014231029,0
achilles,3058,0,0.012790085,0
achilles,3211,0,0.005568438,0
achilles,2955,0,0.14365697,0
achilles,3818,0,0.0014743283,0
achilles,2883,0,0.04317977,0
achilles,3785,0,0.003348631,0
achilles,3608,0,0.0075081545,0
achilles,3507,0,0.011030162,0
achilles,3632,0,0.0996038,0
achilles,3410,0,0.050679367,0
achilles,4001,0,0.09931298,0
achilles,4008,0,0.036327265,0
achilles,4022,0,0.028668458,0
achilles,4103,0,0.006950427,0
achilles,3592,0,0.08531831,0
achilles,3722,0,0.0033952955,0
achilles,3266,0,0.006390277,0
achilles,3553,0,0.07890767,0
achilles,2923,0,0.01396052,0
achilles,3274,0,0.055047505,0
achilles,3791,0,0.006172671,0
achilles,3146,0,0.023471624,0
achilles,2996,0,0.01343578,0
achilles,3002,0,0.017841944,0
achilles,2905,0,0.016427383,0
achilles,3469,0,0.26490927,0
achilles,4047,0,0.019486787,0
achilles,3989,0,0.09843699,0
achilles,3246,0,0.30000302,0
achilles,3107,0,0.00093004754,0
achilles,3492,0,0.030699031,0
achilles,3982,0,0.1469921,0
achilles,3668,0,0.0049106968,0
achilles,3865,0,0.46914563,0
achilles,3114,0,0.2676891,0
achilles,3332,0,0.27706692,0
achilles,3591,0,0.019490164,0
achilles,2846,0,0.022925222,0
achilles,3066,0,0.0026114325,0
achilles,3362,0,0.011911244,0
achilles,4087,0,0.014053792,0
achilles,3298,0,0.003787143,0
achilles,3162,0,0.07626778,0
achilles,2902,0,0.026669793,0
achilles,3696,0,0.014898846,0
achilles,3594,0,0.016452666,0
achilles,2968,0,0.15104823,0
achilles,2853,0,0.017536433,0
achilles,3331,0,0.0856676,0
achilles,3910,0,0.016191596,0
achilles,3429,0,0.0027097845,0
achilles,3539,0,0.1405526,0
achilles,3399,0,0.031422816,0
achilles,3370,0,0.4584765,0
achilles,3328,0,0.17394832,0
achilles,2882,0,0.054201577,0
achilles,3559,0,0.00760244,0
achilles,3093,0,0.009799364,0
achilles,3134,0,0.008429697,0
achilles,2796,0,0.3351902,0
achilles,3779,0,0.0009158873,0
achilles,3946,0,0.06459534,0
achilles,3821,0,0.007015253,0
achilles,3320,0,0.04616648,0
achilles,3439,0,0.044911616,0
achilles,2957,0,0.02987664,0
achilles,3240,0,0.065209106,0
achilles,2973,0,0.011562312,0
achilles,3495,0,0.012743138,0
achilles,3776,0,0.0721023,0
achilles,4057,0,0.009535744,0
achilles,3321,0,0.050217215,0
achilles,3720,0,0.016700953,0
achilles,3628,0,0.0982437,0
achilles,3979,0,0.1293563,0
achilles,2961,0,0.0013881001,0
achilles,3613,0,0.003471131,0
achilles,3007,0,0.016969187,0
achilles,3980,0,0.06763812,0
achilles,3730,0,0.03417895,0
achilles,3096,0,0.072131336,0
achilles,4095,0,0.014053792,0
achilles,3991,0,0.13234709,0
achilles,3515,0,0.20316981,0
achilles,3621,0,0.25856292,0
achilles,3767,0,0.028095476,0
achilles,3417,0,0.022704903,0
achilles,2850,0,0.0453199,0
achilles,2937,0,0.08363186,0
achilles,3869,0,0.04646702,0
achilles,4063,0,0.016757522,0
achilles,3705,0,0.038198896,0
achilles,3839,0,0.0084108375,0
achilles,3773,0,0.011660778,0
achilles,3800,0,0.0017602484,0
achilles,2964,0,0.023506837,0
achilles,3334,0,0.03290235,0
achilles,2849,0,0.01937384,0
achilles,3490,0,0.030699031,0
achilles,2834,0,0.058093946,0
achilles,3633,0,0.028814455,0
achilles,2814,0,0.006875411,0
achilles,2888,0,0.15967932,0
achilles,2876,0,0.022824125,0
achilles,3845,0,0.05534763,0
achilles,2803,0,0.012422042,0
achilles,4036,0,0.010477003,0
achilles,2838,0,0.017083067,0
achilles,3797,0,0.0039603603,0
achilles,3729,0,0.074964635,0
achilles,3187,0,0.027562376,0
achilles,3270,0,0.01901927,0
achilles,3296,0,0.008453469,0
achilles,3967,0,0.20555094,0
achilles,3763,0,0.028095476,0
achilles,3758,0,0.00095259555,0
achilles,3807,0,0.0041623763,0
achilles,2966,0,0.025097614,0
achilles,3319,0,0.055347513,0
achilles,3623,0,0.0131951505,0
achilles,3919,0,0.016869174,0
achilles,4109,0,0.003159994,0
achilles,3428,0,0.0049555395,0
achilles,3816,0,0.0035743383,0
achilles,3111,0,0.12438482,0
achilles,3808,0,0.0019519401,0
achilles,3443,0,0.08800238,0
achilles,3267,0,0.0022634736,0
achilles,3342,0,0.0027679708,0
achilles,3174,0,0.003498712,0
achilles,3636,0,0.0027721187,0
achilles,3586,0,0.008363665,0
achilles,2913,0,0.022871168,0
achilles,3163,0,0.15383448,0
achilles,3445,0,0.038776487,0
achilles,2826,0,0.008095537,0
achilles,3421,0,0.5646032,1
achilles,3526,0,0.56053334,1
achilles,3506,0,0.012743138,0
achilles,2980,0,0.66377586,1
achilles,3990,0,0.09843699,0
achilles,2935,0,0.015506661,0
achilles,3965,0,0.17506406,0
achilles,2899,0,0.010372723,0
achilles,3771,0,0.0096175065,0
achilles,3885,0,0.019907555,0
achilles,2851,0,0.0013103562,0
achilles,4033,0,0.023133645,0
achilles,2873,0,0.036566626,0
achilles,2881,0,0.0038348564,0
achilles,3971,0,0.0026116737,0
achilles,3542,0,0.644423,1
achilles,3875,0,0.00397011,0
achilles,3700,0,0.2068562,0
achilles,3348,0,0.0017291089,0
achilles,3484,0,0.6206582,1
achilles,3611,0,0.0021398244,0
achilles,3022,0,0.12704179,0
achilles,3026,0,0.1740258,0
achilles,3359,0,0.008864531,0
achilles,3431,0,0.010401759,0
achilles,3552,0,0.10846548,0
achilles,2967,0,0.48290464,0
achilles,3543,0,0.48444757,0
achilles,4084,0,0.029981812,0
achilles,2852,0,0.13320924,0
achilles,3156,0,0.004980726,0
achilles,2982,0,0.039137002,0
achilles,3528,0,0.011004973,0
achilles,3119,0,0.007860198,0
achilles,2933,0,0.08978342,0
achilles,3067,0,0.0013761164,0
achilles,3283,0,0.023075564,0
achilles,2974,0,0.08181316,0
achilles,3993,0,0.07863663,0
achilles,2914,0,0.0016556681,0
achilles,3448,0,0.24713323,0
achilles,3088,0,0.031980164,0
achilles,3868,0,0.04646702,0
achilles,3666,0,0.19817525,0
achilles,3364,0,0.2573799,0
achilles,2811,0,0.019155802,0
achilles,2940,0,0.84702414,1
achilles,3954,0,0.016393833,0
achilles,4032,0,0.0041324273,0
achilles,3715,0,0.082001716,0
achilles,3150,0,0.48764467,0
achilles,3145,0,0.013482729,0
achilles,3903,0,0.017211406,0
achilles,3537,0,0.0380535,0
achilles,2938,0,0.03861186,0
achilles,3966,0,0.003025806,0
achilles,3653,0,0.5671151,1
achilles,3236,0,0.014319251,0
achilles,3365,0,0.0064269183,0
achilles,3044,0,0.17555188,0
achilles,3075,0,0.005176387,0
achilles,3220,0,0.61277,1
achilles,3682,0,0.26306632,0
achilles,2934,0,0.0024350514,0
achilles,3576,0,0.09321366,0
achilles,2930,0,0.040396027,0
achilles,3518,0,0.008879421,0
achilles,2959,0,0.2290742,0
achilles,3251,0,0.02225689,0
achilles,3978,0,0.15269367,0
achilles,3314,0,0.04287896,0
achilles,3867,0,0.30277336,0
achilles,3834,0,0.000855658,0
achilles,3605,0,0.23214945,0
achilles,3739,0,0.002524375,0
achilles,3407,0,0.04933757,0
achilles,2916,0,0.03281841,0
achilles,3045,0,0.034578335,0
achilles,3981,0,0.1293563,0
achilles,3397,0,0.030551497,0
achilles,3420,0,0.6337728,1
achilles,2951,0,0.039975025,0
achilles,2807,0,0.06753345,0
achilles,3263,0,0.0022936708,0
achilles,3204,0,0.3533488,0
achilles,3423,0,0.007282566,0
achilles,3060,0,0.076138295,0
achilles,3706,0,0.7270445,1
achilles,3279,0,0.048811324,0
achilles,3964,0,0.05118218,0
achilles,3215,0,0.28750953,0
achilles,3098,0,0.0021848476,0
achilles,3167,0,0.106453754,0
achilles,3716,0,0.0034861448,0
achilles,3301,0,0.002885222,0
achilles,4012,0,0.09033289,0
achilles,4026,0,0.032898,0
achilles,3367,0,0.30709696,0
achilles,4042,0,0.021670688,0
achilles,3557,0,0.15285204,0
achilles,3817,0,0.0014743283,0
achilles,3741,0,0.006169916,0
achilles,3177,0,0.16089228,0
achilles,2867,0,0.009228982,0
achilles,3509,0,0.4971972,0
achilles,3590,0,0.058376722,0
achilles,3879,0,0.02209467,0
achilles,3186,0,0.42147782,0
achilles,3030,0,0.0043866704,0
achilles,2977,0,0.023880225,0
achilles,3375,0,0.0153559875,0
achilles,3975,0,0.07609551,0
achilles,3998,0,0.074116774,0
achilles,3275,0,0.23474966,0
achilles,3554,0,0.1338166,0
achilles,3078,0,0.006444304,0
achilles,3695,0,0.02635832,0
achilles,2804,0,0.0016351333,0
achilles,4035,0,0.018867008,0
achilles,3102,0,0.012195758,0
achilles,3103,0,0.0060669286,0
achilles,3403,0,0.0699073,0
achilles,3115,0,0.030422194,0
achilles,3125,0,0.0044323,0
achilles,4017,0,0.018840207,0
achilles,3357,0,0.0074745044,0
achilles,3034,0,0.028774343,0
achilles,3625,0,0.2741515,0
achilles,3512,0,0.005292593,0
achilles,3287,0,0.002223574,0
achilles,2995,0,0.44773513,0
achilles,3679,0,0.010018076,0
achilles,2947,0,0.001883583,0
achilles,3723,0,0.079091035,0
achilles,2800,0,0.020460019,0
achilles,3198,0,0.06531526,0
achilles,3750,0,0.16571602,0
achilles,3747,0,0.0041699572,0
achilles,3475,0,0.46934003,0
achilles,3842,0,0.044337332,0
achilles,3884,0,0.0072230017,0
achilles,3689,0,0.17881308,0
achilles,3160,0,0.07499652,0
achilles,3513,0,0.0041262056,0
achilles,2903,0,0.008534044,0
achilles,2975,0,0.0018407588,0
achilles,2907,0,0.017720895,0
achilles,3411,0,0.14733288,0
achilles,3379,0,0.016606504,0
achilles,3502,0,0.04128011,0
achilles,3467,0,0.07869861,0
achilles,3760,0,0.7908403,1
achilles,3097,0,0.009804289,0
achilles,4106,0,0.03576505,0
achilles,3567,0,0.5550343,1
achilles,4064,0,0.034838524,0
achilles,2866,0,0.0047863643,0
achilles,3658,0,0.092040315,0
achilles,3529,0,0.40085858,0
achilles,3880,0,0.02209467,0
achilles,3674,0,0.0087377615,0
achilles,3616,0,0.006742856,0
achilles,3902,0,0.013065465,0
achilles,3812,0,0.028665511,0
achilles,3432,0,0.40498522,0
achilles,3678,0,0.012315788,0
achilles,3276,0,0.69149035,1
achilles,2805,0,0.0042586494,0
achilles,3759,0,0.04567027,0
achilles,2816,0,0.029804505,0
achilles,3383,0,0.0062742746,0
achilles,4079,0,0.028163094,0
achilles,4094,0,0.004911862,0
achilles,3255,0,0.06779858,0
achilles,2885,0,0.44731686,0
achilles,3253,0,0.0062431255,0
achilles,3197,0,0.0015590673,0
achilles,3337,0,0.0649249,0
achilles,3925,0,0.02937194,0
achilles,3888,0,0.030393725,0
achilles,3154,0,0.4335163,0
achilles,3677,0,0.0017884526,0
achilles,3973,0,0.20555094,0
achilles,3811,0,0.004366972,0
achilles,2927,0,0.018631922,0
achilles,3593,0,0.114137955,0
achilles,3032,0,0.028774343,0
achilles,4000,0,0.09931298,0
achilles,4029,0,0.23513362,0
achilles,3483,0,0.39122555,0
achilles,4067,0,0.10213227,0
achilles,4050,0,0.026861409,0
achilles,3489,0,0.03391459,0
achilles,3786,0,0.0026361058,0
achilles,3402,0,0.3715504,0
achilles,3069,0,0.16788523,0
achilles,3555,1,0.015447128,0
achilles,3254,0,0.052532353,0
achilles,3440,0,0.021293074,0
achilles,3711,0,0.0029455675,0
achilles,3917,0,0.016306775,0
achilles,3850,0,0.2665672,0
achilles,3889,0,0.030393725,0
achilles,3627,0,0.0082404455,0
achilles,3056,0,0.016427545,0
achilles,3536,0,0.14608626,0
achilles,2901,0,0.012907501,0
achilles,3790,0,0.0029830162,0
achilles,3582,0,0.90834504,1
achilles,3511,0,0.23287338,0
achilles,3293,0,0.0057710405,0
achilles,3634,0,0.08516457,0
achilles,3474,0,0.0072627407,0
achilles,3589,0,0.025577564,0
achilles,3748,0,0.004116889,0
achilles,3373,0,0.07887955,0
achilles,4100,0,0.0020916406,0
achilles,3195,0,0.018782163,0
achilles,3781,0,0.0034943477,0
achilles,2918,0,0.17194691,0
achilles,3810,0,0.0018670728,0
achilles,3419,0,0.025709229,0
achilles,3733,0,0.029641228,0
achilles,3126,0,0.14218837,0
achilles,3927,0,0.10642559,0
achilles,3404,0,0.022061467,0
achilles,2890,0,0.03381123,0
achilles,2943,0,0.0023829388,0
achilles,3010,0,0.023958256,0
achilles,3161,0,0.0059048235,0
achilles,2917,0,0.32258296,0
achilles,3036,0,0.0027836848,0
achilles,3376,0,0.0139317345,0
achilles,3391,0,0.016587429,0
achilles,3329,0,0.078100935,0
achilles,3013,0,0.2608747,0
achilles,3530,0,0.0032979758,0
achilles,2962,0,0.038818877,0
achilles,3077,0,0.012958122,0
achilles,3219,0,0.27258962,0
achilles,4062,0,0.020911677,0
achilles,3649,0,0.9166111,1
achilles,3318,0,0.0688935,0
achilles,3336,0,0.06508865,0
achilles,3412,0,0.04210532,0
achilles,3772,0,0.004447875,0
achilles,3189,0,0.011200041,0
achilles,3580,0,0.10162557,0
achilles,3129,0,0.016265448,0
achilles,2869,0,0.008339768,0
achilles,3533,0,0.02054941,0
achilles,3754,0,0.045526586,0
achilles,3604,0,0.080800004,0
achilles,3442,0,0.19391538,0
achilles,3615,0,0.0024489101,0
achilles,3453,0,0.008208885,0
achilles,4048,0,0.11733641,0
achilles,3626,0,0.1583862,0
achilles,3549,0,0.01025906,0
achilles,3155,0,0.023587393,0
achilles,4006,0,0.03115499,0
achilles,3063,0,0.2661605,0
achilles,3802,0,0.0025630093,0
achilles,3231,0,0.13239323,0
achilles,3221,0,0.64007795,1
achilles,3295,0,0.0026965942,0
achilles,3597,0,0.117415965,0
achilles,3025,0,0.0027895123,0
achilles,3023,0,0.06838527,0
achilles,3202,0,0.3145826,0
achilles,3698,0,0.013250413,0
achilles,3999,0,0.11076924,0
achilles,3583,0,0.0077385656,0
achilles,2878,0,0.010852082,0
achilles,3361,0,0.0154785,0
achilles,3377,0,0.019957209,0
achilles,2965,0,0.0042310026,0
achilles,3405,0,0.37288317,0
achilles,3388,0,0.022044068,0
achilles,3762,0,0.46572724,0
achilles,3312,0,0.32325333,0
achilles,3881,1,0.33498892,0
achilles,3200,0,0.0030457738,0
achilles,3546,0,0.6192723,1
achilles,3624,0,0.031332303,0
achilles,2837,0,0.005652394,0
achilles,4019,0,0.04215521,0
achilles,3943,0,0.08144982,0
achilles,3841,0,0.07630409,0
achilles,4040,0,0.02895314,0
achilles,4049,0,0.068883635,0
achilles,3595,0,0.033324372,0
achilles,3887,0,0.038291134,0
achilles,3299,0,0.2129052,0
achilles,3932,0,0.070418864,0
achilles,2844,0,0.024016602,0
achilles,3752,0,0.04308754,0
achilles,3732,0,0.0051824036,0
achilles,4028,0,0.09576258,0
achilles,3350,0,0.0039016064,0
achilles,3724,0,0.0054348786,0
achilles,3441,0,0.0040539564,0
achilles,3614,0,0.03899995,0
achilles,3833,0,0.002384228,0
achilles,3120,0,0.008363838,0
achilles,3447,0,0.4461812,0
achilles,3521,0,0.0030659896,0
achilles,4090,0,0.004157379,0
achilles,3048,0,0.015872994,0
achilles,2898,0,0.011498541,0
achilles,3302,0,0.032931644,0
achilles,3890,0,0.017984897,0
achilles,3804,0,0.024794754,0
achilles,3650,0,0.69189477,1
achilles,4007,0,0.015323907,0
achilles,3256,0,0.0018258301,0
achilles,4025,0,0.41151202,0
achilles,3909,0,0.019584771,0
achilles,3911,0,0.024979774,0
achilles,2808,0,0.36829963,0
achilles,3930,0,0.015128924,0
achilles,3558,0,0.0013547698,0
achilles,3675,0,0.004045994,0
achilles,4060,0,0.0050905533,0
achilles,2904,0,0.0230577,0
achilles,3550,0,0.0048603406,0
achilles,2931,0,0.02071959,0
achilles,3106,0,0.012486619,0
achilles,4080,0,0.036327265,0
achilles,3655,0,0.010207676,0
achilles,3775,0,0.008322427,0
achilles,3454,0,0.41340595,0
achilles,3282,0,0.234927,0
achilles,3522,0,0.0039747115,0
achilles,3459,0,0.23203567,0
achilles,3886,0,0.015774874,0
achilles,3544,0,0.10766831,0
achilles,3416,0,0.036500607,0
achilles,3740,0,0.0113277,0
achilles,3213,0,0.36287922,0
achilles,3133,0,0.18967997,0
achilles,3041,0,0.009529963,0
achilles,3265,0,0.0006439559,0
achilles,3944,0,0.09940896,0
achilles,3570,0,0.9374727,1
achilles,2809,0,0.036919627,0
achilles,3789,0,0.013302854,0
achilles,3456,0,0.1297224,0
achilles,3262,0,0.054432992,0
achilles,3690,0,0.021114651,0
achilles,3918,0,0.026456516,0
achilles,2922,0,0.014351403,0
achilles,3824,0,0.0025441428,0
achilles,3324,0,0.027844047,0
achilles,3117,0,0.6489975,1
achilles,3082,0,0.14729284,0
achilles,3961,0,0.024582364,0
achilles,3051,0,0.0028110177,0
achilles,3912,0,0.036756355,0
achilles,3152,0,0.031569563,0
achilles,3100,0,0.0011417588,0
achilles,3644,0,0.021704745,0
achilles,4002,0,0.02715491,0
achilles,3257,0,0.005892926,0
achilles,2875,0,0.30905443,0
achilles,3735,0,0.0342471,0
achilles,2858,0,0.0019732595,0
achilles,3768,0,0.47294584,0
achilles,3640,0,0.0061470238,0
achilles,3761,0,0.037025984,0
achilles,2908,0,0.081655905,0
achilles,3872,0,0.016920052,0
achilles,3476,0,0.0083515635,0
achilles,3924,0,0.026269635,0
achilles,3271,0,0.014670924,0
achilles,3235,0,0.018566472,0
achilles,3185,0,0.0066053476,0
achilles,3458,0,0.010124188,0
achilles,3390,0,0.026050413,0
achilles,3951,0,0.024989983,0
achilles,4031,0,0.0033656494,0
achilles,4073,0,0.005766033,0
achilles,2797,0,0.0673038,0
achilles,3481,0,0.36594206,0
achilles,3920,0,0.0082959905,0
achilles,2958,0,0.13521667,0
achilles,4034,0,0.032842644,0
achilles,3218,0,0.011907642,0
achilles,3233,0,0.6091471,1
achilles,3774,0,0.041077033,0
achilles,3089,0,0.001000421,0
achilles,2842,0,0.005322419,0
achilles,3819,0,0.0055069886,0
achilles,3809,0,0.00926347,0
achilles,3510,0,0.020484196,0
achilles,3995,0,0.11076924,0
achilles,3070,0,0.087103404,0
achilles,3585,0,0.0090992395,0
achilles,3573,0,0.013328019,0
achilles,3697,0,0.19633707,0
achilles,3931,0,0.09550783,0
achilles,3691,0,0.00972263,0
achilles,3053,0,0.034252655,0
achilles,3494,0,0.012665689,0
achilles,3579,0,0.013901419,0
achilles,3124,0,0.17896397,0
achilles,3169,0,0.0024335298,0
achilles,2991,0,0.40916774,0
achilles,3899,0,0.14910917,0
achilles,3835,0,0.0063172826,0
achilles,2941,0,0.0012943187,0
achilles,3832,0,0.006638091,0
achilles,3829,0,0.0026784292,0
achilles,3657,0,0.24176109,0
achilles,3393,0,0.109932974,0
achilles,3333,0,0.12736054,0
achilles,3906,0,0.026046487,0
achilles,3639,0,0.013877841,0
achilles,3959,0,0.0048069963,0
achilles,4083,0,0.0301723,0
achilles,3882,0,0.0033217978,0
achilles,3955,0,0.13455147,0
achilles,3050,0,0.0070800385,0
achilles,3857,0,0.041605957,0
achilles,3485,0,0.3326533,0
achilles,3992,0,0.15269367,0
achilles,3620,0,0.0021398244,0
achilles,3796,0,0.025731012,0
achilles,3541,0,0.23506656,0
achilles,3560,0,0.00094408606,0
achilles,3977,0,0.058346324,0
achilles,3488,0,0.027769895,0
achilles,3128,0,0.031897686,0
achilles,3468,0,0.050909363,0
achilles,3166,0,0.14058274,0
achilles,3587,0,0.014473886,0
achilles,3848,0,0.3083751,0
achilles,3149,0,0.008002214,0
achilles,3315,0,0.24446559,0
achilles,3825,0,0.006290039,0
achilles,3736,0,0.0051824036,0
achilles,4005,0,0.011697981,0
achilles,3389,0,0.031114431,0
achilles,3382,0,0.17644294,0
achilles,3866,0,0.30277336,0
achilles,3727,0,0.00807321,0
achilles,2969,0,0.0037928969,0
achilles,2960,0,0.014330704,0
achilles,2985,0,0.04640398,0
achilles,3003,0,0.5695612,1
achilles,3094,0,0.0054705325,0
achilles,3153,0,0.0058826855,0
achilles,3042,0,0.2845551,0
achilles,3603,0,0.101829164,0
achilles,3222,0,0.6569261,1
achilles,3113,0,0.5427435,1
achilles,3478,0,0.011004973,0
achilles,2971,0,0.002842761,0
achilles,3938,0,0.022582134,0
achilles,3638,0,0.02990443,0
achilles,3643,0,0.0060424623,0
achilles,3588,0,0.03463835,0
achilles,3081,0,0.0080684535,0
achilles,3669,0,0.005608374,0
achilles,3719,0,0.0053208168,0
achilles,3496,0,0.12499875,0
achilles,3018,0,0.0484799,0
achilles,3581,0,0.031476587,0
achilles,4061,0,0.054411083,0
achilles,3043,0,0.016630879,0
achilles,3110,0,0.0013840318,0
achilles,4044,0,0.020081062,0
achilles,3327,0,0.12947683,0
achilles,3191,0,0.012868797,0
achilles,3351,0,0.32726926,0
achilles,2865,0,0.028037736,0
achilles,3988,0,0.14119627,0
achilles,3686,0,0.22216323,0
achilles,2835,0,0.11438663,0
achilles,4092,0,0.007805021,0
achilles,3525,0,0.0025768494,0
achilles,2928,0,0.29723608,0
achilles,3486,0,0.3059989,0
achilles,3731,0,0.0151911825,0
achilles,3814,0,0.001502822,0
achilles,3565,0,0.012262396,0
achilles,3303,0,0.052615505,0
achilles,3561,0,0.00094408606,0
achilles,3307,0,0.002444061,0
achilles,3806,0,0.001649633,0
achilles,3360,0,0.71020997,1
achilles,3054,0,0.03171049,0
achilles,2830,0,0.32763642,0
achilles,4069,0,0.20069946,0
achilles,3434,0,0.020364163,0
achilles,2919,0,0.014321641,0
achilles,3853,0,0.15660162,0
achilles,3952,0,0.011805942,0
achilles,3574,0,0.11222167,0
achilles,3852,0,0.2665672,0
achilles,4101,0,0.0008716293,0
achilles,3015,0,0.47206423,0
achilles,3238,0,0.0082547,0
achilles,2843,0,0.0120567605,0
achilles,3141,0,0.0058826855,0
achilles,2920,0,0.36637,0
achilles,3651,0,0.008535864,0
achilles,3316,0,0.0787306,0
achilles,4052,0,0.08980206,0
achilles,3371,0,0.39338142,0
achilles,3569,0,0.30087402,0
achilles,2945,0,0.008921732,0
achilles,3778,0,0.00071989786,0
achilles,3183,0,0.016902192,0
achilles,3109,0,0.0015357316,0
achilles,3358,0,0.41586015,0
achilles,3933,0,0.067686975,0
achilles,3121,0,0.012130497,0
achilles,3482,0,0.0113254255,0
achilles,2802,0,0.0045383195,0
achilles,4088,0,0.003449379,0
achilles,3076,0,0.015481771,0
achilles,3224,0,0.090035915,0
achilles,3446,0,0.01786574,0
achilles,3514,0,0.6620941,1
achilles,3547,0,0.023599232,0
achilles,3339,0,0.16067305,0
achilles,3037,0,0.003945227,0
achilles,3424,0,0.011422527,0
achilles,3630,0,0.1789945,0
achilles,3656,0,0.0022691782,0
achilles,3341,0,0.066144615,0
achilles,3994,0,0.07863663,0
achilles,3216,0,0.0111936005,0
achilles,4051,0,0.018187389,0
achilles,4041,0,0.024999874,0
achilles,4072,0,0.10014014,0
achilles,3596,0,0.053046543,0
achilles,2812,0,0.0012224581,0
achilles,3090,0,0.013168182,0
achilles,3516,0,0.22007237,0
achilles,3950,0,0.015412573,0
achilles,4054,0,0.008168617,0
achilles,2836,0,0.043129943,0
achilles,3131,0,0.18218477,0
achilles,3934,0,0.10478079,0
achilles,3764,0,0.014457551,0
achilles,3243,0,0.013223661,0
achilles,3493,0,0.012743138,0
achilles,3874,0,0.0033217978,0
achilles,4055,0,0.030785542,0
achilles,3860,0,0.34297183,0
achilles,3028,0,0.14049491,0
achilles,3873,0,0.013655222,0
achilles,3027,0,0.018617446,0
achilles,3381,0,0.10501141,0
achilles,3210,0,0.021527184,0
achilles,3101,0,0.0032464017,0
achilles,3892,1,0.33498892,0
achilles,3662,0,0.0057766438,0
achilles,3699,0,0.030136462,0
achilles,2886,0,0.12390081,0
achilles,3538,0,0.02378418,0
achilles,3024,0,0.009428582,0
achilles,3278,0,0.038537692,0
achilles,3252,0,0.0077231335,0
achilles,2855,0,0.0064851847,0
achilles,2864,0,0.0052670497,0
achilles,3766,0,0.029449511,0
achilles,3000,0,0.011281859,0
achilles,3556,0,0.44246125,0
achilles,3355,0,0.33987188,0
achilles,3631,0,0.14006038,0
achilles,2799,0,0.0077093323,0
achilles,3139,0,0.12336766,0
achilles,3784,0,0.0008430676,0
achilles,2892,0,0.12540708,0
achilles,3217,0,0.3681931,0
achilles,3462,0,0.009277533,0
achilles,3033,0,0.107367694,0
achilles,2863,0,0.17692249,0
achilles,2896,0,0.028245507,0
achilles,3738,0,0.017440042,0
achilles,4111,0,0.002177335,0
achilles,3851,0,0.31206623,0
achilles,3192,0,0.011789152,0
achilles,3838,0,0.012597161,0
achilles,3006,0,0.0025606188,0
achilles,3009,0,0.0055197105,0
achilles,4039,0,0.011697981,0
achilles,3095,0,0.03330794,0
achilles,3503,0,0.006745216,0
achilles,3535,0,0.04497835,0
achilles,3019,0,0.4934211,0
achilles,2963,0,0.0012687201,0
achilles,3165,0,0.41049123,0
achilles,3164,0,0.213776,0
achilles,4093,0,0.0016791894,0
achilles,4085,0,0.03295249,0
achilles,4108,0,0.18715498,0
achilles,2925,0,0.37533855,0
achilles,3717,0,0.015933502,0
achilles,3684,0,0.1143412,0
achilles,3958,0,0.020062398,0
achilles,3086,0,0.009574983,0
achilles,3340,0,0.0075452337,0
achilles,3099,0,0.0021060219,0
achilles,3984,0,0.20447432,0
achilles,3508,0,0.051087096,0
achilles,3667,0,0.011252002,0
achilles,3285,0,0.005133846,0
achilles,3011,0,0.0059880423,0
achilles,3465,0,0.019488344,0
achilles,3712,0,0.021809485,0
achilles,3471,0,0.23814835,0
achilles,3545,0,0.015671952,0
achilles,3305,0,0.012490593,0
achilles,3612,0,0.010865746,0
achilles,3259,0,0.023620857,0
achilles,2884,0,0.005039699,0
achilles,3504,0,0.3818506,0
achilles,3343,0,0.018321449,0
achilles,3286,0,0.002223574,0
achilles,3805,0,0.037636604,0
achilles,3297,0,0.0049035647,0
achilles,3172,0,0.002387106,0
achilles,4021,0,0.41151202,0
achilles,3250,0,0.07053294,0
achilles,4043,0,0.022905111,0
achilles,3425,0,0.021737024,0
achilles,2921,0,0.035207573,0
achilles,3180,0,0.009378651,0
achilles,3450,0,0.24964505,0
achilles,3575,0,0.037126053,0
achilles,3491,0,0.19718237,0
achilles,2949,0,0.2837127,0
achilles,3688,0,0.030141458,0
achilles,3242,0,0.45453486,0
achilles,3499,0,0.006993254,0
achilles,3064,0,0.005785806,0
achilles,3940,0,0.058093373,0
achilles,3710,0,0.0018129254,0
achilles,3273,0,0.018142078,0
achilles,3497,0,0.15066613,0
achilles,3021,0,0.19438107,0
achilles,3974,0,0.09931298,0
achilles,3505,0,0.027385924,0
achilles,3949,0,0.06745393,0
achilles,3046,0,0.017204948,0
achilles,3052,0,0.0012629037,0
achilles,3870,0,0.025353413,0
achilles,3753,0,0.1957117,0
achilles,3714,0,0.016354335,0
achilles,2999,0,0.025412925,0
achilles,3437,0,0.091555685,0
achilles,3572,0,0.055269096,0
achilles,3755,0,0.057703137,0
achilles,3948,0,0.005087709,0
achilles,3520,0,0.00830333,0
achilles,3745,0,0.0017716071,0
achilles,3563,0,0.0014917894,0
achilles,3291,0,0.005595094,0
achilles,3380,0,0.039508324,0
achilles,3311,0,0.018652758,0
achilles,3855,0,0.07272006,0
achilles,3059,0,0.021468317,0
achilles,2910,0,0.004941306,0
achilles,3168,0,0.79953015,1
achilles,3769,0,0.019213296,0
achilles,2891,0,0.54779625,1
achilles,3780,0,0.0025030894,0
achilles,3049,0,0.0067528076,0
achilles,3856,0,0.10927825,0
achilles,3310,0,0.27157542,0
achilles,4075,0,0.017339854,0
achilles,3116,0,0.6039318,1
achilles,4009,0,0.038062483,0
achilles,2954,0,0.007958842,0
achilles,3681,0,0.12620081,0
achilles,2831,0,0.70439464,1
achilles,3085,0,0.013577928,0
achilles,3472,0,0.034405336,0
achilles,3353,0,0.37701562,0
achilles,3983,0,0.09931298,0
achilles,3609,0,0.029610172,0
achilles,3184,0,0.037014052,0
achilles,3435,0,0.010401759,0
achilles,3157,0,0.07061481,0
achilles,3449,0,0.01589428,0
achilles,2813,0,0.046620242,0
achilles,3828,0,0.0017645503,0
achilles,3444,0,0.033121884,0
achilles,3031,0,0.467985,0
achilles,2823,0,0.0018709805,0
achilles,3937,0,0.025279745,0
achilles,2818,0,0.038192485,0
achilles,3294,0,0.002621517,0
achilles,3457,0,0.0114244055,0
achilles,3847,0,0.29331303,0
achilles,3622,0,0.0029647916,0
achilles,3788,0,0.0037779182,0
achilles,3635,0,0.003137358,0
achilles,3244,0,0.2602243,0
achilles,2924,0,0.314806,0
achilles,3929,0,0.058972217,0
achilles,3480,0,0.118780345,0
achilles,2841,0,0.0051359353,0
achilles,3292,0,0.13890375,0
achilles,4065,0,0.02727352,0
achilles,3352,0,0.00876007,0
achilles,4107,0,0.5556225,1
achilles,3837,0,0.0047526164,0
achilles,3962,0,0.010640467,0
achilles,2976,0,0.058947224,0
achilles,3366,0,0.030380921,0
achilles,3725,0,0.12207558,0
achilles,3928,0,0.06249571,0
achilles,3330,0,0.024542345,0
achilles,3182,0,0.0066949655,0
achilles,3751,0,0.054639656,0
achilles,3326,0,0.22277962,0
achilles,3354,0,0.014923815,0
achilles,3713,0,0.11228159,0
achilles,3196,0,0.0018795962,0
achilles,3074,0,0.015009087,0
achilles,3158,0,0.30801883,0
achilles,3487,0,0.025768302,0
achilles,2893,0,0.009450827,0
achilles,2860,0,0.0023638695,0
achilles,3460,0,0.0018689638,0
achilles,3782,0,0.011283663,0
achilles,3401,0,0.17893909,0
achilles,3479,0,0.012457335,0
achilles,3895,0,0.032958146,0
achilles,4068,0,0.1129244,0
achilles,3861,0,0.011255779,0
achilles,3144,0,0.73808897,1
achilles,3175,0,0.011390641,0
achilles,3068,0,0.00969406,0
achilles,3737,0,0.015965587,0
achilles,3803,0,0.034694742,0
achilles,3660,0,0.0033264742,0
achilles,3317,0,0.12736054,0
achilles,3452,0,0.010720203,0
achilles,3288,0,0.01093688,0
achilles,2936,0,0.080498956,0
achilles,4091,0,0.00516333,0
achilles,2870,0,0.10144177,0
achilles,2906,0,0.017324114,0
achilles,3083,0,0.14729284,0
achilles,3913,0,0.03615394,0
achilles,2944,0,0.120761335,0
achilles,4074,0,0.013439896,0
achilles,3637,0,0.0018825926,0
achilles,2912,0,0.005632636,0
achilles,3143,0,0.028753003,0
achilles,3969,0,0.015313843,0
achilles,2970,0,0.061041813,0
achilles,2862,0,0.019187696,0
achilles,3953,0,0.0148419645,0
achilles,3304,0,0.0018713127,0
achilles,2997,0,0.5184872,1
achilles,3171,0,0.0030424513,0
achilles,4016,0,0.5001048,1
achilles,3599,0,0.25011376,0
achilles,3683,0,0.0037999356,0
achilles,3728,0,0.03776818,0
achilles,4003,0,0.07848045,0
achilles,3047,0,0.39318785,0
achilles,3498,0,0.09926653,0
achilles,3904,0,0.0077329474,0
achilles,3248,0,0.505745,1
achilles,2827,0,0.08481496,0
achilles,3972,0,0.14357899,0
achilles,4082,0,0.37344933,0
achilles,3629,0,0.19250302,0
achilles,3127,0,0.0044323,0
achilles,3693,0,0.059814334,0
achilles,3268,0,0.073020235,0
achilles,3916,0,0.050852314,0
achilles,3409,0,0.04210532,0
achilles,4011,0,0.0701462,0
achilles,3234,0,0.028514685,0
achilles,3957,0,0.0043329233,0
achilles,3313,0,0.2767437,0
achilles,3346,0,0.19135983,0
achilles,2981,0,0.5952236,1
achilles,2956,0,0.010571825,0
achilles,3707,0,0.0062717358,0
achilles,3398,0,0.029801702,0
achilles,3065,0,0.008402164,0
achilles,3203,0,0.15075283,0
achilles,3080,0,0.25460732,0
achilles,3147,0,0.64907813,1
achilles,4071,1,0.13234504,0
achilles,4038,0,0.025528625,0
achilles,4102,0,0.016523287,0
achilles,3996,0,0.074116774,0
achilles,2987,0,0.03369357,0
achilles,3430,0,0.19784258,0
achilles,3908,0,0.016191596,0
achilles,3822,0,0.0010021233,0
achilles,3534,0,0.009360837,0
achilles,3212,0,0.010458481,0
achilles,2894,0,0.0017635702,0
achilles,2909,0,0.0115778865,0
achilles,3020,0,0.71509993,1
achilles,4081,0,0.025839403,0
achilles,4077,0,0.07349517,0
achilles,4076,0,0.48201525,0
achilles,3641,0,0.121549666,0
achilles,2915,0,0.09074623,0
achilles,3181,0,0.008141912,0
achilles,3694,0,0.03483051,0
achilles,2815,0,0.020315282,0
achilles,3744,0,0.0015940008,0
achilles,3743,0,0.0014770502,0
achilles,3659,0,0.07965333,0
achilles,3084,0,0.006693764,0
achilles,3108,0,0.0013765213,0
achilles,3308,0,0.004438343,0
achilles,3400,0,0.31573454,0
achilles,2833,0,0.026669737,0
achilles,3170,0,0.0042313263,0
achilles,3893,0,0.037849344,0
achilles,4014,0,0.433013,0
achilles,3963,0,0.12318314,0
achilles,3269,0,0.06449749,0
achilles,2868,0,0.040696993,0
achilles,4098,0,0.0020916406,0
achilles,3898,0,0.03501444,0
achilles,3770,0,0.65793127,1
achilles,3384,0,0.22186938,0
achilles,2932,0,0.01067449,0
achilles,3578,0,0.00854867,0
achilles,3386,0,0.14605318,0
achilles,3692,0,0.034223057,0
achilles,3602,0,0.08562664,0
achilles,3387,0,0.015507484,0
activiti,5576,0,0.33655468,0
activiti,6467,0,0.25281286,0
activiti,7340,0,0.72251874,1
activiti,6924,0,0.19227588,0
activiti,6110,0,0.50154614,1
activiti,5953,0,0.64062726,1
activiti,6827,0,0.5255999,1
activiti,6152,0,0.5244108,1
activiti,5452,0,0.011918599,0
activiti,7182,0,0.21992975,0
activiti,7331,0,0.47020903,0
activiti,6370,0,0.6731033,1
activiti,5809,0,0.3086305,0
activiti,5632,0,0.3703032,0
activiti,7016,0,0.5083638,1
activiti,6085,0,0.78753895,1
activiti,6355,0,0.5000307,1
activiti,5488,0,0.15127406,0
activiti,5686,0,0.4619535,0
activiti,5850,0,0.5826743,1
activiti,6186,0,0.78966177,1
activiti,7097,0,0.43354192,0
activiti,6874,0,0.40045592,0
activiti,5943,0,0.61205244,1
activiti,7342,0,0.7386461,1
activiti,6994,0,0.72540987,1
activiti,7159,0,0.2095268,0
activiti,7173,0,0.08577357,0
activiti,6294,0,0.81466293,1
activiti,7125,0,0.4864872,0
activiti,6683,1,0.5270655,1
activiti,6076,0,0.74387485,1
activiti,6376,0,0.5380378,1
activiti,7089,0,0.5506802,1
activiti,7361,0,0.17960197,0
activiti,6108,0,0.8086233,1
activiti,6190,0,0.76907563,1
activiti,7380,0,0.50025535,1
activiti,6840,0,0.6512661,1
activiti,6038,0,0.50413394,1
activiti,5925,0,0.6836373,1
activiti,6596,0,0.49400756,0
activiti,7341,0,0.7205504,1
activiti,6607,0,0.5360613,1
activiti,6131,0,0.57660615,1
activiti,7326,0,0.50929594,1
activiti,5510,0,0.39165032,0
activiti,6907,0,0.33592716,0
activiti,6339,0,0.7390705,1
activiti,7432,0,0.2975043,0
activiti,5556,0,0.50648785,1
activiti,6061,0,0.5994642,1
activiti,6501,0,0.62992424,1
activiti,5908,0,0.5970088,1
activiti,6413,0,0.33620614,0
activiti,6916,0,0.2675465,0
activiti,7116,0,0.41233355,0
activiti,5578,0,0.5316091,1
activiti,6432,0,0.37979108,0
activiti,7073,0,0.72750485,1
activiti,6313,0,0.78322625,1
activiti,6164,0,0.6085982,1
activiti,6149,0,0.5475181,1
activiti,5418,0,0.0038018478,0
activiti,7053,0,0.45760375,0
activiti,5562,0,0.5849275,1
activiti,7334,0,0.52165216,1
activiti,6265,0,0.30947414,0
activiti,6986,0,0.47229654,0
activiti,7195,0,0.0020221332,0
activiti,6083,0,0.7563103,1
activiti,6533,0,0.61346906,1
activiti,6697,0,0.51923865,1
activiti,5972,0,0.47148266,0
activiti,5818,0,0.5882818,1
activiti,6325,0,0.67440313,1
activiti,6430,0,0.4055302,0
activiti,7330,0,0.5757857,1
activiti,5759,0,0.41091114,0
activiti,7311,0,0.5229745,1
activiti,7275,0,0.04094607,0
activiti,5664,0,0.69175965,1
activiti,7085,0,0.7689614,1
activiti,6259,0,0.14829998,0
activiti,6363,0,0.8811863,1
activiti,5647,0,0.35518917,0
activiti,7031,0,0.3916055,0
activiti,6336,0,0.79189414,1
activiti,5666,0,0.68507874,1
activiti,6392,0,0.51559156,1
activiti,7277,0,0.06757884,0
activiti,6921,0,0.75357497,1
activiti,6824,0,0.40582657,0
activiti,7107,0,0.3059184,0
activiti,5723,0,0.529826,1
activiti,5415,0,0.46433955,0
activiti,7072,0,0.383348,0
activiti,6946,0,0.51703215,1
activiti,5837,0,0.56026006,1
activiti,7149,0,0.12010098,0
activiti,5554,0,0.43112254,0
activiti,6945,0,0.6853511,1
activiti,7144,0,0.040028572,0
activiti,7042,0,0.74960047,1
activiti,5720,0,0.5750262,1
activiti,7429,0,0.03568768,0
activiti,5518,0,0.00865798,0
activiti,6270,0,0.622606,1
activiti,7141,0,0.04069191,0
activiti,7245,0,0.7416215,1
activiti,5896,0,0.6289864,1
activiti,6283,0,0.6543823,1
activiti,6415,0,0.5718101,1
activiti,5980,0,0.4005488,0
activiti,6249,0,0.58293134,1
activiti,6787,0,0.5716666,1
activiti,5977,0,0.29059577,0
activiti,5831,0,0.5471968,1
activiti,7191,0,0.08577357,0
activiti,5634,0,0.5817582,1
activiti,6050,0,0.59798837,1
activiti,6575,0,0.5474985,1
activiti,6656,1,0.5050513,1
activiti,5950,0,0.71164083,1
activiti,6620,0,0.7761556,1
activiti,7325,0,0.50929594,1
activiti,6873,0,0.5008358,1
activiti,6982,0,0.33535236,0
activiti,7249,0,0.32974392,0
activiti,6306,0,0.5191577,1
activiti,7011,1,0.58203423,1
activiti,6514,0,0.3523764,0
activiti,6830,0,0.47866353,0
activiti,7406,0,0.34383637,0
activiti,6882,0,0.4052123,0
activiti,6553,0,0.51431215,1
activiti,6129,0,0.57660615,1
activiti,7044,0,0.5465743,1
activiti,5509,0,0.34444314,0
activiti,6290,0,0.5928631,1
activiti,5895,0,0.5982885,1
activiti,7088,0,0.34952536,0
activiti,6899,0,0.70917183,1
activiti,5726,0,0.5470011,1
activiti,6770,0,0.6115697,1
activiti,6486,0,0.50792557,1
activiti,7050,0,0.36154217,0
activiti,7099,0,0.51420695,1
activiti,6276,0,0.25112966,0
activiti,5574,0,0.18371429,0
activiti,6188,0,0.78966177,1
activiti,7203,0,0.017444937,0
activiti,7076,0,0.36336654,0
activiti,7179,0,0.40261185,0
activiti,6123,0,0.535803,1
activiti,6282,0,0.5538421,1
activiti,5862,0,0.65972936,1
activiti,6461,0,0.49110687,0
activiti,5456,0,0.4021732,0
activiti,6305,0,0.61209625,1
activiti,6134,0,0.5656446,1
activiti,7197,0,0.036946043,0
activiti,7352,0,0.53729784,1
activiti,6153,0,0.7084086,1
activiti,6470,0,0.53635573,1
activiti,6389,0,0.41317388,0
activiti,5505,0,0.003277232,0
activiti,6063,0,0.5795104,1
activiti,6547,0,0.5971081,1
activiti,7102,0,0.5836065,1
activiti,7214,0,0.34406045,0
activiti,6554,0,0.5565231,1
activiti,7409,0,0.41833553,0
activiti,6754,0,0.45333573,0
activiti,6366,0,0.8811863,1
activiti,6500,0,0.6073508,1
activiti,5439,0,0.0034844754,0
activiti,6958,0,0.44830012,0
activiti,6577,0,0.46480498,0
activiti,6064,0,0.5453052,1
activiti,6968,0,0.5205842,1
activiti,6382,0,0.51780224,1
activiti,7308,0,0.55801743,1
activiti,6054,0,0.6426962,1
activiti,6484,0,0.61127245,1
activiti,6672,0,0.5561861,1
activiti,7392,0,0.39976415,0
activiti,6581,0,0.42438596,0
activiti,7131,0,0.8185137,1
activiti,6020,0,0.5283576,1
activiti,7057,0,0.4076236,0
activiti,7364,0,0.44997633,0
activiti,6623,0,0.8265823,1
activiti,5700,0,0.38057396,0
activiti,5900,0,0.6904255,1
activiti,7309,0,0.55968547,1
activiti,6163,0,0.54594857,1
activiti,6967,0,0.54374677,1
activiti,6854,1,0.50929594,1
activiti,5525,0,0.5187786,1
activiti,6717,0,0.44079772,0
activiti,5869,0,0.6547672,1
activiti,6431,0,0.57821846,1
activiti,7157,0,0.07288176,0
activiti,6483,0,0.82075304,1
activiti,6423,0,0.43407992,0
activiti,6940,0,0.5308554,1
activiti,5596,0,0.32220334,0
activiti,6429,0,0.32166764,0
activiti,6676,0,0.69348645,1
activiti,6261,0,0.48472175,0
activiti,6845,0,0.5047767,1
activiti,5824,0,0.6059239,1
activiti,7056,0,0.38704893,0
activiti,5882,0,0.5984073,1
activiti,6322,0,0.5285515,1
activiti,6951,0,0.51054114,1
activiti,5772,0,0.59891844,1
activiti,6555,0,0.62775844,1
activiti,5782,0,0.5564907,1
activiti,5899,0,0.5758642,1
activiti,6707,0,0.5842713,1
activiti,6910,0,0.5885226,1
activiti,6515,0,0.62791085,1
activiti,6062,0,0.57726294,1
activiti,7259,0,0.011712455,0
activiti,6912,0,0.71124613,1
activiti,7395,0,0.20133859,0
activiti,5680,0,0.6645714,1
activiti,7274,0,0.011444879,0
activiti,6066,0,0.47212955,0
activiti,6820,0,0.71800464,1
activiti,6496,0,0.7772588,1
activiti,7015,0,0.3164944,0
activiti,5983,0,0.5763595,1
activiti,7289,0,0.5028269,1
activiti,5877,0,0.53030324,1
activiti,5458,0,0.4184944,0
activiti,6735,0,0.8048541,1
activiti,6601,0,0.76473755,1
activiti,7255,0,0.30021518,0
activiti,6948,0,0.71324694,1
activiti,7329,0,0.5757857,1
activiti,5398,0,0.41684994,0
activiti,5814,0,0.4626763,0
activiti,6796,0,0.38196447,0
activiti,6416,0,0.47020903,0
activiti,6173,0,0.71509475,1
activiti,7354,0,0.5312517,1
activiti,5441,0,0.43750492,0
activiti,7038,0,0.34349278,0
activiti,5622,0,0.263159,0
activiti,7235,0,0.39342707,0
activiti,6234,0,0.0069775097,0
activiti,5762,0,0.65270096,1
activiti,7192,0,0.0722719,0
activiti,6722,0,0.5323699,1
activiti,6458,0,0.6683397,1
activiti,5866,0,0.56294227,1
activiti,5552,0,0.59617466,1
activiti,5795,0,0.588113,1
activiti,7006,0,0.41084343,0
activiti,5784,0,0.6510007,1
activiti,6586,0,0.47715873,0
activiti,7229,0,0.9472871,1
activiti,6367,0,0.586785,1
activiti,6231,0,0.3569283,0
activiti,6236,0,0.33964962,0
activiti,5688,0,0.61237144,1
activiti,6892,0,0.5708386,1
activiti,5409,0,0.6730127,1
activiti,6634,1,0.5567141,1
activiti,5604,0,0.6021872,1
activiti,6872,0,0.506,1
activiti,6936,0,0.36317524,0
activiti,6307,0,0.6407227,1
activiti,5825,0,0.55911535,1
activiti,6353,0,0.4857008,0
activiti,5689,0,0.6686169,1
activiti,7194,0,0.07476033,0
activiti,7408,0,0.34852695,0
activiti,6917,0,0.45345032,0
activiti,5725,0,0.5000595,1
activiti,5971,0,0.42459628,0
activiti,6526,0,0.5560699,1
activiti,6372,0,0.7784031,1
activiti,5774,0,0.64140457,1
activiti,6267,0,0.6903678,1
activiti,7410,0,0.37625048,0
activiti,7363,0,0.359135,0
activiti,6446,0,0.7210902,1
activiti,6610,0,0.5122519,1
activiti,5547,0,0.79207957,1
activiti,6847,1,0.540347,1
activiti,5395,0,0.026027316,0
activiti,6506,0,0.19090962,0
activiti,7313,0,0.52802956,1
activiti,6312,0,0.7925464,1
activiti,6246,0,0.46751955,0
activiti,6648,0,0.5600585,1
activiti,6530,0,0.55187,1
activiti,5917,0,0.736948,1
activiti,6976,0,0.56992024,1
activiti,6240,0,0.6648582,1
activiti,6698,0,0.45527196,0
activiti,5683,0,0.61552197,1
activiti,7355,0,0.5164287,1
activiti,6861,0,0.4052918,0
activiti,6235,0,0.28028923,0
activiti,7043,0,0.4575517,0
activiti,5874,0,0.4940771,0
activiti,6753,0,0.6148156,1
activiti,6435,0,0.57582915,1
activiti,6939,0,0.54202175,1
activiti,7209,0,0.01968346,0
activiti,7312,0,0.50929594,1
activiti,6772,0,0.57679147,1
activiti,6990,0,0.25765824,0
activiti,5766,0,0.50468004,1
activiti,6979,0,0.39929956,0
activiti,6421,0,0.6164537,1
activiti,6517,0,0.30380225,0
activiti,6466,0,0.6179396,1
activiti,5500,0,0.13329144,0
activiti,6002,0,0.3059706,0
activiti,5454,0,0.0055427738,0
activiti,5437,0,0.0072010863,0
activiti,7291,0,0.76917017,1
activiti,5729,0,0.47979495,0
activiti,7104,0,0.41246945,0
activiti,6725,0,0.7605673,1
activiti,5910,0,0.6685605,1
activiti,6975,0,0.2753176,0
activiti,5897,0,0.70877314,1
activiti,5514,0,0.049023893,0
activiti,6090,0,0.7766731,1
activiti,6287,0,0.4901896,0
activiti,6897,0,0.35656616,0
activiti,6779,0,0.64617693,1
activiti,6857,0,0.5614909,1
activiti,6318,0,0.2999069,0
activiti,7170,0,0.3007472,0
activiti,7263,0,0.013404572,0
activiti,5498,0,0.005609326,0
activiti,5949,0,0.7018446,1
activiti,5945,0,0.61359185,1
activiti,6397,0,0.5334193,1
activiti,5978,0,0.34199348,0
activiti,7210,0,0.040638134,0
activiti,7314,0,0.50929594,1
activiti,7175,0,0.5258954,1
activiti,5671,0,0.6468103,1
activiti,6042,0,0.4353322,0
activiti,6810,0,0.47965777,0
activiti,5565,0,0.43605,0
activiti,6727,0,0.5471217,1
activiti,5970,0,0.28682208,0
activiti,6357,0,0.5346318,1
activiti,5490,0,0.013830356,0
activiti,7168,0,0.6789391,1
activiti,5963,0,0.57960165,1
activiti,5585,0,0.52666014,1
activiti,6155,0,0.4932833,0
activiti,6814,0,0.5967803,1
activiti,5820,0,0.6492869,1
activiti,7322,0,0.50929594,1
activiti,6077,0,0.77491826,1
activiti,7066,0,0.47076443,0
activiti,5828,0,0.62664294,1
activiti,6640,0,0.7772629,1
activiti,5631,0,0.4829255,0
activiti,7417,0,0.7025627,1
activiti,5856,0,0.60367113,1
activiti,6445,0,0.7083135,1
activiti,5880,0,0.50738615,1
activiti,5600,0,0.76711833,1
activiti,7231,1,0.30789408,0
activiti,6260,0,0.15546975,0
activiti,6826,0,0.5330084,1
activiti,5852,0,0.6112308,1
activiti,6896,0,0.5196981,1
activiti,6566,0,0.7695388,1
activiti,5603,0,0.6539035,1
activiti,6647,0,0.47692907,0
activiti,5753,0,0.244366,0
activiti,7224,0,0.94570833,1
activiti,5930,0,0.5758642,1
activiti,6097,0,0.70366776,1
activiti,7167,0,0.42358074,0
activiti,6094,0,0.7875345,1
activiti,7041,0,0.7500682,1
activiti,6000,0,0.30755934,0
activiti,6160,0,0.47008866,0
activiti,5442,0,0.14770854,0
activiti,5999,0,0.34063148,0
activiti,5800,1,0.44148058,0
activiti,5653,0,0.66331637,1
activiti,6895,0,0.5764327,1
activiti,6980,0,0.5309668,1
activiti,5663,0,0.6922911,1
activiti,5722,0,0.5750262,1
activiti,6654,0,0.6788428,1
activiti,5987,0,0.33251604,0
activiti,6911,0,0.67873794,1
activiti,6133,0,0.52282095,1
activiti,6933,0,0.31727278,0
activiti,7181,0,0.17238203,0
activiti,7239,0,0.18119766,0
activiti,5478,0,0.08973474,0
activiti,6630,0,0.4881874,0
activiti,5781,0,0.45600763,0
activiti,7359,0,0.5196093,1
activiti,6713,0,0.5812643,1
activiti,7218,0,0.9894298,1
activiti,5783,0,0.37613642,0
activiti,7293,0,0.57546204,1
activiti,7310,0,0.5229745,1
activiti,6612,0,0.63339263,1
activiti,5791,0,0.44527534,0
activiti,7238,1,0.24335109,0
activiti,6685,0,0.5310048,1
activiti,6803,0,0.65288115,1
activiti,6475,0,0.28487417,0
activiti,6142,0,0.5248901,1
activiti,6738,0,0.3074005,0
activiti,7302,0,0.68231034,1
activiti,5626,0,0.7491453,1
activiti,6055,0,0.632682,1
activiti,6510,0,0.4666919,0
activiti,6643,0,0.5845075,1
activiti,5597,0,0.39576486,0
activiti,6505,0,0.25647315,0
activiti,6949,0,0.7613107,1
activiti,6743,0,0.40020153,0
activiti,7033,0,0.6222649,1
activiti,6132,0,0.5837075,1
activiti,5763,0,0.6851865,1
activiti,5497,0,0.41759315,0
activiti,7327,0,0.50929594,1
activiti,6200,0,0.27311948,0
activiti,6903,0,0.67059666,1
activiti,6455,0,0.64958763,1
activiti,6599,0,0.41526628,0
activiti,7127,0,0.30986115,0
activiti,5887,0,0.5598183,1
activiti,5754,0,0.244366,0
activiti,5394,0,0.44711533,0
activiti,5549,0,0.5771432,1
activiti,6989,0,0.7457791,1
activiti,7065,0,0.71585906,1
activiti,5447,0,0.37085003,0
activiti,7422,0,0.7768912,1
activiti,7199,0,0.11242738,0
activiti,5616,0,0.5126265,1
activiti,5811,0,0.47293624,0
activiti,5646,0,0.58734524,1
activiti,5873,0,0.56990314,1
activiti,6381,0,0.3342387,0
activiti,7086,0,0.71922493,1
activiti,6546,0,0.58623123,1
activiti,5704,0,0.3661806,0
activiti,6702,0,0.5802878,1
activiti,6295,0,0.6821994,1
activiti,7084,0,0.54821897,1
activiti,5803,0,0.49079493,0
activiti,7242,0,0.9131634,1
activiti,6337,0,0.79745805,1
activiti,5812,0,0.42281222,0
activiti,6964,0,0.48861176,0
activiti,7070,0,0.73693013,1
activiti,6552,0,0.5565231,1
activiti,5986,0,0.33753067,0
activiti,7045,0,0.44913664,0
activiti,7241,0,0.10919842,0
activiti,6406,0,0.7151826,1
activiti,6450,0,0.66649735,1
activiti,6529,0,0.5290245,1
activiti,6806,0,0.30390984,0
activiti,7019,1,0.43208188,0
activiti,6194,0,0.7756558,1
activiti,6111,0,0.49593222,0
activiti,7261,0,0.010955598,0
activiti,6124,0,0.7766731,1
activiti,7091,0,0.4908355,0
activiti,5539,0,0.5338271,1
activiti,5399,0,0.118339874,0
activiti,5931,0,0.7153106,1
activiti,6953,0,0.75716084,1
activiti,7153,0,0.15735424,0
activiti,6585,0,0.418301,0
activiti,7145,0,0.0021058817,0
activiti,7414,0,0.30242467,0
activiti,7205,0,0.09125681,0
activiti,7063,0,0.55042756,1
activiti,6978,0,0.59565145,1
activiti,6938,0,0.24756712,0
activiti,6126,0,0.6838179,1
activiti,6024,0,0.36364612,0
activiti,7215,0,0.27879098,0
activiti,6670,0,0.68582916,1
activiti,5764,0,0.50468004,1
activiti,5641,0,0.5903274,1
activiti,7407,0,0.42923915,0
activiti,7430,0,0.0062835724,0
activiti,5765,0,0.6314823,1
activiti,6801,0,0.6394955,1
activiti,6022,0,0.33706987,0
activiti,6759,0,0.5445091,1
activiti,5915,0,0.6685605,1
activiti,7240,0,0.75165766,1
activiti,6385,0,0.52502954,1
activiti,6904,0,0.64599895,1
activiti,7152,0,0.51768494,1
activiti,6825,0,0.5199135,1
activiti,6802,0,0.41547635,0
activiti,5615,0,0.24933925,0
activiti,7244,0,0.40030015,0
activiti,7323,0,0.5241361,1
activiti,6412,0,0.75811845,1
activiti,6795,0,0.5880978,1
activiti,5529,0,0.66139954,1
activiti,6665,0,0.7633619,1
activiti,6762,0,0.47225207,0
activiti,5472,0,0.50047225,1
activiti,6677,0,0.58091027,1
activiti,6931,0,0.2077519,0
activiti,6838,0,0.49477118,0
activiti,6361,0,0.6399717,1
activiti,6488,0,0.8033817,1
activiti,6379,0,0.5257476,1
activiti,6001,0,0.3262756,0
activiti,7009,0,0.0132762855,0
activiti,5455,0,0.4424656,0
activiti,6102,0,0.74254686,1
activiti,6775,0,0.8100918,1
activiti,5898,0,0.66784036,1
activiti,7133,0,0.7619795,1
activiti,6504,0,0.281456,0
activiti,6878,0,0.79261416,1
activiti,6481,0,0.548288,1
activiti,6441,0,0.54117334,1
activiti,7202,0,0.01557102,0
activiti,5691,0,0.3035517,0
activiti,5470,0,0.6040755,1
activiti,6709,0,0.43529046,0
activiti,6711,0,0.53295416,1
activiti,6331,0,0.5238875,1
activiti,5479,0,0.2733287,0
activiti,6844,0,0.61023843,1
activiti,5806,0,0.51735365,1
activiti,6700,0,0.3712075,0
activiti,7382,0,0.60937494,1
activiti,7162,0,0.09009019,0
activiti,6487,0,0.5316864,1
activiti,6915,0,0.3914693,0
activiti,6347,0,0.68748266,1
activiti,5777,0,0.6314823,1
activiti,7147,0,0.10914654,0
activiti,7415,0,0.7025627,1
activiti,5705,0,0.32747608,0
activiti,6714,0,0.768569,1
activiti,6663,0,0.58094376,1
activiti,7198,0,0.046522025,0
activiti,7413,0,0.5993284,1
activiti,6635,0,0.47692907,0
activiti,6747,0,0.6194822,1
activiti,6718,0,0.52434677,1
activiti,7404,0,0.5734394,1
activiti,5708,0,0.41624644,0
activiti,6521,0,0.5005633,1
activiti,7297,0,0.5070793,1
activiti,5406,0,0.06939059,0
activiti,6627,1,0.6741217,1
activiti,6121,0,0.78753895,1
activiti,5872,0,0.5187693,1
activiti,6156,0,0.62908524,1
activiti,5841,0,0.554102,1
activiti,6341,0,0.7314975,1
activiti,7039,0,0.74855846,1
activiti,5776,0,0.41129962,0
activiti,6479,0,0.5981403,1
activiti,6084,0,0.7818661,1
activiti,6315,0,0.42525503,0
activiti,6452,0,0.6507116,1
activiti,6923,0,0.5145971,1
activiti,7096,0,0.2748549,0
activiti,6518,0,0.4665118,0
activiti,6015,0,0.33753067,0
activiti,7399,0,0.19412053,0
activiti,5846,0,0.5816747,1
activiti,6997,0,0.5322949,1
activiti,6877,0,0.4955003,0
activiti,7111,0,0.53908616,1
activiti,6308,0,0.5720882,1
activiti,5858,0,0.6102612,1
activiti,7400,0,0.2724643,0
activiti,7062,0,0.21411566,0
activiti,6311,0,0.56431,1
activiti,5833,0,0.50423706,1
activiti,5436,0,0.0013601583,0
activiti,5618,0,0.5974657,1
activiti,6300,0,0.51880157,1
activiti,5849,0,0.56966585,1
activiti,7003,0,0.69796616,1
activiti,6219,0,0.31580576,0
activiti,7285,0,0.7759944,1
activiti,7083,0,0.5486597,1
activiti,5855,0,0.5162012,1
activiti,5717,0,0.25700626,0
activiti,5785,0,0.5885226,1
activiti,6403,0,0.6889706,1
activiti,7365,0,0.40902218,0
activiti,6538,0,0.55958104,1
activiti,7281,0,0.015518612,0
activiti,6098,0,0.75733984,1
activiti,5868,0,0.55468655,1
activiti,6664,0,0.60872555,1
activiti,6004,0,0.29173896,0
activiti,7353,0,0.53729784,1
activiti,7130,0,0.5203853,1
activiti,5428,0,0.009735199,0
activiti,5536,0,0.51189566,1
activiti,6786,0,0.5445091,1
activiti,5891,0,0.7398922,1
activiti,6963,0,0.6151088,1
activiti,6905,0,0.700587,1
activiti,6451,0,0.6105801,1
activiti,6987,0,0.54526246,1
activiti,5450,0,0.0921841,0
activiti,5860,0,0.5315312,1
activiti,6275,0,0.18956758,0
activiti,5939,0,0.6952932,1
activiti,6807,0,0.55441046,1
activiti,7396,0,0.6243999,1
activiti,7211,0,0.7760958,1
activiti,7391,0,0.5582415,1
activiti,6706,0,0.5716666,1
activiti,6301,0,0.5324417,1
activiti,6729,0,0.5952654,1
activiti,6988,0,0.7750718,1
activiti,6013,0,0.48856533,0
activiti,6794,0,0.54774636,1
activiti,7187,0,0.10192201,0
activiti,5496,0,0.15244786,0
activiti,5429,0,0.48434323,0
activiti,5714,0,0.5754457,1
activiti,5687,0,0.6585949,1
activiti,5550,0,0.57563514,1
activiti,5716,0,0.46170208,0
activiti,7172,0,0.6315349,1
activiti,7005,0,0.47774935,0
activiti,6730,0,0.5620417,1
activiti,5610,0,0.54251033,1
activiti,5506,0,0.001109686,0
activiti,5590,0,0.47171447,0
activiti,6207,0,0.01419188,0
activiti,6100,0,0.74254686,1
activiti,6657,0,0.5196981,1
activiti,7237,0,0.4663475,0
activiti,6310,0,0.56108993,1
activiti,7369,0,0.76119274,1
activiti,6476,0,0.4738834,0
activiti,6836,0,0.53030324,1
activiti,6716,0,0.44773418,0
activiti,7032,0,0.6830161,1
activiti,5775,0,0.60891706,1
activiti,6244,0,0.6880025,1
activiti,7258,0,0.2649361,0
activiti,6746,0,0.74596536,1
activiti,5592,0,0.40313372,0
activiti,7379,0,0.5355063,1
activiti,6622,0,0.64654,1
activiti,5637,0,0.42630872,0
activiti,6443,0,0.594074,1
activiti,6272,0,0.22164945,0
activiti,5581,0,0.47583205,0
activiti,6181,0,0.4932833,0
activiti,6898,0,0.46841803,0
activiti,5968,0,0.37788558,0
activiti,6205,0,0.22164945,0
activiti,6508,0,0.4445681,0
activiti,5822,0,0.6617428,1
activiti,5786,0,0.47491544,0
activiti,5471,0,0.24734417,0
activiti,6358,0,0.58451587,1
activiti,6482,0,0.8026846,1
activiti,6638,0,0.41304058,0
activiti,6633,1,0.53220874,1
activiti,5807,0,0.25121507,0
activiti,5425,0,0.060258966,0
activiti,7078,0,0.7262793,1
activiti,6398,0,0.46807835,0
activiti,6211,0,0.22164945,0
activiti,6513,0,0.46439868,0
activiti,6206,0,0.31225097,0
activiti,6087,0,0.7563103,1
activiti,7114,0,0.53448045,1
activiti,7018,0,0.3800855,0
activiti,5902,0,0.6895772,1
activiti,6823,0,0.7351242,1
activiti,7206,0,0.014637131,0
activiti,6523,0,0.2627805,0
activiti,5551,0,0.2663664,0
activiti,7317,0,0.5567552,1
activiti,6893,0,0.56949264,1
activiti,6812,0,0.46209344,0
activiti,7366,0,0.44538257,0
activiti,7035,0,0.5096162,1
activiti,6728,0,0.3978786,0
activiti,6220,0,0.5115171,1
activiti,6080,0,0.7563103,1
activiti,5504,0,0.013830356,0
activiti,5672,0,0.68009233,1
activiti,6433,0,0.5571953,1
activiti,6550,0,0.55005515,1
activiti,6238,0,0.69727993,1
activiti,6875,0,0.79187834,1
activiti,6679,1,0.4532407,0
activiti,5881,0,0.3597049,0
activiti,5477,0,0.41976,0
activiti,7158,0,0.0031027838,0
activiti,6956,0,0.83171666,1
activiti,6966,0,0.57905936,1
activiti,7278,0,0.010036722,0
activiti,6531,0,0.55187,1
activiti,6868,0,0.34940788,0
activiti,5829,0,0.58660054,1
activiti,5404,0,0.059209943,0
activiti,5624,0,0.48205602,0
activiti,7412,0,0.37222144,0
activiti,5991,0,0.19561943,0
activiti,6652,1,0.40214145,0
activiti,5875,0,0.6071548,1
activiti,5670,0,0.69401205,1
activiti,5693,0,0.23407519,0
activiti,6039,0,0.3335474,0
activiti,5542,0,0.5120862,1
activiti,5580,0,0.47310886,0
activiti,5588,0,0.48217535,0
activiti,6086,0,0.7563103,1
activiti,7196,0,0.041859973,0
activiti,5577,0,0.7122677,1
activiti,5756,0,0.34650323,0
activiti,6998,0,0.7386514,1
activiti,5944,0,0.69362926,1
activiti,6642,1,0.41512242,0
activiti,6780,0,0.45290682,0
activiti,6037,0,0.5978406,1
activiti,5489,0,0.48619708,0
activiti,5707,0,0.3146364,0
activiti,5956,0,0.47075778,0
activiti,6278,0,0.58120644,1
activiti,6691,0,0.53833216,1
activiti,7273,0,0.011005881,0
activiti,5548,0,0.8205372,1
activiti,6351,0,0.68748266,1
activiti,6284,0,0.6187458,1
activiti,5962,0,0.5359563,1
activiti,7416,0,0.75223815,1
activiti,6125,0,0.5144468,1
activiti,6253,0,0.22164945,0
activiti,6690,0,0.56234616,1
activiti,7176,0,0.39408934,0
activiti,5815,0,0.2607738,0
activiti,5651,0,0.37363374,0
activiti,5954,0,0.5380313,1
activiti,7061,0,0.71620685,1
activiti,6791,0,0.6010492,1
activiti,6053,0,0.54863,1
activiti,5796,0,0.51921326,1
activiti,5792,0,0.5401661,1
activiti,6009,0,0.53613794,1
activiti,6981,0,0.31245652,0
activiti,6302,0,0.8197708,1
activiti,5989,0,0.61903274,1
activiti,6073,0,0.79954225,1
activiti,5988,0,0.5763595,1
activiti,6180,0,0.6654497,1
activiti,7154,0,0.13287768,0
activiti,6383,0,0.50161844,1
activiti,5583,0,0.65175015,1
activiti,5555,0,0.5440705,1
activiti,5737,0,0.2768599,0
activiti,6615,0,0.7288982,1
activiti,6230,0,0.18151927,0
activiti,6171,0,0.63716376,1
activiti,6326,0,0.6496728,1
activiti,6680,0,0.63708174,1
activiti,7383,0,0.7229421,1
activiti,5742,0,0.244366,0
activiti,5719,0,0.48655856,0
activiti,6693,0,0.24967317,0
activiti,6198,0,0.76732886,1
activiti,5684,0,0.4619535,0
activiti,7074,0,0.37027827,0
activiti,6590,0,0.36609533,0
activiti,6176,0,0.6987642,1
activiti,6537,0,0.60400337,1
activiti,6644,1,0.56231314,1
activiti,6468,0,0.20129609,0
activiti,7120,0,0.3169739,0
activiti,7376,0,0.8044141,1
activiti,7433,0,0.23561706,0
activiti,7023,0,0.5524888,1
activiti,6710,0,0.51256806,1
activiti,7411,0,0.42366657,0
activiti,5969,0,0.6139761,1
activiti,5922,0,0.62965155,1
activiti,6831,0,0.4956748,0
activiti,7087,0,0.5273631,1
activiti,6116,0,0.56806064,1
activiti,7129,0,0.4211507,0
activiti,5662,0,0.4203486,0
activiti,6649,0,0.687689,1
activiti,6408,0,0.54511255,1
activiti,5854,0,0.6112308,1
activiti,5531,0,0.69255096,1
activiti,5657,0,0.35789034,0
activiti,6316,0,0.5077158,1
activiti,6218,0,0.25423813,0
activiti,6760,0,0.52116805,1
activiti,6876,0,0.70834446,1
activiti,5696,0,0.46682763,0
activiti,7300,0,0.68231034,1
activiti,5434,0,0.10235054,0
activiti,7345,0,0.5223108,1
activiti,6542,0,0.5638865,1
activiti,5660,0,0.37043083,0
activiti,5649,0,0.57496494,1
activiti,5948,0,0.702417,1
activiti,6459,0,0.7068119,1
activiti,6522,0,0.2881396,0
activiti,5890,0,0.5502862,1
activiti,6788,0,0.5533006,1
activiti,6778,0,0.5105066,1
activiti,5741,0,0.244366,0
activiti,5673,0,0.70962274,1
activiti,5681,0,0.43134278,0
activiti,6175,0,0.7120153,1
activiti,6511,0,0.47391337,0
activiti,5403,0,0.43819112,0
activiti,6424,0,0.3650905,0
activiti,5570,0,0.26043975,0
activiti,5486,0,0.15127406,0
activiti,5975,0,0.46516165,0
activiti,6011,0,0.4834364,0
activiti,6653,0,0.40542194,0
activiti,6319,0,0.33648857,0
activiti,5966,0,0.35547808,0
activiti,7094,0,0.34692606,0
activiti,5476,0,0.07418914,0
activiti,6869,0,0.32835907,0
activiti,5839,0,0.55868334,1
activiti,6474,0,0.40511438,0
activiti,6292,0,0.52674437,1
activiti,5835,0,0.5972647,1
activiti,5780,0,0.50101346,1
activiti,7204,0,0.03138662,0
activiti,6146,0,0.6487987,1
activiti,6930,0,0.33870217,0
activiti,5848,0,0.5713185,1
activiti,7320,0,0.50929594,1
activiti,5534,0,0.54342324,1
activiti,5533,0,0.5242267,1
activiti,5561,0,0.31565392,0
activiti,5853,0,0.60367113,1
activiti,6774,0,0.49313912,0
activiti,6618,0,0.49400756,0
activiti,6333,0,0.43634894,0
activiti,6641,0,0.5243084,1
activiti,5400,0,0.49897677,0
activiti,6750,0,0.6383931,1
activiti,7266,0,0.21213606,0
activiti,6692,0,0.49438652,0
activiti,5443,0,0.29586947,0
activiti,5407,0,0.5423791,1
activiti,7279,0,0.07920549,0
activiti,5715,0,0.56302506,1
activiti,6360,0,0.804778,1
activiti,6841,0,0.66789216,1
activiti,5451,0,0.2706886,0
activiti,6095,0,0.76771283,1
activiti,6465,0,0.76726663,1
activiti,7146,0,0.0007791378,0
activiti,6974,0,0.1625006,0
activiti,7276,0,0.010650853,0
activiti,5773,0,0.5564907,1
activiti,6252,0,0.33964962,0
activiti,6065,0,0.53239036,1
activiti,6296,0,0.7931341,1
activiti,5630,0,0.83573216,1
activiti,6880,0,0.35602456,0
activiti,6025,0,0.30755934,0
activiti,5955,0,0.57350826,1
activiti,7424,0,0.76187044,1
activiti,6396,0,0.56747526,1
activiti,6257,0,0.22164945,0
activiti,5685,0,0.6032291,1
activiti,5918,0,0.7529295,1
activiti,6268,0,0.27311948,0
activiti,6687,0,0.5360873,1
activiti,6766,0,0.5771476,1
activiti,6793,0,0.38155597,0
activiti,5535,0,0.50601435,1
activiti,6767,0,0.53579783,1
activiti,5523,0,0.7220492,1
activiti,5842,0,0.56026006,1
activiti,6006,0,0.32405436,0
activiti,6460,0,0.7722697,1
activiti,7000,0,0.5556724,1
activiti,6060,0,0.5795104,1
activiti,7201,0,0.027598614,0
activiti,5905,0,0.7275253,1
activiti,5599,0,0.2848809,0
activiti,6386,0,0.46948633,0
activiti,6525,0,0.54013884,1
activiti,5799,0,0.35228115,0
activiti,6613,0,0.5122519,1
activiti,7188,0,0.08577357,0
activiti,5482,0,0.060536377,0
activiti,6426,0,0.21670228,0
activiti,5446,0,0.008866773,0
activiti,7393,0,0.57262427,1
activiti,6568,0,0.5429734,1
activiti,6031,0,0.53040856,1
activiti,5546,0,0.58647853,1
activiti,6196,0,0.785303,1
activiti,6088,0,0.76192564,1
activiti,6104,0,0.5795703,1
activiti,5544,0,0.52416724,1
activiti,5992,0,0.28275976,0
activiti,7054,0,0.5274824,1
activiti,5573,0,0.50284326,1
activiti,6036,0,0.61211073,1
activiti,7002,0,0.5769539,1
activiti,5771,0,0.5571214,1
activiti,6985,0,0.48502836,0
activiti,6769,0,0.5731987,1
activiti,5463,0,0.016573481,0
activiti,6485,0,0.3246272,0
activiti,5857,0,0.54757607,1
activiti,7022,0,0.5134882,1
activiti,6937,0,0.3625131,0
activiti,6493,0,0.7428449,1
activiti,6216,0,0.40876403,0
activiti,7095,0,0.4624499,0
activiti,6705,0,0.6960937,1
activiti,6561,0,0.7402118,1
activiti,5656,0,0.542319,1
activiti,6438,0,0.5561718,1
activiti,6158,0,0.6071547,1
activiti,6781,0,0.583964,1
activiti,6682,0,0.4673489,0
activiti,5698,0,0.23812494,0
activiti,7052,0,0.54896784,1
activiti,5867,0,0.5493231,1
activiti,5563,0,0.48572254,0
activiti,6570,0,0.5253169,1
activiti,5608,0,0.6672473,1
activiti,6070,0,0.5558127,1
activiti,6472,0,0.55993325,1
activiti,5587,0,0.39516672,0
activiti,7219,0,0.022735745,0
activiti,5623,0,0.48205602,0
activiti,6829,0,0.30767158,0
activiti,6543,0,0.5265081,1
activiti,5832,0,0.5638865,1
activiti,5847,0,0.6404353,1
activiti,6792,0,0.72732025,1
activiti,5933,0,0.6646511,1
activiti,7389,0,0.7804802,1
activiti,5661,0,0.68495876,1
activiti,6118,0,0.56531996,1
activiti,6440,0,0.35271892,0
activiti,6165,0,0.50154614,1
activiti,7189,0,0.65049595,1
activiti,6626,0,0.6496375,1
activiti,6297,0,0.67306507,1
activiti,6395,0,0.5234725,1
activiti,6870,0,0.79705495,1
activiti,6014,0,0.45973027,0
activiti,7069,0,0.70122963,1
activiti,5778,0,0.6043842,1
activiti,5430,0,0.1080188,0
activiti,6254,0,0.22164945,0
activiti,6410,0,0.7369219,1
activiti,6480,0,0.51789796,1
activiti,6960,0,0.6913453,1
activiti,6345,0,0.38572773,0
activiti,5481,0,0.37698904,0
activiti,6439,0,0.60889256,1
activiti,7420,0,0.47789818,0
activiti,7252,0,0.36806113,0
activiti,6092,0,0.7766731,1
activiti,6761,0,0.6383931,1
activiti,7397,0,0.5378627,1
activiti,5711,0,0.5940313,1
activiti,7174,0,0.3277855,0
activiti,5453,0,0.5123967,1
activiti,7108,0,0.53299415,1
activiti,6733,0,0.37979108,0
activiti,6675,0,0.522254,1
activiti,6662,0,0.44897607,0
activiti,6973,0,0.54637015,1
activiti,6148,0,0.5144468,1
activiti,7135,0,0.8447879,1
activiti,6225,0,0.33964962,0
activiti,5760,0,0.5615311,1
activiti,7248,0,0.87523323,1
activiti,6918,0,0.32814232,0
activiti,7290,0,0.76215637,1
activiti,6113,0,0.5475181,1
activiti,7068,0,0.66721386,1
activiti,5619,0,0.6844024,1
activiti,5979,0,0.5362741,1
activiti,5712,0,0.41608804,0
activiti,6580,0,0.45925367,0
activiti,6343,0,0.623349,1
activiti,6250,0,0.66091067,1
activiti,6503,0,0.30518788,0
activiti,6507,0,0.7832457,1
activiti,7122,0,0.61839414,1
activiti,6811,0,0.45806682,0
activiti,6128,0,0.4601581,0
activiti,7316,0,0.5428118,1
activiti,7228,0,0.86079,1
activiti,6669,0,0.73621076,1
activiti,5519,0,0.054191336,0
activiti,7225,0,0.9482828,1
activiti,6247,0,0.55250245,1
activiti,5659,0,0.41573712,0
activiti,6828,0,0.47692907,0
activiti,6619,0,0.5290245,1
activiti,7148,0,0.07306413,0
activiti,7344,0,0.33137244,0
activiti,5460,0,0.02696814,0
activiti,6059,0,0.35808694,0
activiti,5959,0,0.34949377,0
activiti,7360,0,0.49136737,0
activiti,7077,0,0.7674135,1
activiti,5502,0,0.025318436,0
activiti,5836,0,0.6125505,1
activiti,5595,0,0.2848809,0
activiti,5724,0,0.5537038,1
activiti,6886,0,0.60495216,1
activiti,5936,0,0.61359185,1
activiti,6572,0,0.5839164,1
activiti,7112,0,0.30840102,0
activiti,6606,0,0.50784254,1
activiti,6588,0,0.6349892,1
activiti,6332,0,0.68277967,1
activiti,6782,0,0.6148156,1
activiti,6567,0,0.36961478,0
activiti,7183,0,0.14285795,0
activiti,7075,0,0.7307849,1
activiti,5444,0,0.010775079,0
activiti,6079,0,0.7766731,1
activiti,6280,0,0.6561107,1
activiti,6449,0,0.6430271,1
activiti,6399,0,0.38935888,0
activiti,5942,0,0.73125786,1
activiti,7398,0,0.3776946,0
activiti,5614,0,0.55481756,1
activiti,5934,0,0.65906537,1
activiti,7305,0,0.55801743,1
activiti,6860,0,0.69753665,1
activiti,5802,0,0.16002844,0
activiti,5621,0,0.33455718,0
activiti,5652,0,0.48738912,0
activiti,5640,0,0.61863065,1
activiti,7292,0,0.40115598,0
activiti,5412,0,0.14196232,0
activiti,6900,0,0.51441824,1
activiti,6082,0,0.7563103,1
activiti,6454,0,0.640448,1
activiti,6041,0,0.57936984,1
activiti,6809,0,0.50415474,1
activiti,7234,0,0.950865,1
activiti,6628,0,0.5265081,1
activiti,6950,0,0.4962117,0
activiti,6926,0,0.47173813,0
activiti,6947,0,0.2873677,0
activiti,7110,0,0.4934884,0
activiti,7335,0,0.72761357,1
activiti,5530,0,0.70439595,1
activiti,6340,0,0.6218827,1
activiti,5480,0,0.088670745,0
activiti,6075,0,0.5863165,1
activiti,6724,0,0.5823401,1
activiti,6721,0,0.38933092,0
activiti,6069,0,0.7336474,1
activiti,5511,0,0.41513875,0
activiti,6489,0,0.5670812,1
activiti,5804,0,0.2203483,0
activiti,5424,0,0.20686682,0
activiti,6785,0,0.6080613,1
activiti,6035,0,0.29934177,0
activiti,5751,0,0.2736141,0
activiti,6804,0,0.5112092,1
activiti,5844,0,0.6181223,1
activiti,7036,0,0.40417567,0
activiti,5946,0,0.6864152,1
activiti,6195,0,0.79954225,1
activiti,7256,0,0.3261707,0
activiti,5601,0,0.6893419,1
activiti,6463,0,0.75285345,1
activiti,7246,0,0.24674182,0
activiti,5878,0,0.63816744,1
activiti,6659,0,0.46949142,0
activiti,6021,0,0.501499,1
activiti,6049,0,0.6198906,1
activiti,6740,0,0.57024235,1
activiti,6402,0,0.7412452,1
activiti,6327,0,0.4326336,0
activiti,5620,0,0.60570455,1
activiti,6342,0,0.7037153,1
activiti,7143,0,0.040028572,0
activiti,6122,0,0.77869964,1
activiti,5794,0,0.5359073,1
activiti,5749,0,0.23797727,0
activiti,6419,0,0.6269684,1
activiti,6462,0,0.7828688,1
activiti,5575,0,0.49171817,0
activiti,5420,0,0.096236214,0
activiti,6751,0,0.647513,1
activiti,5752,0,0.36622432,0
activiti,5990,0,0.2741785,0
activiti,7190,0,0.6315349,1
activiti,6478,0,0.5668552,1
activiti,7220,0,0.2742235,0
activiti,5582,0,0.46648315,0
activiti,5467,0,0.012589103,0
activiti,5821,0,0.6059239,1
activiti,6377,0,0.5614909,1
activiti,7136,0,0.6033975,1
activiti,5629,0,0.76945573,1
activiti,5423,0,0.047592714,0
activiti,5459,0,0.58542174,1
activiti,6154,0,0.7046237,1
activiti,5906,0,0.735366,1
activiti,5494,0,0.15388915,0
activiti,6184,0,0.79837215,1
activiti,6456,0,0.4180329,0
activiti,7029,0,0.42457652,0
activiti,6016,0,0.32605463,0
activiti,5438,0,0.0015668083,0
activiti,7155,0,0.06296618,0
activiti,6178,0,0.6925919,1
activiti,6099,0,0.70366776,1
activiti,6201,0,0.27311948,0
activiti,5607,0,0.46875662,0
activiti,7217,0,0.5470615,1
activiti,6658,0,0.5180144,1
activiti,7134,0,0.82299423,1
activiti,6028,0,0.40966713,0
activiti,6784,0,0.48045567,0
activiti,5416,0,0.18564829,0
activiti,5464,0,0.5290337,1
activiti,6027,0,0.49252993,0
activiti,6625,1,0.47117317,0
activiti,5851,0,0.5826743,1
activiti,7394,0,0.596376,1
activiti,6696,0,0.55218285,1
activiti,7435,0,0.19500682,0
activiti,5976,0,0.55250245,1
activiti,5579,0,0.4772802,0
activiti,6887,0,0.3438939,0
activiti,7082,0,0.5643689,1
activiti,6890,0,0.5516444,1
activiti,5558,0,0.53166544,1
activiti,6005,0,0.36563325,0
activiti,6348,0,0.68032795,1
activiti,6264,0,0.5453894,1
activiti,6045,0,0.5985013,1
activiti,7090,0,0.60210073,1
activiti,5469,0,0.11913029,0
activiti,7169,0,0.08577357,0
activiti,6637,0,0.50601435,1
activiti,6928,0,0.48473814,0
activiti,5702,0,0.69206494,1
activiti,7390,0,0.61828125,1
activiti,6932,0,0.5238875,1
activiti,7431,0,0.05870541,0
activiti,5665,0,0.69175965,1
activiti,5431,0,0.24632634,0
activiti,5920,0,0.75141114,1
activiti,6003,0,0.3604283,0
activiti,6996,0,0.72540987,1
activiti,5419,0,0.46182787,0
activiti,5517,0,0.03462452,0
activiti,7332,0,0.3798732,0
activiti,5865,0,0.55241764,1
activiti,7058,0,0.6114596,1
activiti,6970,0,0.6632373,1
activiti,6393,0,0.48952973,0
activiti,6344,0,0.6197078,1
activiti,7047,0,0.49664876,0
activiti,6120,0,0.55842733,1
activiti,5521,0,0.42552987,0
activiti,6289,0,0.5285163,1
activiti,5617,0,0.54517865,1
activiti,6764,0,0.5369475,1
activiti,6023,0,0.32131726,0
activiti,5493,0,0.3859052,0
activiti,5733,0,0.54215086,1
activiti,6012,0,0.32333577,0
activiti,7372,0,0.74061954,1
activiti,6078,0,0.7766731,1
activiti,7350,0,0.5196093,1
activiti,6545,0,0.45988566,0
activiti,6245,0,0.60390854,1
activiti,5440,0,0.0015112639,0
activiti,6534,0,0.55958104,1
activiti,6943,0,0.7759457,1
activiti,5433,0,0.003944586,0
activiti,6660,0,0.4551584,0
activiti,5643,0,0.20219022,0
activiti,7021,1,0.48412567,0
activiti,7403,0,0.55206615,1
activiti,6614,0,0.491057,0
activiti,6058,0,0.43864763,0
activiti,5396,0,0.5489022,1
activiti,6034,0,0.45117676,0
activiti,6323,0,0.5903252,1
activiti,5893,0,0.56802773,1
activiti,7401,0,0.23592691,0
activiti,7025,0,0.53045404,1
activiti,6068,0,0.46018866,0
activiti,5913,0,0.5970088,1
activiti,6130,0,0.57660615,1
activiti,7064,0,0.7051315,1
activiti,6632,0,0.53725606,1
activiti,6569,0,0.67021185,1
activiti,5401,0,0.3952127,0
activiti,7037,0,0.37022167,0
activiti,5750,0,0.4303903,0
activiti,6277,0,0.59871715,1
activiti,7164,0,0.3925192,0
activiti,6611,0,0.5191577,1
activiti,6600,0,0.40276378,0
activiti,6914,0,0.3616422,0
activiti,6901,0,0.5918128,1
activiti,6855,0,0.48585573,0
activiti,6228,0,0.72284937,1
activiti,7093,0,0.30544165,0
activiti,5528,0,0.7784031,1
activiti,6742,0,0.6224802,1
activiti,5411,0,0.42793998,0
activiti,6427,0,0.65105844,1
activiti,5598,0,0.4073695,0
activiti,5907,0,0.6143187,1
activiti,6913,0,0.5697925,1
activiti,6026,0,0.50784254,1
activiti,6273,0,0.22315626,0
activiti,7357,0,0.5196093,1
activiti,7212,0,0.2563271,0
activiti,6457,0,0.61119604,1
activiti,6703,0,0.56725174,1
activiti,6991,1,0.7715656,1
activiti,6047,0,0.4920031,0
activiti,6593,0,0.41526628,0
activiti,5515,0,0.26517397,0
activiti,6573,0,0.49372786,0
activiti,6983,0,0.32388395,0
activiti,7343,0,0.7386461,1
activiti,7362,0,0.25613025,0
activiti,7251,0,0.25111306,0
activiti,6995,0,0.53568476,1
activiti,6616,0,0.5603106,1
activiti,6052,0,0.82299423,1
activiti,7303,0,0.46842754,0
activiti,6934,0,0.55720013,1
activiti,7351,0,0.5196093,1
activiti,5567,0,0.39557028,0
activiti,5827,0,0.5146784,1
activiti,6576,0,0.5907231,1
activiti,5914,0,0.64364064,1
activiti,6032,0,0.5103066,1
activiti,5938,0,0.5876145,1
activiti,7207,0,0.04662991,0
activiti,7216,0,0.7410372,1
activiti,7026,0,0.30767158,0
activiti,6952,0,0.47285604,0
activiti,7046,0,0.37160668,0
activiti,6232,0,0.18151927,0
activiti,7262,0,0.24365751,0
activiti,6145,0,0.6224444,1
activiti,6371,1,0.55936223,1
activiti,7301,0,0.4687541,0
activiti,6777,0,0.5388214,1
activiti,5957,0,0.37053883,0
activiti,7140,0,0.06026037,0
activiti,5658,0,0.3486975,0
activiti,6007,0,0.3569283,0
activiti,6262,0,0.44229427,0
activiti,7017,0,0.37460622,0
activiti,6197,0,0.7619795,1
activiti,6944,0,0.5895239,1
activiti,6544,0,0.55958104,1
activiti,6387,0,0.539601,1
activiti,6798,0,0.35547808,0
activiti,6266,0,0.72624856,1
activiti,7200,0,0.00984974,0
activiti,7283,0,0.3807869,0
activiti,5740,0,0.31730342,0
activiti,7177,0,0.8477525,1
activiti,7092,0,0.46524364,0
activiti,6883,0,0.3184489,0
activiti,5886,0,0.608701,1
activiti,6972,0,0.4804864,0
activiti,7264,0,0.005171184,0
activiti,7137,0,0.45030397,0
activiti,6805,0,0.20277564,0
activiti,5524,0,0.56681544,1
activiti,6871,0,0.79705495,1
activiti,6799,0,0.6049344,1
activiti,7267,0,0.26566875,0
activiti,7268,0,0.19533204,0
activiti,7165,0,0.069760464,0
activiti,6862,0,0.36138988,0
activiti,5758,0,0.53798866,1
activiti,7027,0,0.38801852,0
activiti,5731,0,0.5117292,1
activiti,5863,0,0.6319771,1
activiti,5427,0,0.5213705,1
activiti,5432,0,0.022103423,0
activiti,5739,0,0.244366,0
activiti,5678,0,0.5926247,1
activiti,5894,0,0.56802773,1
activiti,5981,0,0.5362741,1
activiti,7171,0,0.5258954,1
activiti,6471,0,0.51054114,1
activiti,6248,0,0.56074333,1
activiti,6621,0,0.36679733,0
activiti,6850,0,0.3310613,0
activiti,6436,0,0.57582915,1
activiti,6138,0,0.57660615,1
activiti,6101,0,0.74818856,1
activiti,6169,0,0.6838179,1
activiti,6056,0,0.47200772,0
activiti,6689,0,0.49786377,0
activiti,6941,0,0.4786814,0
activiti,7049,0,0.39483094,0
activiti,7071,0,0.72404945,1
activiti,5919,0,0.7438802,1
activiti,6574,0,0.33882743,0
activiti,6608,0,0.41493595,0
activiti,5667,0,0.6938835,1
activiti,5553,0,0.29295224,0
activiti,7257,0,0.7311519,1
activiti,7055,0,0.38499352,0
activiti,5735,0,0.24408875,0
activiti,6955,0,0.74881005,1
activiti,6925,0,0.46627024,0
activiti,6215,0,0.22164945,0
activiti,5823,0,0.6617428,1
activiti,6422,0,0.29462618,0
activiti,7337,0,0.68973196,1
activiti,6321,0,0.4139745,0
activiti,5655,0,0.6186482,1
activiti,5964,0,0.3857235,0
activiti,6720,0,0.4223267,0
activiti,6667,0,0.7022092,1
activiti,7100,0,0.30484113,0
activiti,5871,0,0.50488514,1
activiti,6044,0,0.6492012,1
activiti,6105,0,0.5639573,1
activiti,7106,0,0.73703986,1
activiti,6384,0,0.35573027,0
activiti,6093,0,0.7563103,1
activiti,6291,0,0.7132038,1
activiti,6763,0,0.647513,1
activiti,7374,0,0.7926431,1
activiti,6309,0,0.54938585,1
activiti,6993,0,0.72540987,1
activiti,5730,0,0.5196989,1
activiti,5422,0,0.5082558,1
activiti,7138,0,0.3147057,0
activiti,6597,0,0.507752,1
activiti,6172,0,0.59337366,1
activiti,5995,0,0.53023887,1
activiti,5928,0,0.7327542,1
activiti,6797,0,0.41128215,0
activiti,5393,0,0.06454187,0
activiti,6768,0,0.5597727,1
activiti,6199,0,0.75071985,1
activiti,6352,0,0.50972843,1
activiti,6193,0,0.7878616,1
activiti,5638,0,0.6069728,1
activiti,5713,0,0.5433011,1
activiti,6765,0,0.54601043,1
activiti,5679,0,0.675301,1
activiti,6497,0,0.62776446,1
activiti,5743,0,0.244366,0
activiti,5408,0,0.17161769,0
activiti,7265,0,0.010559668,0
activiti,6516,0,0.45736548,0
activiti,5709,0,0.25450307,0
activiti,7272,0,0.022380274,0
activiti,6757,0,0.6073205,1
activiti,6237,0,0.6760088,1
activiti,5609,0,0.47800574,0
activiti,5997,0,0.34063148,0
activiti,5993,0,0.55250245,1
activiti,5564,0,0.4124529,0
activiti,6668,0,0.73621076,1
activiti,6375,0,0.5380378,1
activiti,6491,1,0.55734783,1
activiti,6694,0,0.5904721,1
activiti,5924,0,0.75917375,1
activiti,7405,0,0.5673368,1
activiti,6920,0,0.36402223,0
activiti,6159,0,0.5244108,1
activiti,5843,0,0.5474005,1
activiti,5473,0,0.009306711,0
activiti,7051,0,0.46209344,0
activiti,5728,0,0.48655856,0
activiti,6852,0,0.55045396,1
activiti,5499,0,0.29586947,0
activiti,6631,0,0.578516,1
activiti,6251,0,0.34063148,0
activiti,5870,0,0.39384335,0
activiti,6719,0,0.5363094,1
activiti,7434,0,0.29648232,0
activiti,7059,0,0.47491544,0
activiti,5779,0,0.5749076,1
activiti,5410,0,0.09469559,0
activiti,5584,0,0.531562,1
activiti,6835,0,0.54523945,1
activiti,6299,0,0.54229546,1
activiti,6137,0,0.58632034,1
activiti,6808,0,0.41907436,0
activiti,6565,0,0.68740845,1
activiti,6598,0,0.507752,1
activiti,5571,0,0.4605792,0
activiti,5834,0,0.5177338,1
activiti,7419,0,0.7337095,1
activiti,6191,0,0.78966177,1
activiti,6519,0,0.5389206,1
activiti,6409,0,0.4122405,0
activiti,7427,0,0.530717,1
activiti,6741,0,0.82927275,1
activiti,6748,0,0.54156995,1
activiti,6109,0,0.5316766,1
activiti,6603,0,0.79705495,1
activiti,7012,1,0.6053169,1
activiti,6723,0,0.59188414,1
activiti,5677,0,0.645614,1
activiti,6258,0,0.22164945,0
activiti,6859,0,0.38247323,0
activiti,7315,0,0.50929594,1
activiti,6019,0,0.26475328,0
activiti,7132,0,0.7689659,1
activiti,5793,0,0.5992592,1
activiti,5747,0,0.254568,0
activiti,6929,0,0.33674595,0
activiti,6965,0,0.60569173,1
activiti,6354,0,0.40214145,0
activiti,6528,0,0.5290245,1
activiti,6029,0,0.31520015,0
activiti,6192,0,0.8086233,1
activiti,6208,0,0.27311948,0
activiti,5559,0,0.31511787,0
activiti,6548,0,0.4373294,0
activiti,5642,0,0.21925299,0
activiti,6089,0,0.7737513,1
activiti,6469,0,0.5763314,1
activiti,5635,0,0.6091694,1
activiti,5417,0,0.49897677,0
activiti,6442,0,0.3978786,0
activiti,6594,0,0.48515728,0
activiti,6404,0,0.7006694,1
activiti,7166,0,0.3233928,0
activiti,6303,0,0.65164834,1
activiti,5591,0,0.40230674,0
activiti,6356,0,0.5757255,1
activiti,5888,0,0.7170097,1
activiti,5911,0,0.63143015,1
activiti,5998,0,0.34063148,0
activiti,6822,0,0.23324049,0
activiti,7423,0,0.7436312,1
activiti,6556,0,0.5565231,1
activiti,7230,0,0.48809853,0
activiti,6288,0,0.49528345,0
activiti,6298,0,0.75189745,1
activiti,7288,0,0.7134183,1
activiti,5468,0,0.2540991,0
activiti,6365,0,0.8454009,1
activiti,5541,0,0.683718,1
activiti,5947,0,0.7272844,1
activiti,7142,0,0.16796826,0
activiti,6096,0,0.798961,1
activiti,5545,0,0.34520486,0
activiti,5937,0,0.7160633,1
activiti,5485,0,0.3441379,0
activiti,7387,0,0.51210225,1
activiti,7184,0,0.15936829,0
activiti,7161,0,0.0022938836,0
activiti,5475,0,0.42799902,0
activiti,7185,0,0.17250666,0
activiti,6263,0,0.30401692,0
activiti,6833,0,0.5019143,1
activiti,7186,0,0.275421,0
activiti,7247,0,0.3044288,0
activiti,6492,0,0.55758804,1
activiti,7001,0,0.4736737,0
activiti,6328,0,0.5074697,1
activiti,6624,0,0.8411338,1
activiti,7347,0,0.5196093,1
activiti,5487,0,0.37698904,0
activiti,5961,0,0.49791896,0
activiti,6848,0,0.37610215,0
activiti,7048,0,0.33040488,0
activiti,5414,0,0.024301501,0
activiti,5721,0,0.47979495,0
activiti,6650,1,0.49746695,0
activiti,6512,0,0.426336,0
activiti,7284,0,0.7242848,1
activiti,6863,0,0.6007096,1
activiti,7008,0,0.098040685,0
activiti,7271,0,0.011514715,0
activiti,7319,0,0.50929594,1
activiti,7109,0,0.55016243,1
activiti,7060,0,0.6156966,1
activiti,5769,0,0.69342923,1
activiti,5586,0,0.41866916,0
activiti,6464,0,0.7428449,1
activiti,6229,0,0.4502712,0
activiti,6739,0,0.67781603,1
activiti,6074,0,0.52398217,1
activiti,5690,0,0.58716494,1
activiti,6604,0,0.5339864,1
activiti,6686,0,0.50943017,1
activiti,7336,0,0.39216498,0
activiti,5569,0,0.3520816,0
activiti,6984,0,0.47866353,0
activiti,5921,0,0.7337706,1
activiti,6046,0,0.6526876,1
activiti,6549,0,0.5918861,1
activiti,7328,0,0.34572086,0
activiti,7013,0,0.63385653,1
activiti,7358,0,0.53224653,1
activiti,6999,0,0.7386514,1
activiti,6645,0,0.5278092,1
activiti,6269,0,0.27163184,0
activiti,5611,0,0.552608,1
activiti,5864,0,0.60367113,1
activiti,6420,0,0.6139761,1
activiti,5695,0,0.2252385,0
activiti,6364,0,0.85885215,1
activiti,6704,0,0.52434677,1
activiti,5508,0,0.48462698,0
activiti,6539,0,0.60400337,1
activiti,5560,0,0.21046546,0
activiti,6233,0,0.63309056,1
activiti,6557,0,0.58734524,1
activiti,6617,0,0.77900475,1
activiti,6115,0,0.59232897,1
activiti,6281,0,0.66599333,1
activiti,5876,0,0.38003272,0
activiti,6135,0,0.58632034,1
activiti,5639,0,0.43448326,0
activiti,5889,0,0.7312158,1
activiti,6499,0,0.7601684,1
activiti,5612,0,0.531198,1
activiti,6942,0,0.51880157,1
activiti,6758,0,0.5880978,1
activiti,5543,0,0.36583638,0
activiti,5901,0,0.71164083,1
activiti,5909,0,0.6028307,1
activiti,6217,0,0.31225097,0
activiti,6140,0,0.57660615,1
activiti,6584,0,0.67226976,1
activiti,6540,0,0.5237859,1
activiti,7306,0,0.6034407,1
activiti,7318,0,0.7609621,1
activiti,6477,0,0.5306726,1
activiti,5537,0,0.5338271,1
activiti,7269,0,0.0062834793,0
activiti,7208,0,0.020715842,0
activiti,5994,0,0.54095274,1
activiti,6243,1,0.3059706,0
activiti,6867,0,0.43420127,0
activiti,5904,0,0.7442755,1
activiti,6681,0,0.5702876,1
activiti,5816,0,0.2969932,0
activiti,5703,0,0.39484125,0
activiti,7294,0,0.39545873,0
activiti,5474,0,0.45771897,0
activiti,5838,0,0.55243504,1
activiti,6579,0,0.4791086,0
activiti,5540,0,0.5536703,1
activiti,5465,0,0.004780959,0
activiti,5697,0,0.3309775,0
activiti,6212,0,0.39531654,0
activiti,6368,0,0.85467243,1
activiti,6495,0,0.7772588,1
activiti,6891,0,0.35870224,0
activiti,6390,0,0.5076575,1
activiti,6167,0,0.7808475,1
activiti,5674,0,0.7224216,1
activiti,7384,0,0.7804802,1
activiti,7421,0,0.7563123,1
activiti,5965,0,0.36687475,0
activiti,7121,0,0.24045673,0
activiti,7103,0,0.31562385,0
activiti,6708,0,0.49828014,0
activiti,6498,0,0.62776446,1
activiti,5445,0,0.42799902,0
activiti,6783,0,0.754952,1
activiti,6815,0,0.37884974,0
activiti,5960,0,0.62003267,1
activiti,6242,0,0.5999076,1
activiti,6846,0,0.33021325,0
activiti,6239,0,0.68300164,1
activiti,6961,0,0.5928326,1
activiti,6405,0,0.7006694,1
activiti,5840,0,0.51100665,1
activiti,5397,0,0.16598198,0
activiti,7375,0,0.74061954,1
activiti,6183,0,0.5487998,1
activiti,7298,0,0.5282453,1
activiti,5770,0,0.6683287,1
activiti,7178,0,0.08577357,0
activiti,5526,0,0.47552073,0
activiti,7081,0,0.44354406,0
activiti,5817,0,0.46608225,0
activiti,5538,1,0.5180144,1
activiti,5706,0,0.26368442,0
activiti,7227,0,0.84450746,1
activiti,7213,0,0.20530705,0
activiti,7007,0,0.5891295,1
activiti,7180,0,0.10051441,0
activiti,6256,0,0.32874367,0
activiti,7151,0,0.36824295,0
activiti,6818,0,0.53444535,1
activiti,6866,0,0.4341498,0
activiti,6853,0,0.6032211,1
activiti,6726,0,0.5684411,1
activiti,6317,0,0.67289215,1
activiti,5495,0,0.5894953,1
activiti,6843,0,0.6874991,1
activiti,7307,0,0.55968547,1
activiti,6535,0,0.55187,1
activiti,6043,0,0.5634026,1
activiti,7150,0,0.13994731,0
activiti,6881,0,0.77028054,1
activiti,6324,0,0.6505837,1
activiti,6330,0,0.6719652,1
activiti,5984,0,0.2890163,0
activiti,6081,0,0.8086233,1
activiti,6894,0,0.30371988,0
activiti,6103,0,0.70376134,1
activiti,6582,0,0.40005165,0
activiti,7113,0,0.48315874,0
activiti,6908,0,0.60409415,1
activiti,5797,0,0.56029105,1
activiti,7418,0,0.75223815,1
activiti,6293,0,0.34847552,0
activiti,6560,0,0.7138371,1
activiti,6150,0,0.5475181,1
activiti,6563,0,0.82874423,1
activiti,5757,0,0.43360472,0
activiti,5522,0,0.3036524,0
activiti,6954,0,0.70840085,1
activiti,5426,0,0.18038404,0
activiti,7028,0,0.48777023,0
activiti,6374,0,0.5382094,1
activiti,5974,0,0.5041232,1
activiti,6213,0,0.5874861,1
activiti,6737,0,0.77544475,1
activiti,6314,0,0.5152698,1
activiti,6166,0,0.50154614,1
activiti,6821,0,0.73989266,1
activiti,6609,0,0.41526628,0
activiti,6106,0,0.60163164,1
activiti,6571,0,0.5041817,1
activiti,7221,0,0.31232068,0
activiti,5767,0,0.64996576,1
activiti,6157,0,0.45956272,0
activiti,6684,0,0.7066775,1
activiti,6391,0,0.5111883,1
activiti,6888,0,0.6167736,1
activiti,7296,0,0.43588725,0
activiti,5732,0,0.41907686,0
activiti,5405,0,0.3050034,0
activiti,6879,0,0.79189414,1
activiti,5788,1,0.32981235,0
activiti,6091,0,0.7563103,1
activiti,6285,0,0.5932031,1
activiti,5884,0,0.44965953,0
activiti,5613,0,0.61691767,1
activiti,5402,0,0.42309397,0
activiti,5628,0,0.4786194,0
activiti,6688,0,0.495529,0
activiti,6127,0,0.6652329,1
activiti,6274,0,0.66451323,1
activiti,7226,0,0.650392,1
activiti,7270,0,0.013934578,0
activiti,7304,0,0.55801743,1
activiti,6407,0,0.3683782,0
activiti,5845,0,0.6255773,1
activiti,6564,0,0.7274325,1
activiti,7124,0,0.59255844,1
activiti,7333,0,0.52165216,1
activiti,6136,0,0.58632034,1
activiti,6856,0,0.51478297,1
activiti,5507,0,0.36655703,0
activiti,5676,0,0.73572314,1
activiti,6736,0,0.6049916,1
activiti,7010,0,0.0065644854,0
activiti,5532,0,0.53766364,1
activiti,6832,0,0.50161844,1
activiti,6329,0,0.4950369,0
activiti,6919,0,0.4871433,0
activiti,6977,0,0.59565145,1
activiti,5644,0,0.34111485,0
activiti,5798,0,0.56029105,1
activiti,7034,0,0.5496949,1
activiti,6849,0,0.50941455,1
activiti,6524,0,0.37358364,0
activiti,5513,0,0.02596492,0
activiti,6227,0,0.37340236,0
activiti,6411,0,0.2962438,0
activiti,5885,0,0.61359185,1
activiti,5668,0,0.6933536,1
activiti,6605,0,0.53220874,1
activiti,6214,0,0.47152537,0
activiti,6202,0,0.25860167,0
activiti,7346,0,0.53224653,1
activiti,6902,0,0.6528136,1
activiti,6114,0,0.57684374,1
activiti,5593,0,0.30641162,0
activiti,6187,0,0.7844941,1
activiti,5879,0,0.48622632,0
activiti,7425,0,0.76187044,1
activiti,6842,0,0.5630365,1
activiti,5996,0,0.3604283,0
activiti,6666,0,0.4058003,0
activiti,5483,0,0.42799902,0
activiti,6494,0,0.7428449,1
activiti,6241,0,0.63159543,1
activiti,6502,0,0.30518788,0
activiti,5761,0,0.5266987,1
activiti,7117,0,0.25909722,0
activiti,7349,0,0.5312517,1
activiti,6182,0,0.74597394,1
activiti,5466,0,0.399142,0
activiti,5682,0,0.65850705,1
activiti,5636,0,0.6211667,1
activiti,6185,0,0.80005836,1
activiti,7338,0,0.7050226,1
activiti,6144,0,0.5991161,1
activiti,6168,0,0.642127,1
activiti,6551,0,0.48817217,0
activiti,6541,0,0.34833145,0
activiti,7299,0,0.58424366,1
activiti,6583,0,0.41572404,0
activiti,6646,1,0.54581815,1
activiti,5435,0,0.0013831471,0
activiti,5727,0,0.6357626,1
activiti,5492,0,0.1159716,0
activiti,6223,0,0.1749051,0
activiti,6752,0,0.6073205,1
activiti,5413,0,0.44082353,0
activiti,5810,0,0.44585687,0
activiti,7402,0,0.2644408,0
activiti,6147,0,0.6661748,1
activiti,5734,0,0.244366,0
activiti,6369,1,0.5673896,1
activiti,7243,0,0.34595695,0
activiti,5805,0,0.209461,0
activiti,6033,0,0.5103066,1
activiti,6170,0,0.6652329,1
activiti,5801,0,0.2203483,0
activiti,6671,0,0.7176453,1
activiti,5789,1,0.42745465,0
activiti,6151,0,0.5244108,1
activiti,6473,0,0.38933092,0
activiti,6373,0,0.4862189,0
activiti,7260,0,0.0144133605,0
activiti,6139,0,0.57660615,1
activiti,7250,0,0.3199826,0
activiti,6224,0,0.011669206,0
activiti,5654,0,0.66500056,1
activiti,6578,0,0.3778702,0
activiti,6030,0,0.34165418,0
activiti,5602,0,0.31707442,0
activiti,6040,0,0.5634026,1
activiti,6773,0,0.59121424,1
activiti,6018,0,0.58632404,1
activiti,7233,0,0.3286113,0
activiti,7030,0,0.5391924,1
activiti,6349,0,0.68495876,1
activiti,6072,0,0.7830757,1
activiti,7324,0,0.30934495,0
activiti,6639,0,0.5050513,1
activiti,6595,0,0.76280093,1
activiti,7286,0,0.74883425,1
activiti,7101,0,0.3028915,0
activiti,7321,0,0.50929594,1
activiti,6959,0,0.34875998,0
activiti,6851,0,0.48206484,0
activiti,7126,0,0.55985785,1
activiti,7236,0,0.8698937,1
activiti,7385,0,0.5047767,1
activiti,6558,0,0.5565231,1
activiti,6790,0,0.5693432,1
activiti,7388,0,0.5773939,1
activiti,6885,0,0.63563365,1
activiti,6338,0,0.7772629,1
activiti,6816,0,0.55156326,1
activiti,7378,0,0.7475735,1
activiti,6447,0,0.48670128,0
activiti,6417,0,0.54383725,1
activiti,5484,0,0.011957835,0
activiti,5694,0,0.4352165,0
activiti,6922,0,0.57468605,1
activiti,5912,0,0.6685605,1
activiti,6222,0,0.67290646,1
activiti,6425,0,0.57406527,1
activiti,6651,0,0.55895656,1
activiti,6119,0,0.55842733,1
activiti,5589,0,0.58443993,1
activiti,6143,0,0.5991161,1
activiti,6678,0,0.47003588,0
activiti,7223,0,0.30694073,0
activiti,6592,0,0.53962404,1
activiti,6378,0,0.4999323,0
activiti,5449,0,0.399142,0
activiti,5557,0,0.2243935,0
activiti,7368,0,0.4532407,0
activiti,6057,0,0.45110384,0
activiti,5572,0,0.29779682,0
activiti,6418,0,0.6139761,1
activiti,5594,0,0.33535236,0
activiti,5903,0,0.63789564,1
activiti,5392,0,0.8289015,1
activiti,5566,0,0.4919387,0
activiti,6532,0,0.5905443,1
alluxio,22198,1,0.20886172,0
alluxio,22183,0,0.024918063,0
alluxio,22171,0,0.0063730483,0
alluxio,22227,0,0.0067857723,0
alluxio,22148,0,0.008321612,0
alluxio,22187,0,0.014422508,0
alluxio,22209,1,0.02996612,0
alluxio,22208,1,0.020798381,0
alluxio,22083,1,0.10320934,0
alluxio,22194,1,0.5699027,1
alluxio,22169,0,0.017397644,0
alluxio,22142,0,0.0029315113,0
alluxio,22234,1,0.018637424,0
alluxio,22050,0,0.0052582896,0
alluxio,22089,1,0.102234356,0
alluxio,22195,1,0.08405309,0
alluxio,22160,0,0.005740468,0
alluxio,22121,1,0.08892665,0
alluxio,22226,0,0.015060563,0
alluxio,22113,1,0.22808811,0
alluxio,22186,0,0.009759216,0
alluxio,22133,1,0.03385719,0
alluxio,22097,1,0.07922603,0
alluxio,22117,1,0.0778481,0
alluxio,22161,0,0.011621491,0
alluxio,22220,1,0.020798381,0
alluxio,22151,0,0.00238901,0
alluxio,22056,1,0.32074207,0
alluxio,22119,1,0.0387981,0
alluxio,22206,1,0.016793912,0
alluxio,22152,0,0.006893025,0
alluxio,22210,1,0.030977273,0
alluxio,22153,0,0.007131054,0
alluxio,22058,1,0.20137863,0
alluxio,22114,1,0.47788486,0
alluxio,22215,1,0.324716,0
alluxio,22178,0,0.01634613,0
alluxio,22146,0,0.0023136805,0
alluxio,22191,1,0.0635112,0
alluxio,22074,1,0.8249153,1
alluxio,22141,0,0.01554634,0
alluxio,22106,1,0.20239618,0
alluxio,22144,0,0.005337805,0
alluxio,22110,1,0.06530536,0
alluxio,22205,1,0.049559712,0
alluxio,22099,1,0.065530166,0
alluxio,22232,1,0.014858561,0
alluxio,22179,0,0.012532121,0
alluxio,22188,0,0.015749723,0
alluxio,22228,0,0.007088544,0
alluxio,22230,0,0.049563106,0
alluxio,22094,1,0.07758869,0
alluxio,22207,1,0.02272312,0
alluxio,22175,0,0.0063730483,0
alluxio,22104,1,0.22190018,0
alluxio,22159,0,0.023255136,0
alluxio,22211,1,0.03301964,0
alluxio,22158,0,0.005740468,0
alluxio,22057,1,0.22697815,0
alluxio,22123,1,0.8849116,1
alluxio,22061,1,0.45622203,0
alluxio,22136,0,0.0023136805,0
alluxio,22108,1,0.044938527,0
alluxio,22224,0,0.0038757906,0
alluxio,22140,0,0.0026713246,0
alluxio,22085,1,0.09571414,0
alluxio,22060,1,0.663972,1
alluxio,22077,1,0.17557105,0
alluxio,22166,0,0.0024899228,0
alluxio,22131,1,0.60357964,1
alluxio,22115,1,0.048236378,0
alluxio,22189,0,0.080426455,0
alluxio,22096,1,0.04522861,0
alluxio,22052,0,0.05489403,0
alluxio,22174,0,0.013783711,0
alluxio,22051,0,0.007600038,0
alluxio,22118,1,0.340143,0
alluxio,22122,1,0.1635463,0
alluxio,22219,1,0.0057782517,0
alluxio,22155,0,0.0013202978,0
alluxio,22112,1,0.20239618,0
alluxio,22059,1,0.68585247,1
alluxio,22180,0,0.042767983,0
alluxio,22109,1,0.042466898,0
alluxio,22203,1,0.022385193,0
alluxio,22172,0,0.004874504,0
alluxio,22143,0,0.0074725454,0
alluxio,22212,1,0.019990722,0
alluxio,22196,1,0.09474702,0
alluxio,22081,1,0.15496543,0
alluxio,22154,0,0.10421891,0
alluxio,22147,0,0.0016465598,0
alluxio,22200,1,0.2755806,0
alluxio,22130,0,0.009246217,0
alluxio,22082,1,0.116031736,0
alluxio,22073,1,0.8563735,1
alluxio,22065,1,0.7006412,1
alluxio,22134,0,0.027221262,0
alluxio,22214,1,0.024983374,0
alluxio,22167,0,0.054047745,0
alluxio,22086,1,0.56132704,1
alluxio,22076,1,0.20663777,0
alluxio,22098,1,0.769251,1
alluxio,22092,1,0.089599036,0
alluxio,22192,1,0.28252766,0
alluxio,22107,1,0.22190018,0
alluxio,22163,0,0.007131054,0
alluxio,22111,1,0.20239618,0
alluxio,22079,1,0.8650184,1
alluxio,22127,1,0.08386534,0
alluxio,22135,0,0.0024912723,0
alluxio,22170,0,0.0132341,0
alluxio,22078,1,0.52854574,1
alluxio,22177,0,0.077597566,0
alluxio,22125,1,0.072483994,0
alluxio,22201,1,0.26848206,0
alluxio,22204,1,0.46518987,0
alluxio,22181,0,0.0062915236,0
alluxio,22087,1,0.39920172,0
alluxio,22067,1,0.86656594,1
alluxio,22157,0,0.002383221,0
alluxio,22101,1,0.065979995,0
alluxio,22165,0,0.010910774,0
alluxio,22225,0,0.050523367,0
alluxio,22080,1,0.10320934,0
alluxio,22185,0,0.0052183433,0
alluxio,22126,1,0.084269814,0
alluxio,22138,0,0.0016909087,0
alluxio,22095,1,0.552378,1
alluxio,22173,0,0.020382827,0
alluxio,22068,1,0.08841488,0
alluxio,22150,0,0.00238901,0
alluxio,22093,1,0.03923728,0
alluxio,22199,1,0.102433294,0
alluxio,22054,0,0.021105101,0
alluxio,22084,1,0.9325976,1
alluxio,22168,0,0.024399078,0
alluxio,22162,0,0.010910774,0
alluxio,22102,1,0.065530166,0
alluxio,22105,1,0.22190018,0
alluxio,22100,1,0.065530166,0
alluxio,22229,0,0.0529314,0
alluxio,22088,1,0.3557426,0
alluxio,22164,0,0.0043426827,0
alluxio,22103,1,0.18538408,0
alluxio,22190,1,0.24774483,0
alluxio,22069,1,0.7026903,1
alluxio,22139,0,0.056505498,0
alluxio,22090,1,0.68576765,1
alluxio,22216,1,0.011992471,0
alluxio,22222,1,0.029426083,0
alluxio,22132,1,0.0419093,0
alluxio,22062,1,0.7721398,1
alluxio,22202,1,0.16339442,0
alluxio,22124,1,0.098197296,0
alluxio,22218,1,0.020047486,0
alluxio,22128,1,0.11146297,0
alluxio,22184,0,0.0052183433,0
alluxio,22223,0,0.0124589605,0
alluxio,22055,1,0.83956283,1
alluxio,22091,1,0.045956474,0
alluxio,22197,1,0.16088189,0
alluxio,22116,1,0.4688892,0
alluxio,22193,1,0.08778674,0
alluxio,22156,0,0.006076961,0
alluxio,22233,1,0.51067233,1
alluxio,22235,1,0.48409453,0
alluxio,22063,1,0.6417217,1
alluxio,22066,1,0.23017646,0
ambari,7663,0,0.0060425396,0
ambari,7679,0,0.47813424,0
ambari,7454,0,0.98105997,1
ambari,7488,0,0.4039613,0
ambari,7752,0,0.6468297,1
ambari,7694,0,0.84209865,1
ambari,7683,0,0.9478849,1
ambari,7713,0,0.008525225,0
ambari,7716,0,0.11888873,0
ambari,7635,0,0.005602524,0
ambari,7505,0,0.057761345,0
ambari,7699,0,0.51743656,1
ambari,7649,0,0.09540624,0
ambari,7702,0,0.009952127,0
ambari,7611,0,0.021418722,0
ambari,7577,1,0.8343037,1
ambari,7573,1,0.6010911,1
ambari,7568,1,0.99332917,1
ambari,7582,1,0.97545207,1
ambari,7748,0,0.61678743,1
ambari,7608,0,0.748539,1
ambari,7675,0,0.01971402,0
ambari,7485,0,0.007450386,0
ambari,7560,1,0.9925721,1
ambari,7593,1,0.95985097,1
ambari,7507,0,0.018790726,0
ambari,7662,0,0.0042668665,0
ambari,7561,1,0.864621,1
ambari,7701,0,0.9701505,1
ambari,7749,0,0.98313695,1
ambari,7552,1,0.99022394,1
ambari,7739,0,0.5269913,1
ambari,7707,0,0.88301677,1
ambari,7464,1,0.9250269,1
ambari,7559,1,0.8533429,1
ambari,7689,1,0.34995416,0
ambari,7461,0,0.9960323,1
ambari,7570,1,0.99466187,1
ambari,7588,1,0.9855003,1
ambari,7472,0,0.3332889,0
ambari,7717,0,0.8514043,1
ambari,7508,0,0.0725505,0
ambari,7727,0,0.9534336,1
ambari,7628,0,0.089838654,0
ambari,7596,1,0.23824093,0
ambari,7465,0,0.99450076,1
ambari,7491,0,0.15129487,0
ambari,7574,1,0.4183091,0
ambari,7677,0,0.9827208,1
ambari,7440,0,0.3604209,0
ambari,7514,0,0.029393656,0
ambari,7620,0,0.26459107,0
ambari,7437,0,0.39615503,0
ambari,7539,0,0.109574415,0
ambari,7660,0,0.0020969862,0
ambari,7501,0,0.4535172,0
ambari,7584,1,0.830908,1
ambari,7721,0,0.48268834,0
ambari,7545,0,0.020437606,0
ambari,7567,1,0.28256175,0
ambari,7659,0,0.0017137758,0
ambari,7544,0,0.019335106,0
ambari,7633,0,0.0016226548,0
ambari,7738,0,0.9934457,1
ambari,7493,0,0.13276733,0
ambari,7546,0,0.041528188,0
ambari,7502,0,0.06918125,0
ambari,7741,0,0.9807734,1
ambari,7724,0,0.58115506,1
ambari,7482,0,0.040579855,0
ambari,7712,0,0.0192166,0
ambari,7538,0,0.3414544,0
ambari,7603,0,0.04842006,0
ambari,7705,0,0.66170484,1
ambari,7473,0,0.28581008,0
ambari,7515,0,0.018102951,0
ambari,7692,0,0.011781412,0
ambari,7529,0,0.08602055,0
ambari,7569,1,0.994898,1
ambari,7462,0,0.98023593,1
ambari,7562,1,0.9916979,1
ambari,7487,0,0.086719766,0
ambari,7668,0,0.006340802,0
ambari,7486,0,0.08756301,0
ambari,7580,1,0.97635686,1
ambari,7530,0,0.08871663,0
ambari,7733,0,0.66214675,1
ambari,7532,0,0.03262443,0
ambari,7576,1,0.8745786,1
ambari,7548,0,0.014641129,0
ambari,7600,0,0.0037404809,0
ambari,7638,0,0.044404615,0
ambari,7653,0,0.0042565265,0
ambari,7592,1,0.26403955,0
ambari,7543,0,0.091366686,0
ambari,7467,0,0.21186122,0
ambari,7509,0,0.08602055,0
ambari,7587,1,0.9920294,1
ambari,7626,0,0.005743778,0
ambari,7601,0,0.12662818,0
ambari,7438,0,0.9179505,1
ambari,7442,0,0.9872323,1
ambari,7652,0,0.0042668665,0
ambari,7734,0,0.74439406,1
ambari,7688,0,0.16647404,0
ambari,7516,0,0.02033774,0
ambari,7631,0,0.01072888,0
ambari,7591,1,0.86667275,1
ambari,7524,0,0.037279315,0
ambari,7745,0,0.9864964,1
ambari,7612,0,0.053362858,0
ambari,7594,1,0.24424365,0
ambari,7510,0,0.038875513,0
ambari,7474,0,0.1618247,0
ambari,7622,0,0.057368893,0
ambari,7647,0,0.0017137758,0
ambari,7551,1,0.9590354,1
ambari,7526,0,0.018790726,0
ambari,7456,0,0.7594758,1
ambari,7670,0,0.017080497,0
ambari,7708,0,0.59505206,1
ambari,7664,0,0.0017137758,0
ambari,7726,0,0.9857159,1
ambari,7725,0,0.5023268,1
ambari,7457,0,0.8195212,1
ambari,7758,0,0.87852037,1
ambari,7463,0,0.9871115,1
ambari,7557,1,0.6295945,1
ambari,7446,0,0.05159939,0
ambari,7711,0,0.006151217,0
ambari,7564,1,0.992543,1
ambari,7540,0,0.019335106,0
ambari,7481,0,0.004374255,0
ambari,7696,0,0.00925658,0
ambari,7616,0,0.008276633,0
ambari,7629,0,0.0016226548,0
ambari,7759,0,0.7479658,1
ambari,7691,0,0.03666954,0
ambari,7470,0,0.05485182,0
ambari,7489,0,0.2295154,0
ambari,7627,0,0.07203322,0
ambari,7637,0,0.024775758,0
ambari,7742,0,0.86015797,1
ambari,7740,0,0.25700897,0
ambari,7646,0,0.0047020307,0
ambari,7512,0,0.016922375,0
ambari,7513,0,0.36733642,0
ambari,7718,0,0.9938232,1
ambari,7681,0,0.9841399,1
ambari,7643,0,0.008422196,0
ambari,7477,0,0.0321928,0
ambari,7500,0,0.15129487,0
ambari,7444,0,0.7123274,1
ambari,7455,0,0.9823241,1
ambari,7511,0,0.37930918,0
ambari,7625,0,0.16308609,0
ambari,7746,0,0.5483262,1
ambari,7698,0,0.0154516,0
ambari,7605,0,0.40752497,0
ambari,7754,0,0.98783654,1
ambari,7657,0,0.0017137758,0
ambari,7607,0,0.0166009,0
ambari,7706,0,0.82275826,1
ambari,7478,0,0.46039718,0
ambari,7703,0,0.07365356,0
ambari,7728,0,0.9908153,1
ambari,7447,0,0.085824884,0
ambari,7547,0,0.15221307,0
ambari,7751,0,0.59316146,1
ambari,7451,0,0.95019686,1
ambari,7492,0,0.07609392,0
ambari,7599,0,0.16667783,0
ambari,7563,1,0.9900849,1
ambari,7743,0,0.9926254,1
ambari,7450,0,0.9635845,1
ambari,7537,0,0.13932928,0
ambari,7654,0,0.0017137758,0
ambari,7452,1,0.7475991,1
ambari,7449,0,0.049725447,0
ambari,7747,0,0.8202066,1
ambari,7606,0,0.0050211237,0
ambari,7723,0,0.29410133,0
ambari,7558,1,0.26403955,0
ambari,7475,0,0.32154882,0
ambari,7469,0,0.11456892,0
ambari,7581,1,0.88123035,1
ambari,7678,0,0.5239613,1
ambari,7566,1,0.91430986,1
ambari,7617,0,0.84898204,1
ambari,7589,1,0.9852282,1
ambari,7586,1,0.9662837,1
ambari,7737,0,0.909912,1
ambari,7471,0,0.08752158,0
ambari,7684,0,0.5253113,1
ambari,7722,0,0.78332496,1
ambari,7518,0,0.23708227,0
ambari,7674,0,0.0059805512,0
ambari,7639,0,0.0016226548,0
ambari,7534,0,0.98679394,1
ambari,7497,0,0.15129487,0
ambari,7650,0,0.0042668665,0
ambari,7531,0,0.15652688,0
ambari,7641,0,0.0020969862,0
ambari,7490,0,0.11907484,0
ambari,7527,0,0.019335106,0
ambari,7521,0,0.014700566,0
ambari,7732,0,0.9765356,1
ambari,7496,0,0.2863919,0
ambari,7495,0,0.067343704,0
ambari,7441,0,0.5402001,1
ambari,7656,0,0.0056047854,0
ambari,7719,0,0.98395306,1
ambari,7700,0,0.96556604,1
ambari,7523,0,0.109574415,0
ambari,7453,0,0.9634402,1
ambari,7685,0,0.21112527,0
ambari,7536,0,0.29631984,0
ambari,7673,0,0.004213809,0
ambari,7756,0,0.94056284,1
ambari,7624,0,0.2931282,0
ambari,7648,0,0.0017137758,0
ambari,7595,1,0.24424365,0
ambari,7666,0,0.0042668665,0
ambari,7667,0,0.0017137758,0
ambari,7436,0,0.95586085,1
ambari,7655,0,0.0017137758,0
ambari,7494,0,0.13374615,0
ambari,7443,0,0.9094186,1
ambari,7549,1,0.44065768,0
ambari,7550,1,0.99340796,1
ambari,7704,0,0.06886145,0
ambari,7590,1,0.88123035,1
ambari,7729,0,0.99509853,1
ambari,7731,0,0.74457294,1
ambari,7710,0,0.09261893,0
ambari,7519,0,0.08602055,0
ambari,7533,0,0.032905474,0
ambari,7499,0,0.18077295,0
ambari,7579,1,0.8867038,1
ambari,7575,1,0.66688293,1
ambari,7750,0,0.9834139,1
ambari,7686,0,0.24954633,0
ambari,7676,0,0.1176622,0
ambari,7522,0,0.018790726,0
ambari,7658,0,0.0042668665,0
ambari,7598,0,0.013572551,0
ambari,7503,0,0.36733642,0
ambari,7645,0,0.017572042,0
ambari,7458,0,0.8195212,1
ambari,7479,0,0.0058227717,0
ambari,7630,0,0.04697321,0
ambari,7736,0,0.99137324,1
ambari,7466,0,0.45730883,0
ambari,7506,0,0.07487691,0
ambari,7665,0,0.0017137758,0
ambari,7525,0,0.024008216,0
ambari,7610,0,0.01214693,0
ambari,7476,0,0.43275118,0
ambari,7448,0,0.119639084,0
ambari,7640,0,0.09626077,0
ambari,7571,1,0.88793725,1
ambari,7693,0,0.3415831,0
ambari,7687,0,0.37028852,0
ambari,7672,0,0.004919599,0
ambari,7636,0,0.0033195175,0
ambari,7615,0,0.050138086,0
ambari,7597,0,0.11604006,0
ambari,7730,0,0.33323967,0
ambari,7609,0,0.024847886,0
ambari,7535,0,0.97867787,1
ambari,7695,0,0.06630981,0
ambari,7661,0,0.0017137758,0
ambari,7614,0,0.08666588,0
ambari,7621,0,0.028180216,0
ambari,7553,1,0.41859055,0
ambari,7528,0,0.049626794,0
ambari,7619,0,0.46190226,0
ambari,7634,0,0.04697321,0
ambari,7604,0,0.005696144,0
ambari,7720,0,0.9938066,1
ambari,7585,1,0.21490337,0
ambari,7439,0,0.9564255,1
ambari,7504,0,0.06918125,0
ambari,7541,0,0.020032546,0
ambari,7578,1,0.85672945,1
ambari,7618,0,0.27400455,0
ambari,7690,1,0.023934593,0
ambari,7460,0,0.9099745,1
ambari,7744,0,0.98178375,1
ambari,7642,0,0.36031193,0
ambari,7554,1,0.984885,1
ambari,7753,0,0.9889079,1
assertj-core,11403,0,0.39957654,0
assertj-core,13055,0,0.21255733,0
assertj-core,15483,0,0.44863743,0
assertj-core,11876,0,0.16674332,0
assertj-core,14631,0,0.0140196085,0
assertj-core,11588,0,0.045477223,0
assertj-core,14232,0,0.025499515,0
assertj-core,14610,0,0.016370753,0
assertj-core,16062,0,0.42236626,0
assertj-core,12156,0,0.2877928,0
assertj-core,14548,0,0.51410013,1
assertj-core,13494,0,0.0031705468,0
assertj-core,12800,0,0.0029816309,0
assertj-core,15454,0,0.015223609,0
assertj-core,12009,0,0.30207738,0
assertj-core,15879,0,0.26344442,0
assertj-core,14607,0,0.072314575,0
assertj-core,16964,0,0.049345866,0
assertj-core,13417,0,0.0007217646,0
assertj-core,13173,0,0.013513416,0
assertj-core,11699,0,0.25899294,0
assertj-core,13626,0,0.012672697,0
assertj-core,16811,0,0.0021736678,0
assertj-core,17185,0,0.0014004869,0
assertj-core,17191,0,0.010226945,0
assertj-core,11198,0,0.48470953,0
assertj-core,14923,0,0.0023169715,0
assertj-core,12422,0,0.30207738,0
assertj-core,12441,0,0.04837716,0
assertj-core,12694,0,0.029219903,0
assertj-core,15592,0,0.103709854,0
assertj-core,16581,0,0.0013901733,0
assertj-core,12073,0,0.044874437,0
assertj-core,11329,0,0.0009890684,0
assertj-core,16012,0,0.00067998085,0
assertj-core,14945,0,0.15660572,0
assertj-core,11884,0,0.044874437,0
assertj-core,12863,0,0.026941035,0
assertj-core,15954,0,0.45580626,0
assertj-core,14567,0,0.42236626,0
assertj-core,15361,0,0.2278009,0
assertj-core,15133,0,0.030920409,0
assertj-core,13221,0,0.03521385,0
assertj-core,15119,0,0.04070811,0
assertj-core,13362,0,0.009871411,0
assertj-core,14334,0,0.011246586,0
assertj-core,14241,0,0.101862885,0
assertj-core,12742,0,0.033849783,0
assertj-core,12304,0,0.051042214,0
assertj-core,13992,0,0.30267772,0
assertj-core,11145,0,0.012942993,0
assertj-core,15714,0,0.028148834,0
assertj-core,15040,0,0.012798982,0
assertj-core,11793,0,0.2571454,0
assertj-core,16463,0,0.117226444,0
assertj-core,12148,0,0.27571875,0
assertj-core,14480,0,0.022955874,0
assertj-core,11321,0,0.0027454786,0
assertj-core,14765,0,0.0015301562,0
assertj-core,13720,0,0.021461586,0
assertj-core,11454,0,0.05676579,0
assertj-core,11509,0,0.27571875,0
assertj-core,15908,0,0.038148757,0
assertj-core,14719,0,0.14322957,0
assertj-core,14177,0,0.0012156316,0
assertj-core,11763,0,0.06701071,0
assertj-core,16160,0,0.0014634423,0
assertj-core,11334,0,0.17819805,0
assertj-core,16334,0,0.1304261,0
assertj-core,16661,0,0.44418877,0
assertj-core,15481,0,0.0009974369,0
assertj-core,12048,0,0.41397446,0
assertj-core,12443,0,0.061137322,0
assertj-core,13169,0,0.0022998771,0
assertj-core,15897,0,0.0069831517,0
assertj-core,13615,0,0.36335558,0
assertj-core,14036,0,0.0030635858,0
assertj-core,16534,0,0.015775586,0
assertj-core,15916,0,0.00075485115,0
assertj-core,16380,0,0.003265622,0
assertj-core,11422,0,0.017502865,0
assertj-core,16990,0,0.056590058,0
assertj-core,11366,0,0.05800552,0
assertj-core,15482,0,0.053235665,0
assertj-core,13631,0,0.0015488908,0
assertj-core,14737,0,0.0051382994,0
assertj-core,12737,0,0.030522184,0
assertj-core,15544,0,0.029331172,0
assertj-core,13302,0,0.20998873,0
assertj-core,13614,0,0.0069831517,0
assertj-core,11925,0,0.41397446,0
assertj-core,14349,0,0.012158322,0
assertj-core,12376,0,0.37387902,0
assertj-core,12496,0,0.2029356,0
assertj-core,16747,0,0.026039157,0
assertj-core,15468,0,0.0022890521,0
assertj-core,11182,0,0.011748614,0
assertj-core,13476,0,0.092374764,0
assertj-core,14062,0,0.0013692036,0
assertj-core,15519,0,0.0024597254,0
assertj-core,15001,0,0.013095418,0
assertj-core,16479,0,0.008197441,0
assertj-core,15304,0,0.008140625,0
assertj-core,16999,0,0.001837221,0
assertj-core,16132,0,0.02741366,0
assertj-core,17073,0,0.15010615,0
assertj-core,13128,0,0.092374764,0
assertj-core,15020,0,0.09358928,0
assertj-core,11178,0,0.18717083,0
assertj-core,15152,0,0.0015301562,0
assertj-core,12728,0,0.0054870206,0
assertj-core,16172,0,0.05063819,0
assertj-core,17025,0,0.002076283,0
assertj-core,14709,0,0.021720314,0
assertj-core,15484,0,0.0011605104,0
assertj-core,16822,0,0.0009887476,0
assertj-core,15580,0,0.34274852,0
assertj-core,17362,0,0.0065749916,0
assertj-core,13513,0,0.4006902,0
assertj-core,16575,0,0.018943299,0
assertj-core,16327,0,0.010453305,0
assertj-core,15443,0,0.008988002,0
assertj-core,11138,0,0.028617457,0
assertj-core,13483,0,0.03173383,0
assertj-core,13166,0,0.0009887476,0
assertj-core,15641,0,0.0010398028,0
assertj-core,13289,0,0.06752755,0
assertj-core,12003,0,0.30207738,0
assertj-core,11473,0,0.35793215,0
assertj-core,13866,0,0.07411884,0
assertj-core,15059,0,0.0017539405,0
assertj-core,13435,0,0.16237867,0
assertj-core,16043,0,0.014188437,0
assertj-core,17004,0,0.0014042859,0
assertj-core,11579,0,0.30207738,0
assertj-core,16806,0,0.0018102971,0
assertj-core,17092,0,0.016855814,0
assertj-core,13823,0,0.41110945,0
assertj-core,13286,0,0.057052474,0
assertj-core,15331,0,0.0052768816,0
assertj-core,14927,0,0.0009887476,0
assertj-core,13643,0,0.016703842,0
assertj-core,11495,0,0.41397446,0
assertj-core,11390,0,0.06147723,0
assertj-core,14409,0,0.017149882,0
assertj-core,12750,0,0.072110884,0
assertj-core,12381,0,0.0031127143,0
assertj-core,13817,0,0.0013394335,0
assertj-core,17360,0,0.008942577,0
assertj-core,14246,0,0.0025284858,0
assertj-core,11818,0,0.2687079,0
assertj-core,11402,0,0.03772605,0
assertj-core,13846,0,0.36287183,0
assertj-core,14603,0,0.038470004,0
assertj-core,16475,0,0.02508149,0
assertj-core,12118,0,0.31480405,0
assertj-core,12866,0,0.18777774,0
assertj-core,15601,0,0.062544145,0
assertj-core,13218,0,0.0011288482,0
assertj-core,16707,0,0.0011321225,0
assertj-core,15703,0,0.02275213,0
assertj-core,17390,0,0.01890333,0
assertj-core,13768,0,0.0024475455,0
assertj-core,13484,0,0.0013058205,0
assertj-core,11320,0,0.18359655,0
assertj-core,12946,0,0.22801957,0
assertj-core,15126,0,0.05098645,0
assertj-core,12016,0,0.0065828357,0
assertj-core,13361,0,0.0018399714,0
assertj-core,12609,0,0.30207738,0
assertj-core,16613,0,0.0007217646,0
assertj-core,12689,0,0.39957654,0
assertj-core,14696,0,0.0022452285,0
assertj-core,16263,0,0.092374764,0
assertj-core,14107,0,0.0069831517,0
assertj-core,14015,0,0.007681404,0
assertj-core,16983,0,0.5222924,1
assertj-core,12201,0,0.032828335,0
assertj-core,12912,0,0.05783751,0
assertj-core,14872,0,0.03407689,0
assertj-core,11838,0,0.07218608,0
assertj-core,16528,0,0.44940495,0
assertj-core,16615,0,0.0007217646,0
assertj-core,14007,0,0.10924078,0
assertj-core,12761,0,0.27060825,0
assertj-core,12450,0,0.174521,0
assertj-core,16724,0,0.012488893,0
assertj-core,13789,0,0.02676666,0
assertj-core,12596,0,0.060156547,0
assertj-core,13871,0,0.38754964,0
assertj-core,17168,0,0.010226945,0
assertj-core,17289,0,0.027524643,0
assertj-core,15296,0,0.14639547,0
assertj-core,16607,0,0.103709854,0
assertj-core,14285,0,0.0015616526,0
assertj-core,12655,0,0.39957654,0
assertj-core,17021,0,0.007195559,0
assertj-core,12097,0,0.037420735,0
assertj-core,11867,0,0.20813313,0
assertj-core,16116,0,0.0048512737,0
assertj-core,14517,0,0.1347086,0
assertj-core,11387,0,0.67469275,1
assertj-core,15668,0,0.10921843,0
assertj-core,14738,0,0.065125994,0
assertj-core,12134,0,0.31480405,0
assertj-core,12000,0,0.05434768,0
assertj-core,15275,0,0.5078565,1
assertj-core,13676,0,0.0016563216,0
assertj-core,15068,0,0.005175176,0
assertj-core,12483,0,0.013140358,0
assertj-core,14717,0,0.2278009,0
assertj-core,13400,0,0.0012697042,0
assertj-core,17255,0,0.07856778,0
assertj-core,15585,0,0.014623218,0
assertj-core,13385,0,0.006023216,0
assertj-core,14010,0,0.002032506,0
assertj-core,12850,0,0.108487606,0
assertj-core,14425,0,0.012158322,0
assertj-core,13210,0,0.14460503,0
assertj-core,17351,0,0.0019283143,0
assertj-core,16858,0,0.280368,0
assertj-core,11998,0,0.05434768,0
assertj-core,14940,0,0.012158322,0
assertj-core,16358,0,0.07009942,0
assertj-core,15805,0,0.01403438,0
assertj-core,16754,0,0.014451228,0
assertj-core,16066,0,0.009499015,0
assertj-core,15960,0,0.001918191,0
assertj-core,16355,0,0.08965998,0
assertj-core,13788,0,0.15029168,0
assertj-core,16541,0,0.18904743,0
assertj-core,12505,0,0.04957862,0
assertj-core,15437,0,0.007882279,0
assertj-core,12947,0,0.028668836,0
assertj-core,14236,0,0.101862885,0
assertj-core,11648,0,0.072110884,0
assertj-core,13298,0,0.0008834102,0
assertj-core,13409,0,0.057747852,0
assertj-core,14692,0,0.0011515669,0
assertj-core,14555,0,0.028148834,0
assertj-core,15380,0,0.07890666,0
assertj-core,15722,0,0.35394034,0
assertj-core,13957,0,0.0046333694,0
assertj-core,15651,0,0.08955642,0
assertj-core,12550,0,0.39957654,0
assertj-core,12805,0,0.07898301,0
assertj-core,11359,0,0.08016464,0
assertj-core,16695,0,0.5222924,1
assertj-core,14560,0,0.0013394335,0
assertj-core,13939,0,0.0016563216,0
assertj-core,16772,0,0.0010436674,0
assertj-core,17044,0,0.0009655084,0
assertj-core,13388,0,0.092374764,0
assertj-core,16320,0,0.0017615905,0
assertj-core,17089,0,0.015288238,0
assertj-core,13060,0,0.028458372,0
assertj-core,15003,0,0.070976324,0
assertj-core,11995,0,0.31480405,0
assertj-core,13710,0,0.06692937,0
assertj-core,13098,0,0.06399756,0
assertj-core,12197,0,0.032828335,0
assertj-core,12474,0,0.22387132,0
assertj-core,12699,0,0.34433818,0
assertj-core,16120,0,0.002101167,0
assertj-core,11406,0,0.0370384,0
assertj-core,13129,0,0.0016693177,0
assertj-core,15760,0,0.5222924,1
assertj-core,11481,0,0.35793215,0
assertj-core,15847,0,0.44211444,0
assertj-core,15509,0,0.09485781,0
assertj-core,15991,0,0.41110945,0
assertj-core,16916,0,0.001918191,0
assertj-core,15427,0,0.016740356,0
assertj-core,13765,0,0.0103604095,0
assertj-core,13880,0,0.021607958,0
assertj-core,16159,0,0.43634355,0
assertj-core,12985,0,0.0015444058,0
assertj-core,13860,0,0.0017586715,0
assertj-core,16362,0,0.004493132,0
assertj-core,14215,0,0.031526282,0
assertj-core,15471,0,0.019635063,0
assertj-core,17027,0,0.15999539,0
assertj-core,11385,0,0.015812855,0
assertj-core,13853,0,0.07173685,0
assertj-core,17106,0,0.033030216,0
assertj-core,13553,0,0.0063098366,0
assertj-core,15035,0,0.3410057,0
assertj-core,15942,0,0.006400512,0
assertj-core,15779,0,0.114056,0
assertj-core,13630,0,0.0017633792,0
assertj-core,14530,0,0.0011502008,0
assertj-core,16452,0,0.016424933,0
assertj-core,14372,0,0.0013846852,0
assertj-core,12374,0,0.39957654,0
assertj-core,14562,0,0.015472724,0
assertj-core,12646,0,0.0503615,0
assertj-core,12951,0,0.16897789,0
assertj-core,12075,0,0.044874437,0
assertj-core,16376,0,0.18800674,0
assertj-core,13485,0,0.0013783482,0
assertj-core,12997,0,0.001435509,0
assertj-core,17124,0,0.0058126003,0
assertj-core,16799,0,0.02564227,0
assertj-core,14745,0,0.37117958,0
assertj-core,17322,0,0.001996365,0
assertj-core,13981,0,0.05284456,0
assertj-core,12195,0,0.032828335,0
assertj-core,12392,0,0.31480405,0
assertj-core,12524,0,0.41489214,0
assertj-core,11803,0,0.2687079,0
assertj-core,16945,0,0.098452695,0
assertj-core,13870,0,0.007848452,0
assertj-core,17210,0,0.06074598,0
assertj-core,17099,0,0.015212412,0
assertj-core,15222,0,0.0022416029,0
assertj-core,11683,0,0.24178472,0
assertj-core,14735,0,0.007325351,0
assertj-core,12138,0,0.32029793,0
assertj-core,14733,0,0.005175176,0
assertj-core,16917,0,0.001918191,0
assertj-core,16973,0,0.0023856508,0
assertj-core,16115,0,0.060978893,0
assertj-core,14913,0,0.18325447,0
assertj-core,15268,0,0.03131146,0
assertj-core,15764,0,0.023175286,0
assertj-core,15998,0,0.27103916,0
assertj-core,16296,0,0.0015301562,0
assertj-core,13909,0,0.0008409879,0
assertj-core,17378,0,0.022580447,0
assertj-core,13235,0,0.0012139909,0
assertj-core,13010,0,0.297886,0
assertj-core,17339,0,0.15168478,0
assertj-core,16751,0,0.14460503,0
assertj-core,13999,0,0.21907562,0
assertj-core,15302,0,0.0009782773,0
assertj-core,11221,0,0.0022783568,0
assertj-core,12848,0,0.1411602,0
assertj-core,11564,0,0.032828335,0
assertj-core,11508,0,0.04837716,0
assertj-core,15854,0,0.0012505358,0
assertj-core,12319,0,0.4371907,0
assertj-core,11920,0,0.014387067,0
assertj-core,12683,0,0.30207738,0
assertj-core,12140,0,0.30207738,0
assertj-core,13139,0,0.01752033,0
assertj-core,12480,0,0.25740373,0
assertj-core,15794,0,0.021885723,0
assertj-core,16881,0,0.0015240272,0
assertj-core,16818,0,0.0015085127,0
assertj-core,13594,0,0.43634355,0
assertj-core,14602,0,0.073204435,0
assertj-core,14478,0,0.0016371134,0
assertj-core,12252,0,0.072110884,0
assertj-core,13266,0,0.34766796,0
assertj-core,11179,0,0.37990972,0
assertj-core,13618,0,0.023083461,0
assertj-core,14046,0,0.29562283,0
assertj-core,14287,0,0.0022452285,0
assertj-core,15233,0,0.0009224808,0
assertj-core,11310,0,0.18903472,0
assertj-core,14473,0,0.23169243,0
assertj-core,11609,0,0.27571875,0
assertj-core,15624,0,0.006361681,0
assertj-core,11242,0,0.03295694,0
assertj-core,13969,0,0.08624485,0
assertj-core,15338,0,0.10531448,0
assertj-core,14838,0,0.001307888,0
assertj-core,16936,0,0.0012227707,0
assertj-core,11328,0,0.15532877,0
assertj-core,16850,0,0.37279242,0
assertj-core,13703,0,0.0018426075,0
assertj-core,14474,0,0.02741366,0
assertj-core,15194,0,0.20732145,0
assertj-core,15176,0,0.05194792,0
assertj-core,15969,0,0.3220505,0
assertj-core,14565,0,0.10020622,0
assertj-core,12373,0,0.042175163,0
assertj-core,12255,0,0.25899294,0
assertj-core,13163,0,0.0016521943,0
assertj-core,12746,0,0.072110884,0
assertj-core,13668,0,0.30384153,0
assertj-core,12363,0,0.044874437,0
assertj-core,14081,0,0.02083426,0
assertj-core,17085,0,0.0036544513,0
assertj-core,15274,0,0.0013668402,0
assertj-core,12268,0,0.095281884,0
assertj-core,15058,0,0.02294168,0
assertj-core,14576,0,0.015472724,0
assertj-core,13261,0,0.41002637,0
assertj-core,15803,0,0.025812557,0
assertj-core,16957,0,0.0080348635,0
assertj-core,13550,0,0.0021561636,0
assertj-core,13251,0,0.48275685,0
assertj-core,14668,0,0.37148502,0
assertj-core,14502,0,0.51410013,1
assertj-core,15429,0,0.3639569,0
assertj-core,17063,0,0.0008396431,0
assertj-core,13246,0,0.11335496,0
assertj-core,16089,0,0.59530556,1
assertj-core,12302,0,0.072110884,0
assertj-core,11327,0,0.0067522004,0
assertj-core,12160,0,0.30207738,0
assertj-core,12546,0,0.03305171,0
assertj-core,14688,0,0.06692937,0
assertj-core,16589,0,0.007001713,0
assertj-core,15716,0,0.092374764,0
assertj-core,17007,0,0.092374764,0
assertj-core,14152,0,0.0021925077,0
assertj-core,14393,0,0.16248852,0
assertj-core,15188,0,0.012158322,0
assertj-core,15122,0,0.0031705468,0
assertj-core,16829,0,0.003590684,0
assertj-core,14959,0,0.093320265,0
assertj-core,15293,0,0.5719406,1
assertj-core,12475,0,0.072110884,0
assertj-core,12920,0,0.0034280138,0
assertj-core,13101,0,0.1257828,0
assertj-core,16671,0,0.0017586715,0
assertj-core,13997,0,0.28000358,0
assertj-core,16093,0,0.025499515,0
assertj-core,16666,0,0.0013953382,0
assertj-core,13249,0,0.0021925077,0
assertj-core,11680,0,0.049672734,0
assertj-core,11412,0,0.012675753,0
assertj-core,15672,0,0.092374764,0
assertj-core,13850,0,0.0014923611,0
assertj-core,17069,0,0.017088497,0
assertj-core,12842,0,0.18158817,0
assertj-core,13134,0,0.0027076101,0
assertj-core,15129,0,0.092374764,0
assertj-core,12680,0,0.08244811,0
assertj-core,17032,0,0.14928913,0
assertj-core,12229,0,0.37990972,0
assertj-core,11883,0,0.39957654,0
assertj-core,14397,0,0.0028948502,0
assertj-core,12539,0,0.30636197,0
assertj-core,16124,0,0.27103916,0
assertj-core,11479,0,0.39957654,0
assertj-core,11703,0,0.27060825,0
assertj-core,15144,0,0.06817651,0
assertj-core,11336,0,0.22534814,0
assertj-core,13395,0,0.43634355,0
assertj-core,16841,0,0.004397269,0
assertj-core,13144,0,0.011096449,0
assertj-core,17355,0,0.0012998161,0
assertj-core,14149,0,0.0014021245,0
assertj-core,11839,0,0.010059323,0
assertj-core,14665,0,0.012132417,0
assertj-core,11265,0,0.003316802,0
assertj-core,13652,0,0.57553184,1
assertj-core,12130,0,0.30207738,0
assertj-core,17348,0,0.0018348536,0
assertj-core,11690,0,0.035425663,0
assertj-core,11936,0,0.051177077,0
assertj-core,12529,0,0.050107926,0
assertj-core,16927,0,0.0063006347,0
assertj-core,16418,0,0.080908105,0
assertj-core,11466,0,0.0029917434,0
assertj-core,13527,0,0.10688542,0
assertj-core,16544,0,0.5078565,1
assertj-core,14146,0,0.15176095,0
assertj-core,13109,0,0.25465432,0
assertj-core,16294,0,0.0023412725,0
assertj-core,12713,0,0.409556,0
assertj-core,13887,0,0.005175176,0
assertj-core,13493,0,0.07335511,0
assertj-core,15493,0,0.0010735507,0
assertj-core,16847,0,0.0014480775,0
assertj-core,15555,0,0.116396345,0
assertj-core,11467,0,0.41397446,0
assertj-core,11166,0,0.012942993,0
assertj-core,16731,0,0.0017586715,0
assertj-core,13772,0,0.04180035,0
assertj-core,11316,0,0.14215456,0
assertj-core,14626,0,0.07903589,0
assertj-core,11433,0,0.39957654,0
assertj-core,17278,0,0.2096117,0
assertj-core,16436,0,0.19309919,0
assertj-core,15901,0,0.37227222,0
assertj-core,14484,0,0.022464225,0
assertj-core,13560,0,0.005769022,0
assertj-core,13814,0,0.44418877,0
assertj-core,13653,0,0.025812557,0
assertj-core,15677,0,0.007572155,0
assertj-core,15418,0,0.37227222,0
assertj-core,16103,0,0.033480853,0
assertj-core,12795,0,0.0043724943,0
assertj-core,15643,0,0.011246586,0
assertj-core,11843,0,0.07291031,0
assertj-core,14394,0,0.5078565,1
assertj-core,15002,0,0.065125994,0
assertj-core,16605,0,0.0051382994,0
assertj-core,14235,0,0.08965998,0
assertj-core,13155,0,0.0013990866,0
assertj-core,13592,0,0.108571336,0
assertj-core,15435,0,0.007882279,0
assertj-core,17047,0,0.008066866,0
assertj-core,14679,0,0.1043532,0
assertj-core,15054,0,0.092374764,0
assertj-core,12267,0,0.11949674,0
assertj-core,17126,0,0.0032322113,0
assertj-core,12599,0,0.31480405,0
assertj-core,16405,0,0.08337009,0
assertj-core,16788,0,0.42236626,0
assertj-core,11220,0,0.18564746,0
assertj-core,16924,0,0.0063006347,0
assertj-core,11932,0,0.04837716,0
assertj-core,16951,0,0.0012268487,0
assertj-core,11919,0,0.31480405,0
assertj-core,16913,0,0.0009887476,0
assertj-core,14361,0,0.11030304,0
assertj-core,14121,0,0.0013394335,0
assertj-core,15623,0,0.02294168,0
assertj-core,15873,0,0.016051628,0
assertj-core,16834,0,0.002411183,0
assertj-core,16232,0,0.0022213748,0
assertj-core,16455,0,0.0626343,0
assertj-core,14563,0,0.16358253,0
assertj-core,15799,0,0.005175176,0
assertj-core,16429,0,0.08568012,0
assertj-core,16321,0,0.4776104,0
assertj-core,12191,0,0.032828335,0
assertj-core,14002,0,0.10330098,0
assertj-core,13158,0,0.0037489345,0
assertj-core,14025,0,0.0014021245,0
assertj-core,12438,0,0.22647381,0
assertj-core,16738,0,0.08965998,0
assertj-core,12387,0,0.061137322,0
assertj-core,12586,0,0.069089755,0
assertj-core,13066,0,0.26540726,0
assertj-core,13989,0,0.31468192,0
assertj-core,14669,0,0.0057915444,0
assertj-core,12738,0,0.008026635,0
assertj-core,16854,0,0.010550395,0
assertj-core,17345,0,0.012580097,0
assertj-core,14167,0,0.0010481507,0
assertj-core,16859,0,0.009436807,0
assertj-core,12647,0,0.39520818,0
assertj-core,11397,0,0.39957654,0
assertj-core,16585,0,0.006023216,0
assertj-core,13977,0,0.026496943,0
assertj-core,12367,0,0.05794057,0
assertj-core,14805,0,0.022464225,0
assertj-core,15414,0,0.00063923956,0
assertj-core,12024,0,0.18353876,0
assertj-core,17267,0,0.13557552,0
assertj-core,16774,0,0.0054736594,0
assertj-core,11750,0,0.3034607,0
assertj-core,14350,0,0.06817651,0
assertj-core,14656,0,0.08619023,0
assertj-core,15923,0,0.26344442,0
assertj-core,14457,0,0.015075985,0
assertj-core,15139,0,0.028148834,0
assertj-core,13433,0,0.0015488908,0
assertj-core,13704,0,0.00183459,0
assertj-core,14527,0,0.005747758,0
assertj-core,16287,0,0.18662575,0
assertj-core,12645,0,0.69963175,1
assertj-core,15690,0,0.0019118366,0
assertj-core,12211,0,0.032828335,0
assertj-core,12762,0,0.072110884,0
assertj-core,12424,0,0.31480405,0
assertj-core,15660,0,0.43634355,0
assertj-core,13580,0,0.38049948,0
assertj-core,13733,0,0.002985634,0
assertj-core,15851,0,0.09317657,0
assertj-core,11187,0,0.22387132,0
assertj-core,12031,0,0.07901187,0
assertj-core,13912,0,0.0008143019,0
assertj-core,15165,0,0.023175286,0
assertj-core,12693,0,0.41397446,0
assertj-core,16390,0,0.101760566,0
assertj-core,11708,0,0.039212484,0
assertj-core,12372,0,0.39957654,0
assertj-core,13274,0,0.10020622,0
assertj-core,12476,0,0.23500964,0
assertj-core,16974,0,0.45091268,0
assertj-core,16653,0,0.0010411926,0
assertj-core,11869,0,0.0014292349,0
assertj-core,12347,0,0.08892705,0
assertj-core,12478,0,0.2794194,0
assertj-core,14684,0,0.08955642,0
assertj-core,11174,0,0.0106882155,0
assertj-core,16885,0,0.44211444,0
assertj-core,14999,0,0.030161833,0
assertj-core,16800,0,0.093320265,0
assertj-core,11513,0,0.27571875,0
assertj-core,15906,0,0.02181184,0
assertj-core,15839,0,0.49293998,0
assertj-core,13579,0,0.0022416029,0
assertj-core,11714,0,0.0056894473,0
assertj-core,14645,0,0.087847166,0
assertj-core,15349,0,0.013706215,0
assertj-core,16509,0,0.51522994,1
assertj-core,15579,0,0.0019175768,0
assertj-core,16611,0,0.0014066236,0
assertj-core,17119,0,0.035344824,0
assertj-core,13323,0,0.25784072,0
assertj-core,11789,0,0.08016283,0
assertj-core,11631,0,0.32029793,0
assertj-core,15477,0,0.022342032,0
assertj-core,15258,0,0.0030721873,0
assertj-core,11640,0,0.072110884,0
assertj-core,11324,0,0.12893783,0
assertj-core,15075,0,0.061379906,0
assertj-core,17329,0,0.009428145,0
assertj-core,12167,0,0.06767235,0
assertj-core,15688,0,0.028148834,0
assertj-core,12370,0,0.39957654,0
assertj-core,12908,0,0.0012893811,0
assertj-core,13748,0,0.43634355,0
assertj-core,13154,0,0.008154807,0
assertj-core,14792,0,0.44418877,0
assertj-core,12108,0,0.30207738,0
assertj-core,16122,0,0.009707629,0
assertj-core,13510,0,0.06752755,0
assertj-core,14787,0,0.0017586715,0
assertj-core,13237,0,0.0058811936,0
assertj-core,13325,0,0.48275685,0
assertj-core,15096,0,0.021885723,0
assertj-core,14516,0,0.0014905866,0
assertj-core,16729,0,0.011886145,0
assertj-core,15539,0,0.002040203,0
assertj-core,11237,0,0.026954202,0
assertj-core,14860,0,0.011248882,0
assertj-core,11996,0,0.05434768,0
assertj-core,14125,0,0.0010160503,0
assertj-core,17314,0,0.0019661954,0
assertj-core,14374,0,0.27103916,0
assertj-core,15329,0,0.0964973,0
assertj-core,15006,0,0.047369894,0
assertj-core,11583,0,0.2877928,0
assertj-core,16227,0,0.044275623,0
assertj-core,16978,0,0.2064521,0
assertj-core,15295,0,0.119921446,0
assertj-core,11871,0,0.011910745,0
assertj-core,12674,0,0.08244811,0
assertj-core,11448,0,0.044874437,0
assertj-core,13883,0,0.0065255747,0
assertj-core,12395,0,0.04837716,0
assertj-core,14089,0,0.031526282,0
assertj-core,12096,0,0.30207738,0
assertj-core,11146,0,0.43123397,0
assertj-core,15476,0,0.0014656654,0
assertj-core,14917,0,0.44204974,0
assertj-core,13932,0,0.59530556,1
assertj-core,12275,0,0.30760765,0
assertj-core,13069,0,0.1014354,0
assertj-core,14339,0,0.0027571216,0
assertj-core,14910,0,0.14460503,0
assertj-core,15066,0,0.017738426,0
assertj-core,16008,0,0.0016401767,0
assertj-core,16878,0,0.0015301562,0
assertj-core,12272,0,0.01422417,0
assertj-core,17225,0,0.0827992,0
assertj-core,12642,0,0.046811678,0
assertj-core,15282,0,0.0013732839,0
assertj-core,12545,0,0.009558402,0
assertj-core,13194,0,0.0013668402,0
assertj-core,13635,0,0.580852,1
assertj-core,14271,0,0.00165991,0
assertj-core,13404,0,0.018309692,0
assertj-core,15561,0,0.016878542,0
assertj-core,12633,0,0.30207738,0
assertj-core,11965,0,0.41397446,0
assertj-core,16381,0,0.16584699,0
assertj-core,16987,0,0.003972913,0
assertj-core,12405,0,0.061137322,0
assertj-core,12904,0,0.0041492395,0
assertj-core,12132,0,0.31480405,0
assertj-core,16472,0,0.14322957,0
assertj-core,11490,0,0.030830264,0
assertj-core,13104,0,0.062773384,0
assertj-core,12439,0,0.05676579,0
assertj-core,13634,0,0.007681404,0
assertj-core,13552,0,0.0015488908,0
assertj-core,15721,0,0.027253771,0
assertj-core,16391,0,0.0659202,0
assertj-core,12122,0,0.31480405,0
assertj-core,16425,0,0.029588772,0
assertj-core,13384,0,0.13067162,0
assertj-core,11183,0,0.14408596,0
assertj-core,16680,0,0.010587533,0
assertj-core,15136,0,0.44211444,0
assertj-core,13816,0,0.092374764,0
assertj-core,14059,0,0.002032506,0
assertj-core,15104,0,0.0017872815,0
assertj-core,11913,0,0.39957654,0
assertj-core,14823,0,0.5222924,1
assertj-core,12930,0,0.18445994,0
assertj-core,11593,0,0.2877928,0
assertj-core,11834,0,0.002900012,0
assertj-core,17359,0,0.0063921236,0
assertj-core,13071,0,0.33668405,0
assertj-core,16639,0,0.14460503,0
assertj-core,11747,0,0.0021791032,0
assertj-core,13424,0,0.092374764,0
assertj-core,11190,0,0.011748614,0
assertj-core,12276,0,0.1617302,0
assertj-core,12306,0,0.072110884,0
assertj-core,12571,0,0.2788455,0
assertj-core,14301,0,0.057747852,0
assertj-core,17342,0,0.0015017786,0
assertj-core,16319,0,0.0017998976,0
assertj-core,12085,0,0.011717386,0
assertj-core,16969,0,0.008624031,0
assertj-core,12022,0,0.004229414,0
assertj-core,16559,0,0.0025804192,0
assertj-core,15587,0,0.02275213,0
assertj-core,12763,0,0.27060825,0
assertj-core,11315,0,0.0024036088,0
assertj-core,14097,0,0.008866095,0
assertj-core,16497,0,0.10020622,0
assertj-core,12157,0,0.04837716,0
assertj-core,16112,0,0.040216394,0
assertj-core,12112,0,0.31480405,0
assertj-core,14091,0,0.0058850734,0
assertj-core,16282,0,0.012398606,0
assertj-core,14018,0,0.28388295,0
assertj-core,16220,0,0.06492935,0
assertj-core,12964,0,0.023182774,0
assertj-core,14237,0,0.09132038,0
assertj-core,11986,0,0.094433784,0
assertj-core,16865,0,0.010786404,0
assertj-core,15531,0,0.08965998,0
assertj-core,11505,0,0.26609114,0
assertj-core,16051,0,0.35394034,0
assertj-core,11352,0,0.3219085,0
assertj-core,16378,0,0.0013299146,0
assertj-core,15505,0,0.10312957,0
assertj-core,13686,0,0.0017633792,0
assertj-core,12221,0,0.37990972,0
assertj-core,13901,0,0.001483473,0
assertj-core,16030,0,0.015484026,0
assertj-core,14366,0,0.0015388941,0
assertj-core,12957,0,0.18445994,0
assertj-core,14867,0,0.012158322,0
assertj-core,12495,0,0.06204138,0
assertj-core,12919,0,0.26540726,0
assertj-core,15130,0,0.0013732839,0
assertj-core,13602,0,0.27103916,0
assertj-core,14026,0,0.0059601166,0
assertj-core,14511,0,0.0009887476,0
assertj-core,11819,0,0.08016283,0
assertj-core,13327,0,0.065125994,0
assertj-core,16443,0,0.48150805,0
assertj-core,17036,0,0.06315631,0
assertj-core,14058,0,0.01974569,0
assertj-core,16020,0,0.0114774825,0
assertj-core,12332,0,0.32029793,0
assertj-core,14270,0,0.007001713,0
assertj-core,15590,0,0.27103916,0
assertj-core,13606,0,0.14322957,0
assertj-core,15055,0,0.007001713,0
assertj-core,12494,0,0.2788455,0
assertj-core,16144,0,0.020552596,0
assertj-core,11230,0,0.0012636298,0
assertj-core,12916,0,0.18445994,0
assertj-core,15653,0,0.092374764,0
assertj-core,13825,0,0.59530556,1
assertj-core,16448,0,0.009088507,0
assertj-core,14621,0,0.21216537,0
assertj-core,15762,0,0.0031705468,0
assertj-core,17057,0,0.0009823865,0
assertj-core,14663,0,0.09255505,0
assertj-core,14213,0,0.103709854,0
assertj-core,17094,0,0.004281104,0
assertj-core,14338,0,0.37117958,0
assertj-core,11679,0,0.25460204,0
assertj-core,14222,0,0.0011855175,0
assertj-core,15273,0,0.27103916,0
assertj-core,13491,0,0.0013102419,0
assertj-core,15246,0,0.011506636,0
assertj-core,14799,0,0.012398606,0
assertj-core,13432,0,0.0017586715,0
assertj-core,15548,0,0.11030304,0
assertj-core,15961,0,0.4415097,0
assertj-core,13599,0,0.025499515,0
assertj-core,11889,0,0.39957654,0
assertj-core,17389,0,0.00798793,0
assertj-core,14795,0,0.012158322,0
assertj-core,16756,0,0.0063098366,0
assertj-core,12753,0,0.27060825,0
assertj-core,16749,0,0.580852,1
assertj-core,13662,0,0.101862885,0
assertj-core,13537,0,0.014784817,0
assertj-core,13790,0,0.16358253,0
assertj-core,13367,0,0.0040900386,0
assertj-core,16660,0,0.007404282,0
assertj-core,14912,0,0.0015887765,0
assertj-core,15232,0,0.072438695,0
assertj-core,13488,0,0.0063249706,0
assertj-core,17037,0,0.0019560254,0
assertj-core,12615,0,0.30207738,0
assertj-core,16167,0,0.0013953382,0
assertj-core,16134,0,0.0009506815,0
assertj-core,13616,0,0.0025284858,0
assertj-core,14231,0,0.092374764,0
assertj-core,14164,0,0.012158322,0
assertj-core,15504,0,0.09328481,0
assertj-core,13201,0,0.0014781654,0
assertj-core,11805,0,0.002197782,0
assertj-core,12350,0,0.31480405,0
assertj-core,16389,0,0.028479163,0
assertj-core,12893,0,0.14045087,0
assertj-core,11976,0,0.05434768,0
assertj-core,15462,0,0.5078565,1
assertj-core,12768,0,0.083393455,0
assertj-core,16340,0,0.0015488908,0
assertj-core,16099,0,0.018358855,0
assertj-core,13103,0,0.0036548076,0
assertj-core,16895,0,0.0015240272,0
assertj-core,12945,0,0.14914666,0
assertj-core,16081,0,0.0007217646,0
assertj-core,13725,0,0.07359996,0
assertj-core,16075,0,0.009981077,0
assertj-core,15300,0,0.1615336,0
assertj-core,13287,0,0.0011027004,0
assertj-core,16138,0,0.0010327986,0
assertj-core,11971,0,0.0023018748,0
assertj-core,13685,0,0.025812557,0
assertj-core,15661,0,0.08462357,0
assertj-core,13693,0,0.03195565,0
assertj-core,13097,0,0.024769101,0
assertj-core,14886,0,0.08955642,0
assertj-core,16208,0,0.2335033,0
assertj-core,12580,0,0.061137322,0
assertj-core,11196,0,0.058806572,0
assertj-core,12583,0,0.39957654,0
assertj-core,11431,0,0.41489214,0
assertj-core,13716,0,0.0010703237,0
assertj-core,15456,0,0.34014383,0
assertj-core,16235,0,0.0081773335,0
assertj-core,15285,0,0.0014655418,0
assertj-core,12279,0,0.15104164,0
assertj-core,17236,0,0.0029633516,0
assertj-core,14312,0,0.092374764,0
assertj-core,16000,0,0.092374764,0
assertj-core,12294,0,0.072110884,0
assertj-core,11974,0,0.0015190606,0
assertj-core,13761,0,0.0011544753,0
assertj-core,12771,0,0.039405134,0
assertj-core,16242,0,0.0014923611,0
assertj-core,15576,0,0.0067911963,0
assertj-core,13834,0,0.021607958,0
assertj-core,16450,0,0.48150805,0
assertj-core,15048,0,0.0020009018,0
assertj-core,15999,0,0.023175286,0
assertj-core,11926,0,0.061137322,0
assertj-core,15829,0,0.004306559,0
assertj-core,15189,0,0.011905695,0
assertj-core,14437,0,0.075962804,0
assertj-core,17022,0,0.007195559,0
assertj-core,13268,0,0.0049019316,0
assertj-core,13014,0,0.18089035,0
assertj-core,16737,0,0.0013394335,0
assertj-core,15073,0,0.092374764,0
assertj-core,12077,0,0.04452156,0
assertj-core,16153,0,0.003801909,0
assertj-core,14078,0,0.29562283,0
assertj-core,12066,0,0.39957654,0
assertj-core,15428,0,0.00094640406,0
assertj-core,13847,0,0.0031191958,0
assertj-core,15984,0,0.062216647,0
assertj-core,11924,0,0.06023583,0
assertj-core,11688,0,0.05676579,0
assertj-core,15737,0,0.5236968,1
assertj-core,14968,0,0.5078565,1
assertj-core,12481,0,0.072023265,0
assertj-core,15287,0,0.5078565,1
assertj-core,16083,0,0.0005935158,0
assertj-core,15563,0,0.18842027,0
assertj-core,14714,0,0.5196451,1
assertj-core,14050,0,0.092374764,0
assertj-core,14187,0,0.5372188,1
assertj-core,13051,0,0.06775826,0
assertj-core,13283,0,0.34766796,0
assertj-core,13670,0,0.10020622,0
assertj-core,11580,0,0.03306091,0
assertj-core,11800,0,0.002584722,0
assertj-core,12846,0,0.16451508,0
assertj-core,14658,0,0.0032809444,0
assertj-core,15317,0,0.0009139494,0
assertj-core,12679,0,0.4294471,0
assertj-core,15478,0,0.016583836,0
assertj-core,15449,0,0.07571874,0
assertj-core,12244,0,0.041959323,0
assertj-core,11572,0,0.04837716,0
assertj-core,14451,0,0.021607958,0
assertj-core,16068,0,0.039363734,0
assertj-core,13119,0,0.0012505358,0
assertj-core,11912,0,0.05352763,0
assertj-core,16765,0,0.44204974,0
assertj-core,13654,0,0.103709854,0
assertj-core,16720,0,0.021545002,0
assertj-core,11173,0,0.22387132,0
assertj-core,15359,0,0.35394034,0
assertj-core,11786,0,0.0021791032,0
assertj-core,13782,0,0.0022213748,0
assertj-core,12844,0,0.012087521,0
assertj-core,14653,0,0.07148956,0
assertj-core,14572,0,0.025499515,0
assertj-core,17090,0,0.00839077,0
assertj-core,16910,0,0.0011886299,0
assertj-core,16939,0,0.0013388979,0
assertj-core,14825,0,0.0020711124,0
assertj-core,15945,0,0.10020622,0
assertj-core,13555,0,0.11030304,0
assertj-core,14725,0,0.030363422,0
assertj-core,11717,0,0.18080738,0
assertj-core,15090,0,0.092374764,0
assertj-core,16696,0,0.08245396,0
assertj-core,15582,0,0.47397593,0
assertj-core,16793,0,0.11030304,0
assertj-core,16686,0,0.0013058205,0
assertj-core,11751,0,0.06701071,0
assertj-core,11438,0,0.034682393,0
assertj-core,11658,0,0.0574428,0
assertj-core,16595,0,0.43634355,0
assertj-core,15666,0,0.048355453,0
assertj-core,12939,0,0.23433346,0
assertj-core,14087,0,0.0009887476,0
assertj-core,12299,0,0.39406404,0
assertj-core,11984,0,0.047934126,0
assertj-core,16473,0,0.03229929,0
assertj-core,12786,0,0.003827326,0
assertj-core,15581,0,0.008162886,0
assertj-core,14747,0,0.0008140016,0
assertj-core,14948,0,0.07479305,0
assertj-core,11641,0,0.2877928,0
assertj-core,14248,0,0.0026488726,0
assertj-core,14851,0,0.09719846,0
assertj-core,16113,0,0.00085941673,0
assertj-core,15761,0,0.08245396,0
assertj-core,15341,0,0.06863441,0
assertj-core,11161,0,0.14855798,0
assertj-core,17307,0,0.00249459,0
assertj-core,11451,0,0.39957654,0
assertj-core,13919,0,0.5078565,1
assertj-core,11498,0,0.035677094,0
assertj-core,12924,0,0.037001453,0
assertj-core,13106,0,0.0078210635,0
assertj-core,15283,0,0.42236626,0
assertj-core,11982,0,0.05434768,0
assertj-core,14651,0,0.01882972,0
assertj-core,17048,0,0.08965998,0
assertj-core,13700,0,0.0071420856,0
assertj-core,11332,0,0.2096117,0
assertj-core,16991,0,0.22644837,0
assertj-core,13679,0,0.06015947,0
assertj-core,14710,0,0.016879426,0
assertj-core,11894,0,0.049724,0
assertj-core,15747,0,0.021885723,0
assertj-core,15458,0,0.00095415424,0
assertj-core,12873,0,0.20368324,0
assertj-core,16407,0,0.5602629,1
assertj-core,16912,0,0.092374764,0
assertj-core,16687,0,0.008264908,0
assertj-core,12878,0,0.0010235567,0
assertj-core,11299,0,0.0029884968,0
assertj-core,14362,0,0.028148834,0
assertj-core,14208,0,0.021916933,0
assertj-core,15673,0,0.0068300716,0
assertj-core,16237,0,0.004379539,0
assertj-core,16663,0,0.15999539,0
assertj-core,15120,0,0.20963483,0
assertj-core,12587,0,0.41397446,0
assertj-core,11264,0,0.13080443,0
assertj-core,16520,0,0.51522994,1
assertj-core,16188,0,0.0015488908,0
assertj-core,13467,0,0.0013058205,0
assertj-core,14446,0,0.012158322,0
assertj-core,12049,0,0.050502736,0
assertj-core,16482,0,0.0896053,0
assertj-core,11977,0,0.30207738,0
assertj-core,14525,0,0.1347086,0
assertj-core,13891,0,0.0012398732,0
assertj-core,11675,0,0.23101476,0
assertj-core,12364,0,0.41397446,0
assertj-core,15898,0,0.15716659,0
assertj-core,12091,0,0.061137322,0
assertj-core,15448,0,0.38803184,0
assertj-core,16398,0,0.10375114,0
assertj-core,12673,0,0.37387902,0
assertj-core,16874,0,0.08965998,0
assertj-core,16808,0,0.0018102971,0
assertj-core,13453,0,0.030363422,0
assertj-core,15292,0,0.009203033,0
assertj-core,13820,0,0.0017586715,0
assertj-core,15896,0,0.32649297,0
assertj-core,15907,0,0.0011544753,0
assertj-core,14558,0,0.0018102971,0
assertj-core,12404,0,0.45618138,0
assertj-core,14171,0,0.2538085,0
assertj-core,15358,0,0.0012563355,0
assertj-core,11677,0,0.23101476,0
assertj-core,12511,0,0.061137322,0
assertj-core,16414,0,0.0026863944,0
assertj-core,14992,0,0.113757685,0
assertj-core,12653,0,0.39957654,0
assertj-core,16727,0,0.022464225,0
assertj-core,16199,0,0.5222924,1
assertj-core,13001,0,0.14434588,0
assertj-core,12198,0,0.41397446,0
assertj-core,16563,0,0.011542193,0
assertj-core,15473,0,0.007689805,0
assertj-core,13650,0,0.0012937967,0
assertj-core,17292,0,0.01945118,0
assertj-core,16965,0,0.082992785,0
assertj-core,15208,0,0.028148834,0
assertj-core,14676,0,0.0017900962,0
assertj-core,14636,0,0.11487269,0
assertj-core,15220,0,0.0063098366,0
assertj-core,12594,0,0.016286977,0
assertj-core,13136,0,0.03521385,0
assertj-core,11217,0,0.2898057,0
assertj-core,12552,0,0.39957654,0
assertj-core,16953,0,0.02378051,0
assertj-core,14224,0,0.01974569,0
assertj-core,11794,0,0.08016283,0
assertj-core,11350,0,0.4098166,0
assertj-core,13947,0,0.021158447,0
assertj-core,14261,0,0.10020622,0
assertj-core,14827,0,0.1989842,0
assertj-core,17216,0,0.09369563,0
assertj-core,11916,0,0.044874437,0
assertj-core,14299,0,0.053661853,0
assertj-core,11156,0,0.18717083,0
assertj-core,17212,0,0.0027228787,0
assertj-core,12104,0,0.3334255,0
assertj-core,17112,0,0.022580447,0
assertj-core,13611,0,0.084453166,0
assertj-core,15616,0,0.0128702475,0
assertj-core,15659,0,0.010713404,0
assertj-core,15987,0,0.06578706,0
assertj-core,14772,0,0.0027440914,0
assertj-core,14057,0,0.0058850734,0
assertj-core,11660,0,0.03737029,0
assertj-core,15617,0,0.023435717,0
assertj-core,14227,0,0.0016992609,0
assertj-core,14514,0,0.035392575,0
assertj-core,11587,0,0.3334255,0
assertj-core,16656,0,0.0015141167,0
assertj-core,11701,0,0.27060825,0
assertj-core,15067,0,0.05098645,0
assertj-core,13982,0,0.005988579,0
assertj-core,13642,0,0.012510359,0
assertj-core,14605,0,0.072314575,0
assertj-core,14021,0,0.2538085,0
assertj-core,16278,0,0.028148834,0
assertj-core,16742,0,0.028148834,0
assertj-core,13486,0,0.0015388941,0
assertj-core,16860,0,0.009436807,0
assertj-core,15768,0,0.0017586715,0
assertj-core,14122,0,0.092374764,0
assertj-core,15193,0,0.026359739,0
assertj-core,13520,0,0.0023294562,0
assertj-core,16035,0,0.057052474,0
assertj-core,12831,0,0.007636242,0
assertj-core,14609,0,0.037768945,0
assertj-core,13037,0,0.0015400582,0
assertj-core,15654,0,0.0060747783,0
assertj-core,14460,0,0.16358253,0
assertj-core,15819,0,0.0013783482,0
assertj-core,15727,0,0.01871375,0
assertj-core,17260,0,0.16190137,0
assertj-core,16252,0,0.02281853,0
assertj-core,16532,0,0.00996913,0
assertj-core,12755,0,0.27060825,0
assertj-core,15929,0,0.000853142,0
assertj-core,13262,0,0.0008170281,0
assertj-core,12089,0,0.09205296,0
assertj-core,15405,0,0.019392567,0
assertj-core,14641,0,0.434205,0
assertj-core,16662,0,0.0018996384,0
assertj-core,13968,0,0.003439707,0
assertj-core,15053,0,0.010843466,0
assertj-core,14943,0,0.019384017,0
assertj-core,11337,0,0.0033612521,0
assertj-core,15874,0,0.0027076101,0
assertj-core,13446,0,0.033935383,0
assertj-core,14358,0,0.0140956445,0
assertj-core,13271,0,0.0012377105,0
assertj-core,12070,0,0.39957654,0
assertj-core,14727,0,0.00075874914,0
assertj-core,14681,0,0.0018426075,0
assertj-core,13056,0,0.31175962,0
assertj-core,17266,0,0.002190138,0
assertj-core,12388,0,0.27571875,0
assertj-core,11283,0,0.0034507513,0
assertj-core,15025,0,0.0013763733,0
assertj-core,15267,0,0.13387321,0
assertj-core,12322,0,0.011900486,0
assertj-core,14504,0,0.014784817,0
assertj-core,12492,0,0.2788455,0
assertj-core,12382,0,0.31480405,0
assertj-core,13953,0,0.13112998,0
assertj-core,14962,0,0.42236626,0
assertj-core,14076,0,0.030440377,0
assertj-core,15335,0,0.0008690908,0
assertj-core,11716,0,0.005415628,0
assertj-core,15789,0,0.0030914901,0
assertj-core,17253,0,0.001985732,0
assertj-core,14230,0,0.025812557,0
assertj-core,15669,0,0.018309692,0
assertj-core,14126,0,0.28388295,0
assertj-core,11516,0,0.04837716,0
assertj-core,16700,0,0.09468298,0
assertj-core,11787,0,0.016369477,0
assertj-core,15102,0,0.05098645,0
assertj-core,11532,0,0.06850931,0
assertj-core,15708,0,0.0014567454,0
assertj-core,12988,0,0.2747916,0
assertj-core,12901,0,0.33274096,0
assertj-core,13087,0,0.30906206,0
assertj-core,11743,0,0.016369477,0
assertj-core,14189,0,0.009000596,0
assertj-core,13607,0,0.51410013,1
assertj-core,11136,0,0.23460467,0
assertj-core,14876,0,0.3138959,0
assertj-core,15632,0,0.008931676,0
assertj-core,17148,0,0.0040843226,0
assertj-core,16289,0,0.0021095371,0
assertj-core,14652,0,0.12001294,0
assertj-core,13188,0,0.0037767712,0
assertj-core,12826,0,0.007656801,0
assertj-core,16655,0,0.0010411926,0
assertj-core,15962,0,0.27139893,0
assertj-core,17246,0,0.0013352622,0
assertj-core,13005,0,0.16243437,0
assertj-core,15572,0,0.31616625,0
assertj-core,16090,0,0.010865525,0
assertj-core,16149,0,0.00081765425,0
assertj-core,14156,0,0.0060747783,0
assertj-core,17214,0,0.058301646,0
assertj-core,15433,0,0.5078565,1
assertj-core,11228,0,0.004347498,0
assertj-core,14743,0,0.011478017,0
assertj-core,14463,0,0.5135588,1
assertj-core,12038,0,0.17986682,0
assertj-core,12378,0,0.39957654,0
assertj-core,17098,0,0.0036544513,0
assertj-core,11709,0,0.14253937,0
assertj-core,12970,0,0.150049,0
assertj-core,16019,0,0.02741366,0
assertj-core,14039,0,0.101862885,0
assertj-core,11758,0,0.0025441223,0
assertj-core,15370,0,0.0013901733,0
assertj-core,11604,0,0.061137322,0
assertj-core,11521,0,0.32029793,0
assertj-core,14315,0,0.0013763733,0
assertj-core,12632,0,0.04831268,0
assertj-core,11727,0,0.0020161527,0
assertj-core,16023,0,0.005769022,0
assertj-core,11400,0,0.0370384,0
assertj-core,11442,0,0.056324925,0
assertj-core,17264,0,0.0018737484,0
assertj-core,15697,0,0.015075985,0
assertj-core,13383,0,0.4767362,0
assertj-core,13451,0,0.092374764,0
assertj-core,11569,0,0.35793215,0
assertj-core,11160,0,0.013528973,0
assertj-core,15973,0,0.109054364,0
assertj-core,16814,0,0.028148834,0
assertj-core,15007,0,0.15170027,0
assertj-core,13070,0,0.33194792,0
assertj-core,14420,0,0.1676914,0
assertj-core,11270,0,0.13070497,0
assertj-core,13296,0,0.0012065178,0
assertj-core,14210,0,0.021916933,0
assertj-core,16205,0,0.0013441835,0
assertj-core,13429,0,0.012488893,0
assertj-core,14442,0,0.31828243,0
assertj-core,13724,0,0.02676666,0
assertj-core,11841,0,0.047351513,0
assertj-core,11440,0,0.042175163,0
assertj-core,13587,0,0.0069297864,0
assertj-core,11238,0,0.33602345,0
assertj-core,11823,0,0.2571454,0
assertj-core,15683,0,0.08977701,0
assertj-core,14311,0,0.012488893,0
assertj-core,16173,0,0.2335033,0
assertj-core,15525,0,0.35780025,0
assertj-core,15872,0,0.27103916,0
assertj-core,14219,0,0.103709854,0
assertj-core,13420,0,0.010843466,0
assertj-core,14544,0,0.028148834,0
assertj-core,15565,0,0.020653501,0
assertj-core,15364,0,0.04659148,0
assertj-core,16689,0,0.5078565,1
assertj-core,13798,0,0.42236626,0
assertj-core,17324,0,0.16611952,0
assertj-core,16338,0,0.29830682,0
assertj-core,14904,0,0.016267415,0
assertj-core,12835,0,0.0020400372,0
assertj-core,13855,0,0.0140956445,0
assertj-core,11396,0,0.03557093,0
assertj-core,13356,0,0.092374764,0
assertj-core,11729,0,0.2093022,0
assertj-core,15441,0,0.0063618612,0
assertj-core,15440,0,0.20732145,0
assertj-core,14096,0,0.062033627,0
assertj-core,13377,0,0.061379906,0
assertj-core,14983,0,0.11030304,0
assertj-core,12623,0,0.30207738,0
assertj-core,12789,0,0.21252157,0
assertj-core,15951,0,0.4415097,0
assertj-core,13892,0,0.00083722436,0
assertj-core,11968,0,0.122130975,0
assertj-core,12564,0,0.057674415,0
assertj-core,15171,0,0.0024856557,0
assertj-core,14878,0,0.09276703,0
assertj-core,15840,0,0.03173383,0
assertj-core,15425,0,0.0015684973,0
assertj-core,11799,0,0.08016283,0
assertj-core,11712,0,0.12087181,0
assertj-core,12677,0,0.38794917,0
assertj-core,14901,0,0.01752033,0
assertj-core,11188,0,0.0106882155,0
assertj-core,11933,0,0.41397446,0
assertj-core,15064,0,0.0010450622,0
assertj-core,16079,0,0.0066945376,0
assertj-core,14501,0,0.103709854,0
assertj-core,16010,0,0.006809818,0
assertj-core,12309,0,0.35247672,0
assertj-core,16617,0,0.0053451415,0
assertj-core,15621,0,0.007001713,0
assertj-core,12943,0,0.0103859855,0
assertj-core,11354,0,0.044069894,0
assertj-core,13583,0,0.025499515,0
assertj-core,13886,0,0.017862294,0
assertj-core,14329,0,0.00970021,0
assertj-core,13022,0,0.0034348625,0
assertj-core,13099,0,0.004116762,0
assertj-core,13370,0,0.10127396,0
assertj-core,11254,0,0.1305223,0
assertj-core,14324,0,0.012191319,0
assertj-core,12046,0,0.217953,0
assertj-core,16403,0,0.43634355,0
assertj-core,12174,0,0.2877928,0
assertj-core,12209,0,0.032828335,0
assertj-core,15724,0,0.005175176,0
assertj-core,11689,0,0.39341742,0
assertj-core,12214,0,0.26609114,0
assertj-core,12116,0,0.39063716,0
assertj-core,15060,0,0.023597712,0
assertj-core,16024,0,0.00092560664,0
assertj-core,12127,0,0.057284817,0
assertj-core,12590,0,0.014850354,0
assertj-core,13086,0,0.123833984,0
assertj-core,16805,0,0.021859149,0
assertj-core,12796,0,0.07903117,0
assertj-core,15084,0,0.005819811,0
assertj-core,15696,0,0.0015388941,0
assertj-core,13171,0,0.08142063,0
assertj-core,17012,0,0.051056996,0
assertj-core,13701,0,0.0015388941,0
assertj-core,15667,0,0.0058888653,0
assertj-core,13504,0,0.0020372819,0
assertj-core,12044,0,0.17986682,0
assertj-core,13498,0,0.011506636,0
assertj-core,13833,0,0.0017872815,0
assertj-core,11941,0,0.39957654,0
assertj-core,11561,0,0.37387902,0
assertj-core,12757,0,0.27060825,0
assertj-core,17303,0,0.0071010767,0
assertj-core,14628,0,0.15124314,0
assertj-core,17006,0,0.021158447,0
assertj-core,16787,0,0.03173383,0
assertj-core,14009,0,0.0012268487,0
assertj-core,11306,0,0.007128337,0
assertj-core,14140,0,0.0017900962,0
assertj-core,16773,0,0.0011502008,0
assertj-core,16210,0,0.48701808,0
assertj-core,13970,0,0.0054602763,0
assertj-core,16624,0,0.092374764,0
assertj-core,15005,0,0.0007279099,0
assertj-core,15880,0,0.0014923611,0
assertj-core,15371,0,0.0013953382,0
assertj-core,16795,0,0.028148834,0
assertj-core,13576,0,0.012158322,0
assertj-core,13112,0,0.025499515,0
assertj-core,11201,0,0.09253263,0
assertj-core,14841,0,0.054793082,0
assertj-core,12862,0,0.15707786,0
assertj-core,13477,0,0.0013732839,0
assertj-core,16231,0,0.028148834,0
assertj-core,15154,0,0.09491648,0
assertj-core,12787,0,0.10782833,0
assertj-core,16688,0,0.029810274,0
assertj-core,14178,0,0.011605569,0
assertj-core,17221,0,0.009395235,0
assertj-core,11821,0,0.0018101732,0
assertj-core,16901,0,0.0016559653,0
assertj-core,14907,0,0.009216199,0
assertj-core,15706,0,0.0031235714,0
assertj-core,15892,0,0.0020170999,0
assertj-core,12170,0,0.31480405,0
assertj-core,12711,0,0.39957654,0
assertj-core,17157,0,0.0030283588,0
assertj-core,11534,0,0.04837716,0
assertj-core,14421,0,0.0065255747,0
assertj-core,14649,0,0.053661853,0
assertj-core,15516,0,0.06581435,0
assertj-core,11591,0,0.4414213,0
assertj-core,12063,0,0.044874437,0
assertj-core,12721,0,0.41397446,0
assertj-core,15294,0,0.009736987,0
assertj-core,14396,0,0.59530556,1
assertj-core,14308,0,0.023974912,0
assertj-core,16256,0,0.02920642,0
assertj-core,14303,0,0.06015947,0
assertj-core,16771,0,0.50738895,1
assertj-core,11872,0,0.05268442,0
assertj-core,14455,0,0.015075985,0
assertj-core,11754,0,0.002632877,0
assertj-core,11770,0,0.038359467,0
assertj-core,14740,0,0.06008227,0
assertj-core,16481,0,0.009387023,0
assertj-core,12907,0,0.07392038,0
assertj-core,15141,0,0.0028948502,0
assertj-core,14413,0,0.5222924,1
assertj-core,11520,0,0.04837716,0
assertj-core,17167,0,0.0074463394,0
assertj-core,15093,0,0.0023486498,0
assertj-core,11425,0,0.3058263,0
assertj-core,11441,0,0.32029793,0
assertj-core,15340,0,0.11030304,0
assertj-core,15376,0,0.0018721974,0
assertj-core,12351,0,0.042175163,0
assertj-core,13328,0,0.002117879,0
assertj-core,16201,0,0.007267916,0
assertj-core,16283,0,0.013683106,0
assertj-core,15810,0,0.0011343986,0
assertj-core,11629,0,0.25899294,0
assertj-core,12588,0,0.000990281,0
assertj-core,12403,0,0.047998123,0
assertj-core,16888,0,0.023675865,0
assertj-core,14561,0,0.00165991,0
assertj-core,14859,0,0.22997415,0
assertj-core,12906,0,0.14262599,0
assertj-core,11663,0,0.45618138,0
assertj-core,12454,0,0.27060825,0
assertj-core,17383,0,0.44958478,0
assertj-core,15920,0,0.27156344,0
assertj-core,11458,0,0.044874437,0
assertj-core,11582,0,0.04837716,0
assertj-core,12236,0,0.06788974,0
assertj-core,11325,0,0.0012483193,0
assertj-core,11351,0,0.81630635,1
assertj-core,15862,0,0.2538085,0
assertj-core,11782,0,0.011864541,0
assertj-core,13357,0,0.06817651,0
assertj-core,11618,0,0.06788974,0
assertj-core,14804,0,0.09719846,0
assertj-core,15245,0,0.42236626,0
assertj-core,14929,0,0.31828243,0
assertj-core,13105,0,0.1292936,0
assertj-core,15199,0,0.0013388979,0
assertj-core,15350,0,0.042553477,0
assertj-core,12245,0,0.24672295,0
assertj-core,11983,0,0.30207738,0
assertj-core,12668,0,0.12787904,0
assertj-core,13530,0,0.014697479,0
assertj-core,14606,0,0.21787626,0
assertj-core,16471,0,0.10920088,0
assertj-core,14265,0,0.12425476,0
assertj-core,12068,0,0.39957654,0
assertj-core,13472,0,0.5236968,1
assertj-core,11744,0,0.2687079,0
assertj-core,12111,0,0.044874437,0
assertj-core,12732,0,0.0011418387,0
assertj-core,14228,0,0.0016992609,0
assertj-core,14978,0,0.002065407,0
assertj-core,11863,0,0.056690805,0
assertj-core,12696,0,0.04837716,0
assertj-core,13884,0,0.0015301562,0
assertj-core,13067,0,0.08076159,0
assertj-core,12861,0,0.015482281,0
assertj-core,15181,0,0.31828243,0
assertj-core,15164,0,0.2278009,0
assertj-core,15723,0,0.05098645,0
assertj-core,15574,0,0.53116703,1
assertj-core,11430,0,0.05676579,0
assertj-core,13749,0,0.026164569,0
assertj-core,13284,0,0.0038183462,0
assertj-core,15773,0,0.23304112,0
assertj-core,14674,0,0.0017900962,0
assertj-core,11280,0,0.08553899,0
assertj-core,16431,0,0.21024916,0
assertj-core,16105,0,0.11410025,0
assertj-core,13330,0,0.101862885,0
assertj-core,13285,0,0.44418877,0
assertj-core,12690,0,0.061137322,0
assertj-core,11144,0,0.022498995,0
assertj-core,16127,0,0.0008867156,0
assertj-core,14756,0,0.0019118366,0
assertj-core,14357,0,0.102370545,0
assertj-core,13406,0,0.009683806,0
assertj-core,13191,0,0.0019122508,0
assertj-core,12914,0,0.0011694306,0
assertj-core,13914,0,0.034345075,0
assertj-core,11930,0,0.029455235,0
assertj-core,12152,0,0.3334255,0
assertj-core,11549,0,0.31480405,0
assertj-core,12837,0,0.0056265662,0
assertj-core,12616,0,0.05434768,0
assertj-core,13264,0,0.17815223,0
assertj-core,15455,0,0.22950947,0
assertj-core,15397,0,0.092374764,0
assertj-core,14942,0,0.035798628,0
assertj-core,13076,0,0.27890792,0
assertj-core,16333,0,0.003265622,0
assertj-core,13084,0,0.15781721,0
assertj-core,14941,0,0.4501697,0
assertj-core,15701,0,0.053734556,0
assertj-core,13843,0,0.23535906,0
assertj-core,16758,0,0.25524312,0
assertj-core,16801,0,0.1273725,0
assertj-core,17138,0,0.0058448073,0
assertj-core,16344,0,0.1339622,0
assertj-core,14597,0,0.0067765224,0
assertj-core,16967,0,0.0034751084,0
assertj-core,12532,0,0.26346365,0
assertj-core,11781,0,0.0021713339,0
assertj-core,11302,0,0.13446166,0
assertj-core,11969,0,0.011434099,0
assertj-core,13590,0,0.0030185862,0
assertj-core,17135,0,0.0056265662,0
assertj-core,14705,0,0.0022692105,0
assertj-core,12188,0,0.39957654,0
assertj-core,14627,0,0.58587575,1
assertj-core,12779,0,0.23053902,0
assertj-core,16305,0,0.013212331,0
assertj-core,14466,0,0.02451682,0
assertj-core,15083,0,0.0007217646,0
assertj-core,13639,0,0.08170833,0
assertj-core,11148,0,0.28540176,0
assertj-core,16784,0,0.0066668466,0
assertj-core,15905,0,0.41875502,0
assertj-core,14318,0,0.00088343164,0
assertj-core,11953,0,0.409556,0
assertj-core,12917,0,0.0022116306,0
assertj-core,13152,0,0.03297438,0
assertj-core,14736,0,0.009683806,0
assertj-core,16074,0,0.08892705,0
assertj-core,13207,0,0.003082061,0
assertj-core,12184,0,0.39957654,0
assertj-core,15597,0,0.008936514,0
assertj-core,12444,0,0.26609114,0
assertj-core,15947,0,0.32649297,0
assertj-core,11960,0,0.0058347858,0
assertj-core,15254,0,0.43634355,0
assertj-core,16193,0,0.0007291783,0
assertj-core,12213,0,0.0058014896,0
assertj-core,16625,0,0.0013732839,0
assertj-core,16301,0,0.09188424,0
assertj-core,11624,0,0.0574428,0
assertj-core,16948,0,0.14940827,0
assertj-core,15728,0,0.14322957,0
assertj-core,15655,0,0.06817651,0
assertj-core,14073,0,0.092374764,0
assertj-core,14545,0,0.028148834,0
assertj-core,16675,0,0.09719846,0
assertj-core,13500,0,0.0015614727,0
assertj-core,14622,0,0.118728,0
assertj-core,13930,0,0.0012763834,0
assertj-core,16766,0,0.092374764,0
assertj-core,12654,0,0.12004593,0
assertj-core,17013,0,0.025812557,0
assertj-core,17051,0,0.009521047,0
assertj-core,16828,0,0.003590684,0
assertj-core,12274,0,0.2631429,0
assertj-core,17263,0,0.0014793003,0
assertj-core,16346,0,0.022262847,0
assertj-core,15082,0,0.0008170281,0
assertj-core,15833,0,0.0051328037,0
assertj-core,14040,0,0.002032506,0
assertj-core,17001,0,0.057336513,0
assertj-core,14255,0,0.37776372,0
assertj-core,16588,0,0.092374764,0
assertj-core,16643,0,0.0013783482,0
assertj-core,13117,0,0.13112998,0
assertj-core,17194,0,0.0035033105,0
assertj-core,12251,0,0.28282747,0
assertj-core,14785,0,0.20680209,0
assertj-core,17173,0,0.0074463394,0
assertj-core,15796,0,0.0140956445,0
assertj-core,15834,0,0.056623675,0
assertj-core,16239,0,0.009440881,0
assertj-core,11828,0,0.2687079,0
assertj-core,15236,0,0.024089817,0
assertj-core,17222,0,0.001192697,0
assertj-core,16269,0,0.0076557905,0
assertj-core,16280,0,0.0014877286,0
assertj-core,15151,0,0.013683106,0
assertj-core,11992,0,0.04831268,0
assertj-core,14014,0,0.053661853,0
assertj-core,12513,0,0.035677094,0
assertj-core,15159,0,0.31584474,0
assertj-core,14061,0,0.0013732839,0
assertj-core,11568,0,0.007605524,0
assertj-core,15330,0,0.08462357,0
assertj-core,12577,0,0.41489214,0
assertj-core,13253,0,0.0090847155,0
assertj-core,14538,0,0.43634355,0
assertj-core,11371,0,0.017751733,0
assertj-core,14268,0,0.49293998,0
assertj-core,16852,0,0.030960692,0
assertj-core,15534,0,0.005448856,0
assertj-core,14441,0,0.23879392,0
assertj-core,15400,0,0.0019181427,0
assertj-core,14789,0,0.048355453,0
assertj-core,16651,0,0.092374764,0
assertj-core,12359,0,0.05352763,0
assertj-core,15739,0,0.011881549,0
assertj-core,11376,0,0.07736208,0
assertj-core,14873,0,0.0016371134,0
assertj-core,16551,0,0.0015720205,0
assertj-core,13585,0,0.026573617,0
assertj-core,13186,0,0.15999539,0
assertj-core,12958,0,0.18589942,0
assertj-core,16876,0,0.007681404,0
assertj-core,17169,0,0.0074463394,0
assertj-core,17031,0,0.016391328,0
assertj-core,15931,0,0.17583181,0
assertj-core,13248,0,0.062544145,0
assertj-core,16855,0,0.20212239,0
assertj-core,13848,0,0.5222924,1
assertj-core,12141,0,0.04837716,0
assertj-core,14996,0,0.14700668,0
assertj-core,15230,0,0.0016460803,0
assertj-core,17282,0,0.018765405,0
assertj-core,16196,0,0.22258055,0
assertj-core,16284,0,0.002117221,0
assertj-core,15766,0,0.0017900962,0
assertj-core,16767,0,0.0009224808,0
assertj-core,12572,0,0.057674415,0
assertj-core,15662,0,0.0022860244,0
assertj-core,14344,0,0.021041859,0
assertj-core,17265,0,0.008993194,0
assertj-core,14934,0,0.1347086,0
assertj-core,11284,0,0.13922076,0
assertj-core,13480,0,0.010540747,0
assertj-core,11737,0,0.0024705997,0
assertj-core,15170,0,0.0023471888,0
assertj-core,15753,0,0.0070080617,0
assertj-core,13303,0,0.0074890223,0
assertj-core,11192,0,0.20411204,0
assertj-core,14426,0,0.012398606,0
assertj-core,16424,0,0.0021647266,0
assertj-core,15178,0,0.42236626,0
assertj-core,12691,0,0.39957654,0
assertj-core,12035,0,0.002615151,0
assertj-core,16652,0,0.092374764,0
assertj-core,14017,0,0.0029507463,0
assertj-core,16658,0,0.0058888653,0
assertj-core,12521,0,0.061137322,0
assertj-core,14633,0,0.42791083,0
assertj-core,16816,0,0.0013394335,0
assertj-core,12408,0,0.41397446,0
assertj-core,13466,0,0.0013953382,0
assertj-core,15132,0,0.0019425257,0
assertj-core,12361,0,0.049724,0
assertj-core,17070,0,0.0049554077,0
assertj-core,12435,0,0.05530877,0
assertj-core,17262,0,0.0072274795,0
assertj-core,11608,0,0.04837716,0
assertj-core,16174,0,0.5222924,1
assertj-core,17137,0,0.00090324495,0
assertj-core,12467,0,0.0930115,0
assertj-core,15609,0,0.50738895,1
assertj-core,11615,0,0.30207738,0
assertj-core,13738,0,0.008370022,0
assertj-core,17333,0,0.012434303,0
assertj-core,14670,0,0.0011028812,0
assertj-core,11693,0,0.3058263,0
assertj-core,15306,0,0.31647143,0
assertj-core,17304,0,0.0040843226,0
assertj-core,15215,0,0.59530556,1
assertj-core,15303,0,0.119921446,0
assertj-core,14612,0,0.15919137,0
assertj-core,11979,0,0.30207738,0
assertj-core,15052,0,0.2278009,0
assertj-core,12055,0,0.050502736,0
assertj-core,17143,0,0.113437206,0
assertj-core,11672,0,0.041903023,0
assertj-core,15496,0,0.5078565,1
assertj-core,16837,0,0.007923654,0
assertj-core,12297,0,0.37990972,0
assertj-core,12235,0,0.27088246,0
assertj-core,12933,0,0.19126488,0
assertj-core,14277,0,0.11030304,0
assertj-core,12045,0,0.0019629325,0
assertj-core,13518,0,0.092374764,0
assertj-core,14086,0,0.0009887476,0
assertj-core,13456,0,0.0015614727,0
assertj-core,15678,0,0.011270632,0
assertj-core,11158,0,0.17750292,0
assertj-core,14162,0,0.07890666,0
assertj-core,15807,0,0.020589761,0
assertj-core,13956,0,0.025812557,0
assertj-core,11301,0,0.2231017,0
assertj-core,12460,0,0.27571875,0
assertj-core,14326,0,0.09978344,0
assertj-core,14489,0,0.002231874,0
assertj-core,15430,0,0.04642853,0
assertj-core,16148,0,0.0010927536,0
assertj-core,14928,0,0.001288998,0
assertj-core,15620,0,0.092374764,0
assertj-core,13392,0,0.011248882,0
assertj-core,12202,0,0.39957654,0
assertj-core,16614,0,0.37117958,0
assertj-core,12220,0,0.08050499,0
assertj-core,16792,0,0.0015399122,0
assertj-core,11681,0,0.23101476,0
assertj-core,14491,0,0.580852,1
assertj-core,17318,0,0.0015954906,0
assertj-core,13291,0,0.017862294,0
assertj-core,13257,0,0.046079747,0
assertj-core,14386,0,0.023175286,0
assertj-core,15387,0,0.03859513,0
assertj-core,13726,0,0.029331172,0
assertj-core,16139,0,0.22789404,0
assertj-core,15972,0,0.044275623,0
assertj-core,13236,0,0.0010752461,0
assertj-core,14782,0,0.092374764,0
assertj-core,12258,0,0.072110884,0
assertj-core,11732,0,0.23019895,0
assertj-core,16178,0,0.02275213,0
assertj-core,12286,0,0.057518717,0
assertj-core,14819,0,0.09491648,0
assertj-core,15883,0,0.0017750697,0
assertj-core,16716,0,0.36241958,0
assertj-core,17127,0,0.0017568099,0
assertj-core,12165,0,0.061137322,0
assertj-core,12186,0,0.39957654,0
assertj-core,12563,0,0.4294471,0
assertj-core,14279,0,0.092374764,0
assertj-core,14029,0,0.0058850734,0
assertj-core,15298,0,0.31647143,0
assertj-core,15169,0,0.0014567454,0
assertj-core,14347,0,0.09719846,0
assertj-core,13511,0,0.063520215,0
assertj-core,17293,0,0.1782906,0
assertj-core,13378,0,0.00549905,0
assertj-core,12019,0,0.30207738,0
assertj-core,13176,0,0.41110945,0
assertj-core,12527,0,0.057674415,0
assertj-core,15061,0,0.43634355,0
assertj-core,16466,0,0.13925843,0
assertj-core,11833,0,0.05228448,0
assertj-core,17076,0,0.002002667,0
assertj-core,14433,0,0.057052474,0
assertj-core,14041,0,0.01974569,0
assertj-core,13563,0,0.44204974,0
assertj-core,16616,0,0.0008140016,0
assertj-core,16950,0,0.013262513,0
assertj-core,15758,0,0.49994707,0
assertj-core,15748,0,0.102370545,0
assertj-core,15016,0,0.001307888,0
assertj-core,11429,0,0.39957654,0
assertj-core,12037,0,0.30495274,0
assertj-core,11223,0,0.0032622912,0
assertj-core,11802,0,0.0049662893,0
assertj-core,14949,0,0.38754964,0
assertj-core,15982,0,0.13914478,0
assertj-core,16370,0,0.018302344,0
assertj-core,12242,0,0.084401324,0
assertj-core,14106,0,0.018943299,0
assertj-core,15657,0,0.0013022957,0
assertj-core,13247,0,0.057052474,0
assertj-core,15603,0,0.002203822,0
assertj-core,11562,0,0.023745947,0
assertj-core,15934,0,0.0041893176,0
assertj-core,15521,0,0.001005917,0
assertj-core,13449,0,0.0786986,0
assertj-core,15553,0,0.0012948705,0
assertj-core,14273,0,0.04884495,0
assertj-core,15012,0,0.0013394335,0
assertj-core,16943,0,0.025812557,0
assertj-core,12436,0,0.138411,0
assertj-core,11617,0,0.30207738,0
assertj-core,11408,0,0.05460907,0
assertj-core,12103,0,0.04837716,0
assertj-core,16650,0,0.27103916,0
assertj-core,11661,0,0.32029793,0
assertj-core,13072,0,0.031680506,0
assertj-core,16490,0,0.12295133,0
assertj-core,16545,0,0.092374764,0
assertj-core,16743,0,0.028148834,0
assertj-core,14982,0,0.01752033,0
assertj-core,14746,0,0.0053451415,0
assertj-core,12700,0,0.054419752,0
assertj-core,16050,0,0.0049704574,0
assertj-core,13444,0,0.0063098366,0
assertj-core,12533,0,0.0626646,0
assertj-core,13368,0,0.005184676,0
assertj-core,11605,0,0.31480405,0
assertj-core,14120,0,0.018309692,0
assertj-core,15439,0,0.004780925,0
assertj-core,15536,0,0.0018589062,0
assertj-core,11445,0,0.39957654,0
assertj-core,13774,0,0.580852,1
assertj-core,16047,0,0.0016377105,0
assertj-core,14540,0,0.42236626,0
assertj-core,15310,0,0.09356608,0
assertj-core,11826,0,0.0043462575,0
assertj-core,15421,0,0.0011012324,0
assertj-core,13682,0,0.5078565,1
assertj-core,17170,0,0.010226945,0
assertj-core,14417,0,0.23535906,0
assertj-core,11806,0,0.04339452,0
assertj-core,12051,0,0.05352763,0
assertj-core,16015,0,0.07797615,0
assertj-core,12764,0,0.08038272,0
assertj-core,16308,0,0.16985284,0
assertj-core,12176,0,0.31480405,0
assertj-core,16483,0,0.022335524,0
assertj-core,13387,0,0.09719846,0
assertj-core,15488,0,0.054843437,0
assertj-core,13024,0,0.16800043,0
assertj-core,13263,0,0.0055934987,0
assertj-core,16781,0,0.007681404,0
assertj-core,12025,0,0.004980294,0
assertj-core,17223,0,0.06623115,0
assertj-core,13481,0,0.0786986,0
assertj-core,17054,0,0.48275685,0
assertj-core,14760,0,0.012488893,0
assertj-core,16929,0,0.099619314,0
assertj-core,11715,0,0.19725685,0
assertj-core,13993,0,0.21907562,0
assertj-core,12570,0,0.057674415,0
assertj-core,11491,0,0.41397446,0
assertj-core,13053,0,0.03245258,0
assertj-core,16892,0,0.057052474,0
assertj-core,13818,0,0.001238211,0
assertj-core,15729,0,0.012158322,0
assertj-core,11870,0,0.0028575556,0
assertj-core,16567,0,0.022600062,0
assertj-core,13419,0,0.14506456,0
assertj-core,16369,0,0.21093984,0
assertj-core,14113,0,0.092374764,0
assertj-core,12311,0,0.0932715,0
assertj-core,11296,0,0.22534814,0
assertj-core,14354,0,0.0013022957,0
assertj-core,15450,0,0.007711707,0
assertj-core,16918,0,0.031752437,0
assertj-core,17241,0,0.018426828,0
assertj-core,15650,0,0.14506456,0
assertj-core,12362,0,0.39957654,0
assertj-core,15755,0,0.23535906,0
assertj-core,13780,0,0.0024820983,0
assertj-core,12983,0,0.02355777,0
assertj-core,15559,0,0.52162826,1
assertj-core,12688,0,0.061137322,0
assertj-core,14938,0,0.31828243,0
assertj-core,11880,0,0.044874437,0
assertj-core,13666,0,0.07945162,0
assertj-core,12123,0,0.061137322,0
assertj-core,13223,0,0.0037350883,0
assertj-core,11232,0,0.0014781104,0
assertj-core,15522,0,0.0015720205,0
assertj-core,16419,0,0.23026952,0
assertj-core,13436,0,0.007725955,0
assertj-core,12707,0,0.39957654,0
assertj-core,14758,0,0.0013022957,0
assertj-core,14169,0,0.0012156316,0
assertj-core,16299,0,0.18662575,0
assertj-core,14383,0,0.02536079,0
assertj-core,16952,0,0.3410057,0
assertj-core,15123,0,0.35394034,0
assertj-core,17072,0,0.36071697,0
assertj-core,16941,0,0.002061361,0
assertj-core,15019,0,0.27103916,0
assertj-core,16623,0,0.028148834,0
assertj-core,16234,0,0.023175286,0
assertj-core,12371,0,0.044874437,0
assertj-core,11885,0,0.39957654,0
assertj-core,14117,0,0.20199196,0
assertj-core,11868,1,0.0040030074,0
assertj-core,16434,0,0.10020622,0
assertj-core,14218,0,0.101862885,0
assertj-core,13269,0,0.0011320518,0
assertj-core,14180,0,0.065125994,0
assertj-core,14706,0,0.053661853,0
assertj-core,14666,0,0.15564016,0
assertj-core,14381,0,0.3410057,0
assertj-core,16119,0,0.0010347979,0
assertj-core,11159,0,0.28540176,0
assertj-core,17087,0,0.0027792435,0
assertj-core,17121,0,0.00216854,0
assertj-core,14112,0,0.2538085,0
assertj-core,13913,0,0.12099527,0
assertj-core,15286,0,0.0016685073,0
assertj-core,12071,0,0.044874437,0
assertj-core,16310,0,0.0016525452,0
assertj-core,17088,0,0.025717823,0
assertj-core,15420,0,0.0042916015,0
assertj-core,13206,0,0.0036697849,0
assertj-core,14931,0,0.0036083008,0
assertj-core,14205,0,0.12217688,0
assertj-core,11633,0,0.3334255,0
assertj-core,15564,0,0.34274852,0
assertj-core,14952,0,0.24792054,0
assertj-core,14288,0,0.008706983,0
assertj-core,13225,0,0.0054736594,0
assertj-core,16423,0,0.11096811,0
assertj-core,11460,0,0.049724,0
assertj-core,13442,0,0.0014655418,0
assertj-core,11259,0,0.08914487,0
assertj-core,14732,0,0.15283766,0
assertj-core,14313,0,0.092374764,0
assertj-core,11565,0,0.37387902,0
assertj-core,13889,0,0.22525781,0
assertj-core,13231,0,0.0012156316,0
assertj-core,16195,0,0.057052474,0
assertj-core,11824,0,0.08016283,0
assertj-core,11590,0,0.061137322,0
assertj-core,12437,0,0.04111549,0
assertj-core,16869,0,0.0011886299,0
assertj-core,16228,0,0.021545002,0
assertj-core,11634,0,0.072110884,0
assertj-core,17077,0,0.0016495042,0
assertj-core,14403,0,0.011248882,0
assertj-core,12333,0,0.05676579,0
assertj-core,11978,0,0.04831268,0
assertj-core,16827,0,0.002411183,0
assertj-core,13697,0,0.50738895,1
assertj-core,14148,0,0.00088553195,0
assertj-core,15162,0,0.16679749,0
assertj-core,17356,0,0.0013349862,0
assertj-core,12466,0,0.25899294,0
assertj-core,16637,0,0.08955642,0
assertj-core,15256,0,0.44211444,0
assertj-core,11488,0,0.033471458,0
assertj-core,11134,0,0.032108795,0
assertj-core,12620,0,0.04831268,0
assertj-core,16335,0,0.49293998,0
assertj-core,15010,0,0.5222924,1
assertj-core,14173,0,0.0010398028,0
assertj-core,13212,0,0.42606452,0
assertj-core,17242,0,0.001217466,0
assertj-core,11989,0,0.4414213,0
assertj-core,11525,0,0.4414213,0
assertj-core,12665,0,0.39957654,0
assertj-core,14701,0,0.09491648,0
assertj-core,15552,0,0.0013901733,0
assertj-core,12329,0,0.04837716,0
assertj-core,13949,0,0.36335558,0
assertj-core,14405,0,0.021041859,0
assertj-core,12730,0,0.010032928,0
assertj-core,15628,0,0.0011083743,0
assertj-core,17228,0,0.12584822,0
assertj-core,16213,0,0.11840214,0
assertj-core,13610,0,0.08891166,0
assertj-core,14245,0,0.017862294,0
assertj-core,17312,0,0.0021315007,0
assertj-core,11546,0,0.0139830345,0
assertj-core,11399,0,0.35793215,0
assertj-core,17067,0,0.1661182,0
assertj-core,11755,0,0.0049662893,0
assertj-core,12905,0,0.14448357,0
assertj-core,12002,0,0.05434768,0
assertj-core,12727,0,0.39957654,0
assertj-core,16033,0,0.27103916,0
assertj-core,12498,0,0.32029793,0
assertj-core,15423,0,0.1481276,0
assertj-core,11519,0,0.2877928,0
assertj-core,11527,0,0.30207738,0
assertj-core,12239,0,0.24672295,0
assertj-core,14407,0,0.0013783482,0
assertj-core,15968,0,0.0015159703,0
assertj-core,14832,0,0.025499515,0
assertj-core,13617,0,0.09719846,0
assertj-core,16397,0,0.5777832,1
assertj-core,16251,0,0.20732145,0
assertj-core,12523,0,0.061137322,0
assertj-core,13651,0,0.0014567454,0
assertj-core,13921,0,0.22539024,0
assertj-core,15881,0,0.0017586715,0
assertj-core,14839,0,0.1180612,0
assertj-core,16323,0,0.0022403116,0
assertj-core,13778,0,0.0019118366,0
assertj-core,15782,0,0.08597432,0
assertj-core,12084,0,0.37387902,0
assertj-core,14104,0,0.002032506,0
assertj-core,14188,0,0.082906805,0
assertj-core,13917,0,0.0726567,0
assertj-core,13464,0,0.0060747783,0
assertj-core,13727,0,0.029331172,0
assertj-core,16304,0,0.49293998,0
assertj-core,17226,0,0.022470163,0
assertj-core,12489,0,0.061137322,0
assertj-core,13031,0,0.075184196,0
assertj-core,12847,0,0.20346145,0
assertj-core,13927,0,0.59530556,1
assertj-core,13990,0,0.029094603,0
assertj-core,16994,0,0.07820335,0
assertj-core,17123,0,0.01319471,0
assertj-core,13077,0,0.45734245,0
assertj-core,16464,0,0.057052474,0
assertj-core,17374,0,0.140419,0
assertj-core,11655,0,0.25899294,0
assertj-core,15307,0,0.062216647,0
assertj-core,16317,0,0.3967438,0
assertj-core,14918,0,0.14460503,0
assertj-core,14629,0,0.0020109066,0
assertj-core,16851,0,0.008592887,0
assertj-core,13963,0,0.06380574,0
assertj-core,11637,0,0.27060825,0
assertj-core,11153,0,0.08908192,0
assertj-core,16708,0,0.08245396,0
assertj-core,14505,0,0.0016460803,0
assertj-core,12624,0,0.053513,0
assertj-core,14128,0,0.01974569,0
assertj-core,11847,0,0.2687079,0
assertj-core,13352,0,0.0015720205,0
assertj-core,17066,0,0.0009655875,0
assertj-core,14100,0,0.008871246,0
assertj-core,14105,0,0.092374764,0
assertj-core,14766,0,0.05098645,0
assertj-core,15925,0,0.103709854,0
assertj-core,11890,0,0.044874437,0
assertj-core,13185,0,0.09719846,0
assertj-core,13574,0,0.0017633792,0
assertj-core,15965,0,0.10020622,0
assertj-core,15518,0,0.0786986,0
assertj-core,15532,0,0.47539485,0
assertj-core,11602,0,0.06767235,0
assertj-core,13791,0,0.0022213748,0
assertj-core,12064,0,0.39957654,0
assertj-core,15976,0,0.05063819,0
assertj-core,13900,0,0.0117301745,0
assertj-core,15502,0,0.5691297,1
assertj-core,16887,0,0.580852,1
assertj-core,14251,0,0.027789857,0
assertj-core,16898,0,0.09719846,0
assertj-core,15290,0,0.0013668402,0
assertj-core,16480,0,0.06573898,0
assertj-core,13694,0,0.15170027,0
assertj-core,16971,0,0.010201488,0
assertj-core,14686,0,0.092374764,0
assertj-core,11258,0,0.24306284,0
assertj-core,13164,0,0.0022998771,0
assertj-core,14914,0,0.0027440914,0
assertj-core,13669,0,0.014861715,0
assertj-core,15639,0,0.0031580057,0
assertj-core,11780,0,0.016844662,0
assertj-core,16968,0,0.057052474,0
assertj-core,13967,0,0.012469443,0
assertj-core,12526,0,0.41489214,0
assertj-core,11752,0,0.08016283,0
assertj-core,12811,0,0.0025604484,0
assertj-core,12767,0,0.014728164,0
assertj-core,11261,0,0.0021871075,0
assertj-core,12400,0,0.32029793,0
assertj-core,12626,0,0.053513,0
assertj-core,16884,0,0.00578917,0
assertj-core,12375,0,0.044874437,0
assertj-core,15384,0,0.00059131684,0
assertj-core,14131,0,0.011506636,0
assertj-core,16676,0,0.092374764,0
assertj-core,16647,0,0.012760684,0
assertj-core,13723,0,0.15029168,0
assertj-core,11791,0,0.0018101732,0
assertj-core,15949,0,0.4415097,0
assertj-core,14987,0,0.0033739738,0
assertj-core,11180,0,0.011748614,0
assertj-core,13831,0,0.06817651,0
assertj-core,16343,0,0.2933391,0
assertj-core,14055,0,0.001126516,0
assertj-core,16348,0,0.029331172,0
assertj-core,13229,0,0.053661853,0
assertj-core,12717,0,0.39063716,0
assertj-core,17187,0,0.020985708,0
assertj-core,14392,0,0.0013058205,0
assertj-core,15757,0,0.41110945,0
assertj-core,15314,0,0.06692937,0
assertj-core,15336,0,0.009100113,0
assertj-core,12582,0,0.061137322,0
assertj-core,15618,0,0.08955642,0
assertj-core,11205,0,0.0106882155,0
assertj-core,16612,0,0.046612456,0
assertj-core,11724,0,0.15383914,0
assertj-core,11453,0,0.409556,0
assertj-core,16347,0,0.0022332508,0
assertj-core,17224,0,0.16665131,0
assertj-core,13012,0,0.0034348625,0
assertj-core,12072,0,0.37387902,0
assertj-core,11827,0,0.0012374305,0
assertj-core,11954,0,0.04837716,0
assertj-core,11295,0,0.0024797702,0
assertj-core,16458,0,0.2373947,0
assertj-core,11389,0,0.35793215,0
assertj-core,16006,0,0.017532934,0
assertj-core,11435,0,0.41397446,0
assertj-core,15902,0,0.0010311661,0
assertj-core,14479,0,0.0016371134,0
assertj-core,17295,0,0.0072512077,0
assertj-core,13815,0,0.023175286,0
assertj-core,13107,0,0.0016160643,0
assertj-core,12925,0,0.23970465,0
assertj-core,13659,0,0.0031705468,0
assertj-core,17061,0,0.19163632,0
assertj-core,14848,0,0.014080258,0
assertj-core,13620,0,0.0018102971,0
assertj-core,15351,0,0.0013853988,0
assertj-core,16165,0,0.0009887476,0
assertj-core,13473,0,0.022221439,0
assertj-core,11504,0,0.01091064,0
assertj-core,14616,0,0.027019849,0
assertj-core,14377,0,0.0070261396,0
assertj-core,13991,0,0.073698886,0
assertj-core,16649,0,0.02275213,0
assertj-core,17317,0,0.3090484,0
assertj-core,13110,0,0.01491544,0
assertj-core,13094,0,0.0024114707,0
assertj-core,13337,0,0.0008396431,0
assertj-core,15203,0,0.0016075142,0
assertj-core,17248,0,0.19022457,0
assertj-core,11398,0,0.0370384,0
assertj-core,16191,0,0.053661853,0
assertj-core,16550,0,0.0013588442,0
assertj-core,11439,0,0.39957654,0
assertj-core,12183,0,0.032828335,0
assertj-core,13918,0,0.29562283,0
assertj-core,15679,0,0.37117958,0
assertj-core,16036,0,0.3410057,0
assertj-core,11452,0,0.06286485,0
assertj-core,15821,0,0.0009827722,0
assertj-core,17296,0,0.0040843226,0
assertj-core,11875,0,0.113939635,0
assertj-core,12756,0,0.072110884,0
assertj-core,13345,0,0.092374764,0
assertj-core,16216,0,0.05063819,0
assertj-core,11286,0,0.13070497,0
assertj-core,17039,0,0.48275685,0
assertj-core,11570,0,0.042697623,0
assertj-core,12593,0,0.34433818,0
assertj-core,17046,0,0.101862885,0
assertj-core,12923,0,0.018763727,0
assertj-core,15345,0,0.43389094,0
assertj-core,12780,0,0.18445994,0
assertj-core,15915,0,0.18293916,0
assertj-core,15495,0,0.0013102419,0
assertj-core,13695,0,0.012488893,0
assertj-core,14495,0,0.002231874,0
assertj-core,15353,0,0.13950755,0
assertj-core,13646,0,0.013519405,0
assertj-core,12802,0,0.009194476,0
assertj-core,14638,0,0.3871922,0
assertj-core,15028,0,0.020328535,0
assertj-core,11531,0,0.30207738,0
assertj-core,12687,0,0.32029793,0
assertj-core,12783,0,0.0062732724,0
assertj-core,15228,0,0.02741366,0
assertj-core,15210,0,0.580852,1
assertj-core,13200,0,0.0020411944,0
assertj-core,12760,0,0.06105693,0
assertj-core,16352,0,0.015130913,0
assertj-core,13455,0,0.0010327986,0
assertj-core,12976,0,0.021118497,0
assertj-core,11317,0,0.0021354975,0
assertj-core,13282,0,0.022978071,0
assertj-core,17079,0,0.002906366,0
assertj-core,15269,0,0.0015488908,0
assertj-core,13047,0,0.17535752,0
assertj-core,15469,0,0.019667985,0
assertj-core,12566,0,0.06204138,0
assertj-core,14958,0,0.0024679853,0
assertj-core,15887,0,0.5223552,1
assertj-core,12814,0,0.008497379,0
assertj-core,12145,0,0.029455235,0
assertj-core,14414,0,0.25770766,0
assertj-core,13224,0,0.44940495,0
assertj-core,16032,0,0.02181184,0
assertj-core,17232,0,0.00320922,0
assertj-core,13877,0,0.022221439,0
assertj-core,14192,0,0.0046952004,0
assertj-core,11414,0,0.039883826,0
assertj-core,17080,0,0.16611952,0
assertj-core,14398,0,0.0017872815,0
assertj-core,14332,0,0.0013394335,0
assertj-core,13232,0,0.0012139909,0
assertj-core,15806,0,0.027253771,0
assertj-core,17147,0,0.001555681,0
assertj-core,14935,0,0.0051827137,0
assertj-core,12617,0,0.31480405,0
assertj-core,16972,0,0.0020245912,0
assertj-core,11813,0,0.2687079,0
assertj-core,13100,0,0.002173708,0
assertj-core,14429,0,0.0027748195,0
assertj-core,15812,0,0.0062262504,0
assertj-core,13308,0,0.2538085,0
assertj-core,14522,0,0.003435104,0
assertj-core,14373,0,0.028148834,0
assertj-core,12449,0,0.058359094,0
assertj-core,14506,0,0.0015902551,0
assertj-core,15910,0,0.0020170999,0
assertj-core,16315,0,0.02911553,0
assertj-core,13052,0,0.06775826,0
assertj-core,12189,0,0.032828335,0
assertj-core,14813,0,0.0057922555,0
assertj-core,17024,0,0.031526282,0
assertj-core,17239,0,0.20941544,0
assertj-core,16456,0,0.07161565,0
assertj-core,16037,0,0.0054135993,0
assertj-core,14956,0,0.092374764,0
assertj-core,16844,0,0.011537493,0
assertj-core,14342,0,0.08977701,0
assertj-core,12249,0,0.25899294,0
assertj-core,11771,0,0.013821644,0
assertj-core,16691,0,0.002528949,0
assertj-core,12248,0,0.08681477,0
assertj-core,15849,0,0.007892739,0
assertj-core,15288,0,0.0016075142,0
assertj-core,14263,0,0.26344442,0
assertj-core,13714,0,0.0010703237,0
assertj-core,16180,0,0.092374764,0
assertj-core,13281,0,0.003340499,0
assertj-core,12589,0,0.39957654,0
assertj-core,14333,0,0.057747852,0
assertj-core,15004,0,0.25961447,0
assertj-core,11432,0,0.05676579,0
assertj-core,11908,0,0.044874437,0
assertj-core,16810,0,0.025499515,0
assertj-core,16797,0,0.14460503,0
assertj-core,13922,0,0.0023056164,0
assertj-core,16667,0,0.0021561636,0
assertj-core,14598,0,0.16927141,0
assertj-core,13573,0,0.0011061644,0
assertj-core,13019,0,0.16243437,0
assertj-core,14699,0,0.0033318123,0
assertj-core,14723,0,0.0013022957,0
assertj-core,14542,0,0.005747758,0
assertj-core,14115,0,0.017862294,0
assertj-core,14697,0,0.0016222218,0
assertj-core,12885,0,0.22746931,0
assertj-core,13240,0,0.06015947,0
assertj-core,15182,0,0.3052434,0
assertj-core,12785,0,0.18445994,0
assertj-core,13767,0,0.37117958,0
assertj-core,12298,0,0.06895148,0
assertj-core,12949,0,0.41489214,0
assertj-core,15865,0,0.0013732839,0
assertj-core,11162,0,0.18717083,0
assertj-core,12657,0,0.39957654,0
assertj-core,16076,0,0.044874437,0
assertj-core,11697,0,0.27060825,0
assertj-core,15114,0,0.02294168,0
assertj-core,14535,0,0.027372818,0
assertj-core,12557,0,0.21539393,0
assertj-core,14850,0,0.010315308,0
assertj-core,16807,0,0.11030304,0
assertj-core,13545,0,0.0118379835,0
assertj-core,11822,0,0.0040388578,0
assertj-core,14510,0,0.0052579036,0
assertj-core,14450,0,0.02294168,0
assertj-core,16636,0,0.05177269,0
assertj-core,13622,0,0.0013394335,0
assertj-core,13153,0,0.43634355,0
assertj-core,12303,0,0.37990972,0
assertj-core,16141,0,0.005747758,0
assertj-core,16590,0,0.06692937,0
assertj-core,17002,0,0.031935357,0
assertj-core,15209,0,0.016586067,0
assertj-core,11973,0,0.2820944,0
assertj-core,15247,0,0.012158322,0
assertj-core,15065,0,0.0017793067,0
assertj-core,17030,0,0.010580043,0
assertj-core,11209,0,0.011018922,0
assertj-core,16883,0,0.18517064,0
assertj-core,15692,0,0.0013763733,0
assertj-core,14153,0,0.2706438,0
assertj-core,16441,0,0.36332917,0
assertj-core,16635,0,0.05457895,0
assertj-core,11349,0,0.08530091,0
assertj-core,14056,0,0.28388295,0
assertj-core,15097,0,0.01810905,0
assertj-core,15367,0,0.015995631,0
assertj-core,16117,0,0.0031425792,0
assertj-core,16932,0,0.5078565,1
assertj-core,11638,0,0.072110884,0
assertj-core,14776,0,0.43634355,0
assertj-core,13148,0,0.14460503,0
assertj-core,13184,0,0.09719846,0
assertj-core,11382,0,0.0039853915,0
assertj-core,11760,0,0.0009491795,0
assertj-core,13360,0,0.014902996,0
assertj-core,13310,0,0.11030304,0
assertj-core,12080,0,0.38794917,0
assertj-core,15948,0,0.2538085,0
assertj-core,15234,0,0.0017867924,0
assertj-core,13895,0,0.19146977,0
assertj-core,16770,0,0.008164465,0
assertj-core,12119,0,0.06767235,0
assertj-core,14445,0,0.092374764,0
assertj-core,11419,0,0.27571875,0
assertj-core,16400,0,0.0023662634,0
assertj-core,13490,0,0.27139893,0
assertj-core,16038,0,0.0017586715,0
assertj-core,12067,0,0.044874437,0
assertj-core,11415,0,0.25899294,0
assertj-core,15185,0,0.010336305,0
assertj-core,11150,0,0.03969805,0
assertj-core,15385,0,0.06397302,0
assertj-core,12491,0,0.057674415,0
assertj-core,12289,0,0.2877928,0
assertj-core,16042,0,0.041526847,0
assertj-core,15619,0,0.09358928,0
assertj-core,13450,0,0.11030304,0
assertj-core,12205,0,0.032828335,0
assertj-core,11478,0,0.025296863,0
assertj-core,15474,0,0.014558417,0
assertj-core,16393,0,0.39398012,0
assertj-core,15823,0,0.08170833,0
assertj-core,16157,0,0.0013394335,0
assertj-core,13307,0,0.51522994,1
assertj-core,14539,0,0.14936689,0
assertj-core,14749,0,0.008153988,0
assertj-core,16561,0,0.022600062,0
assertj-core,16255,0,0.001285087,0
assertj-core,14343,0,0.005819811,0
assertj-core,14470,0,0.41110945,0
assertj-core,11553,0,0.38794917,0
assertj-core,15072,0,0.0051382994,0
assertj-core,16437,0,0.05805034,0
assertj-core,11226,0,0.023193471,0
assertj-core,11370,0,0.018181354,0
assertj-core,12032,0,0.0016972795,0
assertj-core,15321,0,0.0007754534,0
assertj-core,13861,0,0.11030304,0
assertj-core,14163,0,0.0051382994,0
assertj-core,16522,0,0.015285807,0
assertj-core,12548,0,0.031232627,0
assertj-core,13475,0,0.0786986,0
assertj-core,14650,0,0.007218077,0
assertj-core,17116,0,0.0040843226,0
assertj-core,17291,0,0.032102015,0
assertj-core,16790,0,0.3967438,0
assertj-core,12360,0,0.41397446,0
assertj-core,12651,0,0.30207738,0
assertj-core,12187,0,0.032828335,0
assertj-core,13130,0,0.009480531,0
assertj-core,14161,0,0.0051382994,0
assertj-core,15177,0,0.0013538142,0
assertj-core,12778,0,0.0062732724,0
assertj-core,14027,0,0.001126516,0
assertj-core,13198,0,0.0019028727,0
assertj-core,15313,0,0.092374764,0
assertj-core,15606,0,0.16985284,0
assertj-core,16152,0,0.0042043356,0
assertj-core,15180,0,0.063520215,0
assertj-core,17174,0,0.008834794,0
assertj-core,15322,0,0.020627793,0
assertj-core,11853,0,0.06701071,0
assertj-core,11139,0,0.13128082,0
assertj-core,13678,0,0.10020622,0
assertj-core,14440,0,0.29705858,0
assertj-core,16194,0,0.42816716,0
assertj-core,13766,0,0.008924204,0
assertj-core,13441,0,0.04350427,0
assertj-core,15918,0,0.0008404981,0
assertj-core,16017,0,0.023175286,0
assertj-core,13329,0,0.36071697,0
assertj-core,16954,0,0.48165122,0
assertj-core,12832,0,0.08823957,0
assertj-core,14549,0,0.02013154,0
assertj-core,15078,0,0.011478017,0
assertj-core,16253,0,0.018264065,0
assertj-core,15826,0,0.0016557366,0
assertj-core,13593,0,0.0014655418,0
assertj-core,16915,0,0.002076283,0
assertj-core,11165,0,0.29772556,0
assertj-core,16530,0,0.06677962,0
assertj-core,12078,0,0.39957654,0
assertj-core,13938,0,0.0075128814,0
assertj-core,13162,0,0.0016521943,0
assertj-core,14382,0,0.0056842812,0
assertj-core,12561,0,0.39957654,0
assertj-core,13391,0,0.024216782,0
assertj-core,15730,0,0.0012749686,0
assertj-core,12393,0,0.037420735,0
assertj-core,13660,0,0.0016563216,0
assertj-core,15356,0,0.0014687987,0
assertj-core,11476,0,0.032828335,0
assertj-core,13879,0,0.0013763733,0
assertj-core,12556,0,0.06506511,0
assertj-core,11154,0,0.019273277,0
assertj-core,15392,0,0.0102610355,0
assertj-core,16776,0,0.002040203,0
assertj-core,16533,0,0.058504317,0
assertj-core,14464,0,0.020092756,0
assertj-core,13344,0,0.49293998,0
assertj-core,11950,0,0.061137322,0
assertj-core,12899,0,0.020301266,0
assertj-core,15459,0,0.062216647,0
assertj-core,15971,0,0.005304657,0
assertj-core,16257,0,0.0018394146,0
assertj-core,14088,0,0.031526282,0
assertj-core,13565,0,0.0016770421,0
assertj-core,13159,0,0.31828243,0
assertj-core,12317,0,0.069677934,0
assertj-core,16182,0,0.0011966919,0
assertj-core,13812,0,0.023888167,0
assertj-core,11257,0,0.07800706,0
assertj-core,15014,0,0.0017586715,0
assertj-core,15513,0,0.024153924,0
assertj-core,16336,0,0.018773628,0
assertj-core,17208,0,0.0017201295,0
assertj-core,14262,0,0.0009887476,0
assertj-core,15893,0,0.0057968986,0
assertj-core,13375,0,0.065125994,0
assertj-core,15105,0,0.14460503,0
assertj-core,12682,0,0.011717386,0
assertj-core,13595,0,0.0015488908,0
assertj-core,14047,0,0.0012156316,0
assertj-core,13234,0,0.0015388385,0
assertj-core,13111,0,0.14460503,0
assertj-core,13758,0,0.0051382994,0
assertj-core,12247,0,0.3058263,0
assertj-core,12739,0,0.29600456,0
assertj-core,13288,0,0.030920409,0
assertj-core,14751,0,0.0022213748,0
assertj-core,16129,0,0.002240159,0
assertj-core,16293,0,0.28406808,0
assertj-core,12944,0,0.17768182,0
assertj-core,15671,0,0.00970021,0
assertj-core,14568,0,0.0022913706,0
assertj-core,16582,0,0.08109515,0
assertj-core,14283,0,0.0025804192,0
assertj-core,12039,0,0.0019629325,0
assertj-core,16768,0,0.0017867924,0
assertj-core,12254,0,0.061137322,0
assertj-core,15556,0,0.0040588244,0
assertj-core,13542,0,0.0018102971,0
assertj-core,17074,0,0.0012850956,0
assertj-core,17176,0,0.027020575,0
assertj-core,13529,0,0.0063098366,0
assertj-core,12568,0,0.067619994,0
assertj-core,15368,0,0.0011795976,0
assertj-core,12158,0,0.27571875,0
assertj-core,14817,0,0.0069831517,0
assertj-core,15250,0,0.0014655418,0
assertj-core,16493,0,0.10020622,0
assertj-core,12718,0,0.061137322,0
assertj-core,14080,0,0.005509627,0
assertj-core,16223,0,0.31647143,0
assertj-core,13744,0,0.0013763733,0
assertj-core,12631,0,0.30207738,0
assertj-core,14079,0,0.0009174126,0
assertj-core,15955,0,0.29679602,0
assertj-core,17000,0,0.0016219899,0
assertj-core,17300,0,0.2369968,0
assertj-core,12574,0,0.08506693,0
assertj-core,14847,0,0.29863983,0
assertj-core,11163,0,0.37990972,0
assertj-core,11251,0,0.012779097,0
assertj-core,15545,0,0.5078565,1
assertj-core,13514,0,0.014080258,0
assertj-core,16698,0,0.11030304,0
assertj-core,11428,0,0.044874437,0
assertj-core,11189,0,0.16758335,0
assertj-core,13002,0,0.012222425,0
assertj-core,14601,0,0.51522994,1
assertj-core,16995,0,0.023715401,0
assertj-core,15186,0,0.021041859,0
assertj-core,11767,0,0.009100113,0
assertj-core,11539,0,0.2877928,0
assertj-core,12283,0,0.08512491,0
assertj-core,13252,0,0.0013102419,0
assertj-core,11548,0,0.010032928,0
assertj-core,16275,0,0.028148834,0
assertj-core,13987,0,0.00225758,0
assertj-core,15670,0,0.018309692,0
assertj-core,16914,0,0.2538085,0
assertj-core,14849,0,0.31828243,0
assertj-core,16760,0,0.4031893,0
assertj-core,15781,0,0.23122744,0
assertj-core,15453,0,0.0016414445,0
assertj-core,16411,0,0.5602629,1
assertj-core,15355,0,0.00206624,0
assertj-core,16672,0,0.59530556,1
assertj-core,14276,0,0.041743368,0
assertj-core,13414,0,0.37117958,0
assertj-core,15994,0,0.014352119,0
assertj-core,15593,0,0.0017586715,0
assertj-core,12502,0,0.41489214,0
assertj-core,16485,0,0.001607404,0
assertj-core,14509,0,0.0745764,0
assertj-core,12854,0,0.0056268782,0
assertj-core,14944,0,0.001622722,0
assertj-core,15939,0,0.025812557,0
assertj-core,15131,0,0.001106799,0
assertj-core,14419,0,0.5078565,1
assertj-core,11511,0,0.31480405,0
assertj-core,14032,0,0.065125994,0
assertj-core,13787,0,0.0015301562,0
assertj-core,13905,0,0.28388295,0
assertj-core,14371,0,0.0013846852,0
assertj-core,11297,0,0.001630898,0
assertj-core,12982,0,0.24813205,0
assertj-core,16430,0,0.017453896,0
assertj-core,11236,0,0.12912661,0
assertj-core,13753,0,0.029981457,0
assertj-core,14197,0,0.09719846,0
assertj-core,13822,0,0.32299858,0
assertj-core,14600,0,0.011362223,0
assertj-core,12065,0,0.05352763,0
assertj-core,12860,0,0.16639043,0
assertj-core,16147,0,0.5078565,1
assertj-core,16780,0,0.007681404,0
assertj-core,16646,0,0.0018332815,0
assertj-core,16026,0,0.012472462,0
assertj-core,11420,0,0.050307512,0
assertj-core,12412,0,0.409556,0
assertj-core,11999,0,0.30207738,0
assertj-core,11380,0,0.0072992938,0
assertj-core,15226,0,0.51410013,1
assertj-core,13559,0,0.0016521943,0
assertj-core,11907,0,0.39957654,0
assertj-core,15832,0,0.09188424,0
assertj-core,14767,0,0.09491648,0
assertj-core,11906,0,0.044874437,0
assertj-core,12331,0,0.04837716,0
assertj-core,13478,0,0.06817651,0
assertj-core,13462,0,0.017717011,0
assertj-core,13301,0,0.44940495,0
assertj-core,12658,0,0.090971515,0
assertj-core,16812,0,0.005453478,0
assertj-core,11269,0,0.002446948,0
assertj-core,11480,0,0.025296863,0
assertj-core,12433,0,0.044398382,0
assertj-core,14198,0,0.029331172,0
assertj-core,16040,0,0.009100113,0
assertj-core,13340,0,0.00081050245,0
assertj-core,13135,0,0.0024644462,0
assertj-core,14278,0,0.0018996384,0
assertj-core,15363,0,0.057052474,0
assertj-core,14498,0,0.00165991,0
assertj-core,11576,0,0.061137322,0
assertj-core,14260,0,0.101862885,0
assertj-core,14518,0,0.009000596,0
assertj-core,17247,0,0.006815787,0
assertj-core,14532,0,0.5222924,1
assertj-core,14703,0,0.016426174,0
assertj-core,12175,0,0.057284817,0
assertj-core,13170,0,0.0022998771,0
assertj-core,15109,0,0.0027309083,0
assertj-core,14175,0,0.0014021245,0
assertj-core,14272,0,0.0013058205,0
assertj-core,13681,0,0.42236626,0
assertj-core,13438,0,0.0014965279,0
assertj-core,14352,0,0.011881549,0
assertj-core,12864,0,0.007804261,0
assertj-core,16791,0,0.0015961622,0
assertj-core,12772,0,0.41489214,0
assertj-core,17100,0,0.016658071,0
assertj-core,12181,0,0.018064164,0
assertj-core,13496,0,0.01449263,0
assertj-core,13601,0,0.0014655418,0
assertj-core,11864,0,0.32037732,0
assertj-core,12277,0,0.13946387,0
assertj-core,16627,0,0.0013022957,0
assertj-core,11360,0,0.007152697,0
assertj-core,13719,0,0.002296018,0
assertj-core,11542,0,0.04837716,0
assertj-core,15675,0,0.0015248278,0
assertj-core,13632,0,0.014451228,0
assertj-core,16830,0,0.0018442736,0
assertj-core,15940,0,0.5223552,1
assertj-core,16091,0,0.010587533,0
assertj-core,15051,0,0.008370022,0
assertj-core,16739,0,0.101862885,0
assertj-core,13125,0,0.028148834,0
assertj-core,16863,0,0.16358253,0
assertj-core,13145,0,0.0012563355,0
assertj-core,11367,0,0.0007967329,0
assertj-core,15775,0,0.05194792,0
assertj-core,16292,0,0.020854158,0
assertj-core,11500,0,0.032828335,0
assertj-core,15966,0,0.28388295,0
assertj-core,12142,0,0.27571875,0
assertj-core,16782,0,0.5222924,1
assertj-core,12312,0,0.25899294,0
assertj-core,14102,0,0.008871246,0
assertj-core,17341,0,0.0014622207,0
assertj-core,11383,0,0.0010147566,0
assertj-core,13532,0,0.05457895,0
assertj-core,14004,0,0.06914521,0
assertj-core,12228,0,0.06895148,0
assertj-core,12838,0,0.0024967256,0
assertj-core,14835,0,0.0012937967,0
assertj-core,13245,0,0.0022296517,0
assertj-core,11788,0,0.2687079,0
assertj-core,14842,0,0.009440881,0
assertj-core,12865,0,0.07735789,0
assertj-core,12385,0,0.04837716,0
assertj-core,15094,0,0.09719846,0
assertj-core,13095,0,0.0024114707,0
assertj-core,13081,0,0.18445994,0
assertj-core,14158,0,0.052405383,0
assertj-core,13944,0,0.0021425977,0
assertj-core,14588,0,0.118476346,0
assertj-core,16843,0,0.0026674923,0
assertj-core,11804,0,0.08016283,0
assertj-core,11240,0,0.1305223,0
assertj-core,12701,0,0.32029793,0
assertj-core,17105,0,0.015425589,0
assertj-core,15756,0,0.013283859,0
assertj-core,12667,0,0.39957654,0
assertj-core,11676,0,0.049672734,0
assertj-core,12098,0,0.33948472,0
assertj-core,17309,0,0.0017376445,0
assertj-core,16523,0,0.16533585,0
assertj-core,12913,0,0.36820924,0
assertj-core,16496,0,0.046988048,0
assertj-core,12479,0,0.099734984,0
assertj-core,11817,0,0.016369477,0
assertj-core,17227,0,0.21928018,0
assertj-core,13075,0,0.2740168,0
assertj-core,12457,0,0.06105693,0
assertj-core,13479,0,0.0013022957,0
assertj-core,15411,0,0.092374764,0
assertj-core,11172,0,0.011748614,0
assertj-core,14118,0,0.0058850734,0
assertj-core,15200,0,0.09491648,0
assertj-core,16230,0,0.580852,1
assertj-core,12708,0,0.044874437,0
assertj-core,15825,0,0.002752941,0
assertj-core,12879,0,0.16741632,0
assertj-core,14694,0,0.0012922641,0
assertj-core,15457,0,0.55444103,1
assertj-core,16085,0,0.00069320895,0
assertj-core,15852,0,0.38754964,0
assertj-core,13058,0,0.17768182,0
assertj-core,16130,0,0.012472462,0
assertj-core,16824,0,0.08955642,0
assertj-core,12028,0,0.1816978,0
assertj-core,11748,0,0.009100113,0
assertj-core,15041,0,0.053661853,0
assertj-core,13180,0,0.25524312,0
assertj-core,12669,0,0.39957654,0
assertj-core,15824,0,0.06231854,0
assertj-core,13256,0,0.0011282262,0
assertj-core,12836,0,0.19699869,0
assertj-core,13382,0,0.08109515,0
assertj-core,16702,0,0.0014567454,0
assertj-core,13976,0,0.013257679,0
assertj-core,11369,0,0.008542396,0
assertj-core,17327,0,0.009173562,0
assertj-core,16535,0,0.0953762,0
assertj-core,14887,0,0.0013521255,0
assertj-core,13222,0,0.27103916,0
assertj-core,15578,0,0.0036410186,0
assertj-core,15814,0,0.59530556,1
assertj-core,11245,0,0.013868726,0
assertj-core,13874,0,0.1450163,0
assertj-core,13828,0,0.011881549,0
assertj-core,17103,0,0.016373947,0
assertj-core,13731,0,0.00549905,0
assertj-core,14726,0,0.43634355,0
assertj-core,13458,0,0.02536079,0
assertj-core,16762,0,0.005747758,0
assertj-core,15978,0,0.00095415424,0
assertj-core,17391,0,0.19810385,0
assertj-core,13811,0,0.15029168,0
assertj-core,11673,0,0.23101476,0
assertj-core,11345,0,0.023871519,0
assertj-core,14023,0,0.004306559,0
assertj-core,11558,0,0.030830264,0
assertj-core,15595,0,0.42236626,0
assertj-core,15238,0,0.007681404,0
assertj-core,14243,0,0.37776372,0
assertj-core,11980,0,0.04831268,0
assertj-core,17075,0,0.017088497,0
assertj-core,12172,0,0.31480405,0
assertj-core,16233,0,0.008858744,0
assertj-core,12052,0,0.39957654,0
assertj-core,13603,0,0.023083461,0
assertj-core,13463,0,0.092374764,0
assertj-core,12603,0,0.30207738,0
assertj-core,14814,0,0.0014567454,0
assertj-core,15769,0,0.0027590848,0
assertj-core,14586,0,0.18386772,0
assertj-core,15202,0,0.5078565,1
assertj-core,16984,0,0.092374764,0
assertj-core,15877,0,0.016190648,0
assertj-core,17204,0,0.0017201295,0
assertj-core,15674,0,0.057747852,0
assertj-core,11947,0,0.41397446,0
assertj-core,11567,0,0.38794917,0
assertj-core,17134,0,0.003825854,0
assertj-core,16886,0,0.0016559653,0
assertj-core,11596,0,0.057518717,0
assertj-core,13050,0,0.18002826,0
assertj-core,15844,0,0.0012377105,0
assertj-core,14042,0,0.092374764,0
assertj-core,12042,0,0.0015151701,0
assertj-core,11814,0,0.05116865,0
assertj-core,13369,0,0.35394034,0
assertj-core,16985,0,0.27139893,0
assertj-core,13515,0,0.31828243,0
assertj-core,15157,0,0.0019647016,0
assertj-core,16476,0,0.0003965754,0
assertj-core,14794,0,0.092374764,0
assertj-core,17237,0,0.054186042,0
assertj-core,13598,0,0.092374764,0
assertj-core,14734,0,0.10921843,0
assertj-core,15735,0,0.41110945,0
assertj-core,14557,0,0.27103916,0
assertj-core,16386,0,0.016190648,0
assertj-core,17325,0,0.012434303,0
assertj-core,12754,0,0.08554571,0
assertj-core,13536,0,0.025812557,0
assertj-core,12751,0,0.3058263,0
assertj-core,14687,0,0.025499515,0
assertj-core,15967,0,0.21750528,0
assertj-core,15092,0,0.06817651,0
assertj-core,16387,0,0.0015488908,0
assertj-core,13078,0,0.34617895,0
assertj-core,14024,0,0.08949471,0
assertj-core,11368,0,0.15606543,0
assertj-core,13187,0,0.4779789,0
assertj-core,13856,0,0.0017586715,0
assertj-core,16048,0,0.0011259692,0
assertj-core,12729,0,0.41397446,0
assertj-core,12562,0,0.057518717,0
assertj-core,12630,0,0.09498062,0
assertj-core,14415,0,0.07469633,0
assertj-core,12692,0,0.04837716,0
assertj-core,11942,0,0.061137322,0
assertj-core,11262,0,0.13922076,0
assertj-core,14071,0,0.023413543,0
assertj-core,11456,0,0.06286485,0
assertj-core,11319,0,0.004104318,0
assertj-core,13893,0,0.00083722436,0
assertj-core,11848,0,0.20813313,0
assertj-core,16140,0,0.0014380183,0
assertj-core,11536,0,0.06767235,0
assertj-core,11530,0,0.061137322,0
assertj-core,13028,0,0.34334925,0
assertj-core,11522,0,0.057518717,0
assertj-core,16514,0,0.047917735,0
assertj-core,16583,0,0.46187586,0
assertj-core,16218,0,0.0011088739,0
assertj-core,16399,0,0.0021987632,0
assertj-core,11685,0,0.24178472,0
assertj-core,14423,0,0.008375498,0
assertj-core,16648,0,0.07288719,0
assertj-core,14868,0,0.0013394335,0
assertj-core,13672,0,0.38754964,0
assertj-core,16848,0,0.017751949,0
assertj-core,14204,0,0.0059012785,0
assertj-core,15725,0,0.15283766,0
assertj-core,11311,0,0.0024705997,0
assertj-core,14986,0,0.36395574,0
assertj-core,12791,0,0.001439753,0
assertj-core,14154,0,0.025812557,0
assertj-core,13121,0,0.03521385,0
assertj-core,15389,0,0.37117958,0
assertj-core,11224,0,0.016436461,0
assertj-core,11731,0,0.026214536,0
assertj-core,14790,0,0.0058888653,0
assertj-core,12232,0,0.06895148,0
assertj-core,14159,0,0.20199196,0
assertj-core,11518,0,0.029455235,0
assertj-core,16641,0,0.0015372948,0
assertj-core,11355,0,0.001240851,0
assertj-core,16197,0,0.004998894,0
assertj-core,11423,0,0.46401224,0
assertj-core,11353,0,0.81630635,1
assertj-core,12058,0,0.39957654,0
assertj-core,15631,0,0.00748102,0
assertj-core,15161,0,0.5222924,1
assertj-core,13311,0,0.10020622,0
assertj-core,12053,0,0.050502736,0
assertj-core,12538,0,0.009250096,0
assertj-core,13661,0,0.020034138,0
assertj-core,17196,0,0.018227512,0
assertj-core,16170,0,0.50700694,1
assertj-core,16558,0,0.0023486498,0
assertj-core,12099,0,0.045477223,0
assertj-core,11157,0,0.37990972,0
assertj-core,13000,0,0.051796805,0
assertj-core,13189,0,0.0013017929,0
assertj-core,12621,0,0.31480405,0
assertj-core,14469,0,0.1090343,0
assertj-core,15155,0,0.5078565,1
assertj-core,16798,0,0.4031893,0
assertj-core,13806,0,0.02741366,0
assertj-core,12074,0,0.39957654,0
assertj-core,13770,0,0.013119975,0
assertj-core,13857,0,0.0027590848,0
assertj-core,15357,0,0.03161439,0
assertj-core,15112,0,0.0069297864,0
assertj-core,15190,0,0.022464225,0
assertj-core,14379,0,0.0010327986,0
assertj-core,13092,0,0.0059276517,0
assertj-core,14157,0,0.052405383,0
assertj-core,15013,0,0.0016328177,0
assertj-core,13454,0,0.20680209,0
assertj-core,11745,0,0.057886317,0
assertj-core,11459,0,0.39957654,0
assertj-core,13279,0,0.11030304,0
assertj-core,11577,0,0.27571875,0
assertj-core,12941,0,0.23885292,0
assertj-core,12365,0,0.042175163,0
assertj-core,16087,0,0.0013166281,0
assertj-core,13215,0,0.007327817,0
assertj-core,16703,0,0.030920409,0
assertj-core,14691,0,0.008080927,0
assertj-core,14757,0,0.06817651,0
assertj-core,13217,0,0.0012331622,0
assertj-core,12959,0,0.1649119,0
assertj-core,17213,0,0.08721234,0
assertj-core,16465,0,0.016961362,0
assertj-core,13057,0,0.08562792,0
assertj-core,11578,0,0.061137322,0
assertj-core,14957,0,0.51410013,1
assertj-core,16285,0,0.003463754,0
assertj-core,12723,0,0.39957654,0
assertj-core,15101,0,0.005175176,0
assertj-core,11135,0,0.030028963,0
assertj-core,13347,0,0.0037191813,0
assertj-core,12005,0,0.30207738,0
assertj-core,11628,0,0.072110884,0
assertj-core,11931,0,0.41489214,0
assertj-core,12386,0,0.3334255,0
assertj-core,13126,0,0.5283944,1
assertj-core,12643,0,0.30207738,0
assertj-core,14103,0,0.2538085,0
assertj-core,16579,0,0.053661853,0
assertj-core,15499,0,0.009316207,0
assertj-core,12994,0,0.257026,0
assertj-core,11225,0,0.06172143,0
assertj-core,16052,0,0.0008311254,0
assertj-core,13042,0,0.34334925,0
assertj-core,17375,0,0.0020859751,0
assertj-core,14947,0,0.42236626,0
assertj-core,17083,0,0.002854329,0
assertj-core,16713,0,0.075962804,0
assertj-core,16203,0,0.41110945,0
assertj-core,11556,0,0.025296863,0
assertj-core,15850,0,0.17373402,0
assertj-core,13278,0,0.0008946906,0
assertj-core,17086,0,0.024558153,0
assertj-core,14675,0,0.5078565,1
assertj-core,12777,0,0.16370976,0
assertj-core,12974,0,0.24819407,0
assertj-core,14712,0,0.013590266,0
assertj-core,12464,0,0.3529903,0
assertj-core,12021,0,0.14633578,0
assertj-core,13398,0,0.014357847,0
assertj-core,13376,0,0.0010398028,0
assertj-core,15021,0,0.092374764,0
assertj-core,11601,0,0.30207738,0
assertj-core,13122,0,0.31828243,0
assertj-core,13048,0,0.31331795,0
assertj-core,11393,0,0.39957654,0
assertj-core,17132,0,0.0033045607,0
assertj-core,17142,0,0.010510453,0
assertj-core,14685,0,0.023175286,0
assertj-core,12030,0,0.19830646,0
assertj-core,13763,0,0.0016501993,0
assertj-core,13358,0,0.0013022957,0
assertj-core,11424,0,0.010108535,0
assertj-core,13556,0,0.10020622,0
assertj-core,11719,0,0.013584169,0
assertj-core,17354,0,0.002827427,0
assertj-core,17349,0,0.15790695,0
assertj-core,16326,0,0.0016309953,0
assertj-core,13902,0,0.0017953534,0
assertj-core,12163,0,0.06850931,0
assertj-core,12648,0,0.049612794,0
assertj-core,13570,0,0.5078565,1
assertj-core,15490,0,0.15599969,0
assertj-core,15944,0,0.075962804,0
assertj-core,14066,0,0.023413543,0
assertj-core,14290,0,0.0027043612,0
assertj-core,17286,0,0.083393455,0
assertj-core,15787,0,0.0060747783,0
assertj-core,11952,0,0.06689648,0
assertj-core,13299,0,0.0010331026,0
assertj-core,12698,0,0.03942816,0
assertj-core,12952,0,0.13610925,0
assertj-core,11665,0,0.2877928,0
assertj-core,13011,0,0.3636959,0
assertj-core,11537,0,0.4962068,0
assertj-core,12316,0,0.2877928,0
assertj-core,16894,0,0.0015614727,0
assertj-core,16755,0,0.0015488908,0
assertj-core,14295,0,0.0058888653,0
assertj-core,14908,0,0.0023594373,0
assertj-core,16453,0,0.07479855,0
assertj-core,13899,0,0.16824421,0
assertj-core,17038,0,0.002465255,0
assertj-core,16761,0,0.0024679853,0
assertj-core,13582,0,0.026573617,0
assertj-core,16840,0,0.004636555,0
assertj-core,12018,0,0.025726443,0
assertj-core,14810,0,0.0013763733,0
assertj-core,11285,0,0.0023640268,0
assertj-core,13452,0,0.0013732839,0
assertj-core,14439,0,0.43634355,0
assertj-core,16377,0,0.38436028,0
assertj-core,12057,0,0.044874437,0
assertj-core,17347,0,0.008101784,0
assertj-core,16831,0,0.0018941478,0
assertj-core,15344,0,0.092374764,0
assertj-core,17183,0,0.0063039972,0
assertj-core,12355,0,0.042175163,0
assertj-core,14008,0,0.41110945,0
assertj-core,11213,0,0.021792669,0
assertj-core,12043,0,0.18558285,0
assertj-core,13007,0,0.18335919,0
assertj-core,13915,0,0.28388295,0
assertj-core,13305,0,0.33520135,0
assertj-core,15765,0,0.14460503,0
assertj-core,14784,0,0.023597712,0
assertj-core,14816,0,0.01810905,0
assertj-core,16938,0,0.41110945,0
assertj-core,11742,0,0.0021791032,0
assertj-core,17198,0,0.3239435,0
assertj-core,15637,0,0.02181184,0
assertj-core,12675,0,0.39957654,0
assertj-core,15279,0,0.11030304,0
assertj-core,14001,0,0.082386486,0
assertj-core,11377,0,0.0077174236,0
assertj-core,16491,0,0.5296498,1
assertj-core,17231,0,0.0034591013,0
assertj-core,12855,0,0.03464479,0
assertj-core,16547,0,0.00165991,0
assertj-core,14647,0,0.001918191,0
assertj-core,13800,0,0.001307888,0
assertj-core,15342,0,0.020519935,0
assertj-core,16802,0,0.10074707,0
assertj-core,16302,0,0.055312537,0
assertj-core,16428,0,0.07688884,0
assertj-core,12261,0,0.37990972,0
assertj-core,12726,0,0.012074892,0
assertj-core,13113,0,0.2538085,0
assertj-core,15039,0,0.09719846,0
assertj-core,16361,0,0.6898981,1
assertj-core,11437,0,0.41397446,0
assertj-core,15861,0,0.0011989208,0
assertj-core,14468,0,0.007404282,0
assertj-core,15957,0,0.34845293,0
assertj-core,11614,0,0.008053683,0
assertj-core,14229,0,0.51691014,1
assertj-core,16746,0,0.14460503,0
assertj-core,11684,0,0.041903023,0
assertj-core,13564,0,0.092374764,0
assertj-core,15158,0,0.5222924,1
assertj-core,11650,0,0.0574428,0
assertj-core,17131,0,0.0031002744,0
assertj-core,11855,0,0.06701071,0
assertj-core,14752,0,0.59530556,1
assertj-core,16608,0,0.0009887476,0
assertj-core,15811,0,0.14460503,0
assertj-core,14508,0,0.063520215,0
assertj-core,13804,0,0.065125994,0
assertj-core,15118,0,0.0013732839,0
assertj-core,12050,0,0.39957654,0
assertj-core,12243,0,0.27088246,0
assertj-core,14512,0,0.007973514,0
assertj-core,11219,0,0.16690332,0
assertj-core,11723,0,0.10536302,0
assertj-core,15713,0,0.02294168,0
assertj-core,16499,0,0.052745875,0
assertj-core,16820,0,0.0021736678,0
assertj-core,13343,0,0.025499515,0
assertj-core,15917,0,0.00081978564,0
assertj-core,15554,0,0.0014493128,0
assertj-core,15124,0,0.0056842812,0
assertj-core,14707,0,0.0037489345,0
assertj-core,13741,0,0.092374764,0
assertj-core,16073,0,0.054248422,0
assertj-core,13341,0,0.15170027,0
assertj-core,15027,0,0.008931676,0
assertj-core,14786,0,0.0016460803,0
assertj-core,12415,0,0.06689648,0
assertj-core,13482,0,0.023910685,0
assertj-core,11718,0,0.013584169,0
assertj-core,12354,0,0.41397446,0
assertj-core,11492,0,0.032828335,0
assertj-core,15665,0,0.0013658883,0
assertj-core,17287,0,0.0022674366,0
assertj-core,14969,0,0.0012027617,0
assertj-core,13230,0,0.06206134,0
assertj-core,13295,0,0.05587465,0
assertj-core,13474,0,0.022464225,0
assertj-core,17377,0,0.00216854,0
assertj-core,13684,0,0.101862885,0
assertj-core,14662,0,0.051290978,0
assertj-core,14225,0,0.45580626,0
assertj-core,12346,0,0.3529903,0
assertj-core,12735,0,0.2739715,0
assertj-core,16166,0,0.0013060924,0
assertj-core,12117,0,0.061137322,0
assertj-core,12423,0,0.057284817,0
assertj-core,13534,0,0.007681404,0
assertj-core,11326,0,0.17471947,0
assertj-core,14459,0,0.0058888653,0
assertj-core,13320,0,0.03991096,0
assertj-core,14085,0,0.22539024,0
assertj-core,15577,0,0.0017586715,0
assertj-core,15988,0,0.11030304,0
assertj-core,14331,0,0.092374764,0
assertj-core,14926,0,0.17144857,0
assertj-core,16867,0,0.114056,0
assertj-core,14575,0,0.04070811,0
assertj-core,15607,0,0.09719846,0
assertj-core,16944,0,0.081801035,0
assertj-core,11338,0,0.16016819,0
assertj-core,14624,0,0.038508408,0
assertj-core,16175,0,0.0017273888,0
assertj-core,16136,0,0.27103916,0
assertj-core,17190,0,0.00216854,0
assertj-core,14011,0,0.101862885,0
assertj-core,14836,0,0.014451228,0
assertj-core,15645,0,0.0031705468,0
assertj-core,14834,0,0.0065255747,0
assertj-core,16467,0,0.42791083,0
assertj-core,14209,0,0.28388295,0
assertj-core,16375,0,0.13119194,0
assertj-core,15541,0,0.4714737,0
assertj-core,15489,0,0.013868636,0
assertj-core,15693,0,0.002117879,0
assertj-core,15958,0,0.0015240272,0
assertj-core,17297,0,0.0022271634,0
assertj-core,11362,0,0.06087306,0
assertj-core,13265,0,0.14460503,0
assertj-core,12853,0,0.30660874,0
assertj-core,12079,0,0.044874437,0
assertj-core,14797,0,0.012795578,0
assertj-core,11175,0,0.23440978,0
assertj-core,14427,0,0.0017586715,0
assertj-core,16058,0,0.00085941673,0
assertj-core,14773,0,0.0021561636,0
assertj-core,16634,0,0.0017586715,0
assertj-core,15687,0,0.028148834,0
assertj-core,12407,0,0.04837716,0
assertj-core,11905,0,0.37387902,0
assertj-core,14375,0,0.092374764,0
assertj-core,11206,0,0.162648,0
assertj-core,12597,0,0.30207738,0
assertj-core,15365,0,0.00063134485,0
assertj-core,14302,0,0.021720314,0
assertj-core,14494,0,0.007681404,0
assertj-core,14543,0,0.27103916,0
assertj-core,11413,0,0.26609114,0
assertj-core,13757,0,0.007325351,0
assertj-core,15970,0,0.48663932,0
assertj-core,15183,0,0.014080258,0
assertj-core,17045,0,0.36071697,0
assertj-core,15447,0,0.020170005,0
assertj-core,13243,0,0.0013960878,0
assertj-core,11268,0,0.11519345,0
assertj-core,16247,0,0.065125994,0
assertj-core,13331,0,0.0012156316,0
assertj-core,15859,0,0.092374764,0
assertj-core,16385,0,0.54981786,1
assertj-core,12744,0,0.072110884,0
assertj-core,14863,0,0.0063098366,0
assertj-core,13258,0,0.038667753,0
assertj-core,15115,0,0.022464225,0
assertj-core,14894,0,0.017109534,0
assertj-core,11776,0,0.013844958,0
assertj-core,16420,0,0.0010235567,0
assertj-core,16128,0,0.005769022,0
assertj-core,13505,0,0.17954245,0
assertj-core,14452,0,0.11030304,0
assertj-core,13734,0,0.0014830614,0
assertj-core,13396,0,0.017027972,0
assertj-core,17145,0,0.0020478754,0
assertj-core,15404,0,0.0017539405,0
assertj-core,12264,0,0.3324324,0
assertj-core,11202,0,0.0077522313,0
assertj-core,17340,0,0.035544105,0
assertj-core,12965,0,0.41489214,0
assertj-core,15069,0,0.07890666,0
assertj-core,13068,0,0.18777774,0
assertj-core,16444,0,0.097443655,0
assertj-core,16098,0,0.002017283,0
assertj-core,13531,0,0.0055587245,0
assertj-core,17294,0,0.0036388761,0
assertj-core,14127,0,0.0010636441,0
assertj-core,15225,0,0.14460503,0
assertj-core,12684,0,0.05557237,0
assertj-core,11970,0,0.13874017,0
assertj-core,14151,0,0.28388295,0
assertj-core,17271,0,0.010170983,0
assertj-core,14718,0,0.0022213748,0
assertj-core,12171,0,0.061137322,0
assertj-core,14693,0,0.0075277584,0
assertj-core,11533,0,0.409556,0
assertj-core,14879,0,0.09132038,0
assertj-core,16088,0,0.016346436,0
assertj-core,16732,0,0.10688542,0
assertj-core,15062,0,0.006809818,0
assertj-core,14590,0,0.002441751,0
assertj-core,11143,0,0.083319195,0
assertj-core,15964,0,0.2267526,0
assertj-core,11421,0,0.27060825,0
assertj-core,12788,0,0.13753375,0
assertj-core,12553,0,0.061137322,0
assertj-core,12327,0,0.2472551,0
assertj-core,17305,0,0.0015587038,0
assertj-core,14434,0,0.05751589,0
assertj-core,11407,0,0.39957654,0
assertj-core,16714,0,0.10020622,0
assertj-core,11772,0,0.0009491795,0
assertj-core,16492,0,0.0035377347,0
assertj-core,12601,0,0.31480405,0
assertj-core,13547,0,0.023083461,0
assertj-core,11651,0,0.27060825,0
assertj-core,13934,0,0.07173685,0
assertj-core,11300,0,0.10413138,0
assertj-core,11619,0,0.25899294,0
assertj-core,15600,0,0.110562734,0
assertj-core,15242,0,0.004899083,0
assertj-core,12984,0,0.00580284,0
assertj-core,16882,0,0.058847517,0
assertj-core,15255,0,0.0037489345,0
assertj-core,11911,0,0.41397446,0
assertj-core,11686,0,0.04491316,0
assertj-core,17164,0,0.0014004869,0
assertj-core,15542,0,0.018358855,0
assertj-core,11929,0,0.41397446,0
assertj-core,15551,0,0.0020468333,0
assertj-core,13775,0,0.028148834,0
assertj-core,15099,0,0.0014567454,0
assertj-core,11277,0,0.0024036088,0
assertj-core,11427,0,0.32029793,0
assertj-core,14976,0,0.42236626,0
assertj-core,14646,0,0.0010690937,0
assertj-core,12560,0,0.0932715,0
assertj-core,12240,0,0.06895148,0
assertj-core,15343,0,0.009689264,0
assertj-core,14012,0,0.0114370575,0
assertj-core,15422,0,0.011131421,0
assertj-core,12578,0,0.05258747,0
assertj-core,11923,0,0.3334255,0
assertj-core,16415,0,0.0016498467,0
assertj-core,15261,0,0.0018102971,0
assertj-core,11706,0,0.2391862,0
assertj-core,15036,0,0.14506456,0
assertj-core,16786,0,0.11504136,0
assertj-core,16408,0,0.019445982,0
assertj-core,14408,0,0.0069831517,0
assertj-core,13568,0,0.001288998,0
assertj-core,17151,0,0.001555681,0
assertj-core,11642,0,0.06105693,0
assertj-core,12900,0,0.004017367,0
assertj-core,16297,0,0.058529474,0
assertj-core,12307,0,0.28282747,0
assertj-core,17141,0,0.0036053772,0
assertj-core,15885,0,0.26682383,0
assertj-core,16531,0,0.043331638,0
assertj-core,16135,0,0.0024758126,0
assertj-core,16931,0,0.08965998,0
assertj-core,13487,0,0.0075264224,0
assertj-core,16783,0,0.0021561636,0
assertj-core,12625,0,0.30207738,0
assertj-core,15570,0,0.0016266359,0
assertj-core,15022,0,0.025499515,0
assertj-core,14388,0,0.007001713,0
assertj-core,13876,0,0.012194598,0
assertj-core,15843,0,0.14460503,0
assertj-core,13954,0,0.0009887476,0
assertj-core,11341,0,0.004592819,0
assertj-core,14049,0,0.2538085,0
assertj-core,16288,0,0.50738895,1
assertj-core,15173,0,0.0019277025,0
assertj-core,15143,0,0.025499515,0
assertj-core,11935,0,0.34433818,0
assertj-core,16564,0,0.0012504894,0
assertj-core,14700,0,0.2483513,0
assertj-core,17366,0,0.0032322113,0
assertj-core,11344,0,0.0852672,0
assertj-core,12712,0,0.074335545,0
assertj-core,15192,0,0.0013022957,0
assertj-core,12954,0,0.41489214,0
assertj-core,12217,0,0.01285871,0
assertj-core,17175,0,0.0019661954,0
assertj-core,13386,0,0.2278009,0
assertj-core,17104,0,0.015695708,0
assertj-core,16244,0,0.0016961286,0
assertj-core,12287,0,0.3058263,0
assertj-core,12185,0,0.050107926,0
assertj-core,16470,0,0.021215104,0
assertj-core,16096,0,0.02275213,0
assertj-core,14556,0,0.012672697,0
assertj-core,13179,0,0.010713404,0
assertj-core,13904,0,0.06347386,0
assertj-core,16111,0,0.00089235324,0
assertj-core,12462,0,0.23101476,0
assertj-core,14314,0,0.06641513,0
assertj-core,13041,0,0.26128426,0
assertj-core,17316,0,0.0012683541,0
assertj-core,13803,0,0.16358253,0
assertj-core,11939,0,0.41397446,0
assertj-core,14206,0,0.00566516,0
assertj-core,15098,0,0.015075985,0
assertj-core,14869,0,0.0024758126,0
assertj-core,13394,0,0.012111449,0
assertj-core,17371,0,0.027020575,0
assertj-core,16619,0,0.006023216,0
assertj-core,11401,0,0.35793215,0
assertj-core,16004,0,0.008080927,0
assertj-core,15936,0,0.10020622,0
assertj-core,11141,0,0.030028963,0
assertj-core,11797,0,0.0007648148,0
assertj-core,14753,0,0.012488893,0
assertj-core,17052,0,0.13350938,0
assertj-core,13664,0,0.5222924,1
assertj-core,12932,0,0.036363218,0
assertj-core,14587,0,0.12435328,0
assertj-core,12465,0,0.06105693,0
assertj-core,14672,0,0.12425476,0
assertj-core,13986,0,0.04146931,0
assertj-core,11664,0,0.006508767,0
assertj-core,12461,0,0.061137322,0
assertj-core,17243,0,0.00078736804,0
assertj-core,14031,0,0.5223552,1
assertj-core,13096,0,0.15075758,0
assertj-core,11379,0,0.07012429,0
assertj-core,14355,0,0.030285718,0
assertj-core,12488,0,0.2788455,0
assertj-core,14975,0,0.0038826412,0
assertj-core,11584,0,0.03306091,0
assertj-core,15836,0,0.42236626,0
assertj-core,15378,0,0.041399553,0
assertj-core,12937,0,0.28101504,0
assertj-core,14082,0,0.07388572,0
assertj-core,14654,0,0.41827205,0
assertj-core,16937,0,0.18048988,0
assertj-core,15050,0,0.08977701,0
assertj-core,16209,0,0.0013588442,0
assertj-core,17184,0,0.18276446,0
assertj-core,11858,0,0.32037732,0
assertj-core,17205,0,0.001459647,0
assertj-core,15071,0,0.06742133,0
assertj-core,12102,0,0.25460204,0
assertj-core,13777,0,0.092374764,0
assertj-core,16109,0,0.018309692,0
assertj-core,13784,0,0.0017586715,0
assertj-core,16682,0,0.01272886,0
assertj-core,13696,0,0.001288998,0
assertj-core,12006,0,0.05434768,0
assertj-core,17019,0,0.30715588,0
assertj-core,13254,0,0.060646933,0
assertj-core,17023,0,0.36335558,0
assertj-core,12534,0,0.000616648,0
assertj-core,16909,0,0.0015301562,0
assertj-core,14124,0,0.0029576607,0
assertj-core,11272,0,0.1211402,0
assertj-core,12033,0,0.19181639,0
assertj-core,13300,0,0.028702857,0
assertj-core,14657,0,0.41827205,0
assertj-core,14108,0,0.0014021245,0
assertj-core,17268,0,0.0072512077,0
assertj-core,16697,0,0.0017586715,0
assertj-core,11566,0,0.025296863,0
assertj-core,11357,0,0.0011213714,0
assertj-core,16357,0,0.10977535,0
assertj-core,16417,0,0.12584822,0
assertj-core,15996,0,0.0051399255,0
assertj-core,16845,0,0.07615016,0
assertj-core,14257,0,0.0014021245,0
assertj-core,14984,0,0.44048944,0
assertj-core,12514,0,0.35793215,0
assertj-core,13407,0,0.092374764,0
assertj-core,13431,0,0.014451228,0
assertj-core,14345,0,0.580852,1
assertj-core,15528,0,0.002330334,0
assertj-core,14698,0,0.0011515669,0
assertj-core,11809,0,0.08016283,0
assertj-core,11854,0,0.32037732,0
assertj-core,14890,0,0.42446035,0
assertj-core,12627,0,0.30207738,0
assertj-core,13507,0,0.05194792,0
assertj-core,14069,0,0.023413543,0
assertj-core,14351,0,0.0013022957,0
assertj-core,13584,0,0.5078565,1
assertj-core,15589,0,0.0017872815,0
assertj-core,14247,0,0.101862885,0
assertj-core,15876,0,0.19272396,0
assertj-core,11598,0,0.06689648,0
assertj-core,12115,0,0.08092687,0
assertj-core,17323,0,0.0032322113,0
assertj-core,11940,0,0.07268786,0
assertj-core,11759,0,0.013844958,0
assertj-core,14763,0,0.0015301562,0
assertj-core,14741,0,0.0012938818,0
assertj-core,16823,0,0.02254522,0
assertj-core,13898,0,0.42155522,0
assertj-core,17102,0,0.015567008,0
assertj-core,15375,0,0.12161187,0
assertj-core,15079,0,0.0007984229,0
assertj-core,12013,0,0.409556,0
assertj-core,16815,0,0.10020622,0
assertj-core,17301,0,0.0033505335,0
assertj-core,16621,0,0.59530556,1
assertj-core,17200,0,0.12255616,0
assertj-core,12516,0,0.39957654,0
assertj-core,12870,0,0.18777774,0
assertj-core,12591,0,0.39957654,0
assertj-core,17130,0,0.028803213,0
assertj-core,12697,0,0.39957654,0
assertj-core,14239,0,0.0014021245,0
assertj-core,12238,0,0.041959323,0
assertj-core,12427,0,0.015798353,0
assertj-core,17178,0,0.0030283588,0
assertj-core,14583,0,0.0046934425,0
assertj-core,16318,0,0.0020245912,0
assertj-core,12208,0,0.37387902,0
assertj-core,12001,0,0.30207738,0
assertj-core,11873,0,0.28124243,0
assertj-core,15426,0,0.14360677,0
assertj-core,12335,0,0.04837716,0
assertj-core,12380,0,0.39957654,0
assertj-core,12379,0,0.044874437,0
assertj-core,17207,0,0.21310514,0
assertj-core,12259,0,0.31894037,0
assertj-core,15924,0,0.24792054,0
assertj-core,16622,0,0.021545002,0
assertj-core,15362,0,0.02083356,0
assertj-core,14845,0,0.10020622,0
assertj-core,11462,0,0.044874437,0
assertj-core,12446,0,0.25899294,0
assertj-core,12610,0,0.06377487,0
assertj-core,13426,0,0.06817651,0
assertj-core,15749,0,0.0061144796,0
assertj-core,13783,0,0.0013342344,0
assertj-core,14359,0,0.005175176,0
assertj-core,13762,0,0.05858378,0
assertj-core,13380,0,0.0015301562,0
assertj-core,15786,0,0.092374764,0
assertj-core,15634,0,0.35394034,0
assertj-core,11851,0,0.06701071,0
assertj-core,17269,0,0.001555681,0
assertj-core,11691,0,0.25899294,0
assertj-core,16331,0,0.0022403116,0
assertj-core,15326,0,0.12701045,0
assertj-core,16960,0,0.09709985,0
assertj-core,15517,0,0.2278009,0
assertj-core,11497,0,0.39957654,0
assertj-core,13423,0,0.09719846,0
assertj-core,12402,0,0.30207738,0
assertj-core,16328,0,0.1367857,0
assertj-core,14677,0,0.025499515,0
assertj-core,16422,0,0.0010695476,0
assertj-core,13008,0,0.26753142,0
assertj-core,14492,0,0.023083461,0
assertj-core,16679,0,0.0014309563,0
assertj-core,15492,0,0.0010735507,0
assertj-core,17096,0,0.13504262,0
assertj-core,16657,0,0.35394034,0
assertj-core,13049,0,0.18445994,0
assertj-core,15366,0,0.0013901733,0
assertj-core,16404,0,0.0016559653,0
assertj-core,13016,0,0.0018339072,0
assertj-core,16966,0,0.4530083,0
assertj-core,17234,0,0.10979833,0
assertj-core,11957,0,0.39957654,0
assertj-core,15382,0,0.025499515,0
assertj-core,14995,0,0.026677322,0
assertj-core,12293,0,0.27088246,0
assertj-core,13220,0,0.017116118,0
assertj-core,12237,0,0.27088246,0
assertj-core,12061,0,0.044874437,0
assertj-core,12638,0,0.051293645,0
assertj-core,12613,0,0.30207738,0
assertj-core,16314,0,0.028192611,0
assertj-core,13027,0,0.0013362959,0
assertj-core,13540,0,0.0017259216,0
assertj-core,11489,0,0.37387902,0
assertj-core,14074,0,0.08023086,0
assertj-core,13146,0,0.001317592,0
assertj-core,12262,0,0.069089755,0
assertj-core,16142,0,0.2483513,0
assertj-core,14875,0,0.0020804596,0
assertj-core,17373,0,0.004121204,0
assertj-core,13495,0,0.11030304,0
assertj-core,13124,0,0.028148834,0
assertj-core,11990,0,0.04831268,0
assertj-core,16214,0,0.00095415424,0
assertj-core,15533,0,0.13950755,0
assertj-core,11347,0,0.071731314,0
assertj-core,11807,0,0.006087058,0
assertj-core,14883,0,0.42236626,0
assertj-core,16303,0,0.44251734,0
assertj-core,11945,0,0.39957654,0
assertj-core,15312,0,0.029331172,0
assertj-core,13539,0,0.025812557,0
assertj-core,16721,0,0.092374764,0
assertj-core,11290,0,0.16016819,0
assertj-core,16546,0,0.0017459897,0
assertj-core,12569,0,0.2788455,0
assertj-core,14412,0,0.048355453,0
assertj-core,13764,0,0.0031571893,0
assertj-core,16200,0,0.2125956,0
assertj-core,14762,0,0.03173383,0
assertj-core,12428,0,0.31480405,0
assertj-core,14013,0,0.01974569,0
assertj-core,12047,0,0.04452156,0
assertj-core,13523,0,0.0013022957,0
assertj-core,14722,0,0.0023486498,0
assertj-core,16659,0,0.0076006055,0
assertj-core,13040,0,0.001896495,0
assertj-core,14728,0,0.0016879241,0
assertj-core,11694,0,0.04710555,0
assertj-core,11475,0,0.39957654,0
assertj-core,12269,0,0.0011551892,0
assertj-core,12670,0,0.08244811,0
assertj-core,15882,0,0.04991872,0
assertj-core,12153,0,0.04837716,0
assertj-core,15571,0,0.011841097,0
assertj-core,12017,0,0.30207738,0
assertj-core,13842,0,0.44211444,0
assertj-core,11308,0,0.0029276365,0
assertj-core,12784,0,0.21103178,0
assertj-core,13821,0,0.030920409,0
assertj-core,13705,0,0.02523825,0
assertj-core,12406,0,0.30207738,0
assertj-core,14297,0,0.029331172,0
assertj-core,14721,0,0.06817651,0
assertj-core,12559,0,0.0019896887,0
assertj-core,17254,0,0.018097641,0
assertj-core,14750,0,0.005819811,0
assertj-core,14742,0,0.0031571893,0
assertj-core,12341,0,0.009998602,0
assertj-core,13575,0,0.1950127,0
assertj-core,16796,0,0.0018102971,0
assertj-core,14966,0,0.27103916,0
assertj-core,16219,0,0.31647143,0
assertj-core,15142,0,0.025499515,0
assertj-core,15740,0,0.028148834,0
assertj-core,13004,0,0.005360791,0
assertj-core,13627,0,0.10020622,0
assertj-core,13259,0,0.0011213687,0
assertj-core,14854,0,0.022464225,0
assertj-core,11203,0,0.0012540509,0
assertj-core,12383,0,0.012675753,0
assertj-core,13677,0,0.101862885,0
assertj-core,16028,0,0.11244332,0
assertj-core,11364,0,0.0798389,0
assertj-core,13612,0,0.025224427,0
assertj-core,15412,0,0.05194792,0
assertj-core,15438,0,0.07453597,0
assertj-core,12473,0,0.037420735,0
assertj-core,14496,0,0.0016328177,0
assertj-core,11778,0,0.2687079,0
assertj-core,16249,0,0.0013538142,0
assertj-core,11208,0,0.025429843,0
assertj-core,15759,0,0.0020711124,0
assertj-core,12305,0,0.3346999,0
assertj-core,12581,0,0.3588016,0
assertj-core,15033,0,0.016645368,0
assertj-core,16942,0,0.10597807,0
assertj-core,12486,0,0.2788455,0
assertj-core,12608,0,0.06895148,0
assertj-core,16982,0,0.002528949,0
assertj-core,11674,0,0.041903023,0
assertj-core,13979,0,0.029602595,0
assertj-core,12605,0,0.30207738,0
assertj-core,13621,0,0.5078565,1
assertj-core,13349,0,0.0013538142,0
assertj-core,15172,0,0.43634355,0
assertj-core,11538,0,0.02765661,0
assertj-core,11725,0,0.05274382,0
assertj-core,15573,0,0.020653501,0
assertj-core,14623,0,0.28292635,0
assertj-core,13760,0,0.06438734,0
assertj-core,15612,0,0.0015614727,0
assertj-core,16503,0,0.016391328,0
assertj-core,11465,0,0.41397446,0
assertj-core,13562,0,0.0012356102,0
assertj-core,11667,0,0.2877928,0
assertj-core,12794,0,0.019004129,0
assertj-core,13931,0,0.0075128814,0
assertj-core,13729,0,0.0010436674,0
assertj-core,16685,0,0.10688542,0
assertj-core,16508,0,0.016391328,0
assertj-core,17230,0,0.1305223,0
assertj-core,12218,0,0.24880731,0
assertj-core,12334,0,0.34093928,0
assertj-core,16904,0,0.05734165,0
assertj-core,12736,0,0.0017108902,0
assertj-core,14764,0,0.0024856557,0
assertj-core,12368,0,0.38794917,0
assertj-core,14808,0,0.011506636,0
assertj-core,13413,0,0.0007217646,0
assertj-core,15038,0,0.018650278,0
assertj-core,12308,0,0.0998787,0
assertj-core,14387,0,0.15999539,0
assertj-core,12703,0,0.41397446,0
assertj-core,14919,0,0.11236149,0
assertj-core,15107,0,0.0034315474,0
assertj-core,13332,0,0.00089564844,0
assertj-core,11210,0,0.12600994,0
assertj-core,11678,0,0.049672734,0
assertj-core,11215,0,0.0035241635,0
assertj-core,12008,0,0.04831268,0
assertj-core,13712,0,0.0057922555,0
assertj-core,16701,0,0.0013394335,0
assertj-core,14822,0,0.0019647016,0
assertj-core,14972,0,0.2335033,0
assertj-core,13656,0,0.0015301562,0
assertj-core,12573,0,0.2788455,0
assertj-core,15591,0,0.0028948502,0
assertj-core,15709,0,0.0014567454,0
assertj-core,12678,0,0.08244811,0
assertj-core,17033,0,0.12936507,0
assertj-core,12877,0,0.024938833,0
assertj-core,14559,0,0.5078565,1
assertj-core,14416,0,0.5078565,1
assertj-core,12567,0,0.2788455,0
assertj-core,14456,0,0.0013783482,0
assertj-core,13006,0,0.15782225,0
assertj-core,16272,0,0.02275213,0
assertj-core,12926,0,0.0019884233,0
assertj-core,11810,0,0.019615404,0
assertj-core,12602,0,0.08322956,0
assertj-core,11384,0,0.010795158,0
assertj-core,16540,0,0.30042365,0
assertj-core,12922,0,0.3087318,0
assertj-core,11623,0,0.25899294,0
assertj-core,12927,0,0.1617072,0
assertj-core,15403,0,0.0017793067,0
assertj-core,13509,0,0.43634355,0
assertj-core,15848,0,0.0019032332,0
assertj-core,15614,0,0.011886145,0
assertj-core,15116,0,0.27103916,0
assertj-core,15044,0,0.0012938818,0
assertj-core,16014,0,0.12701045,0
assertj-core,11597,0,0.30207738,0
assertj-core,11856,0,0.32037732,0
assertj-core,16832,0,0.6789069,1
assertj-core,12518,0,0.32029793,0
assertj-core,13952,0,0.0023952047,0
assertj-core,12453,0,0.072110884,0
assertj-core,15791,0,0.0023486498,0
assertj-core,15822,0,0.45838672,0
assertj-core,16276,0,0.3410057,0
assertj-core,13353,0,0.11030304,0
assertj-core,16629,0,0.012488893,0
assertj-core,15997,0,0.0013491785,0
assertj-core,16350,0,0.09719846,0
assertj-core,11552,0,0.032828335,0
assertj-core,12296,0,0.06895148,0
assertj-core,17101,0,0.002586708,0
assertj-core,12659,0,0.41397446,0
assertj-core,12069,0,0.044874437,0
assertj-core,12807,0,0.093664646,0
assertj-core,16578,0,0.011246586,0
assertj-core,14250,0,0.0009887476,0
assertj-core,16594,0,0.026631825,0
assertj-core,11904,0,0.044874437,0
assertj-core,14973,0,0.006157913,0
assertj-core,15549,0,0.04884495,0
assertj-core,13641,0,0.59530556,1
assertj-core,15568,0,0.0010434774,0
assertj-core,13948,0,0.10020622,0
assertj-core,12036,0,0.19181639,0
assertj-core,12336,0,0.32766128,0
assertj-core,14589,0,0.0025510495,0
assertj-core,15205,0,0.21251759,0
assertj-core,11948,0,0.06767235,0
assertj-core,11233,0,0.005185687,0
assertj-core,12315,0,0.054843437,0
assertj-core,13586,0,0.012158322,0
assertj-core,12991,0,0.29265407,0
assertj-core,15712,0,0.06817651,0
assertj-core,15145,0,0.0013022957,0
assertj-core,11142,0,0.12512173,0
assertj-core,12857,0,0.020877337,0
assertj-core,13571,0,0.025499515,0
assertj-core,15253,0,0.010403817,0
assertj-core,12120,0,0.409556,0
assertj-core,16970,0,0.46944267,0
assertj-core,13549,0,0.012158322,0
assertj-core,15485,0,0.0016157567,0
assertj-core,14472,0,0.021158447,0
assertj-core,14933,0,0.42236626,0
assertj-core,17299,0,0.2078267,0
assertj-core,13063,0,0.21255733,0
assertj-core,16265,0,0.2506688,0
assertj-core,14341,0,0.0007217646,0
assertj-core,13937,0,0.0063600983,0
assertj-core,14212,0,0.2538085,0
assertj-core,16367,0,0.0014399764,0
assertj-core,11746,0,0.0091822855,0
assertj-core,12314,0,0.27060825,0
assertj-core,11798,0,0.2687079,0
assertj-core,13034,0,0.34334925,0
assertj-core,16710,0,0.05194792,0
assertj-core,15095,0,0.02275213,0
assertj-core,15524,0,0.0024597254,0
assertj-core,12413,0,0.057518717,0
assertj-core,12253,0,0.28282747,0
assertj-core,14195,0,0.09719846,0
assertj-core,13844,0,0.012139934,0
assertj-core,15569,0,0.033025287,0
assertj-core,14418,0,0.013994735,0
assertj-core,12733,0,0.2500383,0
assertj-core,13213,0,0.016586067,0
assertj-core,15252,0,0.11504136,0
assertj-core,11493,0,0.39957654,0
assertj-core,14571,0,0.14460503,0
assertj-core,14892,0,0.15645356,0
assertj-core,15647,0,0.0020711124,0
assertj-core,17043,0,0.017088497,0
assertj-core,11830,0,0.18896244,0
assertj-core,14264,0,0.0013388979,0
assertj-core,14807,0,0.092374764,0
assertj-core,12224,0,0.06895148,0
assertj-core,15744,0,0.0013022957,0
assertj-core,11278,0,0.12089419,0
assertj-core,11243,0,0.037160628,0
assertj-core,13054,0,0.32480314,0
assertj-core,14150,0,0.0069831517,0
assertj-core,14909,0,0.27103916,0
assertj-core,15374,0,0.35780025,0
assertj-core,13709,0,0.0013732839,0
assertj-core,17122,0,0.010170983,0
assertj-core,12358,0,0.41397446,0
assertj-core,14961,0,0.27638724,0
assertj-core,12106,0,0.30207738,0
assertj-core,11235,0,0.054536544,0
assertj-core,11951,0,0.41397446,0
assertj-core,14515,0,0.0014905866,0
assertj-core,14898,0,0.006312884,0
assertj-core,11461,0,0.41397446,0
assertj-core,17259,0,0.061614137,0
assertj-core,14639,0,0.057052474,0
assertj-core,12995,0,0.29923186,0
assertj-core,16733,0,0.0065255747,0
assertj-core,14946,0,0.093320265,0
assertj-core,15646,0,0.0014830614,0
assertj-core,13597,0,0.5078565,1
assertj-core,12366,0,0.39957654,0
assertj-core,14569,0,0.0022913706,0
assertj-core,16740,0,0.31828243,0
assertj-core,14493,0,0.10020622,0
assertj-core,11343,0,0.2188605,0
assertj-core,13102,0,0.017088722,0
assertj-core,11790,0,0.0020446884,0
assertj-core,12344,0,0.39957654,0
assertj-core,11632,0,0.072110884,0
assertj-core,14307,0,0.5196451,1
assertj-core,13640,0,0.0050491136,0
assertj-core,11639,0,0.25899294,0
assertj-core,16986,0,0.04931825,0
assertj-core,17128,0,0.004905941,0
assertj-core,15719,0,0.22058348,0
assertj-core,13364,0,0.0014028817,0
assertj-core,14937,0,0.0014836567,0
assertj-core,13544,0,0.0021817384,0
assertj-core,14951,0,0.093320265,0
assertj-core,14713,0,0.0014493128,0
assertj-core,16631,0,0.0013783482,0
assertj-core,12530,0,0.39957654,0
assertj-core,13202,0,0.59530556,1
assertj-core,17154,0,0.007892141,0
assertj-core,12824,0,0.008006209,0
assertj-core,13073,0,0.23946694,0
assertj-core,14921,0,0.0023374178,0
assertj-core,15379,0,0.0051382994,0
assertj-core,17139,0,0.0019661954,0
assertj-core,13318,0,0.0013127476,0
assertj-core,12295,0,0.37990972,0
assertj-core,15100,0,0.0017586715,0
assertj-core,11784,0,0.08016283,0
assertj-core,14244,0,0.018943299,0
assertj-core,15778,0,0.14928913,0
assertj-core,13962,0,0.002404513,0
assertj-core,15742,0,0.012158322,0
assertj-core,15243,0,0.0042178445,0
assertj-core,12501,0,0.037420735,0
assertj-core,16435,0,0.069791086,0
assertj-core,15424,0,0.057052474,0
assertj-core,16549,0,0.008933533,0
assertj-core,12980,0,0.19239287,0
assertj-core,14402,0,0.09444686,0
assertj-core,13174,0,0.36335558,0
assertj-core,11946,0,0.04837716,0
assertj-core,16118,0,0.0029408138,0
assertj-core,11620,0,0.06788974,0
assertj-core,15391,0,0.009401298,0
assertj-core,12432,0,0.19841293,0
assertj-core,16351,0,0.0026242624,0
assertj-core,12531,0,0.012548452,0
assertj-core,15797,0,0.0066668466,0
assertj-core,11563,0,0.32029793,0
assertj-core,15943,0,0.00092943775,0
assertj-core,14111,0,0.009928812,0
assertj-core,11740,0,0.08016283,0
assertj-core,17203,0,0.10930645,0
assertj-core,14550,0,0.0022998771,0
assertj-core,15809,0,0.59530556,1
assertj-core,15402,0,0.0016157567,0
assertj-core,12420,0,0.31480405,0
assertj-core,16373,0,0.0100040035,0
assertj-core,14444,0,0.028148834,0
assertj-core,16106,0,0.014702109,0
assertj-core,13209,0,0.0036697849,0
assertj-core,15140,0,0.022221439,0
assertj-core,17229,0,0.17923701,0
assertj-core,16332,0,0.006910501,0
assertj-core,15257,0,0.0022996922,0
assertj-core,14818,0,0.048355453,0
assertj-core,16980,0,0.53116703,1
assertj-core,16395,0,0.0023662634,0
assertj-core,16618,0,0.023974912,0
assertj-core,16246,0,0.27103916,0
assertj-core,13321,0,0.07173685,0
assertj-core,14467,0,0.001248886,0
assertj-core,12890,0,0.058240388,0
assertj-core,15754,0,0.41110945,0
assertj-core,13178,0,0.011397603,0
assertj-core,14970,0,0.0014662539,0
assertj-core,11443,0,0.39957654,0
assertj-core,15543,0,0.09719846,0
assertj-core,13167,0,0.008516705,0
assertj-core,12076,0,0.41397446,0
assertj-core,11594,0,0.04837716,0
assertj-core,11342,0,0.16513976,0
assertj-core,16192,0,0.12010246,0
assertj-core,14796,0,0.009079509,0
assertj-core,11404,0,0.03772605,0
assertj-core,17040,0,0.19012283,0
assertj-core,16628,0,0.028148834,0
assertj-core,12159,0,0.04837716,0
assertj-core,16897,0,0.02083356,0
assertj-core,16184,0,0.0030914901,0
assertj-core,13689,0,0.011605569,0
assertj-core,13633,0,0.114056,0
assertj-core,14960,0,0.041819338,0
assertj-core,15248,0,0.49293998,0
assertj-core,15432,0,0.0014192112,0
assertj-core,16267,0,0.42236626,0
assertj-core,11365,0,0.02295196,0
assertj-core,14659,0,0.072314575,0
assertj-core,12313,0,0.06281594,0
assertj-core,16495,0,0.19309919,0
assertj-core,17055,0,0.48851478,0
assertj-core,13717,0,0.0010767895,0
assertj-core,14083,0,0.0012416585,0
assertj-core,16341,0,0.009448429,0
assertj-core,14044,0,0.031526282,0
assertj-core,17332,0,0.01644317,0
assertj-core,17082,0,0.002906366,0
assertj-core,16108,0,0.015908953,0
assertj-core,15417,0,0.0009803617,0
assertj-core,17197,0,0.0011785356,0
assertj-core,13906,0,0.12318082,0
assertj-core,12666,0,0.08244811,0
assertj-core,16644,0,0.0013783482,0
assertj-core,14611,0,0.13410817,0
assertj-core,11682,0,0.065540224,0
assertj-core,14223,0,0.15176095,0
assertj-core,12431,0,0.04837716,0
assertj-core,15831,0,0.0017586715,0
assertj-core,11897,0,0.39957654,0
assertj-core,15407,0,0.20440233,0
assertj-core,13802,0,0.028148834,0
assertj-core,16007,0,0.0036603312,0
assertj-core,16777,0,0.0057777725,0
assertj-core,15801,0,0.14460503,0
assertj-core,17199,0,0.3385079,0
assertj-core,16330,0,0.001973193,0
assertj-core,15419,0,0.0042916015,0
assertj-core,15240,0,0.0021250814,0
assertj-core,16121,0,0.0016495042,0
assertj-core,15334,0,0.4714737,0
assertj-core,16298,0,0.38436028,0
assertj-core,14292,0,0.008768885,0
assertj-core,15316,0,0.001919749,0
assertj-core,13114,0,0.0013853988,0
assertj-core,17091,0,0.003558393,0
assertj-core,16461,0,0.0012130961,0
assertj-core,16055,0,0.092374764,0
assertj-core,15909,0,0.001630139,0
assertj-core,14661,0,0.22821549,0
assertj-core,13854,0,0.0009887476,0
assertj-core,11289,0,0.0034507513,0
assertj-core,17117,0,0.035344824,0
assertj-core,11966,0,0.018064164,0
assertj-core,13830,0,0.007001713,0
assertj-core,15451,0,0.08892705,0
assertj-core,16501,0,0.17650376,0
assertj-core,12485,0,0.06204138,0
assertj-core,14346,0,0.0786986,0
assertj-core,13521,0,0.010843466,0
assertj-core,14844,0,0.10543586,0
assertj-core,12614,0,0.04831268,0
assertj-core,15373,0,0.015229851,0
assertj-core,16041,0,0.0052768816,0
assertj-core,13297,0,0.0010057794,0
assertj-core,13448,0,0.02460939,0
assertj-core,13647,0,0.59530556,1
assertj-core,12656,0,0.08244811,0
assertj-core,13728,0,0.057052474,0
assertj-core,13227,0,0.0089535415,0
assertj-core,13838,0,0.0015388941,0
assertj-core,13416,0,0.00069320895,0
assertj-core,15137,0,0.0017586715,0
assertj-core,13819,0,0.0013953382,0
assertj-core,16587,0,0.018628763,0
assertj-core,12212,0,0.39957654,0
assertj-core,12092,0,0.31480405,0
assertj-core,15281,0,0.14460503,0
assertj-core,16097,0,0.022464225,0
assertj-core,12468,0,0.34791994,0
assertj-core,13142,0,0.4779789,0
assertj-core,12781,0,0.1758994,0
assertj-core,11411,0,0.25460204,0
assertj-core,11914,0,0.044874437,0
assertj-core,14483,0,0.35394034,0
assertj-core,17140,0,0.0019661954,0
assertj-core,15396,0,0.09719846,0
assertj-core,11571,0,0.26609114,0
assertj-core,15398,0,0.06692937,0
assertj-core,15557,0,0.31616625,0
assertj-core,16016,0,0.27103916,0
assertj-core,15956,0,0.0027025188,0
assertj-core,11314,0,0.17819805,0
assertj-core,17156,0,0.005516421,0
assertj-core,17364,0,0.004791218,0
assertj-core,12177,0,0.0069173994,0
assertj-core,12967,0,0.19397779,0
assertj-core,13928,0,0.0023056164,0
assertj-core,12448,0,0.27060825,0
assertj-core,14034,0,0.017068757,0
assertj-core,16525,0,0.0014821676,0
assertj-core,17257,0,0.17340103,0
assertj-core,16462,0,0.00304044,0
assertj-core,14191,0,0.020637,0
assertj-core,15741,0,0.092374764,0
assertj-core,13312,0,0.0014021245,0
assertj-core,12128,0,0.31480405,0
assertj-core,11961,0,0.38794917,0
assertj-core,11305,0,0.06305548,0
assertj-core,13535,0,0.4426188,0
assertj-core,16529,0,0.006672726,0
assertj-core,14617,0,0.07148956,0
assertj-core,15520,0,0.019074475,0
assertj-core,11472,0,0.025296863,0
assertj-core,15023,0,0.05430369,0
assertj-core,15529,0,0.08892705,0
assertj-core,11647,0,0.27060825,0
assertj-core,15935,0,0.075962804,0
assertj-core,13437,0,0.08955642,0
assertj-core,13836,0,0.0015388941,0
assertj-core,12192,0,0.39957654,0
assertj-core,14541,0,0.0016460803,0
assertj-core,14950,0,0.0016521943,0
assertj-core,12758,0,0.072110884,0
assertj-core,12644,0,0.047144115,0
assertj-core,14199,0,0.011506636,0
assertj-core,17062,0,0.49489605,0
assertj-core,13293,0,0.015819594,0
assertj-core,16077,0,0.0011922609,0
assertj-core,16254,0,0.0014588222,0
assertj-core,11825,0,0.0025441223,0
assertj-core,16069,0,0.039363734,0
assertj-core,12881,0,0.3529903,0
assertj-core,17010,0,0.38754964,0
assertj-core,12471,0,0.04816059,0
assertj-core,12810,0,0.012383971,0
assertj-core,16633,0,0.0063098366,0
assertj-core,11204,0,0.46825957,0
assertj-core,15270,0,0.42236626,0
assertj-core,12743,0,0.0072785923,0
assertj-core,16412,0,0.003914392,0
assertj-core,16264,0,0.022161417,0
assertj-core,13045,0,0.27422476,0
assertj-core,14166,0,0.0037589245,0
assertj-core,16574,0,0.029331172,0
assertj-core,15386,0,0.037066497,0
assertj-core,11836,0,0.016369477,0
assertj-core,13839,0,0.027789857,0
assertj-core,17078,0,0.34766796,0
assertj-core,15156,0,0.23535906,0
assertj-core,13840,0,0.048355453,0
assertj-core,15491,0,0.49706003,0
assertj-core,13903,0,0.047654506,0
assertj-core,16169,0,0.0017880193,0
assertj-core,11761,0,0.2687079,0
assertj-core,17235,0,0.0034051714,0
assertj-core,15802,0,0.0013732839,0
assertj-core,13203,0,0.016586067,0
assertj-core,15894,0,0.30384153,0
assertj-core,16498,0,0.031754408,0
assertj-core,11288,0,0.20672892,0
assertj-core,13797,0,0.0013058205,0
assertj-core,15460,0,0.0022213748,0
assertj-core,11592,0,0.053584028,0
assertj-core,15217,0,0.092374764,0
assertj-core,13471,0,0.0017586715,0
assertj-core,11775,0,0.002900012,0
assertj-core,15444,0,0.001422055,0
assertj-core,14793,0,0.09358928,0
assertj-core,17028,0,0.019008422,0
assertj-core,15550,0,0.01570118,0
assertj-core,12747,0,0.27060825,0
assertj-core,12504,0,0.39957654,0
assertj-core,17192,0,0.0074463394,0
assertj-core,16555,0,0.092374764,0
assertj-core,14846,0,0.42236626,0
assertj-core,14683,0,0.0024873023,0
assertj-core,11540,0,0.061137322,0
assertj-core,15015,0,0.001307888,0
assertj-core,14704,0,0.029331172,0
assertj-core,11450,0,0.05676579,0
assertj-core,16372,0,0.053219892,0
assertj-core,12060,0,0.39957654,0
assertj-core,14499,0,0.023083461,0
assertj-core,16156,0,0.092374764,0
assertj-core,17368,0,0.001996365,0
assertj-core,14592,0,0.0036316793,0
assertj-core,14135,0,0.0120312,0
assertj-core,16215,0,0.31647143,0
assertj-core,11274,0,0.15532877,0
assertj-core,14016,0,0.0014021245,0
assertj-core,15308,0,0.5719406,1
assertj-core,13966,0,0.281881,0
assertj-core,11239,0,0.14069581,0
assertj-core,16072,0,0.018309692,0
assertj-core,13745,0,0.0013022957,0
assertj-core,16598,0,0.026631825,0
assertj-core,13020,0,0.36712283,0
assertj-core,12265,0,0.0708632,0
assertj-core,11654,0,0.06058488,0
assertj-core,14724,0,0.0012948705,0
assertj-core,12792,0,0.21252157,0
assertj-core,15702,0,0.13432772,0
assertj-core,13197,0,0.46402434,0
assertj-core,12749,0,0.27060825,0
assertj-core,11487,0,0.41397446,0
assertj-core,14618,0,0.51522994,1
assertj-core,13322,0,0.49701303,0
assertj-core,11636,0,0.072110884,0
assertj-core,11600,0,0.061137322,0
assertj-core,17166,0,0.010998461,0
assertj-core,13074,0,0.17906158,0
assertj-core,15640,0,0.065125994,0
assertj-core,11463,0,0.39957654,0
assertj-core,16552,0,0.0015720205,0
assertj-core,17302,0,0.2369968,0
assertj-core,12083,0,0.049724,0
assertj-core,11927,0,0.41397446,0
assertj-core,16519,0,0.010897962,0
assertj-core,16705,0,0.03195565,0
assertj-core,11551,0,0.30207738,0
assertj-core,14316,0,0.0023486498,0
assertj-core,11846,0,0.002603725,0
assertj-core,13036,0,0.0015400582,0
assertj-core,13118,0,0.010929803,0
assertj-core,14826,0,0.41110945,0
assertj-core,11766,0,0.0029918773,0
assertj-core,13082,0,0.16800043,0
assertj-core,11738,0,0.20813313,0
assertj-core,12041,0,0.2602591,0
assertj-core,14465,0,0.0016371134,0
assertj-core,13591,0,0.012158322,0
assertj-core,11910,0,0.044795252,0
assertj-core,14922,0,0.38826814,0
assertj-core,15259,0,0.24792054,0
assertj-core,15128,0,0.023175286,0
assertj-core,12748,0,0.06105693,0
assertj-core,15042,0,0.0010436674,0
assertj-core,11244,0,0.1305223,0
assertj-core,16606,0,0.004456733,0
assertj-core,16794,0,0.028148834,0
assertj-core,11879,0,0.0056265662,0
assertj-core,15983,0,0.30370724,0
assertj-core,14340,0,0.0031201863,0
assertj-core,12219,0,0.0012963216,0
assertj-core,15535,0,0.0018589062,0
assertj-core,13849,0,0.08245396,0
assertj-core,16959,0,0.061120808,0
assertj-core,15311,0,0.27103916,0
assertj-core,16902,0,0.002064579,0
assertj-core,16632,0,0.0065255747,0
assertj-core,13896,0,0.0012170676,0
assertj-core,13813,0,0.008124009,0
assertj-core,12493,0,0.057674415,0
assertj-core,12903,0,0.0040789107,0
assertj-core,15537,0,0.0022213748,0
assertj-core,16856,0,0.045920633,0
assertj-core,13810,0,0.35394034,0
assertj-core,14994,0,0.026677322,0
assertj-core,14708,0,0.061379906,0
assertj-core,11417,0,0.27060825,0
assertj-core,14447,0,0.021041859,0
assertj-core,11612,0,0.006929149,0
assertj-core,11962,0,0.011097365,0
assertj-core,16920,0,0.3410057,0
assertj-core,17165,0,0.0053054313,0
assertj-core,15895,0,0.114056,0
assertj-core,14217,0,0.01974569,0
assertj-core,15508,0,0.051369555,0
assertj-core,16262,0,0.0018394146,0
assertj-core,11313,0,0.0024797702,0
assertj-core,16363,0,0.580852,1
assertj-core,13023,0,0.33752042,0
assertj-core,12357,0,0.044874437,0
assertj-core,17326,0,0.1292936,0
assertj-core,14266,0,0.0018118963,0
assertj-core,17384,0,0.0021591308,0
assertj-core,14077,0,0.016574739,0
assertj-core,15472,0,0.013000834,0
assertj-core,13624,0,0.0066668466,0
assertj-core,16224,0,0.062216647,0
assertj-core,16719,0,0.011881549,0
assertj-core,16838,0,0.16510358,0
assertj-core,16536,0,0.051230717,0
assertj-core,15963,0,0.0016220966,0
assertj-core,16078,0,0.0013071327,0
assertj-core,16706,0,0.43634355,0
assertj-core,12094,0,0.27571875,0
assertj-core,13715,0,0.0012259819,0
assertj-core,15507,0,0.31647143,0
assertj-core,12442,0,0.138411,0
assertj-core,12971,0,0.006640635,0
assertj-core,12715,0,0.39957654,0
assertj-core,13998,0,0.09550833,0
assertj-core,12340,0,0.2877928,0
assertj-core,12938,0,0.40022358,0
assertj-core,11644,0,0.08400173,0
assertj-core,16070,0,0.218922,0
assertj-core,17097,0,0.0036544513,0
assertj-core,15409,0,0.024153924,0
assertj-core,12537,0,0.0016769719,0
assertj-core,11133,0,0.1839199,0
assertj-core,16684,0,0.014697479,0
assertj-core,15827,0,0.0013725308,0
assertj-core,12714,0,0.061137322,0
assertj-core,13018,0,0.4566927,0
assertj-core,14094,0,0.023413543,0
assertj-core,14655,0,0.040939618,0
assertj-core,11282,0,0.124465674,0
assertj-core,16562,0,0.02296708,0
assertj-core,12931,0,0.2460116,0
assertj-core,14660,0,0.09581966,0
assertj-core,16518,0,0.008158463,0
assertj-core,14365,0,0.0578878,0
assertj-core,13793,0,0.009000596,0
assertj-core,14294,0,0.09491648,0
assertj-core,16291,0,0.101862885,0
assertj-core,11595,0,0.30207738,0
assertj-core,11656,0,0.059122268,0
assertj-core,11700,0,0.044874437,0
assertj-core,12776,0,0.1758994,0
assertj-core,16131,0,0.42236626,0
assertj-core,14134,0,0.28388295,0
assertj-core,13489,0,0.5222924,1
assertj-core,15664,0,0.0017793067,0
assertj-core,11845,0,0.019587481,0
assertj-core,11275,0,0.0024036088,0
assertj-core,13926,0,0.025812557,0
assertj-core,15985,0,0.52191097,1
assertj-core,16005,0,0.0012139909,0
assertj-core,16553,0,0.2278009,0
assertj-core,11455,0,0.39957654,0
assertj-core,16137,0,0.065125994,0
assertj-core,14184,0,0.0011608049,0
assertj-core,13735,0,0.0028825414,0
assertj-core,13858,0,0.0031705468,0
assertj-core,15011,0,0.012158322,0
assertj-core,16379,0,0.0034456665,0
assertj-core,12391,0,0.057518717,0
assertj-core,11200,0,0.011748614,0
assertj-core,13546,0,0.57553184,1
assertj-core,15540,0,0.017149882,0
assertj-core,17315,0,0.025366725,0
assertj-core,12973,0,0.24932407,0
assertj-core,13795,0,0.0014567454,0
assertj-core,11866,0,0.02601747,0
assertj-core,12823,0,0.0017280811,0
assertj-core,15212,0,0.14460503,0
assertj-core,16826,0,0.0118379835,0
assertj-core,15408,0,0.0014362958,0
assertj-core,11859,0,0.06649587,0
assertj-core,13469,0,0.11030304,0
assertj-core,14564,0,0.028148834,0
assertj-core,15017,0,0.00183459,0
assertj-core,17195,0,0.017801197,0
assertj-core,15663,0,0.0010411926,0
assertj-core,12851,0,0.0029310363,0
assertj-core,16556,0,0.011506636,0
assertj-core,13875,0,0.0060747783,0
assertj-core,15846,0,0.0010436674,0
assertj-core,14604,0,0.103709854,0
assertj-core,13306,0,0.0027345547,0
assertj-core,11510,0,0.061137322,0
assertj-core,12652,0,0.08244811,0
assertj-core,13533,0,0.10020622,0
assertj-core,14259,0,0.020854158,0
assertj-core,17361,0,0.014803972,0
assertj-core,17337,0,0.17826416,0
assertj-core,11416,0,0.050307512,0
assertj-core,16494,0,0.05315118,0
assertj-core,16402,0,0.013412527,0
assertj-core,15074,0,0.012158322,0
assertj-core,14581,0,0.18455394,0
assertj-core,13792,0,0.103709854,0
assertj-core,16775,0,0.1950127,0
assertj-core,15320,0,0.0013053915,0
assertj-core,11575,0,0.27571875,0
assertj-core,11147,0,0.18717083,0
assertj-core,12584,0,0.057518717,0
assertj-core,11543,0,0.27571875,0
assertj-core,14739,0,0.0050491136,0
assertj-core,12510,0,0.39957654,0
assertj-core,16260,0,0.0055919266,0
assertj-core,11241,0,0.12187798,0
assertj-core,12507,0,0.061137322,0
assertj-core,12935,0,0.31003147,0
assertj-core,14183,0,0.5948429,1
assertj-core,17095,0,0.0036544513,0
assertj-core,11378,0,0.009092922,0
assertj-core,11216,0,0.0054146596,0
assertj-core,14998,0,0.002677552,0
assertj-core,14812,0,0.0786986,0
assertj-core,14486,0,0.580852,1
assertj-core,14033,0,0.018943299,0
assertj-core,12948,0,0.1716025,0
assertj-core,15174,0,0.32299858,0
assertj-core,12716,0,0.06767235,0
assertj-core,12793,0,0.09574317,0
assertj-core,15899,0,0.014550668,0
assertj-core,16409,0,0.4273261,0
assertj-core,12542,0,0.03488406,0
assertj-core,15150,0,0.0031705468,0
assertj-core,13675,0,0.0017586715,0
assertj-core,15260,0,0.012672697,0
assertj-core,15875,0,0.43634355,0
assertj-core,11687,0,0.25902405,0
assertj-core,14798,0,0.0066668466,0
assertj-core,15527,0,0.002330334,0
assertj-core,13955,0,0.08965998,0
assertj-core,11372,0,0.076864265,0
assertj-core,11917,0,0.37387902,0
assertj-core,16059,0,0.009440881,0
assertj-core,13980,0,0.013257679,0
assertj-core,16365,0,0.0027590848,0
assertj-core,12278,0,0.07274927,0
assertj-core,12445,0,0.07259345,0
assertj-core,15783,0,0.31828243,0
assertj-core,11298,0,0.16016819,0
assertj-core,11643,0,0.27060825,0
assertj-core,12384,0,0.31480405,0
assertj-core,16189,0,0.0031705468,0
assertj-core,14075,0,0.059577506,0
assertj-core,14220,0,0.0013732839,0
assertj-core,14768,0,0.13432772,0
assertj-core,11267,0,0.001630898,0
assertj-core,16277,0,0.00092560664,0
assertj-core,13244,0,0.086820506,0
assertj-core,16599,0,0.0016740899,0
assertj-core,13059,0,0.2635694,0
assertj-core,13366,0,0.011266753,0
assertj-core,12710,0,0.067619994,0
assertj-core,12426,0,0.31480405,0
assertj-core,13085,0,0.25498697,0
assertj-core,14828,0,0.0140956445,0
assertj-core,12804,0,0.022262014,0
assertj-core,15784,0,0.0786986,0
assertj-core,15388,0,0.00092883874,0
assertj-core,15860,0,0.0022322894,0
assertj-core,17071,0,0.0016525642,0
assertj-core,14824,0,0.27230114,0
assertj-core,12801,0,0.0024988758,0
assertj-core,13030,0,0.24302442,0
assertj-core,12151,0,0.054419752,0
assertj-core,14778,0,0.0057922555,0
assertj-core,17065,0,0.49489605,0
assertj-core,11255,0,0.17340103,0
assertj-core,16548,0,0.02741366,0
assertj-core,17218,0,0.09889845,0
assertj-core,15395,0,0.002546334,0
assertj-core,16176,0,0.5242025,1
assertj-core,17275,0,0.090806976,0
assertj-core,16571,0,0.05528508,0
assertj-core,13468,0,0.030920409,0
assertj-core,14114,0,0.012158322,0
assertj-core,14321,0,0.09589324,0
assertj-core,15903,0,0.0077322666,0
assertj-core,12929,0,0.45618138,0
assertj-core,11801,0,0.013844958,0
assertj-core,14915,0,0.0031235714,0
assertj-core,11668,0,0.041903023,0
assertj-core,16354,0,0.446154,0
assertj-core,14552,0,0.03778443,0
assertj-core,14634,0,0.008530334,0
assertj-core,11891,0,0.39957654,0
assertj-core,14936,0,0.0014836567,0
assertj-core,13943,0,0.5222924,1
assertj-core,14755,0,0.025499515,0
assertj-core,12894,0,0.26386464,0
assertj-core,15926,0,0.0007139423,0
assertj-core,13365,0,0.00944126,0
assertj-core,16002,0,0.047351513,0
assertj-core,17376,0,0.004992293,0
assertj-core,15149,0,0.013683106,0
assertj-core,13492,0,0.5222924,1
assertj-core,16125,0,0.010843466,0
assertj-core,14642,0,0.009432257,0
assertj-core,12161,0,0.04837716,0
assertj-core,12540,0,0.08159219,0
assertj-core,13604,0,0.028148834,0
assertj-core,16813,0,0.11030304,0
assertj-core,16168,0,0.0024888148,0
assertj-core,15868,0,0.013683106,0
assertj-core,14989,0,0.001734861,0
assertj-core,11764,0,0.07291031,0
assertj-core,12095,0,0.061137322,0
assertj-core,11184,0,0.0106882155,0
assertj-core,14145,0,0.020854158,0
assertj-core,12822,0,0.54267514,1
assertj-core,11444,0,0.05339124,0
assertj-core,11155,0,0.13743074,0
assertj-core,16506,0,0.44280034,0
assertj-core,14866,0,0.027800158,0
assertj-core,15446,0,0.009216199,0
assertj-core,12452,0,0.25460204,0
assertj-core,12887,0,0.15800832,0
assertj-core,12207,0,0.033471458,0
assertj-core,16609,0,0.061379906,0
assertj-core,12260,0,0.06895148,0
assertj-core,13381,0,0.026151411,0
assertj-core,13826,0,0.022464225,0
assertj-core,11501,0,0.39957654,0
assertj-core,13465,0,0.0010938112,0
assertj-core,14060,0,0.092374764,0
assertj-core,15858,0,0.5078565,1
assertj-core,13644,0,0.0140956445,0
assertj-core,13374,0,0.020868452,0
assertj-core,13873,0,0.0018348659,0
assertj-core,11734,0,0.003104755,0
assertj-core,12622,0,0.053513,0
assertj-core,17281,0,0.010482021,0
assertj-core,17114,0,0.0011274575,0
assertj-core,11820,0,0.002197782,0
assertj-core,12266,0,0.0019898582,0
assertj-core,14138,0,0.009683806,0
assertj-core,15710,0,0.43634355,0
assertj-core,12506,0,0.34433818,0
assertj-core,16510,0,0.075962804,0
assertj-core,15596,0,0.0013538142,0
assertj-core,15318,0,0.024593726,0
assertj-core,11559,0,0.38794917,0
assertj-core,12026,0,0.021750098,0
assertj-core,13974,0,0.05676945,0
assertj-core,15153,0,0.0058888653,0
assertj-core,15324,0,0.0074661784,0
assertj-core,17250,0,0.08164986,0
assertj-core,13397,0,0.022342032,0
assertj-core,11211,0,0.14463133,0
assertj-core,13755,0,0.09978344,0
assertj-core,16704,0,0.0014567454,0
assertj-core,13663,0,0.021158447,0
assertj-core,15218,0,0.0013394335,0
assertj-core,17186,0,0.005278181,0
assertj-core,17244,0,0.0012247004,0
assertj-core,14190,0,0.0013679672,0
assertj-core,13317,0,0.055981282,0
assertj-core,12725,0,0.39957654,0
assertj-core,12981,0,0.022402352,0
assertj-core,11860,0,0.32037732,0
assertj-core,13501,0,0.0013014848,0
assertj-core,11281,0,0.0028549845,0
assertj-core,15244,0,0.0019520406,0
assertj-core,11704,0,0.05676579,0
assertj-core,15049,0,0.5345178,1
assertj-core,13862,0,0.057052474,0
assertj-core,11603,0,0.4962068,0
assertj-core,15315,0,0.00067998085,0
assertj-core,14520,0,0.42236626,0
assertj-core,12056,0,0.39957654,0
assertj-core,17014,0,0.5223552,1
assertj-core,15598,0,0.0053183516,0
assertj-core,13090,0,0.020506175,0
assertj-core,14487,0,0.0786986,0
assertj-core,16053,0,0.08955642,0
assertj-core,14432,0,0.16248852,0
assertj-core,14730,0,0.01844851,0
assertj-core,16324,0,0.0022403116,0
assertj-core,13025,0,0.3136371,0
assertj-core,12686,0,0.054419752,0
assertj-core,14399,0,0.0022213748,0
assertj-core,13657,0,0.0031705468,0
assertj-core,15184,0,0.38754964,0
assertj-core,14296,0,0.016426174,0
assertj-core,16596,0,0.0091386195,0
assertj-core,12525,0,0.061137322,0
assertj-core,15360,0,0.0014678284,0
assertj-core,11934,0,0.041959323,0
assertj-core,13888,0,0.0058888653,0
assertj-core,15798,0,0.0015301562,0
assertj-core,17290,0,0.0019661954,0
assertj-core,14801,0,0.5222924,1
assertj-core,11611,0,0.30207738,0
assertj-core,11523,0,0.31480405,0
assertj-core,16866,0,0.001532974,0
assertj-core,12321,0,0.008628517,0
assertj-core,17193,0,0.05104765,0
assertj-core,11447,0,0.39957654,0
assertj-core,11234,0,0.301064,0
assertj-core,13393,0,0.0025997804,0
assertj-core,15952,0,0.27230114,0
assertj-core,16905,0,0.0015248278,0
assertj-core,17350,0,0.0019283143,0
assertj-core,14404,0,0.0023294562,0
assertj-core,12641,0,0.31480405,0
assertj-core,15175,0,0.065125994,0
assertj-core,17279,0,0.17819805,0
assertj-core,13440,0,0.0013732839,0
assertj-core,14176,0,0.28388295,0
assertj-core,13316,0,0.057052474,0
assertj-core,16779,0,0.42236626,0
assertj-core,17034,0,0.0015006348,0
assertj-core,13013,0,0.24819407,0
assertj-core,12343,0,0.0054817516,0
assertj-core,15515,0,0.31647143,0
assertj-core,15442,0,0.1399067,0
assertj-core,12323,0,0.012497153,0
assertj-core,12902,0,0.4855715,0
assertj-core,13988,0,0.056077097,0
assertj-core,13390,0,0.06692937,0
assertj-core,13508,0,0.018264065,0
assertj-core,16474,0,0.043769922,0
assertj-core,14006,0,0.062132034,0
assertj-core,13995,0,0.092962936,0
assertj-core,11152,0,0.00865904,0
assertj-core,12250,0,0.069089755,0
assertj-core,12790,0,0.07471218,0
assertj-core,12394,0,0.45618138,0
assertj-core,12257,0,0.3058263,0
assertj-core,17310,0,0.4288498,0
assertj-core,16992,0,0.0055342778,0
assertj-core,12606,0,0.05434768,0
assertj-core,13038,0,0.32572144,0
assertj-core,14142,0,0.0054304446,0
assertj-core,15278,0,0.005989845,0
assertj-core,13242,0,0.0014473777,0
assertj-core,15681,0,0.0008170281,0
assertj-core,12808,0,0.0030032222,0
assertj-core,14249,0,0.34845293,0
assertj-core,16711,0,0.0046118414,0
assertj-core,13131,0,0.57553184,1
assertj-core,12291,0,0.27060825,0
assertj-core,15715,0,0.27103916,0
assertj-core,16979,0,0.01276108,0
assertj-core,15284,0,0.0016685073,0
assertj-core,13754,0,0.053734556,0
assertj-core,15031,0,0.0010965029,0
assertj-core,14673,0,0.028148834,0
assertj-core,14791,0,0.05098645,0
assertj-core,13015,0,0.25498697,0
assertj-core,13401,0,0.09978344,0
assertj-core,14172,0,0.016190648,0
assertj-core,12872,0,0.18589942,0
assertj-core,11922,0,0.054419752,0
assertj-core,14363,0,0.14460503,0
assertj-core,16240,0,0.030920409,0
assertj-core,11482,0,0.030294633,0
assertj-core,13009,0,0.13658088,0
assertj-core,12720,0,0.04837716,0
assertj-core,14051,0,0.06015947,0
assertj-core,11726,0,0.002900012,0
assertj-core,11168,0,0.20336533,0
assertj-core,14993,0,0.288939,0
assertj-core,16484,0,0.043331638,0
assertj-core,11514,0,0.05876788,0
assertj-core,17159,0,0.027020575,0
assertj-core,12421,0,0.061137322,0
assertj-core,13165,0,0.31828243,0
assertj-core,14524,0,0.43634355,0
assertj-core,17015,0,0.14322957,0
assertj-core,16095,0,0.028028965,0
assertj-core,15106,0,0.025499515,0
assertj-core,13062,0,0.16973561,0
assertj-core,12752,0,0.06105693,0
assertj-core,12469,0,0.056690805,0
assertj-core,11554,0,0.032828335,0
assertj-core,15110,0,0.0015145108,0
assertj-core,16956,0,0.061120808,0
assertj-core,13425,0,0.0013732839,0
assertj-core,14613,0,0.36763242,0
assertj-core,14141,0,0.00087023096,0
assertj-core,13512,0,0.42236626,0
assertj-core,15500,0,0.02117756,0
assertj-core,16313,0,0.014322207,0
assertj-core,16515,0,0.032568816,0
assertj-core,16573,0,0.09719846,0
assertj-core,16694,0,0.002791236,0
assertj-core,11886,0,0.050502736,0
assertj-core,14282,0,0.0013022957,0
assertj-core,15900,0,0.103709854,0
assertj-core,17181,0,0.0034507136,0
assertj-core,13985,0,0.1359897,0
assertj-core,11214,0,0.0023761652,0
assertj-core,14306,0,0.012023597,0
assertj-core,13978,0,0.0073724217,0
assertj-core,16554,0,0.017717011,0
assertj-core,16438,0,0.41827205,0
assertj-core,14884,0,0.0051827137,0
assertj-core,15030,0,0.020328535,0
assertj-core,12818,0,0.0025420296,0
assertj-core,17162,0,0.027020575,0
assertj-core,16339,0,0.20539291,0
assertj-core,15197,0,0.0027748195,0
assertj-core,17189,0,0.008953681,0
assertj-core,15111,0,0.43634355,0
assertj-core,11762,0,0.32037732,0
assertj-core,17219,0,0.16228555,0
assertj-core,12637,0,0.30207738,0
assertj-core,14815,0,0.0069831517,0
assertj-core,12062,0,0.41397446,0
assertj-core,16817,0,0.42236626,0
assertj-core,12611,0,0.30207738,0
assertj-core,12942,0,0.2446335,0
assertj-core,16926,0,0.42236626,0
assertj-core,15032,0,0.00941187,0
assertj-core,15912,0,0.016890056,0
assertj-core,11753,0,0.0025441223,0
assertj-core,16674,0,0.04093561,0
assertj-core,14144,0,0.0011608049,0
assertj-core,16489,0,0.007125159,0
assertj-core,16229,0,0.028148834,0
assertj-core,15229,0,0.0016460803,0
assertj-core,15381,0,0.06742133,0
assertj-core,16082,0,0.391624,0
assertj-core,16591,0,0.024216782,0
assertj-core,16071,0,0.001476021,0
assertj-core,12828,0,0.007636242,0
assertj-core,12639,0,0.31480405,0
assertj-core,15652,0,0.0022213748,0
assertj-core,12456,0,0.27571875,0
assertj-core,16447,0,0.0028869016,0
assertj-core,16803,0,0.43634355,0
assertj-core,13558,0,0.0024679853,0
assertj-core,14348,0,0.025499515,0
assertj-core,13722,0,0.35394034,0
assertj-core,13177,0,0.016190648,0
assertj-core,14052,0,0.08949471,0
assertj-core,15937,0,0.26344442,0
assertj-core,12825,0,0.007636242,0
assertj-core,14963,0,0.005769022,0
assertj-core,12664,0,0.08244811,0
assertj-core,12292,0,0.064059354,0
assertj-core,16693,0,0.34418672,0
assertj-core,11503,0,0.26609114,0
assertj-core,16046,0,0.025499515,0
assertj-core,16601,0,0.050969362,0
assertj-core,14858,0,0.022464225,0
assertj-core,11409,0,0.39957654,0
assertj-core,17252,0,0.0009874296,0
assertj-core,14980,0,0.114056,0
assertj-core,14378,0,0.20680209,0
assertj-core,14330,0,0.0014362958,0
assertj-core,15680,0,0.011270632,0
assertj-core,11181,0,0.29772556,0
assertj-core,12990,0,0.00397817,0
assertj-core,16922,0,0.0070015006,0
assertj-core,12113,0,0.061137322,0
assertj-core,13233,0,0.43634355,0
assertj-core,13088,0,0.135458,0
assertj-core,14090,0,0.2394101,0
assertj-core,16013,0,0.3410057,0
assertj-core,16586,0,0.24792054,0
assertj-core,13548,0,0.14460503,0
assertj-core,13255,0,0.058463566,0
assertj-core,16271,0,0.021545002,0
assertj-core,16488,0,0.022347074,0
assertj-core,17035,0,0.0012238515,0
assertj-core,17129,0,0.000879439,0
assertj-core,12549,0,0.061137322,0
assertj-core,15904,0,0.029331172,0
assertj-core,14019,0,0.0021925077,0
assertj-core,13971,0,0.0016176607,0
assertj-core,11381,0,0.049248107,0
assertj-core,15526,0,0.001005917,0
assertj-core,16789,0,0.0010436674,0
assertj-core,16857,0,0.022603529,0
assertj-core,12173,0,0.04837716,0
assertj-core,16502,0,0.51522994,1
assertj-core,14179,0,0.020034138,0
assertj-core,14256,0,0.0050491136,0
assertj-core,15602,0,0.0022403116,0
assertj-core,12204,0,0.39957654,0
assertj-core,13313,0,0.0013181927,0
assertj-core,15497,0,0.010000462,0
assertj-core,11218,0,0.0061715296,0
assertj-core,11176,0,0.18717083,0
assertj-core,15676,0,0.0010856221,0
assertj-core,11652,0,0.08598895,0
assertj-core,17233,0,0.21931462,0
assertj-core,13711,0,0.0061201644,0
assertj-core,14181,0,0.001288998,0
assertj-core,17202,0,0.026069261,0
assertj-core,13526,0,0.01333783,0
assertj-core,13864,0,0.0045948257,0
assertj-core,15615,0,0.02294168,0
assertj-core,15575,0,0.0026317278,0
assertj-core,12320,0,0.012044346,0
assertj-core,13894,0,0.43570974,0
assertj-core,15277,0,0.0019013373,0
assertj-core,16217,0,0.0985106,0
assertj-core,16923,0,0.13713883,0
assertj-core,13936,0,0.0012763834,0
assertj-core,16478,0,0.056735232,0
assertj-core,12598,0,0.04831268,0
assertj-core,13522,0,0.35394034,0
assertj-core,16842,0,0.0014793003,0
assertj-core,13698,0,0.009000596,0
assertj-core,13273,0,0.11030304,0
assertj-core,13108,0,0.18007609,0
assertj-core,12234,0,0.072110884,0
assertj-core,11653,0,0.35397923,0
assertj-core,15705,0,0.0013394335,0
assertj-core,13214,0,0.0015625288,0
assertj-core,15795,0,0.0026268687,0
assertj-core,11405,0,0.41397446,0
assertj-core,16839,0,0.002490822,0
assertj-core,11499,0,0.41397446,0
assertj-core,17387,0,0.2598767,0
assertj-core,16221,0,0.029331172,0
assertj-core,14899,0,0.006312884,0
assertj-core,12418,0,0.2877928,0
assertj-core,15718,0,0.006030517,0
assertj-core,16133,0,0.01570118,0
assertj-core,14310,0,0.2278009,0
assertj-core,12724,0,0.014850354,0
assertj-core,12843,0,0.020558605,0
assertj-core,16100,0,0.0014567454,0
assertj-core,14390,0,0.012795578,0
assertj-core,15975,0,0.31647143,0
assertj-core,16212,0,0.044275623,0
assertj-core,17068,0,0.017279945,0
assertj-core,12397,0,0.032797743,0
assertj-core,11195,0,0.23440978,0
assertj-core,13517,0,0.09719846,0
assertj-core,13941,0,0.15176095,0
assertj-core,15751,0,0.0015388941,0
assertj-core,13044,0,0.2645196,0
assertj-core,11271,0,0.0009306335,0
assertj-core,14391,0,0.014697479,0
assertj-core,16949,0,0.0063006347,0
assertj-core,14648,0,0.37341142,0
assertj-core,14843,0,0.42236626,0
assertj-core,16753,0,0.0017633792,0
assertj-core,15658,0,0.0022860244,0
assertj-core,14678,0,0.0071420856,0
assertj-core,16054,0,0.018628763,0
assertj-core,11348,0,0.32751113,0
assertj-core,15720,0,0.0016328177,0
assertj-core,17133,0,0.001091294,0
assertj-core,16717,0,0.014080258,0
assertj-core,13961,0,0.0023129003,0
assertj-core,15091,0,0.0013732839,0
assertj-core,17056,0,0.075558804,0
assertj-core,16592,0,0.0057922555,0
assertj-core,12898,0,0.21246664,0
assertj-core,15921,0,0.10020622,0
assertj-core,11483,0,0.34433818,0
assertj-core,12270,0,0.19854447,0
assertj-core,14216,0,0.28388295,0
assertj-core,12660,0,0.08244811,0
assertj-core,13721,0,0.0012010353,0
assertj-core,13363,0,0.007542414,0
assertj-core,13410,0,0.0015248278,0
assertj-core,13061,0,0.18445994,0
assertj-core,12487,0,0.057674415,0
assertj-core,15470,0,0.16213943,0
assertj-core,16274,0,0.028148834,0
assertj-core,17380,0,0.04505783,0
assertj-core,11164,0,0.011748614,0
assertj-core,16162,0,0.44418877,0
assertj-core,13193,0,0.38754964,0
assertj-core,11469,0,0.39063716,0
assertj-core,13408,0,0.0013394335,0
assertj-core,12585,0,0.39957654,0
assertj-core,13039,0,0.20316122,0
assertj-core,12681,0,0.39957654,0
assertj-core,16211,0,0.0009612715,0
assertj-core,16406,0,0.42662883,0
assertj-core,17177,0,0.008834794,0
assertj-core,15503,0,0.009720523,0
assertj-core,15649,0,0.005819811,0
assertj-core,13133,0,0.118264236,0
assertj-core,12477,0,0.094433784,0
assertj-core,14422,0,0.27103916,0
assertj-core,11486,0,0.030830264,0
assertj-core,13445,0,0.43634355,0
assertj-core,16092,0,0.0059257275,0
assertj-core,16744,0,0.59530556,1
assertj-core,15891,0,0.0010628585,0
assertj-core,11630,0,0.06788974,0
assertj-core,14005,0,0.3003389,0
assertj-core,16580,0,0.0017586715,0
assertj-core,11610,0,0.064191364,0
assertj-core,17238,0,0.05240346,0
assertj-core,15788,0,0.0786986,0
assertj-core,11773,0,0.2571454,0
assertj-core,11544,0,0.007349733,0
assertj-core,12136,0,0.2877928,0
assertj-core,13799,0,0.0014567454,0
assertj-core,12806,0,0.003572252,0
assertj-core,16516,0,0.36804453,0
assertj-core,13557,0,0.4031893,0
assertj-core,16877,0,0.0015301562,0
assertj-core,14174,0,0.0014021245,0
assertj-core,16057,0,0.044874437,0
assertj-core,11893,0,0.39957654,0
assertj-core,13079,0,0.3426401,0
assertj-core,13127,0,0.0013668402,0
assertj-core,11586,0,0.04837716,0
assertj-core,11312,0,0.2037303,0
assertj-core,12815,0,0.13050039,0
assertj-core,12326,0,0.38346678,0
assertj-core,11557,0,0.3334255,0
assertj-core,13554,0,0.023083461,0
assertj-core,12410,0,0.30207738,0
assertj-core,11857,0,0.06701071,0
assertj-core,15346,0,0.001147541,0
assertj-core,11721,0,0.006631959,0
assertj-core,13270,0,0.006564141,0
assertj-core,14043,0,0.012158322,0
assertj-core,15486,0,0.0014775721,0
assertj-core,13168,0,0.41110945,0
assertj-core,15981,0,0.029331172,0
assertj-core,12962,0,0.2756872,0
assertj-core,12876,0,0.20504634,0
assertj-core,15113,0,0.011886145,0
assertj-core,14939,0,0.012158322,0
assertj-core,13572,0,0.0016791815,0
assertj-core,13192,0,0.0017880193,0
assertj-core,11484,0,0.025296863,0
assertj-core,14833,0,0.0066668466,0
assertj-core,13925,0,0.0016563216,0
assertj-core,13885,0,0.0014923611,0
assertj-core,17118,0,0.03442816,0
assertj-core,15487,0,0.0014775721,0
assertj-core,12607,0,0.30207738,0
assertj-core,15691,0,0.06692937,0
assertj-core,12223,0,0.37990972,0
assertj-core,16179,0,0.028148834,0
assertj-core,13600,0,0.002040203,0
assertj-core,13960,0,0.04956587,0
assertj-core,13238,0,0.6023945,1
assertj-core,11250,0,0.1305223,0
assertj-core,11309,0,0.00839175,0
assertj-core,12226,0,0.06895148,0
assertj-core,16396,0,0.029921602,0
assertj-core,11340,0,0.17819805,0
assertj-core,15700,0,0.0076006055,0
assertj-core,17217,0,0.09889845,0
assertj-core,15406,0,0.05187875,0
assertj-core,11735,0,0.08280137,0
assertj-core,13667,0,0.0057134926,0
assertj-core,13683,0,0.0068300716,0
assertj-core,13935,0,0.0063600983,0
assertj-core,12592,0,0.018843804,0
assertj-core,11307,0,0.017554065,0
assertj-core,16171,0,0.00095415424,0
assertj-core,16900,0,0.004322514,0
assertj-core,15089,0,0.09719846,0
assertj-core,12989,0,0.004469345,0
assertj-core,12414,0,0.31480405,0
assertj-core,13017,0,0.019150065,0
assertj-core,15815,0,0.07247973,0
assertj-core,16143,0,0.12701045,0
assertj-core,16300,0,0.09332009,0
assertj-core,17020,0,0.0074344473,0
assertj-core,15354,0,0.0011829276,0
assertj-core,13655,0,0.0009887476,0
assertj-core,14582,0,0.0017991833,0
assertj-core,14155,0,0.0013732839,0
assertj-core,12107,0,0.061137322,0
assertj-core,15750,0,0.0013783482,0
assertj-core,12773,0,0.003313679,0
assertj-core,15390,0,0.0007638235,0
assertj-core,12144,0,0.31480405,0
assertj-core,15733,0,0.0140956445,0
assertj-core,17108,0,0.0040296675,0
assertj-core,11199,0,0.003104755,0
assertj-core,15216,0,0.023083461,0
assertj-core,14667,0,0.14010704,0
assertj-core,13348,0,0.0021561636,0
assertj-core,16183,0,0.0016773879,0
assertj-core,12996,0,0.27134973,0
assertj-core,16236,0,0.073418014,0
assertj-core,16243,0,0.012882726,0
assertj-core,15026,0,0.0011684598,0
assertj-core,16158,0,0.0010178195,0
assertj-core,12324,0,0.10251464,0
assertj-core,16560,0,0.026164569,0
assertj-core,12978,0,0.20663941,0
assertj-core,15842,0,0.19561097,0
assertj-core,11705,0,0.4204792,0
assertj-core,15297,0,0.016093925,0
assertj-core,16543,0,0.0013394335,0
assertj-core,12230,0,0.072110884,0
assertj-core,15117,0,0.092374764,0
assertj-core,11895,0,0.39957654,0
assertj-core,14293,0,0.3410057,0
assertj-core,15731,0,0.012795578,0
assertj-core,16337,0,0.0019084021,0
assertj-core,11140,0,0.068440676,0
assertj-core,11769,0,0.08016283,0
assertj-core,16975,0,0.3679858,0
assertj-core,15558,0,0.008431108,0
assertj-core,14888,0,0.0013521255,0
assertj-core,16270,0,0.42236626,0
assertj-core,16879,0,0.31828243,0
assertj-core,16875,0,0.10020622,0
assertj-core,14497,0,0.0022913706,0
assertj-core,13260,0,0.0008170281,0
assertj-core,15262,0,0.09719846,0
assertj-core,14625,0,0.10969504,0
assertj-core,14774,0,0.0013783482,0
assertj-core,11816,0,0.0019420376,0
assertj-core,16022,0,0.42236626,0
assertj-core,14200,0,0.0013732839,0
assertj-core,13499,0,0.03173383,0
assertj-core,12470,0,0.25899294,0
assertj-core,16683,0,0.017149882,0
assertj-core,14513,0,0.33492094,0
assertj-core,13228,0,0.27103916,0
assertj-core,16146,0,0.09358928,0
assertj-core,12101,0,0.041959323,0
assertj-core,16906,0,0.2386878,0
assertj-core,14300,0,0.0010398028,0
assertj-core,15746,0,0.022464225,0
assertj-core,12547,0,0.011794955,0
assertj-core,15291,0,0.0019218259,0
assertj-core,16245,0,0.018264065,0
assertj-core,15990,0,0.007267916,0
assertj-core,15063,0,0.0024414093,0
assertj-core,15986,0,0.00095415424,0
assertj-core,13516,0,0.0023294562,0
assertj-core,15034,0,0.003770268,0
assertj-core,15959,0,0.29584566,0
assertj-core,13628,0,0.012158322,0
assertj-core,11993,0,0.30207738,0
assertj-core,17358,0,0.06157522,0
assertj-core,13315,0,0.25695816,0
assertj-core,14067,0,0.2555314,0
assertj-core,12398,0,0.24178472,0
assertj-core,11671,0,0.23101476,0
assertj-core,11573,0,0.32029793,0
assertj-core,12888,0,0.03245258,0
assertj-core,11191,0,0.19911289,0
assertj-core,11783,0,0.2571454,0
assertj-core,16507,0,0.0012796231,0
assertj-core,15087,0,0.59530556,1
assertj-core,15785,0,0.09719846,0
assertj-core,15328,0,0.028148834,0
assertj-core,16993,0,0.06147723,0
assertj-core,12544,0,0.117235824,0
assertj-core,12741,0,0.0055190087,0
assertj-core,13276,0,0.0015301562,0
assertj-core,14781,0,0.27103916,0
assertj-core,14902,0,0.072438695,0
assertj-core,13596,0,0.011506636,0
assertj-core,17041,0,0.017279945,0
assertj-core,15465,0,0.0018897428,0
assertj-core,15974,0,0.0011088739,0
assertj-core,13150,0,0.27103916,0
assertj-core,13405,0,0.00970021,0
assertj-core,13756,0,0.07890666,0
assertj-core,12833,0,0.021780182,0
assertj-core,14411,0,0.09491648,0
assertj-core,14453,0,0.0013022957,0
assertj-core,15463,0,0.0012848752,0
assertj-core,15867,0,0.0057777725,0
assertj-core,12880,0,0.2460116,0
assertj-core,15272,0,0.001781701,0
assertj-core,12834,0,0.24548735,0
assertj-core,14971,0,0.009564569,0
assertj-core,15995,0,0.00085941673,0
assertj-core,15738,0,0.021545002,0
assertj-core,15135,0,0.07335511,0
assertj-core,17149,0,0.12860455,0
assertj-core,12034,0,0.025410434,0
assertj-core,12972,0,0.24819407,0
assertj-core,12490,0,0.2788455,0
assertj-core,12745,0,0.27060825,0
assertj-core,15413,0,0.024153924,0
assertj-core,15711,0,0.03173383,0
assertj-core,13984,0,0.0135956695,0
assertj-core,14410,0,0.02950827,0
assertj-core,12399,0,0.054419752,0
assertj-core,15056,0,0.06817651,0
assertj-core,14500,0,0.27103916,0
assertj-core,16001,0,0.042175163,0
assertj-core,14319,0,0.43634355,0
assertj-core,16273,0,0.092374764,0
assertj-core,13140,0,0.27103916,0
assertj-core,12164,0,0.409556,0
assertj-core,14462,0,0.004208282,0
assertj-core,12348,0,0.31480405,0
assertj-core,13771,0,0.021930814,0
assertj-core,15584,0,0.0017669693,0
assertj-core,12166,0,0.30207738,0
assertj-core,14323,0,0.0017793067,0
assertj-core,15043,0,0.057747852,0
assertj-core,11193,0,0.28540176,0
assertj-core,11373,0,0.0011554472,0
assertj-core,12882,0,0.1940269,0
assertj-core,13430,0,0.011886145,0
assertj-core,15772,0,0.001567273,0
assertj-core,13032,0,0.3319591,0
assertj-core,11303,0,0.015110072,0
assertj-core,16258,0,0.00183579,0
assertj-core,14862,0,0.0015301562,0
assertj-core,16259,0,0.35394034,0
assertj-core,12349,0,0.010567358,0
assertj-core,16034,0,0.09719846,0
assertj-core,15767,0,0.02950827,0
assertj-core,14099,0,0.019851578,0
assertj-core,12896,0,0.17083818,0
assertj-core,13674,0,0.0027590848,0
assertj-core,16440,0,0.06072996,0
assertj-core,12740,0,0.24138251,0
assertj-core,17201,0,0.19366609,0
assertj-core,14780,0,0.028148834,0
assertj-core,14553,0,0.019838829,0
assertj-core,15037,0,0.048099257,0
assertj-core,14119,0,0.00970021,0
assertj-core,16163,0,0.023175286,0
assertj-core,14370,0,0.0013783482,0
assertj-core,12558,0,0.0022031227,0
assertj-core,12541,0,0.10668644,0
assertj-core,12554,0,0.39957654,0
assertj-core,15009,0,0.0017459897,0
assertj-core,13157,0,0.004322514,0
assertj-core,15800,0,0.0058888653,0
assertj-core,14327,0,0.10921843,0
assertj-core,17171,0,0.0074463394,0
assertj-core,13994,0,0.29164836,0
assertj-core,11207,0,0.37956938,0
assertj-core,15695,0,0.0061201644,0
assertj-core,14328,0,0.018309692,0
assertj-core,11446,0,0.05676579,0
assertj-core,16947,0,0.0508893,0
assertj-core,14637,0,0.0007109698,0
assertj-core,14802,0,0.0017586715,0
assertj-core,13897,0,0.0012170676,0
assertj-core,13946,0,0.2538085,0
assertj-core,13346,0,0.0068300716,0
assertj-core,15399,0,0.020868452,0
assertj-core,15922,0,0.0014021245,0
assertj-core,12040,0,0.25995132,0
assertj-core,16469,0,0.0011251892,0
assertj-core,15160,0,0.0072492617,0
assertj-core,11170,0,0.0106882155,0
assertj-core,16039,0,0.0013953382,0
assertj-core,16896,0,0.5385555,1
assertj-core,12023,0,0.0050276075,0
assertj-core,16958,0,0.010869494,0
assertj-core,12180,0,0.31480405,0
assertj-core,14322,0,0.0049323863,0
assertj-core,12839,0,0.01068872,0
assertj-core,15927,0,0.001532515,0
assertj-core,12027,0,0.17331718,0
assertj-core,14759,0,0.0018348659,0
assertj-core,13841,0,0.05098645,0
assertj-core,15953,0,0.0017254773,0
assertj-core,12799,0,0.0048630075,0
assertj-core,13026,0,0.24302442,0
assertj-core,12178,0,0.31480405,0
assertj-core,12330,0,0.32029793,0
assertj-core,15223,0,0.0018102971,0
assertj-core,15263,0,0.14460503,0
assertj-core,15029,0,0.019801479,0
assertj-core,13776,0,0.0022213748,0
assertj-core,14837,0,0.42236626,0
assertj-core,11515,0,0.38409862,0
assertj-core,16460,0,0.6436123,1
assertj-core,14635,0,0.0011544753,0
assertj-core,16804,0,0.0021561636,0
assertj-core,16977,0,0.53116703,1
assertj-core,15820,0,0.03173383,0
assertj-core,15401,0,0.002682308,0
assertj-core,13314,0,0.48275685,0
assertj-core,12672,0,0.08244811,0
assertj-core,12722,0,0.061137322,0
assertj-core,16312,0,0.002071551,0
assertj-core,11899,0,0.37387902,0
assertj-core,12883,0,0.1846564,0
assertj-core,14671,0,0.10939472,0
assertj-core,17120,0,0.0021315007,0
assertj-core,16011,0,0.017532934,0
assertj-core,13418,0,0.14506456,0
assertj-core,13342,0,0.017636463,0
assertj-core,16500,0,0.23119497,0
assertj-core,12515,0,0.0593048,0
assertj-core,15771,0,0.38754964,0
assertj-core,15946,0,0.0014021245,0
assertj-core,17276,0,0.03487717,0
assertj-core,15445,0,0.4714737,0
assertj-core,11963,0,0.38794917,0
assertj-core,11840,0,0.007572209,0
assertj-core,11613,0,0.31480405,0
assertj-core,13541,0,0.59530556,1
assertj-core,12858,0,0.020558605,0
assertj-core,17179,0,0.027020575,0
assertj-core,16368,0,0.5577894,1
assertj-core,11246,0,0.0028096011,0
assertj-core,16919,0,0.05692483,0
assertj-core,12143,0,0.061137322,0
assertj-core,16849,0,0.10281743,0
assertj-core,11928,0,0.04837716,0
assertj-core,16997,0,0.092374764,0
assertj-core,16206,0,0.0011117603,0
assertj-core,11474,0,0.047653873,0
assertj-core,14596,0,0.69782555,1
assertj-core,11622,0,0.072110884,0
assertj-core,13147,0,0.09419444,0
assertj-core,16718,0,0.42236626,0
assertj-core,17136,0,0.000864399,0
assertj-core,14965,0,0.001781701,0
assertj-core,11956,0,0.04837716,0
assertj-core,14168,0,0.29562283,0
assertj-core,14954,0,0.0025197996,0
assertj-core,13737,0,0.005819811,0
assertj-core,14367,0,0.0026268687,0
assertj-core,11318,0,0.14359283,0
assertj-core,16725,0,0.35394034,0
assertj-core,13708,0,0.14322957,0
assertj-core,16940,0,0.006433971,0
assertj-core,11346,0,0.027464341,0
assertj-core,11392,0,0.041836932,0
assertj-core,12396,0,0.27571875,0
assertj-core,14253,0,0.23169243,0
assertj-core,12353,0,0.047653873,0
assertj-core,13241,0,0.05615984,0
assertj-core,15686,0,0.59530556,1
assertj-core,15889,0,0.0060747783,0
assertj-core,16459,0,0.003652707,0
assertj-core,14953,0,0.0018102971,0
assertj-core,16593,0,0.0014656654,0
assertj-core,17146,0,0.020226527,0
assertj-core,11394,0,0.04170504,0
assertj-core,12536,0,0.1718711,0
assertj-core,13609,0,0.02741366,0
assertj-core,12886,0,0.16630235,0
assertj-core,14020,0,0.025812557,0
assertj-core,15636,0,0.006467723,0
assertj-core,17392,0,0.09830072,0
assertj-core,11785,0,0.0025441223,0
assertj-core,12884,0,0.20678379,0
assertj-core,14132,0,0.0014021245,0
assertj-core,17393,0,0.027640177,0
assertj-core,17382,0,0.025366725,0
assertj-core,17005,0,0.2538085,0
assertj-core,12430,0,0.31480405,0
assertj-core,16610,0,0.0027494885,0
assertj-core,12649,0,0.4414213,0
assertj-core,15790,0,0.35394034,0
assertj-core,16101,0,0.021183837,0
assertj-core,11710,0,0.0036610551,0
assertj-core,15008,0,0.021545002,0
assertj-core,14431,0,0.0013588442,0
assertj-core,11388,0,0.0370384,0
assertj-core,14643,0,0.10430542,0
assertj-core,12082,0,0.39957654,0
assertj-core,13649,0,0.15999539,0
assertj-core,13910,0,0.053750414,0
assertj-core,14930,0,0.030771304,0
assertj-core,11507,0,0.32029793,0
assertj-core,17283,0,0.003878864,0
assertj-core,15853,0,0.0015388941,0
assertj-core,14240,0,0.35904002,0
assertj-core,12135,0,0.072110884,0
assertj-core,13427,0,0.0013022957,0
assertj-core,11795,0,0.0029548388,0
assertj-core,16031,0,0.15829524,0
assertj-core,11730,0,0.086647026,0
assertj-core,13964,0,0.02119157,0
assertj-core,16862,0,0.009363154,0
assertj-core,11496,0,0.036425732,0
assertj-core,16164,0,0.065125994,0
assertj-core,15461,0,0.27103916,0
assertj-core,16577,0,0.057747852,0
assertj-core,12451,0,0.03306091,0
assertj-core,13718,0,0.0010703237,0
assertj-core,15196,0,0.0013783482,0
assertj-core,17388,0,0.1905585,0
assertj-core,11975,0,0.20552613,0
assertj-core,16433,0,0.04707149,0
assertj-core,13801,0,0.001307888,0
assertj-core,14335,0,0.005784276,0
assertj-core,11304,0,0.0028775434,0
assertj-core,12979,0,0.021118497,0
assertj-core,14364,0,0.0013394335,0
assertj-core,12154,0,0.2877928,0
assertj-core,15979,0,0.30370724,0
assertj-core,11449,0,0.39957654,0
assertj-core,15841,0,0.017149882,0
assertj-core,11477,0,0.41397446,0
assertj-core,11844,0,0.0028896797,0
assertj-core,16261,0,0.0018394146,0
assertj-core,14593,0,0.06281485,0
assertj-core,12241,0,0.3058263,0
assertj-core,15506,0,0.00095415424,0
assertj-core,11410,0,0.005811355,0
assertj-core,15237,0,0.41110945,0
assertj-core,15147,0,0.09719846,0
assertj-core,13372,0,0.025823876,0
assertj-core,12915,0,0.2400524,0
assertj-core,17251,0,0.0014077525,0
assertj-core,12419,0,0.061137322,0
assertj-core,16155,0,0.0018996384,0
assertj-core,17280,0,0.083393455,0
assertj-core,12500,0,0.39957654,0
assertj-core,11361,0,0.007827212,0
assertj-core,14068,0,0.023413543,0
assertj-core,11722,0,0.25819463,0
assertj-core,15562,0,0.025696876,0
assertj-core,14619,0,0.044415083,0
assertj-core,14137,0,0.07890666,0
assertj-core,15684,0,0.04561009,0
assertj-core,11535,0,0.27571875,0
assertj-core,15045,0,0.008624031,0
assertj-core,14893,0,0.022464225,0
assertj-core,15808,0,0.007244411,0
assertj-core,13805,0,0.012158322,0
assertj-core,16432,0,0.0012948933,0
assertj-core,15837,0,0.012158322,0
assertj-core,15818,0,0.0013783482,0
assertj-core,15167,0,0.0013732839,0
assertj-core,11560,0,0.032828335,0
assertj-core,14214,0,0.012158322,0
assertj-core,14829,0,0.11030304,0
assertj-core,14092,0,0.46457615,0
assertj-core,11253,0,0.009544165,0
assertj-core,16204,0,0.3690386,0
assertj-core,16384,0,0.0016699439,0
assertj-core,13503,0,0.43634355,0
assertj-core,14566,0,0.0013394335,0
assertj-core,11943,0,0.39957654,0
assertj-core,13402,0,0.005468341,0
assertj-core,12222,0,0.06895148,0
assertj-core,12519,0,0.069089755,0
assertj-core,14630,0,0.009335371,0
assertj-core,14744,0,0.0027571216,0
assertj-core,16769,0,0.0092159165,0
assertj-core,12619,0,0.31480405,0
assertj-core,16060,0,0.0016740899,0
assertj-core,16836,0,0.22113511,0
assertj-core,14298,0,0.02083356,0
assertj-core,13577,0,0.033935383,0
assertj-core,11958,0,0.045477223,0
assertj-core,16853,0,0.10281743,0
assertj-core,16933,0,0.012158322,0
assertj-core,12520,0,0.41397446,0
assertj-core,11457,0,0.4962068,0
assertj-core,16907,0,0.09719846,0
assertj-core,15046,0,0.0015301562,0
assertj-core,12528,0,0.2788455,0
assertj-core,13457,0,0.35394034,0
assertj-core,13808,0,0.0010411926,0
assertj-core,11177,0,0.22387132,0
assertj-core,14211,0,0.025812557,0
assertj-core,16870,0,0.0015301562,0
assertj-core,13713,0,0.020291997,0
assertj-core,17053,0,0.10020622,0
assertj-core,11837,0,0.2687079,0
assertj-core,16677,0,0.0013732839,0
assertj-core,13205,0,0.0116097815,0
assertj-core,14523,0,0.011769654,0
assertj-core,13996,0,0.19917828,0
assertj-core,15239,0,0.007681404,0
assertj-core,16665,0,0.0015380738,0
assertj-core,13707,0,0.01871375,0
assertj-core,16477,0,0.36455333,0
assertj-core,14861,0,0.0013783482,0
assertj-core,15480,0,0.054843437,0
assertj-core,13859,0,0.42236626,0
assertj-core,13208,0,0.0027076101,0
assertj-core,15501,0,0.027922116,0
assertj-core,17059,0,0.42155522,0
assertj-core,14748,0,0.0007217646,0
assertj-core,11902,0,0.042175163,0
assertj-core,11736,0,0.21979547,0
assertj-core,17367,0,0.04505783,0
assertj-core,15415,0,0.00085818605,0
assertj-core,15076,0,0.0015248278,0
assertj-core,11464,0,0.011787832,0
assertj-core,14614,0,0.026957544,0
assertj-core,15393,0,0.59530556,1
assertj-core,16177,0,0.02275213,0
assertj-core,12734,0,0.22051932,0
assertj-core,16570,0,0.10776301,0
assertj-core,14916,0,0.0013985997,0
assertj-core,16565,0,0.009198372,0
assertj-core,16505,0,0.15838778,0
assertj-core,12871,0,0.18979773,0
assertj-core,14840,0,0.057052474,0
assertj-core,13470,0,0.5222924,1
assertj-core,14147,0,0.0010436674,0
assertj-core,13706,0,0.11030304,0
assertj-core,15604,0,0.4847223,0
assertj-core,12086,0,0.31480405,0
assertj-core,14400,0,0.092374764,0
assertj-core,16161,0,0.024216782,0
assertj-core,12817,0,0.0024988758,0
assertj-core,17152,0,0.010510453,0
assertj-core,11765,0,0.002900012,0
assertj-core,15337,0,0.0006041178,0
assertj-core,13688,0,0.2538085,0
assertj-core,16654,0,0.22058348,0
assertj-core,11849,0,0.058660965,0
assertj-core,13752,0,0.010091058,0
assertj-core,13304,0,0.44940495,0
assertj-core,13665,0,0.0009887476,0
assertj-core,13807,0,0.23262294,0
assertj-core,16846,0,0.0037747787,0
assertj-core,17270,0,0.0012349372,0
assertj-core,12829,0,0.011526384,0
assertj-core,14337,0,0.0007217646,0
assertj-core,11273,0,0.030988306,0
assertj-core,11229,0,0.0019266787,0
assertj-core,16642,0,0.0016103046,0
assertj-core,16049,0,0.0006105565,0
assertj-core,15436,0,0.0052709305,0
assertj-core,14269,0,0.025499515,0
assertj-core,15594,0,0.0017586715,0
assertj-core,15583,0,0.0011807572,0
assertj-core,13324,0,0.007942682,0
assertj-core,13219,0,0.2278009,0
assertj-core,13338,0,0.08915779,0
assertj-core,11171,0,0.18561132,0
assertj-core,16123,0,0.09963515,0
assertj-core,14788,0,0.35394034,0
assertj-core,14820,0,0.5222924,1
assertj-core,12960,0,0.109749705,0
assertj-core,15830,0,0.016190648,0
assertj-core,14991,0,0.003168591,0
assertj-core,12628,0,0.05434768,0
assertj-core,11649,0,0.27060825,0
assertj-core,14534,0,0.0018589062,0
assertj-core,16486,0,0.042409338,0
assertj-core,12671,0,0.39957654,0
assertj-core,15206,0,0.010412888,0
assertj-core,12389,0,0.04837716,0
assertj-core,17188,0,0.0073063737,0
assertj-core,15605,0,0.025696876,0
assertj-core,14123,0,0.07890666,0
assertj-core,17386,0,0.0027210657,0
assertj-core,14889,0,0.0015322405,0
assertj-core,16145,0,0.27103916,0
assertj-core,17064,0,0.19627975,0
assertj-core,13333,0,0.0010690937,0
assertj-core,12246,0,0.050205335,0
assertj-core,12147,0,0.04837716,0
assertj-core,17084,0,0.0036544513,0
assertj-core,14037,0,0.0030635858,0
assertj-core,16603,0,0.19170462,0
assertj-core,14526,0,0.0022913706,0
assertj-core,13852,0,0.0153108025,0
assertj-core,13439,0,0.16213943,0
assertj-core,14577,0,0.36395574,0
assertj-core,11972,0,0.23905805,0
assertj-core,15856,0,0.101862885,0
assertj-core,12955,0,0.17448744,0
assertj-core,11852,0,0.32037732,0
assertj-core,12874,0,0.36575603,0
assertj-core,12054,0,0.41397446,0
assertj-core,11955,0,0.39957654,0
assertj-core,12190,0,0.39957654,0
assertj-core,15227,0,0.00154736,0
assertj-core,12126,0,0.27571875,0
assertj-core,15235,0,0.012448235,0
assertj-core,16996,0,0.101862885,0
assertj-core,11878,0,0.00076917384,0
assertj-core,13637,0,0.0013990866,0
assertj-core,12512,0,0.41397446,0
assertj-core,14449,0,0.35394034,0
assertj-core,13354,0,0.01871375,0
assertj-core,14990,0,0.32975826,0
assertj-core,12636,0,0.05434768,0
assertj-core,11485,0,0.39957654,0
assertj-core,13786,0,0.0031705468,0
assertj-core,11574,0,0.061137322,0
assertj-core,11363,0,0.07283571,0
assertj-core,12565,0,0.2788455,0
assertj-core,14000,0,0.29164836,0
assertj-core,14885,0,0.018475983,0
assertj-core,15763,0,0.11030304,0
assertj-core,11666,0,0.013140358,0
assertj-core,12551,0,0.061137322,0
assertj-core,16512,0,0.51522994,1
assertj-core,16871,0,0.3410057,0
assertj-core,13447,0,0.002017283,0
assertj-core,13151,0,0.028148834,0
assertj-core,15264,0,0.51410013,1
assertj-core,12484,0,0.25899294,0
assertj-core,12339,0,0.061137322,0
assertj-core,11698,0,0.061137322,0
assertj-core,15211,0,0.008326702,0
assertj-core,15817,0,0.0013732839,0
assertj-core,13629,0,0.42236626,0
assertj-core,13091,0,0.0007740655,0
assertj-core,12640,0,0.074239165,0
assertj-core,12014,0,0.063564286,0
assertj-core,13137,0,0.003082061,0
assertj-core,16504,0,0.0028351436,0
assertj-core,15941,0,0.14460503,0
assertj-core,16094,0,0.08244811,0
assertj-core,14202,0,0.060696572,0
assertj-core,13851,0,0.11030304,0
assertj-core,13421,0,0.580852,1
assertj-core,12709,0,0.38794917,0
assertj-core,12263,0,0.27088246,0
assertj-core,14380,0,0.0017586715,0
assertj-core,14920,0,0.0017216032,0
assertj-core,13543,0,0.072438695,0
assertj-core,13742,0,0.0013394335,0
assertj-core,15000,0,0.2515073,0
assertj-core,17163,0,0.18886301,0
assertj-core,14682,0,0.02523825,0
assertj-core,16401,0,0.10543586,0
assertj-core,13046,0,0.07856778,0
assertj-core,13740,0,0.021607958,0
assertj-core,13959,0,0.010713035,0
assertj-core,15219,0,0.0019872154,0
assertj-core,16286,0,0.08679269,0
assertj-core,15866,0,0.43634355,0
assertj-core,12429,0,0.05417678,0
assertj-core,13267,0,0.032960664,0
assertj-core,14905,0,0.0030742793,0
assertj-core,12934,0,0.015548582,0
assertj-core,15588,0,0.09719846,0
assertj-core,12986,0,0.24060076,0
assertj-core,15369,0,0.0048265643,0
assertj-core,15707,0,0.033480853,0
assertj-core,16566,0,0.0010539306,0
assertj-core,13581,0,0.011506636,0
assertj-core,17160,0,0.0021315007,0
assertj-core,14955,0,0.028148834,0
assertj-core,11892,0,0.044874437,0
assertj-core,16426,0,0.288939,0
assertj-core,14170,0,0.0114370575,0
assertj-core,13335,0,0.42936805,0
assertj-core,12342,0,0.41397446,0
assertj-core,13138,0,0.0024644462,0
assertj-core,13319,0,0.49701303,0
assertj-core,15080,0,0.37117958,0
assertj-core,14443,0,0.0018348659,0
assertj-core,14585,0,0.002212779,0
assertj-core,11877,0,0.008960068,0
assertj-core,16342,0,0.002065246,0
assertj-core,11627,0,0.25899294,0
assertj-core,13415,0,0.0007217646,0
assertj-core,14896,0,0.0011288482,0
assertj-core,14384,0,0.048355453,0
assertj-core,13156,0,0.20539291,0
assertj-core,14775,0,0.0013783482,0
assertj-core,13551,0,0.0015488908,0
assertj-core,12897,0,0.017886326,0
assertj-core,16364,0,0.057052474,0
assertj-core,14547,0,0.13112998,0
assertj-core,12459,0,0.061137322,0
assertj-core,16290,0,0.0017636141,0
assertj-core,14369,0,0.43634355,0
assertj-core,16962,0,0.025968138,0
assertj-core,15930,0,0.25695816,0
assertj-core,15538,0,0.27103916,0
assertj-core,12910,0,0.2022423,0
assertj-core,12227,0,0.37990972,0
assertj-core,13739,0,0.13432772,0
assertj-core,13326,0,0.0015346996,0
assertj-core,13736,0,0.5345178,1
assertj-core,14186,0,0.001657785,0
assertj-core,11517,0,0.27571875,0
assertj-core,15743,0,0.06817651,0
assertj-core,16908,0,0.5222924,1
assertj-core,16678,0,0.06817651,0
assertj-core,15271,0,0.008326702,0
assertj-core,16889,0,0.002076283,0
assertj-core,12895,0,0.38486958,0
assertj-core,11529,0,0.30207738,0
assertj-core,13035,0,0.17735559,0
assertj-core,14754,0,0.021545002,0
assertj-core,16266,0,0.10020622,0
assertj-core,13528,0,0.0015388941,0
assertj-core,12999,0,0.01671134,0
assertj-core,16626,0,0.06817651,0
assertj-core,16569,0,0.35394034,0
assertj-core,15348,0,0.0015977086,0
assertj-core,16513,0,0.029253183,0
assertj-core,12100,0,0.27571875,0
assertj-core,14196,0,0.2555314,0
assertj-core,14803,0,0.580852,1
assertj-core,12206,0,0.41397446,0
assertj-core,13355,0,0.15999539,0
assertj-core,16198,0,0.37285966,0
assertj-core,16064,0,0.0019851672,0
assertj-core,16736,0,0.10020622,0
assertj-core,17338,0,0.05714966,0
assertj-core,11256,0,0.05807039,0
assertj-core,14852,0,0.1450163,0
assertj-core,14320,0,0.003128539,0
assertj-core,15301,0,0.31647143,0
assertj-core,12131,0,0.010049915,0
assertj-core,12766,0,0.014728164,0
assertj-core,17273,0,0.00216854,0
assertj-core,12918,0,0.0011915364,0
assertj-core,14160,0,0.0012156316,0
assertj-core,16757,0,0.0018102971,0
assertj-core,13975,0,0.07874153,0
assertj-core,16451,0,0.110562734,0
assertj-core,15339,0,0.2587211,0
assertj-core,16604,0,0.007337788,0
assertj-core,11426,0,0.050502736,0
assertj-core,13043,0,0.13600494,0
assertj-core,11829,0,0.0025441223,0
assertj-core,12555,0,0.3674675,0
assertj-core,13021,0,0.19739546,0
assertj-core,11227,0,0.006112228,0
assertj-core,12233,0,0.27088246,0
assertj-core,15752,0,0.005175176,0
assertj-core,13781,0,0.0022213748,0
assertj-core,12121,0,0.061137322,0
assertj-core,16279,0,0.11030304,0
assertj-core,13292,0,0.5315569,1
assertj-core,12390,0,0.2877928,0
assertj-core,15698,0,0.0015388941,0
assertj-core,11662,0,0.072110884,0
assertj-core,13608,0,0.0016016818,0
assertj-core,12576,0,0.037420735,0
assertj-core,11555,0,0.37387902,0
assertj-core,15610,0,0.092374764,0
assertj-core,14064,0,0.0014021245,0
assertj-core,15804,0,0.59530556,1
assertj-core,13730,0,0.061379906,0
assertj-core,11151,0,0.1486822,0
assertj-core,11711,0,0.354651,0
assertj-core,16681,0,0.028148834,0
assertj-core,17256,0,0.0013152098,0
assertj-core,12968,0,0.3529903,0
assertj-core,14831,0,0.116666615,0
assertj-core,15327,0,0.16358253,0
assertj-core,11186,0,0.18717083,0
assertj-core,17206,0,0.0019026225,0
assertj-core,12011,0,0.30207738,0
assertj-core,12921,0,0.17367683,0
assertj-core,16690,0,0.3431587,0
assertj-core,11581,0,0.4414213,0
assertj-core,15835,0,0.0010331026,0
assertj-core,12859,0,0.33925644,0
assertj-core,11606,0,0.047998123,0
assertj-core,14360,0,0.0058888653,0
assertj-core,16955,0,0.049345866,0
assertj-core,15635,0,0.006467723,0
assertj-core,14821,0,0.23535906,0
assertj-core,15510,0,0.30370724,0
assertj-core,12993,0,0.36788747,0
assertj-core,13923,0,0.013812229,0
assertj-core,17363,0,0.00935414,0
assertj-core,15299,0,0.062216647,0
assertj-core,13280,0,0.10882778,0
assertj-core,14098,0,0.005426032,0
assertj-core,13687,0,0.0015388941,0
assertj-core,15207,0,0.011142621,0
assertj-core,11811,0,0.0021791032,0
assertj-core,17150,0,0.001555681,0
assertj-core,13796,0,0.012398606,0
assertj-core,11646,0,0.0574428,0
assertj-core,12356,0,0.41397446,0
assertj-core,12803,0,0.009194476,0
assertj-core,13080,0,0.36788747,0
assertj-core,15890,0,0.040011015,0
assertj-core,16946,0,0.0063006347,0
assertj-core,12889,0,0.058240388,0
assertj-core,13336,0,0.2155858,0
assertj-core,11585,0,0.24178472,0
assertj-core,11616,0,0.058723763,0
assertj-core,15611,0,0.025499515,0
assertj-core,17009,0,0.0013388979,0
assertj-core,17113,0,0.001996365,0
assertj-core,13351,0,0.0015720205,0
assertj-core,16044,0,0.11030304,0
assertj-core,16723,0,0.011881549,0
assertj-core,15694,0,0.0022213748,0
assertj-core,13226,0,0.0008946906,0
assertj-core,14964,0,0.09719846,0
assertj-core,11898,0,0.044874437,0
assertj-core,16061,0,0.012111449,0
assertj-core,12345,0,0.08892705,0
assertj-core,13538,0,0.0118379835,0
assertj-core,11391,0,0.41489214,0
assertj-core,17107,0,0.016024807,0
assertj-core,12961,0,0.0061547803,0
assertj-core,12595,0,0.39957654,0
assertj-core,14481,0,0.37252527,0
assertj-core,12956,0,0.45618138,0
assertj-core,12139,0,0.061137322,0
assertj-core,11757,0,0.08016283,0
assertj-core,15377,0,0.00970021,0
assertj-core,14967,0,0.009593931,0
assertj-core,15566,0,0.0068300716,0
assertj-core,14454,0,0.0013783482,0
assertj-core,17180,0,0.010226945,0
assertj-core,13743,0,0.06692937,0
assertj-core,15704,0,0.14460503,0
assertj-core,15434,0,0.001549576,0
assertj-core,12635,0,0.30207738,0
assertj-core,14130,0,0.065125994,0
assertj-core,14853,0,0.012158322,0
assertj-core,11547,0,0.30207738,0
assertj-core,15774,0,0.065125994,0
assertj-core,14584,0,0.042004216,0
assertj-core,12966,0,0.18445994,0
assertj-core,17352,0,0.0026365786,0
assertj-core,13141,0,0.14460503,0
assertj-core,12458,0,0.21619137,0
assertj-core,12020,0,0.0072693136,0
assertj-core,12774,0,0.021079743,0
assertj-core,12508,0,0.41489214,0
assertj-core,12706,0,0.04837716,0
assertj-core,12325,0,0.22858115,0
assertj-core,14430,0,0.42236626,0
assertj-core,11471,0,0.39063716,0
assertj-core,11212,0,0.13743074,0
assertj-core,12892,0,0.4294471,0
assertj-core,14424,0,0.14460503,0
assertj-core,14536,0,0.16345184,0
assertj-core,12411,0,0.06767235,0
assertj-core,11194,0,0.20411204,0
assertj-core,17016,0,0.0013732839,0
assertj-core,13785,0,0.0015301562,0
assertj-core,14070,0,0.023413543,0
assertj-core,11944,0,0.04837716,0
assertj-core,14275,0,0.023474865,0
assertj-core,13149,0,0.0013732839,0
assertj-core,15938,0,0.0014021245,0
assertj-core,12845,0,0.012788876,0
assertj-core,14165,0,0.0059257275,0
assertj-core,15777,0,0.42236626,0
assertj-core,16600,0,0.0010086995,0
assertj-core,12852,0,0.025906686,0
assertj-core,13373,0,0.029331172,0
assertj-core,13837,0,0.0061144796,0
assertj-core,14129,0,0.15176095,0
assertj-core,11356,0,0.016859222,0
assertj-core,16316,0,0.055312537,0
assertj-core,14895,0,0.59530556,1
assertj-core,12517,0,0.061137322,0
assertj-core,17008,0,0.0017459897,0
assertj-core,16056,0,0.025499515,0
assertj-core,12137,0,0.04837716,0
assertj-core,11494,0,0.034888912,0
assertj-core,15530,0,0.042757086,0
assertj-core,13309,0,0.0010645342,0
assertj-core,14028,0,0.29562283,0
assertj-core,17018,0,0.013262513,0
assertj-core,17343,0,0.018270705,0
assertj-core,12535,0,0.0007854459,0
assertj-core,15546,0,0.014098733,0
assertj-core,13379,0,0.016879426,0
assertj-core,17058,0,0.14075188,0
assertj-core,12869,0,0.18777774,0
assertj-core,17249,0,0.13953307,0
assertj-core,16517,0,0.05444203,0
assertj-core,13648,0,0.013519405,0
assertj-core,15864,0,0.1853228,0
assertj-core,16018,0,0.0011544753,0
assertj-core,15452,0,0.009990203,0
assertj-core,13403,0,0.10921843,0
assertj-core,13123,0,0.001781701,0
assertj-core,16899,0,0.020868452,0
assertj-core,12285,0,0.2096117,0
assertj-core,14891,0,0.002702425,0
assertj-core,15332,0,0.0031401436,0
assertj-core,14615,0,0.007011911,0
assertj-core,17357,0,0.041451406,0
assertj-core,13890,0,0.42155522,0
assertj-core,11862,0,0.32037732,0
assertj-core,15372,0,0.0016110744,0
assertj-core,16748,0,0.0015085127,0
assertj-core,12911,0,0.016770883,0
assertj-core,17308,0,0.001044473,0
assertj-core,12909,0,0.2744734,0
assertj-core,13965,0,0.009395235,0
assertj-core,16086,0,0.09054585,0
assertj-core,14537,0,0.0014905866,0
assertj-core,17155,0,0.0036053772,0
assertj-core,11901,0,0.39957654,0
assertj-core,14594,0,0.011320545,0
assertj-core,14521,0,0.003435104,0
assertj-core,12522,0,0.39957654,0
assertj-core,14529,0,0.42236626,0
assertj-core,13566,0,0.09439468,0
assertj-core,15656,0,0.0023486498,0
assertj-core,12695,0,0.41489214,0
assertj-core,16602,0,0.09978344,0
assertj-core,11991,0,0.30207738,0
assertj-core,13443,0,0.0013783482,0
assertj-core,16735,0,0.05177269,0
assertj-core,12231,0,0.37990972,0
assertj-core,16728,0,0.08955642,0
assertj-core,14573,0,0.028148834,0
assertj-core,14689,0,0.0013763733,0
assertj-core,14924,0,0.0022998771,0
assertj-core,14855,0,0.028148834,0
assertj-core,15989,0,0.021545002,0
assertj-core,11981,0,0.30207738,0
assertj-core,14769,0,0.02281853,0
assertj-core,12081,0,0.044874437,0
assertj-core,12963,0,0.18145093,0
assertj-core,15813,0,0.0009486684,0
assertj-core,16821,0,0.5222924,1
assertj-core,12168,0,0.409556,0
assertj-core,13751,0,0.017645704,0
assertj-core,13506,0,0.057052474,0
assertj-core,15214,0,0.0056688813,0
assertj-core,12169,0,0.061137322,0
assertj-core,13832,0,0.0013022957,0
assertj-core,14054,0,0.0019032332,0
assertj-core,14485,0,0.022464225,0
assertj-core,17272,0,0.004214631,0
assertj-core,15838,0,0.011506636,0
assertj-core,17003,0,0.2483513,0
assertj-core,13845,0,0.41110945,0
assertj-core,11937,0,0.3334255,0
assertj-core,12271,0,0.017452622,0
assertj-core,12998,0,0.0016600024,0
assertj-core,13250,0,0.0018241196,0
assertj-core,14664,0,0.21832277,0
assertj-core,11720,0,0.14525355,0
assertj-core,11774,0,0.08016283,0
assertj-core,11169,0,0.39341742,0
assertj-core,11589,0,0.27571875,0
assertj-core,17215,0,0.050755784,0
assertj-core,11506,0,0.04837716,0
assertj-core,15309,0,0.0009782773,0
assertj-core,16699,0,0.008375498,0
assertj-core,14720,0,0.025499515,0
assertj-core,15166,0,0.11504136,0
assertj-core,12225,0,0.37990972,0
assertj-core,16880,0,0.031526282,0
assertj-core,12455,0,0.061137322,0
assertj-core,14881,0,0.007622704,0
assertj-core,16353,0,0.026573617,0
assertj-core,12199,0,0.030830264,0
assertj-core,12007,0,0.30207738,0
assertj-core,17261,0,0.23104772,0
assertj-core,16454,0,0.00028956917,0
assertj-core,17321,0,0.17227921,0
assertj-core,11915,0,0.41489214,0
assertj-core,15928,0,0.37227222,0
assertj-core,11881,0,0.41397446,0
assertj-core,14979,0,0.009480531,0
assertj-core,16785,0,0.20958064,0
assertj-core,15734,0,0.23304112,0
assertj-core,14702,0,0.0070080617,0
assertj-core,16241,0,0.0016150676,0
assertj-core,14234,0,0.031526282,0
assertj-core,15466,0,0.5385555,1
assertj-core,11418,0,0.050307512,0
assertj-core,12124,0,0.30207738,0
assertj-core,13143,0,0.0011131215,0
assertj-core,16511,0,0.0065442235,0
assertj-core,12133,0,0.018064164,0
assertj-core,16446,0,0.062221594,0
assertj-core,17172,0,0.010226945,0
assertj-core,15221,0,0.002040203,0
assertj-core,17285,0,0.2096117,0
assertj-core,12463,0,0.04837716,0
assertj-core,14771,0,0.0013732839,0
assertj-core,11266,0,0.15532877,0
assertj-core,16568,0,0.004623378,0
assertj-core,16572,0,0.029331172,0
assertj-core,16539,0,0.14664815,0
assertj-core,11292,0,0.17819805,0
assertj-core,16538,0,0.110597275,0
assertj-core,12875,0,0.18979773,0
assertj-core,12685,0,0.30207738,0
assertj-core,12809,0,0.0021284665,0
assertj-core,12110,0,0.27571875,0
assertj-core,16104,0,0.18138196,0
assertj-core,16537,0,0.057052474,0
assertj-core,13160,0,0.0010450622,0
assertj-core,12369,0,0.044874437,0
assertj-core,14289,0,0.0012922641,0
assertj-core,15950,0,0.0012268487,0
assertj-core,13929,0,0.103709854,0
assertj-core,16154,0,0.27103916,0
assertj-core,13951,0,0.0058088982,0
assertj-core,11669,0,0.23101476,0
assertj-core,15323,0,0.0009139494,0
assertj-core,11248,0,0.1305223,0
assertj-core,15088,0,0.021545002,0
assertj-core,12338,0,0.27571875,0
assertj-core,14551,0,0.20958064,0
assertj-core,14471,0,0.0009887476,0
assertj-core,11291,0,0.0024797702,0
assertj-core,15168,0,0.013683106,0
assertj-core,11888,0,0.050502736,0
assertj-core,16763,0,0.012472462,0
assertj-core,12840,0,0.068179324,0
assertj-core,15638,0,0.09719846,0
assertj-core,11185,0,0.37927175,0
assertj-core,16029,0,0.003239167,0
assertj-core,12472,0,0.28825727,0
assertj-core,11815,0,0.038359467,0
assertj-core,12280,0,0.001021258,0
assertj-core,12509,0,0.044874437,0
assertj-core,12417,0,0.04837716,0
assertj-core,15884,0,0.012170657,0
assertj-core,11659,0,0.32029793,0
assertj-core,16084,0,0.03415596,0
assertj-core,15479,0,0.11845281,0
assertj-core,11526,0,0.061137322,0
assertj-core,14284,0,0.020291997,0
assertj-core,16640,0,0.0013732839,0
assertj-core,12775,0,0.14438826,0
assertj-core,12575,0,0.46401224,0
assertj-core,14729,0,0.013081683,0
assertj-core,11921,0,0.31480405,0
assertj-core,14811,0,0.022221439,0
assertj-core,12992,0,0.36575603,0
assertj-core,15138,0,0.59530556,1
assertj-core,16692,0,0.5222924,1
assertj-core,13769,0,0.00080699666,0
assertj-core,15992,0,0.0010450622,0
assertj-core,13732,0,0.008609432,0
assertj-core,16329,0,0.45243225,0
assertj-core,11502,0,0.0058014896,0
assertj-core,11812,0,0.0090847155,0
assertj-core,15919,0,0.09987782,0
assertj-core,13422,0,0.0022213748,0
assertj-core,13211,0,0.010929803,0
assertj-core,12600,0,0.05434768,0
assertj-core,15347,0,0.0011535953,0
assertj-core,17209,0,0.0073440922,0
assertj-core,12969,0,0.0069692517,0
assertj-core,15146,0,0.0022213748,0
assertj-core,15467,0,0.0786986,0
assertj-core,13003,0,0.05012823,0
assertj-core,12328,0,0.41233802,0
assertj-core,13459,0,0.0055587245,0
assertj-core,11222,0,0.1305223,0
assertj-core,13882,0,0.0024061883,0
assertj-core,17344,0,0.281696,0
assertj-core,12015,0,0.7120201,1
assertj-core,15081,0,0.0007217646,0
assertj-core,13524,0,0.04093561,0
assertj-core,12310,0,0.083199635,0
assertj-core,16416,0,0.18386772,0
assertj-core,12059,0,0.049724,0
assertj-core,15644,0,0.0013036483,0
assertj-core,14731,0,0.007562894,0
assertj-core,14874,0,0.0016371134,0
assertj-core,15070,0,0.007337788,0
assertj-core,14136,0,0.018309692,0
assertj-core,16151,0,0.00074379536,0
assertj-core,16911,0,0.01347761,0
assertj-core,16225,0,0.37705562,0
assertj-core,14546,0,0.0018102971,0
assertj-core,15085,0,0.005819811,0
assertj-core,13933,0,0.0016563216,0
assertj-core,11835,0,0.0021791032,0
assertj-core,16741,0,0.0015141167,0
assertj-core,13411,0,0.0010856221,0
assertj-core,14267,0,0.0013732839,0
assertj-core,13182,0,0.09719846,0
assertj-core,17336,0,0.011079739,0
assertj-core,16921,0,0.0015240272,0
assertj-core,14856,0,0.35394034,0
assertj-core,11777,0,0.016369477,0
assertj-core,13272,0,0.02725463,0
assertj-core,14871,0,0.5264978,1
assertj-core,16394,0,0.0017518112,0
assertj-core,11541,0,0.30207738,0
assertj-core,16963,0,0.004030877,0
assertj-core,16374,0,0.009660395,0
assertj-core,15289,0,0.27103916,0
assertj-core,15187,0,0.092374764,0
assertj-core,13350,0,0.0013538142,0
assertj-core,14783,0,0.0013394335,0
assertj-core,14475,0,0.0015961622,0
assertj-core,13359,0,0.014281975,0
assertj-core,12337,0,0.061137322,0
assertj-core,14533,0,0.0016328177,0
assertj-core,11896,0,0.044874437,0
assertj-core,15511,0,0.007999047,0
assertj-core,12447,0,0.072110884,0
assertj-core,11331,0,0.0016943782,0
assertj-core,11967,0,0.41397446,0
assertj-core,15512,0,0.062216647,0
assertj-core,17277,0,0.18074925,0
assertj-core,15394,0,0.029331172,0
assertj-core,14800,0,0.2335033,0
assertj-core,16181,0,0.044874437,0
assertj-core,15642,0,0.061379906,0
assertj-core,17319,0,0.0014345455,0
assertj-core,17346,0,0.03032386,0
assertj-core,12182,0,0.31480405,0
assertj-core,14865,0,0.027800158,0
assertj-core,13083,0,0.24819407,0
assertj-core,11882,0,0.050502736,0
assertj-core,15198,0,0.0013783482,0
assertj-core,11375,0,0.0051961374,0
assertj-core,14063,0,0.2538085,0
assertj-core,14620,0,0.01690407,0
assertj-core,15736,0,0.0017586715,0
assertj-core,15828,0,0.3967438,0
assertj-core,13605,0,0.0023594373,0
assertj-core,17011,0,0.004887889,0
assertj-core,16248,0,0.044874437,0
assertj-core,11626,0,0.072110884,0
assertj-core,14182,0,0.002032506,0
assertj-core,13239,0,0.054397896,0
assertj-core,13773,0,0.028148834,0
assertj-core,16961,0,0.006353791,0
assertj-core,16890,0,0.023675865,0
assertj-core,15613,0,0.0015141167,0
assertj-core,17353,0,0.2598531,0
assertj-core,13779,0,0.06692937,0
assertj-core,15845,0,0.43634355,0
assertj-core,16309,0,0.014122866,0
assertj-core,11436,0,0.05339124,0
commons-exec,7766,0,0.01252401,0
commons-exec,7800,0,0.0045420006,0
commons-exec,7787,0,0.6552426,1
commons-exec,7778,0,0.019821962,0
commons-exec,7784,0,0.053901706,0
commons-exec,7767,0,0.01550348,0
commons-exec,7785,0,0.36656487,0
commons-exec,7797,0,0.2631572,0
commons-exec,7801,0,0.40465045,0
commons-exec,7794,0,0.43675345,0
commons-exec,7786,0,0.45462087,0
commons-exec,7805,0,0.0021162904,0
commons-exec,7762,0,0.0057925084,0
commons-exec,7763,0,0.0040692734,0
commons-exec,7772,0,0.015923277,0
commons-exec,7777,0,0.08571967,0
commons-exec,7783,0,0.006416905,0
commons-exec,7814,0,0.0060867467,0
commons-exec,7780,0,0.0023365705,0
commons-exec,7764,0,0.0057925084,0
commons-exec,7793,0,0.3613558,0
commons-exec,7798,0,0.116028845,0
commons-exec,7791,0,0.71253824,1
commons-exec,7807,0,0.022432875,0
commons-exec,7792,0,0.009983005,0
commons-exec,7779,0,0.019821962,0
commons-exec,7782,0,0.024637999,0
commons-exec,7771,0,0.14533135,0
commons-exec,7790,0,0.4591523,0
commons-exec,7765,0,0.015764218,0
commons-exec,7808,0,0.00237446,0
commons-exec,7768,0,0.008800018,0
commons-exec,7781,0,0.024637999,0
commons-exec,7810,0,0.01637818,0
commons-exec,7775,0,0.0046990965,0
commons-exec,7809,0,0.0025747495,0
commons-exec,7770,0,0.043360032,0
commons-exec,7761,0,0.012001633,0
commons-exec,7776,0,0.0031753895,0
commons-exec,7796,0,0.03699099,0
commons-exec,7773,0,0.0076604392,0
commons-exec,7769,0,0.03496017,0
commons-exec,7806,0,0.050440166,0
commons-exec,7789,1,0.6780835,1
commons-exec,7811,0,0.01637818,0
commons-exec,7813,0,0.007743664,0
commons-exec,7804,0,0.008068779,0
commons-exec,7795,0,0.3252848,0
commons-exec,7760,0,0.018300204,0
commons-exec,7802,0,0.17044578,0
elastic-job-lite,4255,0,0.002893044,0
elastic-job-lite,4481,0,0.0026992846,0
elastic-job-lite,4280,0,0.013268293,0
elastic-job-lite,4669,0,0.0018633283,0
elastic-job-lite,4124,0,0.019184345,0
elastic-job-lite,4322,0,0.007212925,0
elastic-job-lite,4504,0,0.003933004,0
elastic-job-lite,4461,0,0.01759968,0
elastic-job-lite,4455,0,0.0045211636,0
elastic-job-lite,4314,0,0.006428849,0
elastic-job-lite,4316,0,0.008808573,0
elastic-job-lite,4317,0,0.009196609,0
elastic-job-lite,4605,0,0.021340596,0
elastic-job-lite,4519,0,0.008699068,0
elastic-job-lite,4244,0,0.002408716,0
elastic-job-lite,4190,1,0.09666478,0
elastic-job-lite,4157,0,0.0029407623,0
elastic-job-lite,4171,0,0.0013500743,0
elastic-job-lite,4559,0,0.0030848754,0
elastic-job-lite,4200,0,0.08548486,0
elastic-job-lite,4221,0,0.004810577,0
elastic-job-lite,4281,0,0.0017795532,0
elastic-job-lite,4421,0,0.0032083306,0
elastic-job-lite,4378,0,0.35015556,0
elastic-job-lite,4585,0,0.016087463,0
elastic-job-lite,4370,0,0.0018908071,0
elastic-job-lite,4353,0,0.0021138669,0
elastic-job-lite,4599,0,0.054377306,0
elastic-job-lite,4183,1,0.11832633,0
elastic-job-lite,4390,0,0.0045073614,0
elastic-job-lite,4423,0,0.0038623542,0
elastic-job-lite,4403,0,0.00143574,0
elastic-job-lite,4374,0,0.023572477,0
elastic-job-lite,4557,0,0.061174218,0
elastic-job-lite,4392,0,0.003313564,0
elastic-job-lite,4641,0,0.033842444,0
elastic-job-lite,4368,0,0.014937877,0
elastic-job-lite,4169,0,0.0029352922,0
elastic-job-lite,4663,0,0.01919443,0
elastic-job-lite,4412,0,0.0008104267,0
elastic-job-lite,4256,0,0.008790926,0
elastic-job-lite,4295,0,0.0059251487,0
elastic-job-lite,4308,0,0.00671056,0
elastic-job-lite,4470,0,0.0054945406,0
elastic-job-lite,4587,0,0.09245184,0
elastic-job-lite,4509,0,0.029600719,0
elastic-job-lite,4658,0,0.009282828,0
elastic-job-lite,4437,0,0.0033909513,0
elastic-job-lite,4260,0,0.011096988,0
elastic-job-lite,4534,0,0.0013290896,0
elastic-job-lite,4661,0,0.003825027,0
elastic-job-lite,4214,0,0.0038208305,0
elastic-job-lite,4225,0,0.0028062263,0
elastic-job-lite,4324,0,0.0108044045,0
elastic-job-lite,4588,0,0.72481537,1
elastic-job-lite,4234,0,0.013285445,0
elastic-job-lite,4173,0,0.0038664183,0
elastic-job-lite,4306,0,0.002417334,0
elastic-job-lite,4554,0,0.0021216967,0
elastic-job-lite,4130,0,0.024323076,0
elastic-job-lite,4389,0,0.018296275,0
elastic-job-lite,4589,0,0.0018899839,0
elastic-job-lite,4580,0,0.0067568133,0
elastic-job-lite,4241,0,0.0012204185,0
elastic-job-lite,4335,0,0.004148443,0
elastic-job-lite,4166,0,0.059344955,0
elastic-job-lite,4311,0,0.002893044,0
elastic-job-lite,4429,0,0.052878704,0
elastic-job-lite,4601,0,0.0011276868,0
elastic-job-lite,4411,0,0.0029620146,0
elastic-job-lite,4609,0,0.0046823556,0
elastic-job-lite,4177,0,0.032548856,0
elastic-job-lite,4148,0,0.001897507,0
elastic-job-lite,4339,0,0.007111001,0
elastic-job-lite,4318,0,0.015340276,0
elastic-job-lite,4212,0,0.0017220892,0
elastic-job-lite,4237,0,0.010497433,0
elastic-job-lite,4182,0,0.04504747,0
elastic-job-lite,4208,0,0.007925375,0
elastic-job-lite,4417,0,0.0015588343,0
elastic-job-lite,4158,0,0.0007223464,0
elastic-job-lite,4361,0,0.64256305,1
elastic-job-lite,4321,0,0.024454888,0
elastic-job-lite,4445,0,0.0084882965,0
elastic-job-lite,4614,0,0.014871291,0
elastic-job-lite,4250,0,0.013612485,0
elastic-job-lite,4121,0,0.0012444059,0
elastic-job-lite,4664,0,0.0038385908,0
elastic-job-lite,4382,0,0.017029777,0
elastic-job-lite,4258,0,0.009313712,0
elastic-job-lite,4205,0,0.010915777,0
elastic-job-lite,4617,0,0.0035506126,0
elastic-job-lite,4452,0,0.0045211636,0
elastic-job-lite,4615,1,0.011478001,0
elastic-job-lite,4473,0,0.15416668,0
elastic-job-lite,4358,0,0.039073914,0
elastic-job-lite,4446,0,0.002351108,0
elastic-job-lite,4636,0,0.0076477416,0
elastic-job-lite,4269,0,0.0065727,0
elastic-job-lite,4312,0,0.007111001,0
elastic-job-lite,4114,0,0.29176518,0
elastic-job-lite,4175,0,0.0098925745,0
elastic-job-lite,4594,0,0.0018899839,0
elastic-job-lite,4556,0,0.004455298,0
elastic-job-lite,4132,0,0.006216622,0
elastic-job-lite,4336,0,0.011507145,0
elastic-job-lite,4253,0,0.0418754,0
elastic-job-lite,4407,0,0.0028290097,0
elastic-job-lite,4647,0,0.10882306,0
elastic-job-lite,4267,0,0.015515773,0
elastic-job-lite,4548,0,0.0018233731,0
elastic-job-lite,4497,0,0.0050112945,0
elastic-job-lite,4257,0,0.0022668778,0
elastic-job-lite,4456,0,0.0045211636,0
elastic-job-lite,4426,0,0.001185486,0
elastic-job-lite,4583,0,0.0031759825,0
elastic-job-lite,4307,0,0.026453167,0
elastic-job-lite,4259,0,0.40024978,0
elastic-job-lite,4477,0,0.038248032,0
elastic-job-lite,4427,0,0.0032127837,0
elastic-job-lite,4262,0,0.012993628,0
elastic-job-lite,4279,0,0.0017795532,0
elastic-job-lite,4249,0,0.03453737,0
elastic-job-lite,4409,0,0.0008104267,0
elastic-job-lite,4240,0,0.01098842,0
elastic-job-lite,4366,0,0.016414693,0
elastic-job-lite,4300,0,0.035302762,0
elastic-job-lite,4438,0,0.0028224222,0
elastic-job-lite,4430,0,0.030466046,0
elastic-job-lite,4400,0,0.0044789724,0
elastic-job-lite,4170,0,0.098315515,0
elastic-job-lite,4118,0,0.0061727935,0
elastic-job-lite,4272,0,0.0016227076,0
elastic-job-lite,4665,0,0.06215652,0
elastic-job-lite,4460,0,0.0038363356,0
elastic-job-lite,4553,0,0.0014729257,0
elastic-job-lite,4538,0,0.029695045,0
elastic-job-lite,4301,0,0.42445222,0
elastic-job-lite,4332,0,0.004361491,0
elastic-job-lite,4573,0,0.0010951374,0
elastic-job-lite,4362,0,0.0075850226,0
elastic-job-lite,4420,0,0.0030226316,0
elastic-job-lite,4561,0,0.0018509977,0
elastic-job-lite,4347,0,0.0062636277,0
elastic-job-lite,4133,0,0.003053398,0
elastic-job-lite,4576,0,0.000838684,0
elastic-job-lite,4232,0,0.009230531,0
elastic-job-lite,4468,0,0.0034479008,0
elastic-job-lite,4495,0,0.007111001,0
elastic-job-lite,4383,0,0.010274923,0
elastic-job-lite,4490,0,0.041147687,0
elastic-job-lite,4482,0,0.0035744451,0
elastic-job-lite,4415,0,0.0015332863,0
elastic-job-lite,4632,0,0.08275348,0
elastic-job-lite,4522,0,0.0005899697,0
elastic-job-lite,4226,0,0.004114749,0
elastic-job-lite,4480,0,0.6794885,1
elastic-job-lite,4584,0,0.01657083,0
elastic-job-lite,4524,0,0.0074730334,0
elastic-job-lite,4364,0,0.014579154,0
elastic-job-lite,4582,0,0.16145988,0
elastic-job-lite,4299,0,0.0038542943,0
elastic-job-lite,4377,0,0.0025040254,0
elastic-job-lite,4505,0,0.00665801,0
elastic-job-lite,4425,0,0.0029396524,0
elastic-job-lite,4520,0,0.009282596,0
elastic-job-lite,4569,0,0.0013206908,0
elastic-job-lite,4568,0,0.07947325,0
elastic-job-lite,4627,0,0.030475074,0
elastic-job-lite,4393,0,0.19104727,0
elastic-job-lite,4349,0,0.45215932,0
elastic-job-lite,4285,0,0.0018163647,0
elastic-job-lite,4127,0,0.002068728,0
elastic-job-lite,4581,0,0.0033240595,0
elastic-job-lite,4537,0,0.018126616,0
elastic-job-lite,4611,0,0.027168253,0
elastic-job-lite,4261,0,0.014489084,0
elastic-job-lite,4634,0,0.01127708,0
elastic-job-lite,4387,0,0.0017025125,0
elastic-job-lite,4371,0,0.49524766,0
elastic-job-lite,4140,0,0.03021606,0
elastic-job-lite,4603,0,0.0039054893,0
elastic-job-lite,4348,0,0.0020474838,0
elastic-job-lite,4303,0,0.0026992846,0
elastic-job-lite,4150,0,0.001897507,0
elastic-job-lite,4586,0,0.009458909,0
elastic-job-lite,4141,0,0.0042547164,0
elastic-job-lite,4197,0,0.07181181,0
elastic-job-lite,4424,0,0.0031295847,0
elastic-job-lite,4450,0,0.0024295787,0
elastic-job-lite,4451,0,0.2852082,0
elastic-job-lite,4194,0,0.053882916,0
elastic-job-lite,4163,0,0.002794451,0
elastic-job-lite,4391,0,0.0017025125,0
elastic-job-lite,4447,0,0.002351108,0
elastic-job-lite,4341,0,0.0030528738,0
elastic-job-lite,4367,0,0.008682981,0
elastic-job-lite,4440,0,0.015780864,0
elastic-job-lite,4463,0,0.017807243,0
elastic-job-lite,4360,0,0.0040579746,0
elastic-job-lite,4122,0,0.0024170761,0
elastic-job-lite,4598,0,0.0024874513,0
elastic-job-lite,4271,0,0.024621269,0
elastic-job-lite,4604,0,0.0024215356,0
elastic-job-lite,4479,0,0.00624994,0
elastic-job-lite,4185,0,0.005339382,0
elastic-job-lite,4616,0,0.030906552,0
elastic-job-lite,4578,0,0.0031323542,0
elastic-job-lite,4344,0,0.016337184,0
elastic-job-lite,4188,0,0.09717955,0
elastic-job-lite,4248,0,0.020329095,0
elastic-job-lite,4501,0,0.009172427,0
elastic-job-lite,4646,0,0.53544974,1
elastic-job-lite,4313,0,0.0036648242,0
elastic-job-lite,4147,0,0.008376551,0
elastic-job-lite,4351,0,0.006602204,0
elastic-job-lite,4213,0,0.009164426,0
elastic-job-lite,4653,0,0.0061303414,0
elastic-job-lite,4439,0,0.012543272,0
elastic-job-lite,4536,0,0.0016358809,0
elastic-job-lite,4625,0,0.04534556,0
elastic-job-lite,4340,0,0.002893044,0
elastic-job-lite,4466,0,0.008930042,0
elastic-job-lite,4623,0,0.060658995,0
elastic-job-lite,4577,0,0.0025205812,0
elastic-job-lite,4432,0,0.009423559,0
elastic-job-lite,4189,0,0.024257379,0
elastic-job-lite,4533,0,0.0013765286,0
elastic-job-lite,4542,0,0.011885558,0
elastic-job-lite,4160,0,0.0034590713,0
elastic-job-lite,4146,0,0.06722184,0
elastic-job-lite,4507,0,0.007461187,0
elastic-job-lite,4566,0,0.13422029,0
elastic-job-lite,4239,0,0.0036871275,0
elastic-job-lite,4592,0,0.0018899839,0
elastic-job-lite,4218,0,0.0104467375,0
elastic-job-lite,4405,0,0.0008377311,0
elastic-job-lite,4410,0,0.0013862619,0
elastic-job-lite,4224,0,0.003952778,0
elastic-job-lite,4167,0,0.0042128726,0
elastic-job-lite,4471,0,0.003794544,0
elastic-job-lite,4203,0,0.010915777,0
elastic-job-lite,4648,0,0.011536369,0
elastic-job-lite,4125,0,0.0065600933,0
elastic-job-lite,4571,0,0.0010928259,0
elastic-job-lite,4397,0,0.009595241,0
elastic-job-lite,4442,0,0.025596973,0
elastic-job-lite,4243,0,0.0022557213,0
elastic-job-lite,4302,0,0.0039583445,0
elastic-job-lite,4327,0,0.49524766,0
elastic-job-lite,4398,0,0.0020532375,0
elastic-job-lite,4304,0,0.0024082644,0
elastic-job-lite,4626,0,0.029477136,0
elastic-job-lite,4276,0,0.0017795532,0
elastic-job-lite,4380,0,0.0051166755,0
elastic-job-lite,4579,0,0.0016461038,0
elastic-job-lite,4217,0,0.0017062577,0
elastic-job-lite,4414,0,0.0011687975,0
elastic-job-lite,4613,0,0.0015270857,0
elastic-job-lite,4523,0,0.0009957653,0
elastic-job-lite,4441,0,0.015854897,0
elastic-job-lite,4270,0,0.0022463065,0
elastic-job-lite,4305,0,0.0066462145,0
elastic-job-lite,4406,0,0.00078545103,0
elastic-job-lite,4136,0,0.001694717,0
elastic-job-lite,4512,0,0.4180437,0
elastic-job-lite,4419,0,0.0007584954,0
elastic-job-lite,4469,0,0.011937115,0
elastic-job-lite,4459,0,0.011912758,0
elastic-job-lite,4284,0,0.010462637,0
elastic-job-lite,4120,0,0.012881392,0
elastic-job-lite,4209,0,0.01579284,0
elastic-job-lite,4535,0,0.0008507034,0
elastic-job-lite,4652,0,0.002164979,0
elastic-job-lite,4315,0,0.005029521,0
elastic-job-lite,4263,0,0.009313712,0
elastic-job-lite,4655,0,0.0055865627,0
elastic-job-lite,4454,0,0.0045211636,0
elastic-job-lite,4428,0,0.0061277826,0
elastic-job-lite,4575,0,0.0013585078,0
elastic-job-lite,4298,0,0.0016819615,0
elastic-job-lite,4178,0,0.007823958,0
elastic-job-lite,4282,0,0.0025747763,0
elastic-job-lite,4338,0,0.002893044,0
elastic-job-lite,4296,0,0.008034388,0
elastic-job-lite,4413,0,0.00060102285,0
elastic-job-lite,4544,0,0.0019493307,0
elastic-job-lite,4210,0,0.18984076,0
elastic-job-lite,4527,0,0.0008314981,0
elastic-job-lite,4564,0,0.07461318,0
elastic-job-lite,4359,0,0.0045262952,0
elastic-job-lite,4660,0,0.0054850644,0
elastic-job-lite,4508,0,0.028649915,0
elastic-job-lite,4343,0,0.0027459778,0
elastic-job-lite,4472,0,0.003332053,0
elastic-job-lite,4286,0,0.008607999,0
elastic-job-lite,4502,0,0.033761658,0
elastic-job-lite,4266,0,0.024031393,0
elastic-job-lite,4565,0,0.0064679678,0
elastic-job-lite,4418,0,0.28122902,0
elastic-job-lite,4375,0,0.0026802183,0
elastic-job-lite,4363,0,0.51856613,1
elastic-job-lite,4159,0,0.0010418171,0
elastic-job-lite,4395,0,0.004625126,0
elastic-job-lite,4668,0,0.0055328137,0
elastic-job-lite,4555,0,0.0021579475,0
elastic-job-lite,4162,0,0.0080752345,0
elastic-job-lite,4354,0,0.02413405,0
elastic-job-lite,4402,0,0.18862069,0
elastic-job-lite,4656,0,0.004625126,0
elastic-job-lite,4529,0,0.0030137156,0
elastic-job-lite,4416,0,0.0020844294,0
elastic-job-lite,4394,0,0.0020215684,0
elastic-job-lite,4464,0,0.0039055392,0
elastic-job-lite,4235,0,0.0036871275,0
elastic-job-lite,4528,0,0.00074868975,0
elastic-job-lite,4138,0,0.0028576928,0
elastic-job-lite,4638,0,0.04842887,0
elastic-job-lite,4448,0,0.01214729,0
elastic-job-lite,4207,0,0.009458909,0
elastic-job-lite,4126,0,0.0020529022,0
elastic-job-lite,4152,0,0.0021189959,0
elastic-job-lite,4514,0,0.0042243944,0
elastic-job-lite,4297,0,0.002685397,0
elastic-job-lite,4227,0,0.0035398991,0
elastic-job-lite,4525,0,0.0025731665,0
elastic-job-lite,4283,0,0.58458304,1
elastic-job-lite,4516,0,0.003313564,0
elastic-job-lite,4113,0,0.30519757,0
elastic-job-lite,4474,0,0.00507598,0
elastic-job-lite,4511,0,0.000978535,0
elastic-job-lite,4515,0,0.0036747167,0
elastic-job-lite,4345,0,0.0015069447,0
elastic-job-lite,4633,0,0.010361994,0
elastic-job-lite,4388,0,0.004625126,0
elastic-job-lite,4458,0,0.0040237484,0
elastic-job-lite,4396,0,0.0018346894,0
elastic-job-lite,4657,0,0.0025004894,0
elastic-job-lite,4331,0,0.015462247,0
elastic-job-lite,4144,0,0.0023025102,0
elastic-job-lite,4174,0,0.009458909,0
elastic-job-lite,4630,0,0.0644578,0
elastic-job-lite,4462,0,0.52052253,1
elastic-job-lite,4552,0,0.0019557981,0
elastic-job-lite,4404,0,0.0013931235,0
elastic-job-lite,4365,0,0.004534196,0
elastic-job-lite,4369,0,0.0029824758,0
elastic-job-lite,4202,0,0.0054850644,0
elastic-job-lite,4622,0,0.024731873,0
elastic-job-lite,4275,0,0.00642898,0
elastic-job-lite,4134,0,0.004625126,0
elastic-job-lite,4264,0,0.015462247,0
elastic-job-lite,4530,0,0.0018952651,0
elastic-job-lite,4164,0,0.048508488,0
elastic-job-lite,4526,0,0.0010896635,0
elastic-job-lite,4422,0,0.0025993192,0
elastic-job-lite,4265,0,0.010109036,0
elastic-job-lite,4550,0,0.0014666289,0
elastic-job-lite,4476,0,0.010172519,0
elastic-job-lite,4131,0,0.002646124,0
elastic-job-lite,4294,0,0.03411901,0
elastic-job-lite,4492,0,0.002827657,0
elastic-job-lite,4245,0,0.0013761997,0
elastic-job-lite,4238,0,0.032289002,0
elastic-job-lite,4165,0,0.05272406,0
elastic-job-lite,4510,0,0.010276078,0
elastic-job-lite,4631,0,0.030858673,0
elastic-job-lite,4337,0,0.0037888559,0
elastic-job-lite,4156,0,0.003349188,0
elastic-job-lite,4290,0,0.0016227076,0
elastic-job-lite,4434,0,0.004113153,0
elastic-job-lite,4521,0,0.0005084942,0
elastic-job-lite,4486,0,0.59303594,1
elastic-job-lite,4385,0,0.14513564,0
elastic-job-lite,4287,0,0.0036648242,0
elastic-job-lite,4342,0,0.0023306657,0
elastic-job-lite,4381,0,0.0075855646,0
elastic-job-lite,4277,0,0.0017795532,0
elastic-job-lite,4531,0,0.0010606535,0
elastic-job-lite,4309,0,0.012175577,0
elastic-job-lite,4574,0,0.004341168,0
elastic-job-lite,4233,0,0.0019853786,0
elastic-job-lite,4435,0,0.32942644,0
elastic-job-lite,4176,0,0.02589916,0
elastic-job-lite,4597,0,0.013005112,0
elastic-job-lite,4651,0,0.0014066048,0
elastic-job-lite,4649,0,0.0036747167,0
elastic-job-lite,4142,0,0.00046104912,0
elastic-job-lite,4596,0,0.0013078363,0
elastic-job-lite,4223,0,0.003471022,0
elastic-job-lite,4500,0,0.004899216,0
elastic-job-lite,4444,0,0.56381506,1
elastic-job-lite,4570,0,0.012273027,0
elastic-job-lite,4320,0,0.053132664,0
elastic-job-lite,4487,0,0.009978109,0
elastic-job-lite,4478,0,0.006665918,0
elastic-job-lite,4624,0,0.010275845,0
elastic-job-lite,4488,0,0.0018639668,0
elastic-job-lite,4117,0,0.0018799809,0
elastic-job-lite,4467,0,0.045479655,0
elastic-job-lite,4567,0,0.0016818901,0
elastic-job-lite,4274,0,0.0027373948,0
elastic-job-lite,4219,0,0.004810577,0
elastic-job-lite,4179,0,0.015240202,0
elastic-job-lite,4408,0,0.00068994187,0
elastic-job-lite,4560,0,0.0008001255,0
elastic-job-lite,4135,0,0.014181582,0
elastic-job-lite,4145,0,0.00046104912,0
elastic-job-lite,4620,0,0.04732787,0
elastic-job-lite,4484,0,0.010059427,0
elastic-job-lite,4186,0,0.02586722,0
elastic-job-lite,4230,0,0.005547828,0
elastic-job-lite,4172,0,0.094174065,0
elastic-job-lite,4518,0,0.009458909,0
elastic-job-lite,4494,0,0.002893044,0
elastic-job-lite,4644,0,0.08275348,0
elastic-job-lite,4635,0,0.03270584,0
elastic-job-lite,4563,0,0.0015480358,0
elastic-job-lite,4129,0,0.023563616,0
elastic-job-lite,4149,0,0.001897507,0
elastic-job-lite,4590,0,0.0018899839,0
elastic-job-lite,4180,0,0.0760281,0
elastic-job-lite,4483,0,0.0009966413,0
elastic-job-lite,4532,0,0.14593439,0
elastic-job-lite,4670,0,0.0023218088,0
elastic-job-lite,4572,0,0.0013943433,0
elastic-job-lite,4373,0,0.005536632,0
elastic-job-lite,4558,0,0.0022296994,0
elastic-job-lite,4591,0,0.0261177,0
elastic-job-lite,4231,0,0.004192213,0
elastic-job-lite,4379,0,0.6807,1
elastic-job-lite,4562,0,0.146563,0
elastic-job-lite,4621,0,0.03648273,0
elastic-job-lite,4228,0,0.012848679,0
elastic-job-lite,4319,0,0.013981594,0
elastic-job-lite,4606,0,0.10791483,0
elastic-job-lite,4662,0,0.007925375,0
elastic-job-lite,4242,0,0.0019435716,0
elastic-job-lite,4637,0,0.033102036,0
elastic-job-lite,4330,0,0.002633949,0
elastic-job-lite,4645,0,0.023058178,0
elastic-job-lite,4352,0,0.0013189279,0
elastic-job-lite,4154,0,0.0010722439,0
elastic-job-lite,4506,0,0.010851723,0
elastic-job-lite,4350,0,0.0011154707,0
elastic-job-lite,4384,0,0.012378666,0
elastic-job-lite,4215,0,0.0035188878,0
elastic-job-lite,4493,0,0.011356178,0
elastic-job-lite,4222,0,0.1257171,0
elastic-job-lite,4386,0,0.2201681,0
elastic-job-lite,4204,0,0.011481876,0
elastic-job-lite,4356,0,0.001669998,0
elastic-job-lite,4443,0,0.017581116,0
elastic-job-lite,4151,0,0.017409304,0
elastic-job-lite,4236,0,0.0054891417,0
elastic-job-lite,4498,0,0.015174528,0
elastic-job-lite,4206,0,0.010915777,0
elastic-job-lite,4333,0,0.5304217,1
elastic-job-lite,4181,0,0.15223826,0
elastic-job-lite,4247,0,0.001548231,0
elastic-job-lite,4293,0,0.6323149,1
elastic-job-lite,4547,0,0.0018233731,0
elastic-job-lite,4602,0,0.02666785,0
elastic-job-lite,4543,0,0.0027450388,0
elastic-job-lite,4139,0,0.0019413558,0
elastic-job-lite,4328,0,0.0038205471,0
elastic-job-lite,4545,0,0.0018233731,0
elastic-job-lite,4334,0,0.0025783228,0
elastic-job-lite,4639,0,0.03270584,0
elastic-job-lite,4546,0,0.003404683,0
elastic-job-lite,4128,0,0.00764861,0
elastic-job-lite,4499,0,0.008616696,0
elastic-job-lite,4289,0,0.0028983073,0
elastic-job-lite,4251,0,0.00693759,0
elastic-job-lite,4610,0,0.0027564648,0
elastic-job-lite,4357,0,0.0023500288,0
elastic-job-lite,4640,0,0.038468197,0
elastic-job-lite,4355,0,0.0040598386,0
elastic-job-lite,4539,0,0.0024481716,0
elastic-job-lite,4608,0,0.0042415406,0
elastic-job-lite,4288,0,0.002893044,0
elastic-job-lite,4607,0,0.027772238,0
elastic-job-lite,4465,0,0.0019016919,0
elastic-job-lite,4161,0,0.008384274,0
elastic-job-lite,4192,0,0.05211773,0
elastic-job-lite,4401,0,0.0044789724,0
elastic-job-lite,4229,0,0.056802753,0
elastic-job-lite,4155,0,0.0032120643,0
elastic-job-lite,4457,0,0.008040593,0
elastic-job-lite,4220,0,0.013360591,0
elastic-job-lite,4654,0,0.0123444395,0
elastic-job-lite,4541,0,0.0021204231,0
elastic-job-lite,4116,0,0.0011137001,0
elastic-job-lite,4137,0,0.0014671646,0
elastic-job-lite,4650,0,0.0017136429,0
elastic-job-lite,4216,0,0.001196268,0
elastic-job-lite,4254,0,0.0010063929,0
elastic-job-lite,4211,0,0.035314154,0
elastic-job-lite,4153,0,0.0024797027,0
elastic-job-lite,4329,0,0.002965371,0
elastic-job-lite,4195,0,0.0067016413,0
elastic-job-lite,4436,0,0.012847524,0
elastic-job-lite,4198,0,0.042027123,0
handlebars.java,1249,0,0.62775457,1
handlebars.java,1149,0,0.015918495,0
handlebars.java,941,0,0.0042800573,0
handlebars.java,2758,0,0.733258,1
handlebars.java,1205,0,0.190229,0
handlebars.java,1085,0,0.48229825,0
handlebars.java,2786,0,0.5678039,1
handlebars.java,951,0,0.44938982,0
handlebars.java,940,0,0.008321959,0
handlebars.java,1183,0,0.63665366,1
handlebars.java,961,0,0.40952513,0
handlebars.java,1139,0,0.027368387,0
handlebars.java,2772,0,0.019997353,0
handlebars.java,1230,0,0.3916303,0
handlebars.java,1243,0,0.019551726,0
handlebars.java,1257,0,0.09710833,0
handlebars.java,2739,0,0.37636182,0
handlebars.java,1122,0,0.024646705,0
handlebars.java,1066,0,0.0036495777,0
handlebars.java,1239,0,0.063441396,0
handlebars.java,1121,0,0.012774953,0
handlebars.java,2726,0,0.39386445,0
handlebars.java,2715,0,0.03211943,0
handlebars.java,1131,0,0.018177701,0
handlebars.java,1146,0,0.011633262,0
handlebars.java,1051,0,0.008026643,0
handlebars.java,1032,0,0.5660558,1
handlebars.java,979,0,0.004045819,0
handlebars.java,999,0,0.40888143,0
handlebars.java,1126,0,0.0116456095,0
handlebars.java,2775,0,0.43042007,0
handlebars.java,1105,0,0.017413605,0
handlebars.java,1063,0,0.0049820477,0
handlebars.java,2791,0,0.65601337,1
handlebars.java,1208,0,0.0670007,0
handlebars.java,1059,0,0.0042911307,0
handlebars.java,1174,0,0.060862288,0
handlebars.java,2779,0,0.43384615,0
handlebars.java,930,0,0.6161626,1
handlebars.java,1173,0,0.1567028,0
handlebars.java,938,0,0.15752703,0
handlebars.java,1124,0,0.014723618,0
handlebars.java,1076,0,0.21308237,0
handlebars.java,1199,0,0.21453889,0
handlebars.java,1040,0,0.5193026,1
handlebars.java,1054,0,0.021052053,0
handlebars.java,2788,0,0.5678039,1
handlebars.java,1217,0,0.44944063,0
handlebars.java,1018,0,0.074736945,0
handlebars.java,2771,0,0.39593288,0
handlebars.java,953,0,0.4789128,0
handlebars.java,2716,0,0.5292972,1
handlebars.java,1128,0,0.29228577,0
handlebars.java,1255,0,0.0050920965,0
handlebars.java,1000,0,0.40888143,0
handlebars.java,937,0,0.09520155,0
handlebars.java,1219,0,0.10581379,0
handlebars.java,1179,0,0.019378386,0
handlebars.java,2754,0,0.02746161,0
handlebars.java,1214,0,0.016146356,0
handlebars.java,1235,0,0.1382837,0
handlebars.java,2781,0,0.54268664,1
handlebars.java,1118,0,0.009328806,0
handlebars.java,2776,0,0.45455155,0
handlebars.java,1178,0,0.010133448,0
handlebars.java,2745,0,0.4885354,0
handlebars.java,1161,0,0.35397765,0
handlebars.java,993,0,0.75345623,1
handlebars.java,1157,0,0.58466905,1
handlebars.java,986,0,0.4585779,0
handlebars.java,2755,0,0.5650373,1
handlebars.java,2757,0,0.5255229,1
handlebars.java,2790,0,0.5042202,1
handlebars.java,1216,0,0.33873385,0
handlebars.java,990,0,0.2790946,0
handlebars.java,1144,0,0.033707723,0
handlebars.java,2714,0,0.03211943,0
handlebars.java,2764,0,0.7635807,1
handlebars.java,964,0,0.80298686,1
handlebars.java,1025,0,0.05881702,0
handlebars.java,1202,0,0.190229,0
handlebars.java,980,0,0.0042911307,0
handlebars.java,2735,0,0.431372,0
handlebars.java,973,0,0.5833537,1
handlebars.java,1147,0,0.43576962,0
handlebars.java,932,0,0.17951389,0
handlebars.java,936,0,0.028341519,0
handlebars.java,2792,0,0.381983,0
handlebars.java,976,0,0.009308196,0
handlebars.java,1181,0,0.7315956,1
handlebars.java,963,0,0.55136275,1
handlebars.java,1261,0,0.046489567,0
handlebars.java,1164,0,0.012231529,0
handlebars.java,967,0,0.023737095,0
handlebars.java,1067,0,0.005576606,0
handlebars.java,1232,0,0.029404633,0
handlebars.java,988,0,0.5009217,1
handlebars.java,1263,0,0.76655394,1
handlebars.java,2732,0,0.0124747,0
handlebars.java,1169,0,0.15554148,0
handlebars.java,1015,0,0.07421648,0
handlebars.java,1094,0,0.15035577,0
handlebars.java,1187,0,0.03213058,0
handlebars.java,1207,0,0.039926875,0
handlebars.java,1172,0,0.0033298812,0
handlebars.java,1096,0,0.11844356,0
handlebars.java,982,0,0.6047467,1
handlebars.java,1041,0,0.06297835,0
handlebars.java,2717,0,0.51517016,1
handlebars.java,1068,0,0.04200393,0
handlebars.java,2753,0,0.006421686,0
handlebars.java,1213,0,0.016146356,0
handlebars.java,1112,0,0.052686267,0
handlebars.java,1203,0,0.030485101,0
handlebars.java,1234,0,0.023999726,0
handlebars.java,2752,0,0.52419376,1
handlebars.java,2731,0,0.038415536,0
handlebars.java,1023,0,0.050125383,0
handlebars.java,933,0,0.0033023094,0
handlebars.java,1007,0,0.40888143,0
handlebars.java,934,0,0.0075225113,0
handlebars.java,1043,0,0.054395918,0
handlebars.java,1072,0,0.010532529,0
handlebars.java,2782,0,0.59439117,1
handlebars.java,2738,0,0.43811738,0
handlebars.java,2784,0,0.039955337,0
handlebars.java,931,0,0.0031978074,0
handlebars.java,1193,0,0.010595433,0
handlebars.java,1037,0,0.48066965,0
handlebars.java,968,0,0.0032253666,0
handlebars.java,1052,0,0.026129026,0
handlebars.java,1087,0,0.44716558,0
handlebars.java,1233,0,0.31894442,0
handlebars.java,1162,0,0.022618186,0
handlebars.java,2742,0,0.009245037,0
handlebars.java,1009,0,0.40888143,0
handlebars.java,1038,0,0.589644,1
handlebars.java,955,0,0.030361066,0
handlebars.java,1132,0,0.021705225,0
handlebars.java,1012,0,0.0393358,0
handlebars.java,1188,0,0.014011241,0
handlebars.java,997,0,0.40888143,0
handlebars.java,1167,0,0.7602389,1
handlebars.java,1229,0,0.6267265,1
handlebars.java,2728,0,0.35593858,0
handlebars.java,1140,0,0.019949969,0
handlebars.java,1244,0,0.15672909,0
handlebars.java,1133,0,0.027368387,0
handlebars.java,1248,0,0.4731789,0
handlebars.java,1137,0,0.4743861,0
handlebars.java,1190,0,0.12659104,0
handlebars.java,2785,0,0.55064064,1
handlebars.java,1008,0,0.3209608,0
handlebars.java,1001,0,0.38250563,0
handlebars.java,1225,0,0.109874085,0
handlebars.java,2756,0,0.70711493,1
handlebars.java,1200,0,0.02103706,0
handlebars.java,1029,0,0.5795471,1
handlebars.java,1069,0,0.009721028,0
handlebars.java,1259,0,0.0033313911,0
handlebars.java,1168,0,0.68793344,1
handlebars.java,2718,0,0.024340885,0
handlebars.java,1141,0,0.019949969,0
handlebars.java,2748,0,0.009865202,0
handlebars.java,1153,0,0.027368387,0
handlebars.java,966,0,0.0020605861,0
handlebars.java,1010,0,0.40888143,0
handlebars.java,1036,0,0.7469275,1
handlebars.java,969,0,0.37859854,0
handlebars.java,2763,0,0.27649352,0
handlebars.java,994,0,0.3610447,0
handlebars.java,1195,0,0.010595433,0
handlebars.java,1028,0,0.3384907,0
handlebars.java,1071,0,0.09411526,0
handlebars.java,956,0,0.02250269,0
handlebars.java,1246,0,0.093025334,0
handlebars.java,935,0,0.0037312664,0
handlebars.java,958,0,0.04138289,0
handlebars.java,1090,0,0.74496704,1
handlebars.java,1062,0,0.010682076,0
handlebars.java,2759,0,0.37226456,0
handlebars.java,1057,0,0.16205172,0
handlebars.java,978,0,0.004578586,0
handlebars.java,2766,0,0.5539365,1
handlebars.java,1107,0,0.010895224,0
handlebars.java,962,0,0.5536831,1
handlebars.java,1024,0,0.0074801743,0
handlebars.java,2769,0,0.25232968,0
handlebars.java,1042,0,0.1828177,0
handlebars.java,1093,0,0.14689073,0
handlebars.java,1021,0,0.08145772,0
handlebars.java,2774,0,0.36095572,0
handlebars.java,1260,0,0.023534013,0
handlebars.java,2746,0,0.010119143,0
handlebars.java,1194,0,0.010595433,0
handlebars.java,2770,0,0.42054278,0
handlebars.java,1064,0,0.01439358,0
handlebars.java,1127,0,0.59532106,1
handlebars.java,1166,0,0.21368046,0
handlebars.java,1171,0,0.08849807,0
handlebars.java,1192,0,0.03470354,0
handlebars.java,992,0,0.48360983,0
handlebars.java,2760,0,0.050173227,0
handlebars.java,1039,0,0.5436494,1
handlebars.java,965,0,0.0034481236,0
handlebars.java,1136,0,0.4592621,0
handlebars.java,2734,0,0.4220951,0
handlebars.java,1186,0,0.031959888,0
handlebars.java,1138,0,0.43576962,0
handlebars.java,1256,0,0.5660493,1
handlebars.java,1100,0,0.046020754,0
handlebars.java,1050,0,0.017506458,0
handlebars.java,1240,0,0.12895264,0
handlebars.java,2730,0,0.42805886,0
handlebars.java,1013,0,0.030021068,0
handlebars.java,983,0,0.57342297,1
handlebars.java,1065,0,0.08898828,0
handlebars.java,1106,0,0.01035172,0
handlebars.java,1155,0,0.6421909,1
handlebars.java,1184,0,0.010665529,0
handlebars.java,991,0,0.028669845,0
handlebars.java,2768,0,0.53436655,1
handlebars.java,949,0,0.0038622313,0
handlebars.java,1026,0,0.0146880215,0
handlebars.java,1006,0,0.40888143,0
handlebars.java,944,0,0.0016294136,0
handlebars.java,2750,0,0.012818493,0
handlebars.java,987,0,0.4594719,0
handlebars.java,1165,0,0.24707426,0
handlebars.java,2780,0,0.010662039,0
handlebars.java,1081,0,0.023561994,0
handlebars.java,1016,0,0.3777017,0
handlebars.java,1114,0,0.004578586,0
handlebars.java,1222,0,0.03002479,0
handlebars.java,970,0,0.0133908205,0
handlebars.java,1104,0,0.027258601,0
handlebars.java,1070,0,0.002766068,0
handlebars.java,1080,0,0.49615055,0
handlebars.java,1091,0,0.46173584,0
handlebars.java,1156,0,0.44990325,0
handlebars.java,2777,0,0.1410975,0
handlebars.java,1242,0,0.213441,0
handlebars.java,1022,0,0.07421648,0
handlebars.java,1044,0,0.07835206,0
handlebars.java,1086,0,0.025103772,0
handlebars.java,1083,0,0.035750438,0
handlebars.java,1154,0,0.5186541,1
handlebars.java,1035,0,0.42417952,0
handlebars.java,1148,0,0.03535029,0
handlebars.java,1227,0,0.22902693,0
handlebars.java,1159,0,0.012231529,0
handlebars.java,1060,0,0.006470246,0
handlebars.java,972,0,0.036884695,0
handlebars.java,1033,0,0.4585779,0
handlebars.java,2778,0,0.44353577,0
handlebars.java,2751,0,0.40675136,0
handlebars.java,1215,0,0.69944555,1
handlebars.java,2744,0,0.4654831,0
handlebars.java,1095,0,0.12428593,0
handlebars.java,1003,0,0.40888143,0
handlebars.java,1134,0,0.56868297,1
handlebars.java,1130,0,0.41696745,0
handlebars.java,1082,0,0.4777181,0
handlebars.java,928,0,0.36357042,0
handlebars.java,2729,0,0.016031569,0
handlebars.java,1125,0,0.012562221,0
handlebars.java,1223,0,0.16429073,0
handlebars.java,943,0,0.020247687,0
handlebars.java,1111,0,0.68793344,1
handlebars.java,1056,0,0.013450407,0
handlebars.java,1262,0,0.39468172,0
handlebars.java,1078,0,0.3367122,0
handlebars.java,2737,0,0.48291677,0
handlebars.java,1053,0,0.0074291355,0
handlebars.java,1073,0,0.028970225,0
handlebars.java,1176,0,0.11899159,0
handlebars.java,1108,0,0.16098596,0
handlebars.java,1061,0,0.016238056,0
handlebars.java,995,0,0.40888143,0
handlebars.java,1135,0,0.019949969,0
handlebars.java,1224,0,0.10656918,0
handlebars.java,1182,0,0.66238326,1
handlebars.java,1226,0,0.029162602,0
handlebars.java,1152,0,0.066486426,0
handlebars.java,1151,0,0.36366442,0
handlebars.java,989,0,0.39299378,0
handlebars.java,1103,0,0.050960556,0
handlebars.java,952,0,0.04766841,0
handlebars.java,2727,0,0.00948084,0
handlebars.java,1046,0,0.024619306,0
handlebars.java,957,0,0.66783303,1
handlebars.java,2719,0,0.4593456,0
handlebars.java,1253,0,0.019289875,0
handlebars.java,1252,0,0.039652243,0
handlebars.java,1002,0,0.38250563,0
handlebars.java,1089,0,0.6521172,1
handlebars.java,1220,0,0.050105307,0
handlebars.java,1074,0,0.003318535,0
handlebars.java,1098,0,0.014672048,0
handlebars.java,1228,0,0.06737778,0
handlebars.java,2767,0,0.02157397,0
handlebars.java,1110,0,0.6308561,1
handlebars.java,1175,0,0.010133448,0
handlebars.java,2794,0,0.57418483,1
handlebars.java,1237,0,0.16281968,0
handlebars.java,1092,0,0.13670385,0
handlebars.java,1201,0,0.190229,0
handlebars.java,1129,0,0.0116456095,0
handlebars.java,1099,0,0.040616583,0
handlebars.java,971,0,0.04485574,0
handlebars.java,950,0,0.70493716,1
handlebars.java,1150,0,0.48008797,0
handlebars.java,960,0,0.37975842,0
handlebars.java,1251,0,0.7456196,1
handlebars.java,1019,0,0.08705943,0
handlebars.java,959,0,0.61500853,1
handlebars.java,1048,0,0.021264335,0
handlebars.java,945,0,0.09887805,0
handlebars.java,946,0,0.008366243,0
handlebars.java,1206,0,0.010595433,0
handlebars.java,942,0,0.093250245,0
handlebars.java,984,0,0.046281017,0
handlebars.java,1254,0,0.49216038,0
handlebars.java,2787,0,0.029284721,0
handlebars.java,1055,0,0.04346141,0
handlebars.java,1109,0,0.3631536,0
handlebars.java,927,0,0.41859773,0
handlebars.java,2724,0,0.040827736,0
handlebars.java,1212,0,0.013289847,0
handlebars.java,1017,0,0.07830834,0
handlebars.java,1158,0,0.039869823,0
handlebars.java,1245,0,0.09196796,0
handlebars.java,1170,0,0.11276713,0
handlebars.java,1123,0,0.6341045,1
handlebars.java,1084,0,0.010595833,0
handlebars.java,2789,0,0.013307999,0
handlebars.java,2783,0,0.0399854,0
handlebars.java,1143,0,0.009920964,0
handlebars.java,2722,0,0.6313022,1
handlebars.java,2733,0,0.4270653,0
handlebars.java,1045,0,0.020996515,0
handlebars.java,2765,0,0.50681126,1
handlebars.java,1005,0,0.40888143,0
handlebars.java,1031,0,0.2988758,0
handlebars.java,929,0,0.4685033,0
handlebars.java,1247,0,0.093025334,0
handlebars.java,1120,0,0.049387448,0
handlebars.java,1218,0,0.78287965,1
handlebars.java,1004,0,0.40888143,0
handlebars.java,2743,0,0.53061914,1
handlebars.java,1197,0,0.01009709,0
handlebars.java,1113,0,0.009308196,0
handlebars.java,1196,0,0.010595433,0
handlebars.java,1209,0,0.3382201,0
handlebars.java,954,0,0.04138289,0
handlebars.java,1101,0,0.17030844,0
handlebars.java,939,0,0.032046422,0
handlebars.java,996,0,0.40888143,0
handlebars.java,1210,0,0.032915354,0
handlebars.java,1231,0,0.27462122,0
handlebars.java,1160,0,0.4087558,0
handlebars.java,974,0,0.19328243,0
handlebars.java,1047,0,0.03964717,0
handlebars.java,1250,0,0.17639706,0
handlebars.java,2713,0,0.48999313,0
handlebars.java,1191,0,0.43860558,0
handlebars.java,2741,0,0.0136217065,0
handlebars.java,1011,0,0.35864136,0
handlebars.java,2761,0,0.54055125,1
handlebars.java,1211,0,0.018051332,0
handlebars.java,1177,0,0.33328572,0
handlebars.java,1020,1,0.087601766,0
handlebars.java,1189,0,0.0060270396,0
handlebars.java,1075,0,0.016575642,0
handlebars.java,2723,0,0.5063592,1
handlebars.java,1238,0,0.19635567,0
handlebars.java,2773,0,0.031052884,0
handlebars.java,1145,0,0.019949969,0
handlebars.java,2747,0,0.009451,0
hbase,10200,0,0.09520118,0
hbase,10220,1,0.15228352,0
hbase,10160,0,0.15911263,0
hbase,10337,1,0.044157032,0
hbase,10268,1,0.033130445,0
hbase,10362,0,0.126399,0
hbase,10145,0,0.11248206,0
hbase,10386,0,0.19293201,0
hbase,10133,0,0.21390437,0
hbase,10315,0,0.13906841,0
hbase,10149,0,0.02814695,0
hbase,10391,0,0.06630915,0
hbase,10158,0,0.11058661,0
hbase,10059,0,0.025937764,0
hbase,10187,0,0.061143182,0
hbase,10037,1,0.097086735,0
hbase,10182,0,0.22033562,0
hbase,10248,1,0.23456486,0
hbase,10260,1,0.7962433,1
hbase,10370,0,0.0018072262,0
hbase,10076,0,0.11416579,0
hbase,10278,1,0.082410716,0
hbase,10269,0,0.010944134,0
hbase,10329,1,0.06310269,0
hbase,10153,0,0.05136289,0
hbase,10131,1,0.5732857,1
hbase,10017,1,0.78266996,1
hbase,10175,0,0.05013393,0
hbase,10367,0,0.0020090078,0
hbase,10229,0,0.07479856,0
hbase,10044,0,0.21707974,0
hbase,10372,1,0.08728254,0
hbase,10043,0,0.09211133,0
hbase,10194,0,0.036823943,0
hbase,10293,0,0.1620522,0
hbase,10019,0,0.8162732,1
hbase,10111,1,0.073773764,0
hbase,10179,1,0.2197572,0
hbase,10251,0,0.25779703,0
hbase,10353,1,0.058308844,0
hbase,10267,1,0.047930166,0
hbase,10069,0,0.0102563435,0
hbase,10273,1,0.04378742,0
hbase,10108,1,0.7672743,1
hbase,10106,1,0.6552453,1
hbase,10148,0,0.02814695,0
hbase,9987,1,0.07841289,0
hbase,10082,0,0.02430595,0
hbase,10150,0,0.07724324,0
hbase,10332,1,0.16246612,0
hbase,10136,1,0.26572302,0
hbase,10312,0,0.044807315,0
hbase,10119,0,0.11279111,0
hbase,10284,0,0.026689878,0
hbase,9993,1,0.06847199,0
hbase,10178,0,0.19635703,0
hbase,10193,0,0.035219327,0
hbase,10135,0,0.44300887,0
hbase,10137,0,0.3676355,0
hbase,10221,1,0.27950254,0
hbase,10303,0,0.21991873,0
hbase,10197,0,0.013907459,0
hbase,10206,0,0.13716386,0
hbase,10384,0,0.23358595,0
hbase,10055,0,0.38799956,0
hbase,9985,1,0.25696686,0
hbase,10101,1,0.031980533,0
hbase,10373,1,0.12492533,0
hbase,10222,1,0.46567625,0
hbase,10068,0,0.08647738,0
hbase,10389,0,0.06668762,0
hbase,10124,0,0.003581861,0
hbase,10333,1,0.106308006,0
hbase,10261,0,0.002633958,0
hbase,10390,0,0.08234014,0
hbase,10110,1,0.8929938,1
hbase,10381,0,0.07389089,0
hbase,10081,0,0.08387228,0
hbase,10062,0,0.00976868,0
hbase,10151,0,0.025830617,0
hbase,10143,0,0.12747289,0
hbase,10339,1,0.16342837,0
hbase,10355,1,0.027372317,0
hbase,10174,0,0.09697068,0
hbase,10070,0,0.39208016,0
hbase,10079,1,0.19387239,0
hbase,10360,1,0.4215123,0
hbase,10326,1,0.014085172,0
hbase,10325,1,0.064388864,0
hbase,10060,0,0.004144098,0
hbase,10295,0,0.15495202,0
hbase,10093,1,0.03070071,0
hbase,10254,0,0.12154021,0
hbase,10054,0,0.059842713,0
hbase,10114,0,0.47345856,0
hbase,10238,0,0.012719797,0
hbase,9996,1,0.02741361,0
hbase,10397,0,0.13092725,0
hbase,10085,0,0.15270442,0
hbase,10354,1,0.025611196,0
hbase,10007,0,0.722261,1
hbase,10323,1,0.04994224,0
hbase,10029,1,0.23691127,0
hbase,10186,0,0.28671992,0
hbase,10408,0,0.0041486425,0
hbase,10122,0,0.017670436,0
hbase,10400,0,0.35295492,0
hbase,10057,0,0.12361129,0
hbase,10377,0,0.03663176,0
hbase,10359,0,0.37866488,0
hbase,10287,0,0.036335543,0
hbase,10009,1,0.8480611,1
hbase,10142,0,0.08813486,0
hbase,10180,0,0.18211722,0
hbase,10022,1,0.79471064,1
hbase,10327,1,0.057381798,0
hbase,10213,0,0.13095222,0
hbase,9999,0,0.0072169965,0
hbase,10277,1,0.014654288,0
hbase,10228,0,0.09876051,0
hbase,10116,0,0.6468605,1
hbase,10274,1,0.03742897,0
hbase,10393,0,0.13571605,0
hbase,10183,0,0.2879075,0
hbase,10314,0,0.19168326,0
hbase,10300,0,0.019605003,0
hbase,10259,1,0.29227075,0
hbase,10313,0,0.1448188,0
hbase,10077,0,0.06490626,0
hbase,10382,0,0.03935595,0
hbase,10241,0,0.0077878986,0
hbase,10109,1,0.7596269,1
hbase,10199,0,0.019218154,0
hbase,10331,1,0.12693027,0
hbase,10050,0,0.27107498,0
hbase,10208,0,0.22152454,0
hbase,10336,1,0.16877213,0
hbase,10086,0,0.21866728,0
hbase,10123,0,0.2918361,0
hbase,10345,1,0.011389852,0
hbase,10396,0,0.27640042,0
hbase,10162,0,0.15911263,0
hbase,10212,0,0.2814765,0
hbase,10250,0,0.21048822,0
hbase,10410,0,0.040979985,0
hbase,10010,1,0.5660251,1
hbase,10147,0,0.17455354,0
hbase,10309,0,0.13906841,0
hbase,10021,1,0.79471064,1
hbase,10311,0,0.21214382,0
hbase,10078,0,0.028094428,0
hbase,10155,0,0.115456834,0
hbase,10012,1,0.8573129,1
hbase,10321,1,0.19745031,0
hbase,10065,0,0.13736933,0
hbase,10165,0,0.13979962,0
hbase,10003,1,0.69889915,1
hbase,10045,0,0.044895142,0
hbase,10343,1,0.044180192,0
hbase,9990,1,0.82419485,1
hbase,10163,0,0.097760454,0
hbase,10191,0,0.09554295,0
hbase,10161,0,0.10096096,0
hbase,10146,0,0.14704554,0
hbase,9995,0,0.035713818,0
hbase,10301,0,0.15728411,0
hbase,10002,0,0.6533292,1
hbase,10198,0,0.09014244,0
hbase,10210,0,0.2376149,0
hbase,10402,0,0.0043298737,0
hbase,10014,1,0.70716774,1
hbase,10129,0,0.10751786,0
hbase,10358,1,0.027695067,0
hbase,10302,0,0.30644923,0
hbase,10344,1,0.04958117,0
hbase,10319,1,0.004186379,0
hbase,10185,0,0.45142087,0
hbase,10415,0,0.09689625,0
hbase,10361,0,0.6639988,1
hbase,10091,0,0.5333416,1
hbase,10226,0,0.10436524,0
hbase,10011,1,0.8262588,1
hbase,10164,0,0.044975672,0
hbase,10144,0,0.07688359,0
hbase,10023,1,0.8457142,1
hbase,10385,0,0.28382805,0
hbase,10233,1,0.22821335,0
hbase,10184,0,0.3568782,0
hbase,10166,0,0.17372064,0
hbase,10283,1,0.26372018,0
hbase,10285,0,0.18631649,0
hbase,10105,1,0.031980533,0
hbase,10088,0,0.20172697,0
hbase,10399,1,0.58453614,1
hbase,10249,0,0.15112992,0
hbase,10232,1,0.068855315,0
hbase,10239,0,0.0034591567,0
hbase,10130,1,0.16623123,0
hbase,10121,1,0.27114213,0
hbase,10375,1,0.032208018,0
hbase,10342,1,0.11310536,0
hbase,10218,0,0.051708404,0
hbase,9986,1,0.690452,1
hbase,10083,0,0.04576986,0
hbase,10275,1,0.04378742,0
hbase,10306,0,0.19168326,0
hbase,10328,1,0.05505477,0
hbase,10387,0,0.13371263,0
hbase,10048,0,0.21707974,0
hbase,10209,0,0.1505141,0
hbase,10227,0,0.117237665,0
hbase,10006,1,0.87249994,1
hbase,10364,1,0.02504551,0
hbase,10008,1,0.85286695,1
hbase,10242,0,0.018650986,0
hbase,10352,1,0.091081545,0
hbase,10279,1,0.040956456,0
hbase,10125,0,0.0066186087,0
hbase,10067,0,0.04559023,0
hbase,10036,0,0.846427,1
hbase,10128,0,0.24460599,0
hbase,10099,1,0.42055142,0
hbase,10181,0,0.0776074,0
hbase,10235,0,0.14971273,0
hbase,10041,0,0.09686986,0
hbase,10157,0,0.119447134,0
hbase,10040,0,0.2977047,0
hbase,10005,1,0.79543227,1
hbase,10388,0,0.23743045,0
hbase,10371,0,0.027475495,0
hbase,10380,0,0.059926484,0
hbase,9992,1,0.74963397,1
hbase,10316,1,0.10282062,0
hbase,10365,0,0.026174404,0
hbase,10053,0,0.2532947,0
hbase,10071,0,0.08256371,0
hbase,10188,0,0.011483202,0
hbase,10171,0,0.042673565,0
hbase,10253,0,0.1572418,0
hbase,10087,0,0.15852526,0
hbase,10074,0,0.14517604,0
hbase,10195,0,0.029016115,0
hbase,10035,1,0.11663899,0
hbase,10350,1,0.029966785,0
hbase,9994,1,0.7922199,1
hbase,10257,1,0.13168217,0
hbase,10383,0,0.07124236,0
hbase,10047,0,0.23395358,0
hbase,10063,0,0.009842218,0
hbase,10405,0,0.020241465,0
hbase,10296,0,0.13906841,0
hbase,10237,0,0.052990902,0
hbase,10126,0,0.017232759,0
hbase,10020,1,0.8141867,1
hbase,10299,0,0.032196634,0
hbase,10347,1,0.039402533,0
hbase,10376,1,0.18433963,0
hbase,10061,0,0.049116727,0
hbase,10046,0,0.19839072,0
hbase,10170,0,0.20291954,0
hbase,10027,1,0.76128185,1
hbase,10176,0,0.18211722,0
hbase,10320,1,0.2514865,0
hbase,10411,1,0.05975624,0
hbase,10042,0,0.23847026,0
hbase,10363,0,0.35984403,0
hbase,10004,1,0.03458617,0
hbase,10324,1,0.15249816,0
hbase,10271,0,0.11601471,0
hbase,10203,0,0.023348007,0
hbase,10286,0,0.48293984,0
hbase,10066,0,0.043252513,0
hbase,10039,0,0.24073274,0
hbase,10272,0,0.0029018552,0
hbase,10230,0,0.06980262,0
hbase,10281,1,0.030772055,0
hbase,10025,0,0.71712947,1
hbase,10308,0,0.5681892,1
hbase,10084,0,0.044189878,0
hbase,10080,0,0.04691355,0
hbase,10138,0,0.61143905,1
hbase,10072,0,0.5248593,1
hbase,10398,1,0.63008595,1
hbase,10100,1,0.01822098,0
hbase,10168,0,0.11121176,0
hbase,10097,1,0.031980533,0
hbase,10196,0,0.09281925,0
hbase,10366,0,0.34962097,0
hbase,10270,0,0.0033932033,0
hbase,10073,0,0.09576672,0
hbase,10026,1,0.7297992,1
hbase,10117,0,0.043255176,0
hbase,10112,0,0.43007243,0
hbase,10223,1,0.2819898,0
hbase,10379,0,0.18550187,0
hbase,10412,0,0.08608962,0
hbase,10215,0,0.114742205,0
hbase,10034,0,0.017969871,0
hbase,10334,1,0.17750542,0
hbase,10351,1,0.050393946,0
hbase,9988,0,0.8031223,1
hbase,10140,0,0.31438458,0
hbase,10282,1,0.2956583,0
hbase,10263,0,0.049090438,0
hbase,10211,0,0.15543738,0
hbase,10031,0,0.004847187,0
hbase,10214,0,0.08732814,0
hbase,10032,0,0.005776118,0
hbase,10127,0,0.17523046,0
hbase,10102,1,0.046870854,0
hbase,10113,1,0.73167115,1
hbase,10205,0,0.35142648,0
hbase,10288,0,0.1385044,0
hbase,10096,1,0.6552453,1
hbase,10401,0,0.05607952,0
hbase,10292,0,0.0142879225,0
hbase,10264,0,0.0011628136,0
hbase,10092,0,0.022424202,0
hbase,10217,0,0.028868046,0
hbase,10256,1,0.36059335,0
hbase,10280,1,0.06027632,0
hbase,10177,0,0.15037905,0
hbase,10244,0,0.015029861,0
hbase,10172,0,0.18688926,0
hbase,10322,1,0.20016691,0
hbase,10298,0,0.18012972,0
hbase,10207,0,0.037965246,0
hbase,10224,1,0.23644422,0
hbase,10089,0,0.51240885,1
hbase,10159,0,0.08508953,0
hbase,10357,1,0.1709448,0
hbase,10356,1,0.033622716,0
hbase,10103,1,0.030973442,0
hbase,10258,1,0.11901001,0
hbase,10049,0,0.22136478,0
hbase,10139,0,0.46154916,0
hbase,10338,1,0.10543306,0
hbase,10134,0,0.33661717,0
hbase,10409,0,0.0029486597,0
hbase,10245,0,0.023230774,0
hbase,10167,0,0.3991037,0
hbase,10013,1,0.91354233,1
hbase,10247,0,0.0148191545,0
hbase,10038,0,0.03378387,0
hbase,10407,0,0.00095029443,0
hbase,10058,0,0.044924777,0
hbase,10305,0,0.09094505,0
hbase,9997,0,0.0064341417,0
hbase,10369,0,0.008783711,0
hbase,10291,0,0.04284721,0
hbase,9991,1,0.73518664,1
hbase,10030,0,0.7587011,1
hbase,10406,0,0.03906032,0
hbase,10414,0,0.089109086,0
hbase,10098,1,0.031980533,0
hbase,9989,0,0.01018863,0
hbase,10152,0,0.182636,0
hbase,10028,0,0.85148317,1
hbase,10346,1,0.020925911,0
hbase,10141,0,0.15146689,0
hbase,9998,1,0.02165707,0
hbase,10231,0,0.17331927,0
hbase,10276,1,0.13231298,0
hbase,10016,0,0.76866,1
hbase,10368,0,0.007554845,0
hbase,10246,0,0.009081269,0
hbase,10243,0,0.010153437,0
hbase,10104,1,0.7244909,1
hbase,10204,0,0.09948869,0
hbase,10236,0,0.100529425,0
hbase,10317,1,0.014445882,0
hbase,10033,0,0.04812089,0
hbase,10056,0,0.008199535,0
hbase,10115,1,0.057375956,0
hbase,10202,0,0.018825281,0
hbase,10225,0,0.09526306,0
hbase,10015,1,0.1488206,0
hbase,10330,1,0.08600252,0
hbase,10095,0,0.33991915,0
hbase,10307,0,0.073296234,0
hbase,10190,0,0.113104895,0
hbase,10374,1,0.075968415,0
hbase,10090,0,0.023335656,0
hbase,10290,0,0.007953096,0
hbase,10051,0,0.3124256,0
hbase,10318,1,0.004186379,0
hbase,10173,0,0.03301383,0
hbase,10107,1,0.03490536,0
hector,4891,0,0.11799942,0
hector,4879,0,0.01479002,0
hector,4989,1,0.48832357,0
hector,4896,0,0.069602475,0
hector,4924,0,0.1750799,0
hector,4895,0,0.030160623,0
hector,4901,0,0.0065898024,0
hector,4932,0,0.2851228,0
hector,4976,0,0.54971033,1
hector,4856,0,0.0824487,0
hector,4884,1,0.13142666,0
hector,4986,0,0.24599357,0
hector,4868,1,0.07305983,0
hector,4993,0,0.5583961,1
hector,4941,0,0.109452866,0
hector,4942,1,0.27470338,0
hector,4870,0,0.2098343,0
hector,4968,1,0.31858507,0
hector,4950,1,0.13124597,0
hector,4978,0,0.36719254,0
hector,4866,0,0.10397051,0
hector,4971,1,0.11510663,0
hector,4911,0,0.32048464,0
hector,4867,1,0.121340714,0
hector,4882,1,0.14494252,0
hector,4872,0,0.25449377,0
hector,4862,0,0.010543965,0
hector,4994,0,0.19271328,0
hector,4921,0,0.13780351,0
hector,4973,1,0.07069328,0
hector,4985,0,0.25497606,0
hector,4938,0,0.13383834,0
hector,4912,0,0.57221305,1
hector,4939,0,0.06221467,0
hector,4937,0,0.008543172,0
hector,4889,0,0.06811463,0
hector,4955,0,0.08405208,0
hector,4903,0,0.16104098,0
hector,4934,1,0.1797453,0
hector,4975,0,0.121876195,0
hector,4946,1,0.21079761,0
hector,4881,1,0.106348746,0
hector,4987,0,0.048968684,0
hector,4944,0,0.09048365,0
hector,4954,0,0.08647459,0
hector,4873,0,0.005195129,0
hector,4909,0,0.5193906,1
hector,4869,1,0.060732156,0
hector,4863,0,0.039759297,0
hector,4983,0,0.08163586,0
hector,4990,0,0.33040586,0
hector,4933,0,0.12889332,0
hector,4885,1,0.23167881,0
hector,4905,0,0.078205295,0
hector,4943,0,0.13644087,0
hector,4894,0,0.099319056,0
hector,4898,0,0.0065898024,0
hector,4917,0,0.21928538,0
hector,4875,0,0.087034844,0
hector,4964,0,0.1254558,0
hector,4908,0,0.6593601,1
hector,4961,1,0.121090285,0
hector,4915,0,0.17739756,0
hector,4890,0,0.053187843,0
hector,4966,0,0.13597152,0
hector,4874,0,0.36416587,0
hector,4913,1,0.5237793,1
hector,4906,0,0.0060223453,0
hector,4958,1,0.2173797,0
hector,4900,0,0.0051939143,0
hector,4923,0,0.10653509,0
hector,4922,0,0.08875721,0
hector,4959,1,0.06744703,0
hector,4860,0,0.37257925,0
hector,4871,0,0.11128226,0
hector,1984,0,0.13680372,0
hector,4929,0,0.0015156124,0
hector,4928,0,0.001159015,0
hector,4855,0,0.03939507,0
hector,4981,0,0.41553319,0
hector,4965,0,0.12137822,0
hector,4857,0,0.08791809,0
hector,4967,1,0.08826592,0
hector,4970,1,0.13756889,0
hector,4899,0,0.0065898024,0
hector,4918,0,0.15017368,0
hector,4935,1,0.22283153,0
hector,4886,0,0.064114586,0
hector,4861,0,0.0061743883,0
hector,4963,1,0.12522236,0
hector,4904,0,0.08608421,0
hector,4988,0,0.44662553,0
hector,4920,0,0.14805631,0
hector,4910,0,0.543697,1
hector,4953,0,0.021954883,0
hector,4926,0,0.0040201843,0
hector,4960,1,0.27091226,0
hector,4902,0,0.13374104,0
hector,4952,0,0.009836862,0
hector,4914,0,0.06841068,0
hector,4957,1,0.13937828,0
hector,4940,0,0.05395315,0
hector,4877,0,0.18671758,0
hector,4995,0,0.11546855,0
hector,4972,1,0.31194177,0
hector,4925,0,0.007297545,0
hector,4878,0,0.0687941,0
hector,4979,0,0.24652797,0
hector,4951,1,0.2784395,0
hector,4962,1,0.119554155,0
hector,4936,1,0.07671698,0
hector,4919,0,0.14507744,0
hector,4991,0,0.36919305,0
hector,4984,0,0.20470108,0
hector,4887,0,0.24741484,0
hector,4876,0,0.039584383,0
hector,4992,0,0.5018285,1
hector,4859,0,0.065750405,0
hector,4883,0,0.12578748,0
hector,4948,1,0.11900479,0
hector,4977,0,0.0087423995,0
hector,4980,0,0.2873575,0
hector,4897,0,0.0062940284,0
hector,4888,0,0.085597835,0
hector,4930,0,0.0011792998,0
hector,4916,0,0.101692945,0
hector,4974,0,0.19364044,0
hector,4893,0,0.062271703,0
http-request,1318,0,0.53389984,1
http-request,1280,0,0.0036531913,0
http-request,1371,0,0.005351006,0
http-request,1333,0,0.12816118,0
http-request,1394,0,0.043240603,0
http-request,1353,0,0.0030587926,0
http-request,1423,0,0.083970055,0
http-request,1330,0,0.13410996,0
http-request,1375,0,0.013223699,0
http-request,1385,0,0.08911318,0
http-request,1308,0,0.0713717,0
http-request,1416,1,0.10355259,0
http-request,1285,0,0.0032107215,0
http-request,1286,0,0.026328148,0
http-request,1398,0,0.0033501876,0
http-request,1360,0,0.06551165,0
http-request,1270,0,0.02295612,0
http-request,1326,0,0.011056753,0
http-request,1300,0,0.009494427,0
http-request,1291,1,0.052571505,0
http-request,1299,0,0.1200504,0
http-request,1324,0,0.019673433,0
http-request,1412,0,0.012966876,0
http-request,1355,0,0.012498112,0
http-request,1306,0,0.03724294,0
http-request,1316,0,0.23671907,0
http-request,1274,0,0.0039775693,0
http-request,1319,0,0.016888617,0
http-request,1351,0,0.0009222795,0
http-request,1350,0,0.0033703165,0
http-request,1290,0,0.031472247,0
http-request,1393,0,0.003932089,0
http-request,1359,0,0.16832276,0
http-request,1334,0,0.01723882,0
http-request,1331,0,0.034016423,0
http-request,1415,0,0.1398232,0
http-request,1381,0,0.008123898,0
http-request,1357,0,0.1398232,0
http-request,1302,0,0.0049959137,0
http-request,1328,0,0.08847439,0
http-request,1277,0,0.0013349545,0
http-request,1418,0,0.052487906,0
http-request,1377,0,0.04326738,0
http-request,1383,0,0.009191583,0
http-request,1366,0,0.045933764,0
http-request,1279,0,0.0056375903,0
http-request,1275,0,0.018970137,0
http-request,1364,0,0.12860125,0
http-request,1287,0,0.028191213,0
http-request,1374,0,0.0109991925,0
http-request,1390,1,0.034547955,0
http-request,1325,0,0.029911036,0
http-request,1419,0,0.03948969,0
http-request,1349,0,0.003045166,0
http-request,1314,0,0.019460024,0
http-request,1410,0,0.008361315,0
http-request,1413,0,0.09014672,0
http-request,1372,0,0.0051654275,0
http-request,1321,0,0.011056753,0
http-request,1269,0,0.013868095,0
http-request,1368,0,0.044768084,0
http-request,1288,0,0.0046608006,0
http-request,1370,0,0.005483922,0
http-request,1264,0,0.05904607,0
http-request,1332,0,0.02959153,0
http-request,1397,0,0.002761752,0
http-request,1295,0,0.009405034,0
http-request,1369,0,0.06041738,0
http-request,1317,0,0.016545245,0
http-request,1420,0,0.003932089,0
http-request,1344,0,0.016888617,0
http-request,1311,0,0.013996643,0
http-request,1307,0,0.07020577,0
http-request,1392,1,0.0060574817,0
http-request,1389,0,0.0075627184,0
http-request,1346,0,0.0058714165,0
http-request,1267,0,0.05281005,0
http-request,1378,0,0.013223699,0
http-request,1297,0,0.0713717,0
http-request,1289,0,0.055882536,0
http-request,1391,1,0.0049959137,0
http-request,1404,0,0.0072952393,0
http-request,1400,0,0.073986635,0
http-request,1281,0,0.0032107215,0
http-request,1313,0,0.04212885,0
http-request,1387,1,0.0049959137,0
http-request,1403,0,0.008082804,0
http-request,1273,0,0.0017391598,0
http-request,1296,0,0.1200504,0
http-request,1266,0,0.012822307,0
http-request,1408,0,0.012378362,0
http-request,1310,0,0.017987967,0
http-request,1327,0,0.019420624,0
http-request,1354,0,0.004114642,0
http-request,1268,0,0.0071194633,0
http-request,1373,0,0.0015860875,0
http-request,1345,1,0.0060574817,0
http-request,1367,0,0.1622515,0
http-request,1271,0,0.004621691,0
http-request,1362,0,0.004124223,0
http-request,1343,0,0.13831636,0
http-request,1293,0,0.0337002,0
http-request,1379,0,0.01217926,0
http-request,1323,0,0.006272642,0
http-request,1298,0,0.10160361,0
http-request,1414,0,0.032268833,0
http-request,1399,0,0.17027083,0
http-request,1347,0,0.0067914915,0
http-request,1365,0,0.0012047522,0
http-request,1417,1,0.0026211217,0
http-request,1361,0,0.0019382429,0
http-request,1402,0,0.022641104,0
http-request,1356,0,0.012822307,0
http-request,1305,1,0.0036937634,0
http-request,1388,1,0.0036937634,0
http-request,1425,0,0.007109779,0
http-request,1337,1,0.008257492,0
http-request,1341,1,0.04162624,0
http-request,1303,0,0.0033501876,0
http-request,1329,0,0.019713022,0
http-request,1348,0,0.0058714165,0
http-request,1315,0,0.011056753,0
http-request,1376,0,0.1409277,0
http-request,1338,1,0.00732239,0
http-request,1301,0,0.005358307,0
http-request,1335,0,0.039713174,0
http-request,1284,0,0.0018825794,0
http-request,1312,0,0.014379727,0
http-request,1411,0,0.02331262,0
http-request,1426,1,0.008041692,0
http-request,1294,0,0.046879534,0
http-request,1401,0,0.019027665,0
http-request,1409,0,0.05285909,0
http-request,1320,0,0.022488594,0
http-request,1363,0,0.17961007,0
http-request,1424,0,0.02127994,0
http-request,1342,1,0.0027783555,0
http-request,1406,0,0.0077998973,0
http-request,1386,0,0.010097996,0
http-request,1265,0,0.15634726,0
http-request,1340,1,0.0049959137,0
http-request,1384,0,0.010209652,0
http-request,1395,0,0.002761752,0
http-request,1278,0,0.007459655,0
http-request,1422,0,0.056255948,0
http-request,1380,0,0.038228095,0
http-request,1272,0,0.0032107215,0
httpcore,10703,0,0.06628736,0
httpcore,10642,0,0.034528125,0
httpcore,11031,0,0.020527098,0
httpcore,10820,0,0.0070932778,0
httpcore,11068,0,0.19571212,0
httpcore,11009,0,0.022425488,0
httpcore,10698,0,0.36153442,0
httpcore,11067,0,0.006986562,0
httpcore,10526,0,0.021566704,0
httpcore,10784,0,0.0067930524,0
httpcore,10464,0,0.010529846,0
httpcore,10803,0,0.53407395,1
httpcore,10759,0,0.0036440755,0
httpcore,10772,0,0.042842217,0
httpcore,10904,0,0.58240676,1
httpcore,10582,0,0.05062404,0
httpcore,10744,0,0.022210408,0
httpcore,10624,0,0.00802216,0
httpcore,10562,0,0.016113305,0
httpcore,11011,0,0.037093677,0
httpcore,10429,0,0.009626453,0
httpcore,11127,0,0.0050694724,0
httpcore,10433,0,0.0429478,0
httpcore,10709,0,0.10815443,0
httpcore,10801,0,0.31580746,0
httpcore,10864,1,0.7616412,1
httpcore,11074,0,0.014688402,0
httpcore,10574,0,0.026013274,0
httpcore,11053,0,0.054515835,0
httpcore,11034,0,0.011294088,0
httpcore,10848,0,0.34718302,0
httpcore,10710,0,0.0044368245,0
httpcore,10702,0,0.02424808,0
httpcore,10662,0,0.09669705,0
httpcore,10774,0,0.35061568,0
httpcore,10657,0,0.86735934,1
httpcore,10723,0,0.02033743,0
httpcore,10659,0,0.42113778,0
httpcore,10577,0,0.1710813,0
httpcore,10952,0,0.052665357,0
httpcore,11117,0,0.013520511,0
httpcore,10516,0,0.013996643,0
httpcore,10901,0,0.007204374,0
httpcore,10718,0,0.2345723,0
httpcore,10434,0,0.03471635,0
httpcore,10826,0,0.019737469,0
httpcore,11084,0,0.009286718,0
httpcore,11085,0,0.0074062245,0
httpcore,10609,0,0.041389257,0
httpcore,10540,0,0.028711254,0
httpcore,10986,0,0.35064957,0
httpcore,10547,0,0.010113829,0
httpcore,10437,0,0.00816606,0
httpcore,11060,0,0.02124512,0
httpcore,10617,0,0.032808702,0
httpcore,10981,0,0.0067972937,0
httpcore,10517,0,0.017389959,0
httpcore,10640,0,0.11280214,0
httpcore,10950,0,0.015168059,0
httpcore,10793,0,0.5723344,1
httpcore,10700,0,0.02403021,0
httpcore,11076,0,0.022822557,0
httpcore,10824,0,0.044435784,0
httpcore,10453,0,0.1950372,0
httpcore,10872,0,0.23078296,0
httpcore,10546,0,0.011704509,0
httpcore,11070,0,0.0046940013,0
httpcore,10557,0,0.58275825,1
httpcore,10972,0,0.037442364,0
httpcore,10491,0,0.024230385,0
httpcore,10800,0,0.016656088,0
httpcore,10604,0,0.4538712,0
httpcore,10900,0,0.0068409066,0
httpcore,10686,0,0.02636638,0
httpcore,10632,0,0.06837334,0
httpcore,11073,0,0.022005836,0
httpcore,10890,1,0.25373486,0
httpcore,10570,0,0.04449842,0
httpcore,10821,0,0.28465617,0
httpcore,10825,0,0.21397859,0
httpcore,10422,0,0.033968255,0
httpcore,10920,0,0.45022255,0
httpcore,10544,0,0.026466744,0
httpcore,10694,0,0.013868016,0
httpcore,10869,1,0.27703568,0
httpcore,10743,0,0.22266802,0
httpcore,10879,1,0.2400329,0
httpcore,10889,1,0.78732544,1
httpcore,10512,0,0.008055264,0
httpcore,11091,0,0.1552419,0
httpcore,11038,0,0.0067491215,0
httpcore,10638,0,0.016222212,0
httpcore,10554,0,0.315323,0
httpcore,11012,0,0.0057960325,0
httpcore,10945,0,0.037814736,0
httpcore,10955,0,0.04007885,0
httpcore,10790,0,0.20028602,0
httpcore,10613,0,0.0057478365,0
httpcore,10957,0,0.04437944,0
httpcore,10435,0,0.17875291,0
httpcore,10842,0,0.015773505,0
httpcore,11081,0,0.004260947,0
httpcore,10747,0,0.05375847,0
httpcore,10739,0,0.17156278,0
httpcore,10998,0,0.022425488,0
httpcore,11001,0,0.02410678,0
httpcore,10449,0,0.010100218,0
httpcore,10989,0,0.0049640797,0
httpcore,10421,0,0.0041287965,0
httpcore,10878,1,0.27231485,0
httpcore,10730,0,0.016487464,0
httpcore,10859,0,0.010163318,0
httpcore,10687,0,0.081574894,0
httpcore,10910,1,0.28998828,0
httpcore,10947,0,0.28955257,0
httpcore,10970,0,0.024516437,0
httpcore,10533,0,0.071245216,0
httpcore,10500,0,0.02560333,0
httpcore,10425,0,0.07941749,0
httpcore,10708,0,0.2776922,0
httpcore,10485,0,0.011684884,0
httpcore,11120,0,0.004080732,0
httpcore,10646,0,0.62822586,1
httpcore,10637,0,0.080311805,0
httpcore,10504,0,0.09273033,0
httpcore,10983,0,0.2934018,0
httpcore,10713,0,0.0030377007,0
httpcore,10762,0,0.020829828,0
httpcore,10831,0,0.02036003,0
httpcore,10832,0,0.09207686,0
httpcore,11005,0,0.003958986,0
httpcore,10472,0,0.24623026,0
httpcore,10980,0,0.035635035,0
httpcore,10545,0,0.6334818,1
httpcore,10818,0,0.06657354,0
httpcore,10664,0,0.004750375,0
httpcore,10934,0,0.0061944374,0
httpcore,10572,0,0.027441926,0
httpcore,11093,0,0.021208832,0
httpcore,10656,0,0.7861708,1
httpcore,10598,0,0.022034766,0
httpcore,10653,0,0.43507203,0
httpcore,10985,0,0.83001614,1
httpcore,10734,0,0.12143325,0
httpcore,11118,0,0.6521578,1
httpcore,10968,0,0.11161642,0
httpcore,10813,0,0.117205426,0
httpcore,10797,0,0.00416537,0
httpcore,10993,0,0.0054940116,0
httpcore,10455,0,0.0047703073,0
httpcore,10775,0,0.013223706,0
httpcore,11036,0,0.046471924,0
httpcore,10655,0,0.665066,1
httpcore,11089,0,0.005401845,0
httpcore,10807,0,0.06461777,0
httpcore,10696,0,0.029085351,0
httpcore,10727,0,0.45742524,0
httpcore,11061,0,0.17686816,0
httpcore,10843,0,0.022525784,0
httpcore,10417,0,0.32718357,0
httpcore,10927,1,0.19005531,0
httpcore,10599,0,0.13471642,0
httpcore,10946,0,0.26152617,0
httpcore,10931,0,0.0020845146,0
httpcore,11079,0,0.031081015,0
httpcore,10905,0,0.009152435,0
httpcore,10958,0,0.44772634,0
httpcore,11033,0,0.03460325,0
httpcore,10766,0,0.015403826,0
httpcore,10919,0,0.0062266546,0
httpcore,10567,0,0.0027120034,0
httpcore,10916,0,0.002676868,0
httpcore,11049,0,0.49879074,0
httpcore,10584,0,0.14622265,0
httpcore,10856,0,0.023954257,0
httpcore,11088,0,0.13544907,0
httpcore,10460,0,0.035454553,0
httpcore,11041,0,0.008170031,0
httpcore,10527,0,0.014501555,0
httpcore,11037,0,0.008170031,0
httpcore,10607,0,0.29441157,0
httpcore,10914,1,0.2450264,0
httpcore,10942,0,0.024022538,0
httpcore,11017,0,0.023005651,0
httpcore,10963,0,0.0039810254,0
httpcore,11080,0,0.11047176,0
httpcore,11122,0,0.013287028,0
httpcore,10691,0,0.08013218,0
httpcore,10423,0,0.00551045,0
httpcore,10490,0,0.54778117,1
httpcore,10568,0,0.0059462925,0
httpcore,10678,1,0.00683691,0
httpcore,10535,0,0.0283345,0
httpcore,10459,0,0.025366036,0
httpcore,10643,0,0.011803945,0
httpcore,10924,0,0.0020165585,0
httpcore,10787,0,0.48767495,0
httpcore,10792,0,0.05742523,0
httpcore,10481,0,0.59518987,1
httpcore,11075,0,0.009168778,0
httpcore,11050,0,0.0027539246,0
httpcore,10918,0,0.38662001,0
httpcore,11094,0,0.0075921146,0
httpcore,10477,0,0.023407947,0
httpcore,10880,0,0.25754872,0
httpcore,10861,0,0.005207856,0
httpcore,10835,0,0.10305556,0
httpcore,10634,0,0.026856558,0
httpcore,11111,0,0.058181103,0
httpcore,10750,0,0.44087315,0
httpcore,10806,0,0.012591658,0
httpcore,10810,0,0.18589395,0
httpcore,10616,0,0.5917461,1
httpcore,10468,0,0.047528442,0
httpcore,10917,0,0.003071838,0
httpcore,10542,0,0.035525538,0
httpcore,10748,0,0.03633744,0
httpcore,10505,0,0.016811864,0
httpcore,10648,0,0.022688314,0
httpcore,10507,0,0.122220546,0
httpcore,10445,0,0.0033666058,0
httpcore,10756,0,0.066411346,0
httpcore,11066,0,0.15406558,0
httpcore,10515,0,0.051650926,0
httpcore,10726,0,0.061006326,0
httpcore,11058,0,0.083623,0
httpcore,10892,1,0.34630954,0
httpcore,10511,0,0.092123896,0
httpcore,10528,0,0.0112288315,0
httpcore,10893,0,0.6215497,1
httpcore,10629,0,0.13013653,0
httpcore,10498,0,0.015432432,0
httpcore,10717,0,0.01144532,0
httpcore,10802,0,0.0408123,0
httpcore,10915,0,0.011657323,0
httpcore,10518,0,0.11315347,0
httpcore,10502,0,0.010972392,0
httpcore,10751,0,0.017980149,0
httpcore,10731,0,0.015975807,0
httpcore,10874,1,0.4459806,0
httpcore,10482,0,0.013234979,0
httpcore,10978,0,0.0130236335,0
httpcore,10891,0,0.32426313,0
httpcore,11043,0,0.027953913,0
httpcore,10846,0,0.0073043923,0
httpcore,10939,0,0.0017346529,0
httpcore,10513,0,0.027148914,0
httpcore,10785,0,0.36949447,0
httpcore,10764,0,0.04366631,0
httpcore,11097,0,0.0044590607,0
httpcore,10529,0,0.016909491,0
httpcore,11072,0,0.0032341043,0
httpcore,11023,0,0.03567748,0
httpcore,10705,0,0.122886844,0
httpcore,10489,0,0.034952983,0
httpcore,10808,0,0.33742505,0
httpcore,10668,0,0.013216129,0
httpcore,10902,0,0.4568672,0
httpcore,10912,0,0.00082534517,0
httpcore,11116,0,0.09289936,0
httpcore,10530,0,0.011979719,0
httpcore,11051,0,0.0583288,0
httpcore,10796,0,0.015501501,0
httpcore,10749,0,0.042640008,0
httpcore,10789,0,0.20844616,0
httpcore,10473,0,0.0093903765,0
httpcore,10476,0,0.011684884,0
httpcore,10564,0,0.24132973,0
httpcore,11026,0,0.23933263,0
httpcore,10689,0,0.09144937,0
httpcore,10823,0,0.24548915,0
httpcore,10644,0,0.009952164,0
httpcore,10854,0,0.012109195,0
httpcore,11126,0,0.21961667,0
httpcore,10679,0,0.12933776,0
httpcore,10475,0,0.027640011,0
httpcore,10829,0,0.1797723,0
httpcore,10600,0,0.1445988,0
httpcore,10828,0,0.22602879,0
httpcore,10555,0,0.027338332,0
httpcore,10862,0,0.022673631,0
httpcore,10510,0,0.28788912,0
httpcore,10765,0,0.04964292,0
httpcore,10615,0,0.29082832,0
httpcore,10650,0,0.21579815,0
httpcore,10442,0,0.009846913,0
httpcore,10767,0,0.06750381,0
httpcore,10419,0,0.0023593353,0
httpcore,11098,0,0.01657115,0
httpcore,11016,0,0.0023400346,0
httpcore,11025,0,0.015986493,0
httpcore,10436,0,0.06758245,0
httpcore,10612,0,0.033165332,0
httpcore,10688,0,0.026424065,0
httpcore,10495,0,0.07362635,0
httpcore,11035,0,0.04554522,0
httpcore,10777,0,0.06228515,0
httpcore,11064,0,0.0049987114,0
httpcore,10444,0,0.037488837,0
httpcore,10778,0,0.0164944,0
httpcore,11028,0,0.025829112,0
httpcore,10452,0,0.181365,0
httpcore,10660,0,0.68142974,1
httpcore,10603,0,0.0131232105,0
httpcore,10621,0,0.048162196,0
httpcore,10840,0,0.0036195577,0
httpcore,10954,0,0.036718614,0
httpcore,10538,0,0.01303104,0
httpcore,10431,0,0.53752804,1
httpcore,10677,0,0.014901519,0
httpcore,10541,0,0.010637851,0
httpcore,11105,0,0.004621097,0
httpcore,10769,0,0.5393028,1
httpcore,10868,0,0.36144194,0
httpcore,11124,0,0.009323952,0
httpcore,10961,0,0.10707754,0
httpcore,10932,0,0.0067670196,0
httpcore,10951,0,0.024529105,0
httpcore,10758,0,0.2063578,0
httpcore,11092,0,0.007077645,0
httpcore,10966,0,0.12244207,0
httpcore,10888,0,0.4135392,0
httpcore,10833,0,0.105548926,0
httpcore,10522,0,0.026656905,0
httpcore,10906,0,0.14632253,0
httpcore,10539,0,0.500722,1
httpcore,10964,0,0.0024484,0
httpcore,10894,1,0.33253053,0
httpcore,10898,0,0.23696086,0
httpcore,10928,0,0.028112322,0
httpcore,10579,0,0.14754407,0
httpcore,10556,0,0.024927804,0
httpcore,10602,0,0.1643228,0
httpcore,10991,0,0.108906075,0
httpcore,10625,0,0.008247397,0
httpcore,11102,0,0.0038708318,0
httpcore,10816,0,0.004372712,0
httpcore,10706,0,0.010231305,0
httpcore,10483,0,0.011684884,0
httpcore,10858,0,0.12401261,0
httpcore,10532,0,0.013315383,0
httpcore,10575,0,0.014893513,0
httpcore,10770,0,0.010771288,0
httpcore,11071,0,0.01057853,0
httpcore,10587,0,0.027057638,0
httpcore,10630,0,0.027385231,0
httpcore,10424,0,0.0033511226,0
httpcore,10837,0,0.007776627,0
httpcore,11019,0,0.016873477,0
httpcore,10543,0,0.022381296,0
httpcore,11015,0,0.21379152,0
httpcore,10721,0,0.33788112,0
httpcore,11086,0,0.029730279,0
httpcore,11109,0,0.025814323,0
httpcore,10499,0,0.43213516,0
httpcore,10791,0,0.01788713,0
httpcore,10672,0,0.0058600246,0
httpcore,10461,0,0.043028936,0
httpcore,11125,0,0.010945079,0
httpcore,10719,0,0.1089058,0
httpcore,10480,0,0.025483515,0
httpcore,11056,0,0.4074106,0
httpcore,10982,0,0.9208654,1
httpcore,10943,0,0.083338626,0
httpcore,10443,0,0.007943478,0
httpcore,10944,0,0.089539565,0
httpcore,10940,0,0.0015805406,0
httpcore,10633,0,0.052565962,0
httpcore,11087,0,0.0032341043,0
httpcore,10962,0,0.038718764,0
httpcore,10427,0,0.32099366,0
httpcore,10496,0,0.4356496,0
httpcore,10675,0,0.014426501,0
httpcore,10509,0,0.36256963,0
httpcore,10605,0,0.10617781,0
httpcore,11004,0,0.022447618,0
httpcore,10521,0,0.08340196,0
httpcore,10669,0,0.005578428,0
httpcore,10729,0,0.06869724,0
httpcore,10941,0,0.08050796,0
httpcore,11052,0,0.46476218,0
httpcore,10860,0,0.0033273736,0
httpcore,11020,0,0.006532422,0
httpcore,10953,0,0.1575815,0
httpcore,10711,0,0.11889647,0
httpcore,10451,0,0.01597855,0
httpcore,10478,0,0.011649612,0
httpcore,10757,0,0.004964765,0
httpcore,10971,0,0.040866014,0
httpcore,10995,0,0.0061050197,0
httpcore,10566,0,0.6539917,1
httpcore,10795,0,0.21479397,0
httpcore,10819,0,0.030212777,0
httpcore,10851,0,0.028648218,0
httpcore,11002,0,0.010850039,0
httpcore,10755,0,0.016573697,0
httpcore,11082,0,0.0052203285,0
httpcore,10909,0,0.026991518,0
httpcore,10805,0,0.057151034,0
httpcore,10559,0,0.02166275,0
httpcore,10804,0,0.013472388,0
httpcore,10921,0,0.2720403,0
httpcore,10999,0,0.0047342204,0
httpcore,11039,0,0.010820964,0
httpcore,10652,0,0.0050925603,0
httpcore,10658,0,0.94169843,1
httpcore,10776,0,0.04996609,0
httpcore,10896,0,0.3323621,0
httpcore,11065,0,0.010102377,0
httpcore,10514,0,0.026234359,0
httpcore,10845,0,0.028684067,0
httpcore,10439,0,0.0037454062,0
httpcore,10827,0,0.0126429,0
httpcore,11077,0,0.058991686,0
httpcore,10639,0,0.1511546,0
httpcore,10925,0,0.0051393867,0
httpcore,10977,0,0.11908232,0
httpcore,10619,0,0.18017691,0
httpcore,11045,0,0.36662322,0
httpcore,11115,0,0.24052514,0
httpcore,10590,0,0.04632588,0
httpcore,10870,0,0.29247895,0
httpcore,10456,0,0.25620776,0
httpcore,11063,0,0.02821256,0
httpcore,11048,0,0.041245814,0
httpcore,10812,0,0.05019297,0
httpcore,11055,0,0.014869111,0
httpcore,10722,0,0.60559624,1
httpcore,10597,0,0.021500727,0
httpcore,10583,0,0.023114681,0
httpcore,10524,0,0.024518544,0
httpcore,10448,0,0.002259659,0
httpcore,10908,0,0.024607135,0
httpcore,11057,0,0.0072493716,0
httpcore,11103,0,0.061523847,0
httpcore,10853,0,0.1134491,0
httpcore,10844,0,0.09396633,0
httpcore,11027,0,0.010542905,0
httpcore,10596,0,0.022721324,0
httpcore,10606,0,0.010880501,0
httpcore,10641,0,0.022802504,0
httpcore,10897,0,0.5405204,1
httpcore,11108,0,0.013967106,0
httpcore,10839,0,0.0021138447,0
httpcore,10690,0,0.017877592,0
httpcore,10788,0,0.0039979345,0
httpcore,10903,0,0.03035046,0
httpcore,10635,0,0.058233865,0
httpcore,10994,0,0.008799119,0
httpcore,10834,0,0.0007399674,0
httpcore,10622,0,0.008247397,0
httpcore,10863,0,0.08794357,0
httpcore,10836,0,0.06797328,0
httpcore,10974,0,0.051102456,0
httpcore,10867,0,0.35341406,0
httpcore,10563,0,0.022099292,0
httpcore,10487,0,0.018241843,0
httpcore,11013,0,0.025829112,0
httpcore,10623,0,0.25613835,0
httpcore,11022,0,0.021812929,0
httpcore,10742,0,0.15592377,0
httpcore,10595,0,0.0142518785,0
httpcore,10663,0,0.0073798476,0
httpcore,10979,0,0.04670312,0
httpcore,10866,1,0.21125922,0
httpcore,11104,0,0.010269203,0
httpcore,10876,1,0.31799486,0
httpcore,10838,0,0.031981163,0
httpcore,10996,0,0.012152928,0
httpcore,11040,0,0.005443853,0
httpcore,10614,0,0.008960991,0
httpcore,10684,0,0.36178836,0
httpcore,10685,0,0.042664733,0
httpcore,10716,0,0.031093363,0
httpcore,10763,0,0.4069752,0
httpcore,10591,0,0.02571435,0
httpcore,10631,0,0.034107707,0
httpcore,10681,0,0.0014307833,0
httpcore,10782,0,0.008784982,0
httpcore,11046,0,0.041245814,0
httpcore,10458,0,0.042692196,0
httpcore,10438,0,0.051523197,0
httpcore,10992,0,0.0067831823,0
httpcore,11000,0,0.10274679,0
httpcore,11113,0,0.0048795976,0
httpcore,10997,0,0.0791971,0
httpcore,10725,0,0.04412809,0
httpcore,10585,0,0.022700159,0
httpcore,10536,0,0.014607754,0
httpcore,10676,0,0.009344309,0
httpcore,10933,0,0.010672576,0
httpcore,10553,0,0.08904253,0
httpcore,10441,0,0.012603242,0
httpcore,10586,0,0.2501298,0
httpcore,10610,0,0.16472264,0
httpcore,10884,0,0.2685392,0
httpcore,10594,0,0.01514189,0
httpcore,10670,0,0.050880615,0
httpcore,10847,0,0.01322434,0
httpcore,10465,0,0.06299214,0
httpcore,10887,0,0.3651315,0
httpcore,10967,0,0.013039334,0
httpcore,10830,0,0.29615837,0
httpcore,10728,0,0.008719376,0
httpcore,11101,0,0.0046940013,0
httpcore,10683,0,0.43900347,0
httpcore,10520,0,0.02328975,0
httpcore,10446,0,0.04646766,0
httpcore,10611,0,0.71552426,1
httpcore,10450,0,0.0033519922,0
httpcore,10768,0,0.29337606,0
httpcore,10573,0,0.035259295,0
httpcore,10899,0,0.030751187,0
httpcore,10923,0,0.16682573,0
httpcore,11110,0,0.014494292,0
httpcore,11008,0,0.037093677,0
httpcore,10988,0,0.31091315,0
httpcore,10697,0,0.010162768,0
httpcore,10576,0,0.55064654,1
httpcore,10680,0,0.18820003,0
httpcore,10746,0,0.028788367,0
httpcore,10618,0,0.02365826,0
httpcore,11018,0,0.12116976,0
httpcore,10508,0,0.0072894907,0
httpcore,10877,0,0.29459092,0
httpcore,10990,0,0.023836283,0
httpcore,10735,0,0.0030785364,0
httpcore,10645,0,0.13076085,0
httpcore,10720,0,0.12662058,0
httpcore,10462,0,0.02619911,0
httpcore,10976,0,0.11908232,0
httpcore,10682,0,0.39486557,0
httpcore,10601,0,0.13951649,0
httpcore,11112,0,0.077666335,0
httpcore,10882,0,0.7016005,1
httpcore,11047,0,0.05403618,0
httpcore,10929,0,0.008199294,0
httpcore,10550,0,0.016592572,0
httpcore,10815,0,0.018904947,0
httpcore,10855,0,0.13294315,0
httpcore,10671,0,0.005197185,0
httpcore,11029,0,0.010082859,0
httpcore,10969,0,0.02980806,0
httpcore,10852,0,0.057735234,0
httpcore,10741,0,0.005570509,0
httpcore,10466,0,0.006149308,0
httpcore,10740,0,0.009744838,0
httpcore,11042,0,0.026716856,0
httpcore,11021,0,0.024281394,0
httpcore,10469,0,0.0030561846,0
httpcore,10665,0,0.0057848874,0
httpcore,11121,0,0.33674744,0
httpcore,11003,0,0.014112559,0
httpcore,10523,0,0.10124984,0
httpcore,10922,1,0.46571234,0
httpcore,10871,0,0.29247895,0
httpcore,10850,0,0.026993122,0
httpcore,10537,0,0.038977314,0
httpcore,10440,0,0.0045467895,0
httpcore,10715,0,0.009186218,0
httpcore,10965,0,0.08603592,0
httpcore,10724,0,0.010787717,0
httpcore,11030,0,0.08279113,0
httpcore,10593,0,0.015136898,0
httpcore,10930,0,0.0028038493,0
httpcore,10911,1,0.82635534,1
httpcore,10474,0,0.01390534,0
httpcore,11069,0,0.014975229,0
httpcore,10737,0,0.085178964,0
httpcore,10780,0,0.025057191,0
httpcore,10534,0,0.017063871,0
httpcore,10948,0,0.004768456,0
httpcore,10501,0,0.48104584,0
httpcore,10569,0,0.0129929995,0
httpcore,11054,0,0.017048977,0
httpcore,10420,0,0.23434784,0
httpcore,10589,0,0.020503791,0
httpcore,10885,1,0.46754456,0
httpcore,10959,0,0.012495165,0
httpcore,10418,0,0.24528249,0
httpcore,11123,0,0.056586016,0
httpcore,10701,0,0.0051913057,0
httpcore,10907,0,0.34461507,0
httpcore,10531,0,0.021632038,0
httpcore,10786,0,0.06456617,0
httpcore,10560,0,0.014284048,0
httpcore,10503,0,0.021365093,0
httpcore,10580,0,0.01950695,0
httpcore,10794,0,0.0048796902,0
httpcore,10936,0,0.04384244,0
httpcore,10761,0,0.074841954,0
httpcore,10432,0,0.003958986,0
httpcore,10588,0,0.5249039,1
httpcore,10738,0,0.0589728,0
httpcore,10428,0,0.010744054,0
httpcore,10486,0,0.13065651,0
httpcore,10857,0,0.009703361,0
httpcore,10733,0,0.005407223,0
httpcore,10647,0,0.2180725,0
httpcore,10798,0,0.0845978,0
httpcore,10783,0,0.0029981493,0
httpcore,11107,0,0.0024890394,0
httpcore,10565,0,0.013633539,0
httpcore,10692,0,0.033941127,0
httpcore,10960,0,0.18587025,0
httpcore,10714,0,0.04414871,0
httpcore,10558,0,0.41512308,0
httpcore,10467,0,0.033190705,0
httpcore,10732,0,0.5294356,1
httpcore,10654,1,0.46491066,0
httpcore,10571,0,0.14477018,0
httpcore,10578,0,0.020166894,0
httpcore,10809,0,0.017376626,0
httpcore,10886,0,0.40283152,0
httpcore,10463,0,0.026327638,0
httpcore,10841,0,0.0070738695,0
httpcore,10430,0,0.2426591,0
httpcore,11099,0,0.14875722,0
httpcore,10649,0,0.038065776,0
httpcore,10497,0,0.020765703,0
httpcore,10454,0,0.0050782105,0
httpcore,10561,0,0.012850688,0
httpcore,10457,0,0.2616173,0
httpcore,10849,0,0.10346838,0
httpcore,10881,1,0.35257974,0
httpcore,10484,0,0.08674969,0
httpcore,10817,0,0.20028602,0
httpcore,10519,0,0.6712651,1
httpcore,10926,0,0.27878472,0
httpcore,10873,0,0.3756193,0
httpcore,10781,0,0.23052293,0
httpcore,10811,0,0.0203096,0
httpcore,10693,0,0.032242965,0
httpcore,10608,0,0.20049009,0
httpcore,10620,0,0.47219762,0
httpcore,10416,0,0.61025286,1
httpcore,10973,0,0.07561085,0
httpcore,10779,0,0.030474674,0
httpcore,10883,0,0.28056738,0
httpcore,10956,0,0.077627935,0
httpcore,10984,0,0.5401048,1
incubator-dubbo,9591,0,0.06841727,0
incubator-dubbo,9397,0,0.008546977,0
incubator-dubbo,9702,0,0.017769435,0
incubator-dubbo,9943,0,0.037564367,0
incubator-dubbo,9500,0,0.012083173,0
incubator-dubbo,8056,0,0.0062517873,0
incubator-dubbo,8312,0,0.00993762,0
incubator-dubbo,8820,0,0.035187025,0
incubator-dubbo,7965,0,0.4172844,0
incubator-dubbo,8295,0,0.046217065,0
incubator-dubbo,9527,0,0.009507278,0
incubator-dubbo,8482,0,0.0036950414,0
incubator-dubbo,8798,0,0.0115877185,0
incubator-dubbo,7913,0,0.050947282,0
incubator-dubbo,9968,0,0.030624298,0
incubator-dubbo,8822,0,0.08145096,0
incubator-dubbo,9462,0,0.003194338,0
incubator-dubbo,9558,0,0.03957842,0
incubator-dubbo,8023,0,0.0021290793,0
incubator-dubbo,9003,0,0.0037710704,0
incubator-dubbo,8139,0,0.03048945,0
incubator-dubbo,9224,0,0.0028667536,0
incubator-dubbo,8155,0,0.006786081,0
incubator-dubbo,8096,0,0.020518545,0
incubator-dubbo,8918,0,0.0018672921,0
incubator-dubbo,8039,0,0.013765224,0
incubator-dubbo,8140,0,0.02262922,0
incubator-dubbo,9247,0,0.2287438,0
incubator-dubbo,9046,0,0.11524444,0
incubator-dubbo,9432,0,0.015464811,0
incubator-dubbo,8741,0,0.009763977,0
incubator-dubbo,8859,0,0.0035760421,0
incubator-dubbo,8442,0,0.019529544,0
incubator-dubbo,9956,0,0.004313375,0
incubator-dubbo,7830,0,0.0433384,0
incubator-dubbo,9737,0,0.7630038,1
incubator-dubbo,9612,0,0.031198585,0
incubator-dubbo,7851,0,0.008450916,0
incubator-dubbo,8893,0,0.0053109783,0
incubator-dubbo,9514,0,0.0070668664,0
incubator-dubbo,8025,0,0.0021290793,0
incubator-dubbo,9542,0,0.002647467,0
incubator-dubbo,8884,0,0.004796553,0
incubator-dubbo,8098,0,0.04314749,0
incubator-dubbo,8170,0,0.020758994,0
incubator-dubbo,9396,0,0.008546977,0
incubator-dubbo,7934,0,0.8436404,1
incubator-dubbo,7929,0,0.46777302,0
incubator-dubbo,9522,0,0.011856181,0
incubator-dubbo,8433,0,0.019529544,0
incubator-dubbo,8396,0,0.024011044,0
incubator-dubbo,9161,0,0.02517744,0
incubator-dubbo,9884,0,0.012736269,0
incubator-dubbo,8201,0,0.019529544,0
incubator-dubbo,8645,0,0.005860094,0
incubator-dubbo,9168,0,0.032534145,0
incubator-dubbo,8397,0,0.026317697,0
incubator-dubbo,9447,0,0.003194338,0
incubator-dubbo,8860,0,0.0035760421,0
incubator-dubbo,8150,0,0.017430672,0
incubator-dubbo,9272,0,0.048554145,0
incubator-dubbo,8932,0,0.0018672921,0
incubator-dubbo,9587,0,0.042678516,0
incubator-dubbo,9068,0,0.11291112,0
incubator-dubbo,9903,0,0.27915454,0
incubator-dubbo,9164,0,0.018446593,0
incubator-dubbo,9655,0,0.09681017,0
incubator-dubbo,11129,0,0.09681017,0
incubator-dubbo,8450,0,0.015721474,0
incubator-dubbo,8315,0,0.0138859935,0
incubator-dubbo,9282,0,0.21988252,0
incubator-dubbo,9223,0,0.26392394,0
incubator-dubbo,9730,0,0.005793102,0
incubator-dubbo,7823,0,0.34631526,0
incubator-dubbo,8302,0,0.05078545,0
incubator-dubbo,9595,0,0.0050350293,0
incubator-dubbo,8289,0,0.021257885,0
incubator-dubbo,8423,0,0.019529544,0
incubator-dubbo,9440,0,0.008546977,0
incubator-dubbo,7991,0,0.0032015718,0
incubator-dubbo,8950,0,0.0146434335,0
incubator-dubbo,8218,0,0.035179343,0
incubator-dubbo,9767,0,0.048773646,0
incubator-dubbo,9825,0,0.0039568674,0
incubator-dubbo,8891,0,0.01823633,0
incubator-dubbo,8973,0,0.014602532,0
incubator-dubbo,8474,0,0.013756611,0
incubator-dubbo,9886,0,0.038811475,0
incubator-dubbo,9072,0,0.119098604,0
incubator-dubbo,8763,0,0.009782094,0
incubator-dubbo,8461,0,0.012706642,0
incubator-dubbo,8325,0,0.021257885,0
incubator-dubbo,8337,0,0.016830247,0
incubator-dubbo,8791,0,0.0045936215,0
incubator-dubbo,8005,0,0.0075566545,0
incubator-dubbo,9116,0,0.0832776,0
incubator-dubbo,9780,0,0.022075873,0
incubator-dubbo,8955,0,0.0021244828,0
incubator-dubbo,8208,0,0.029631538,0
incubator-dubbo,9013,0,0.0037710704,0
incubator-dubbo,8888,0,0.01766868,0
incubator-dubbo,9461,0,0.049330782,0
incubator-dubbo,9947,0,0.81043607,1
incubator-dubbo,9479,0,0.02149102,0
incubator-dubbo,9137,0,0.006906297,0
incubator-dubbo,8235,0,0.015922716,0
incubator-dubbo,8856,0,0.013677624,0
incubator-dubbo,9424,0,0.029238405,0
incubator-dubbo,8621,0,0.081045754,0
incubator-dubbo,9938,0,0.008787449,0
incubator-dubbo,9383,0,0.013846052,0
incubator-dubbo,8743,0,0.009547538,0
incubator-dubbo,9227,0,0.08261964,0
incubator-dubbo,9955,0,0.17381395,0
incubator-dubbo,9302,0,0.0053824177,0
incubator-dubbo,9147,0,0.007805168,0
incubator-dubbo,9734,0,0.029467616,0
incubator-dubbo,8369,0,0.031667415,0
incubator-dubbo,9280,0,0.008001473,0
incubator-dubbo,9303,0,0.0026901516,0
incubator-dubbo,8578,0,0.031527948,0
incubator-dubbo,9872,0,0.2731822,0
incubator-dubbo,9041,0,0.01658764,0
incubator-dubbo,9411,0,0.01345025,0
incubator-dubbo,9578,0,0.82500696,1
incubator-dubbo,8068,0,0.0032886378,0
incubator-dubbo,8840,0,0.0022797077,0
incubator-dubbo,9082,0,0.083570965,0
incubator-dubbo,9507,0,0.14341146,0
incubator-dubbo,9377,0,0.014933246,0
incubator-dubbo,9668,0,0.54992104,1
incubator-dubbo,9756,0,0.71233684,1
incubator-dubbo,7828,0,0.049278736,0
incubator-dubbo,8424,0,0.03410619,0
incubator-dubbo,9695,0,0.012371526,0
incubator-dubbo,8976,0,0.003794589,0
incubator-dubbo,9797,0,0.0032726186,0
incubator-dubbo,8725,0,0.002690849,0
incubator-dubbo,8382,0,0.0196886,0
incubator-dubbo,9366,0,0.015700923,0
incubator-dubbo,8221,0,0.14304484,0
incubator-dubbo,9495,0,0.3997657,0
incubator-dubbo,9723,0,0.01645208,0
incubator-dubbo,7931,0,0.04591885,0
incubator-dubbo,9322,0,0.008791212,0
incubator-dubbo,9207,0,0.0051957355,0
incubator-dubbo,8205,0,0.019529544,0
incubator-dubbo,8503,0,0.057776436,0
incubator-dubbo,9315,0,0.038170993,0
incubator-dubbo,9764,0,0.12462319,0
incubator-dubbo,8500,0,0.06383332,0
incubator-dubbo,9598,0,0.4250709,0
incubator-dubbo,9635,0,0.019002235,0
incubator-dubbo,9028,0,0.0018847255,0
incubator-dubbo,8044,0,0.008108201,0
incubator-dubbo,9008,0,0.22214657,0
incubator-dubbo,8006,0,0.24747887,0
incubator-dubbo,8010,0,0.03890872,0
incubator-dubbo,8296,0,0.037387855,0
incubator-dubbo,8679,0,0.036344066,0
incubator-dubbo,8156,0,0.012443909,0
incubator-dubbo,8673,0,0.002690849,0
incubator-dubbo,9683,0,0.15039466,0
incubator-dubbo,9463,0,0.003194338,0
incubator-dubbo,8740,0,0.0031048597,0
incubator-dubbo,9012,0,0.001945614,0
incubator-dubbo,9727,0,0.05001806,0
incubator-dubbo,9142,0,0.0038195653,0
incubator-dubbo,8127,0,0.3016391,0
incubator-dubbo,8794,0,0.018561644,0
incubator-dubbo,8389,0,0.024011044,0
incubator-dubbo,9501,0,0.08714478,0
incubator-dubbo,9862,0,0.14540292,0
incubator-dubbo,8417,0,0.013756611,0
incubator-dubbo,7928,0,0.03370253,0
incubator-dubbo,9360,0,0.048134588,0
incubator-dubbo,8668,0,0.0017408686,0
incubator-dubbo,9751,0,0.0045250407,0
incubator-dubbo,8416,0,0.022352805,0
incubator-dubbo,9717,0,0.18706967,0
incubator-dubbo,8783,0,0.015196826,0
incubator-dubbo,9858,0,0.3021773,0
incubator-dubbo,8020,0,0.00570187,0
incubator-dubbo,8490,0,0.0043568267,0
incubator-dubbo,8021,0,0.008015962,0
incubator-dubbo,7916,0,0.027468788,0
incubator-dubbo,8650,0,0.008987165,0
incubator-dubbo,8471,0,0.008217718,0
incubator-dubbo,9853,0,0.8132857,1
incubator-dubbo,7829,0,0.0433384,0
incubator-dubbo,9174,0,0.024799053,0
incubator-dubbo,8823,0,0.0040972647,0
incubator-dubbo,8545,0,0.014369114,0
incubator-dubbo,8542,0,0.0019561527,0
incubator-dubbo,9210,0,0.0062246365,0
incubator-dubbo,8879,0,0.12500417,0
incubator-dubbo,9718,0,0.03914291,0
incubator-dubbo,9609,0,0.32684487,0
incubator-dubbo,7908,0,0.018768977,0
incubator-dubbo,7988,0,0.008241996,0
incubator-dubbo,9466,0,0.018521758,0
incubator-dubbo,8091,0,0.044775426,0
incubator-dubbo,7921,0,0.008663359,0
incubator-dubbo,9953,0,0.07435541,0
incubator-dubbo,9762,0,0.02380018,0
incubator-dubbo,8435,0,0.019529544,0
incubator-dubbo,9165,0,0.03630557,0
incubator-dubbo,7973,0,0.002884531,0
incubator-dubbo,8784,0,0.01639282,0
incubator-dubbo,8031,0,0.1013144,0
incubator-dubbo,9575,0,0.7438489,1
incubator-dubbo,9185,0,0.002803028,0
incubator-dubbo,9589,0,0.0068379017,0
incubator-dubbo,9796,0,0.040580727,0
incubator-dubbo,9251,0,0.16858031,0
incubator-dubbo,9213,0,0.0071972185,0
incubator-dubbo,9677,0,0.011872024,0
incubator-dubbo,9214,0,0.004675239,0
incubator-dubbo,7979,0,0.036948945,0
incubator-dubbo,8334,0,0.45248467,0
incubator-dubbo,9907,0,0.53466505,1
incubator-dubbo,8516,0,0.7380666,1
incubator-dubbo,8911,0,0.06711533,0
incubator-dubbo,8838,0,0.008924166,0
incubator-dubbo,9134,0,0.28492582,0
incubator-dubbo,9081,0,0.8290377,1
incubator-dubbo,9438,0,0.01773217,0
incubator-dubbo,9275,0,0.043027267,0
incubator-dubbo,9386,0,0.015281077,0
incubator-dubbo,9900,0,0.29109946,0
incubator-dubbo,9930,0,0.00326058,0
incubator-dubbo,8998,0,0.07199682,0
incubator-dubbo,9934,0,0.09703448,0
incubator-dubbo,8123,0,0.015219421,0
incubator-dubbo,9306,0,0.0057116942,0
incubator-dubbo,8246,0,0.019529544,0
incubator-dubbo,7860,0,0.53107196,1
incubator-dubbo,7938,0,0.06728759,0
incubator-dubbo,8065,0,0.008844333,0
incubator-dubbo,8497,0,0.011398092,0
incubator-dubbo,8181,0,0.019529544,0
incubator-dubbo,8476,0,0.036914364,0
incubator-dubbo,8012,0,0.55040914,1
incubator-dubbo,9094,0,0.06225683,0
incubator-dubbo,8495,0,0.49971786,0
incubator-dubbo,9309,0,0.00214461,0
incubator-dubbo,9735,1,0.90567666,1
incubator-dubbo,8920,0,0.0075787073,0
incubator-dubbo,8453,0,0.12281704,0
incubator-dubbo,9904,0,0.04557392,0
incubator-dubbo,8375,0,0.0314791,0
incubator-dubbo,8982,0,0.0018847255,0
incubator-dubbo,8196,0,0.013756611,0
incubator-dubbo,9148,0,0.010176461,0
incubator-dubbo,9603,0,0.09970834,0
incubator-dubbo,8900,0,0.017950451,0
incubator-dubbo,8110,0,0.009730848,0
incubator-dubbo,9583,0,0.027311321,0
incubator-dubbo,8841,0,0.0035552175,0
incubator-dubbo,9036,0,0.0038086257,0
incubator-dubbo,9043,0,0.005959608,0
incubator-dubbo,7978,0,0.0022967742,0
incubator-dubbo,9230,0,0.008585745,0
incubator-dubbo,8847,0,0.116270185,0
incubator-dubbo,8941,0,0.17913976,0
incubator-dubbo,8518,0,0.47308496,0
incubator-dubbo,8398,0,0.022352805,0
incubator-dubbo,8430,0,0.02467385,0
incubator-dubbo,8159,0,0.010501258,0
incubator-dubbo,8368,0,0.022352805,0
incubator-dubbo,9553,0,0.013303868,0
incubator-dubbo,8721,0,0.0038292734,0
incubator-dubbo,9879,1,0.04494598,0
incubator-dubbo,8323,0,0.021728396,0
incubator-dubbo,7977,0,0.022348816,0
incubator-dubbo,7940,0,0.4430923,0
incubator-dubbo,8166,0,0.006786081,0
incubator-dubbo,8101,0,0.05591225,0
incubator-dubbo,8360,0,0.022352805,0
incubator-dubbo,9321,0,0.018619932,0
incubator-dubbo,9493,0,0.14129016,0
incubator-dubbo,8349,0,0.015010178,0
incubator-dubbo,8572,0,0.0012862167,0
incubator-dubbo,8550,0,0.004842543,0
incubator-dubbo,7857,0,0.008450916,0
incubator-dubbo,9146,0,0.004416084,0
incubator-dubbo,8470,0,0.05078545,0
incubator-dubbo,9684,0,0.29667538,0
incubator-dubbo,9510,0,0.009600816,0
incubator-dubbo,8249,0,0.021728396,0
incubator-dubbo,8863,0,0.012914126,0
incubator-dubbo,9557,0,0.0059755216,0
incubator-dubbo,8583,0,0.0069596586,0
incubator-dubbo,9721,0,0.12622036,0
incubator-dubbo,8908,0,0.004720349,0
incubator-dubbo,9782,0,0.34838757,0
incubator-dubbo,8263,0,0.02893078,0
incubator-dubbo,9308,0,0.0057116942,0
incubator-dubbo,8211,0,0.019529544,0
incubator-dubbo,8952,0,0.0032550956,0
incubator-dubbo,8401,0,0.013756611,0
incubator-dubbo,9074,0,0.03856326,0
incubator-dubbo,9821,0,0.008760663,0
incubator-dubbo,8494,0,0.7862411,1
incubator-dubbo,9243,0,0.023908013,0
incubator-dubbo,9890,0,0.021634117,0
incubator-dubbo,9481,0,0.010623774,0
incubator-dubbo,9307,0,0.0057116942,0
incubator-dubbo,8480,0,0.08449244,0
incubator-dubbo,9845,0,0.0075476593,0
incubator-dubbo,9429,0,0.041189305,0
incubator-dubbo,7896,0,0.13612133,0
incubator-dubbo,9056,0,0.14195608,0
incubator-dubbo,9232,0,0.17820764,0
incubator-dubbo,8206,0,0.022022568,0
incubator-dubbo,9205,0,0.0059784846,0
incubator-dubbo,9530,0,0.015010178,0
incubator-dubbo,8896,0,0.0039304662,0
incubator-dubbo,9404,0,0.018623784,0
incubator-dubbo,9567,0,0.019763853,0
incubator-dubbo,9502,0,0.03080114,0
incubator-dubbo,8593,0,0.013289635,0
incubator-dubbo,9387,0,0.056886964,0
incubator-dubbo,8436,0,0.013756611,0
incubator-dubbo,9312,0,0.003720473,0
incubator-dubbo,8797,0,0.012908874,0
incubator-dubbo,8292,0,0.029140493,0
incubator-dubbo,9419,0,0.023417033,0
incubator-dubbo,9785,0,0.008084685,0
incubator-dubbo,8135,0,0.015219421,0
incubator-dubbo,9754,0,0.049120814,0
incubator-dubbo,8299,0,0.043907117,0
incubator-dubbo,9030,0,0.0018847255,0
incubator-dubbo,9197,0,0.03816544,0
incubator-dubbo,9901,0,0.15264495,0
incubator-dubbo,8513,0,0.0023110602,0
incubator-dubbo,8564,0,0.0049581993,0
incubator-dubbo,9151,0,0.024678515,0
incubator-dubbo,7909,0,0.45677474,0
incubator-dubbo,8492,0,0.24212493,0
incubator-dubbo,9367,0,0.015700923,0
incubator-dubbo,8939,0,0.3406,0
incubator-dubbo,9038,0,0.0018847255,0
incubator-dubbo,9204,0,0.012418925,0
incubator-dubbo,9633,0,0.015010178,0
incubator-dubbo,9757,0,0.015092484,0
incubator-dubbo,8316,0,0.02185375,0
incubator-dubbo,9341,0,0.002112001,0
incubator-dubbo,8883,0,0.0026706336,0
incubator-dubbo,9330,0,0.0070925322,0
incubator-dubbo,9228,0,0.08065907,0
incubator-dubbo,9034,0,0.0018672921,0
incubator-dubbo,9763,0,0.06600964,0
incubator-dubbo,9125,0,0.12121235,0
incubator-dubbo,8680,0,0.01224026,0
incubator-dubbo,7948,0,0.030684866,0
incubator-dubbo,8120,0,0.009730848,0
incubator-dubbo,8391,0,0.008958354,0
incubator-dubbo,8505,0,0.53002065,1
incubator-dubbo,8242,0,0.008087603,0
incubator-dubbo,8848,0,0.0051486474,0
incubator-dubbo,8949,0,0.0146434335,0
incubator-dubbo,8084,0,0.0024962744,0
incubator-dubbo,7972,0,0.102359265,0
incubator-dubbo,8409,0,0.02467385,0
incubator-dubbo,7990,0,0.1623302,0
incubator-dubbo,9192,0,0.09935129,0
incubator-dubbo,8560,0,0.004842543,0
incubator-dubbo,8239,0,0.029631538,0
incubator-dubbo,8742,0,0.005272961,0
incubator-dubbo,9158,0,0.3949145,0
incubator-dubbo,9492,0,0.0016792007,0
incubator-dubbo,7840,0,0.016013624,0
incubator-dubbo,8273,0,0.021257885,0
incubator-dubbo,8277,0,0.029140493,0
incubator-dubbo,9634,0,0.011856181,0
incubator-dubbo,8546,0,0.0077656778,0
incubator-dubbo,8738,0,0.006302056,0
incubator-dubbo,8855,0,0.42139015,0
incubator-dubbo,8768,0,0.0012862167,0
incubator-dubbo,8776,0,0.012738223,0
incubator-dubbo,8473,0,0.008087603,0
incubator-dubbo,9152,0,0.34719482,0
incubator-dubbo,8131,0,0.08213914,0
incubator-dubbo,9178,0,0.31113246,0
incubator-dubbo,7907,0,0.53610957,1
incubator-dubbo,8454,0,0.05078545,0
incubator-dubbo,9642,0,0.3998496,0
incubator-dubbo,7887,0,0.008925039,0
incubator-dubbo,8171,0,0.022022568,0
incubator-dubbo,8371,0,0.015010178,0
incubator-dubbo,8958,0,0.0021244828,0
incubator-dubbo,8094,0,0.010501258,0
incubator-dubbo,8515,0,0.060561188,0
incubator-dubbo,8217,0,0.035179343,0
incubator-dubbo,8458,0,0.019529544,0
incubator-dubbo,9035,0,0.003628144,0
incubator-dubbo,8306,0,0.021257885,0
incubator-dubbo,8192,0,0.022022568,0
incubator-dubbo,8648,0,0.009906433,0
incubator-dubbo,9885,0,0.74215305,1
incubator-dubbo,9619,0,0.052471366,0
incubator-dubbo,8481,0,0.0052871113,0
incubator-dubbo,9025,0,0.788995,1
incubator-dubbo,8634,0,0.11003847,0
incubator-dubbo,7945,0,0.014252386,0
incubator-dubbo,8917,0,0.021868642,0
incubator-dubbo,8514,0,0.797128,1
incubator-dubbo,8058,0,0.02119432,0
incubator-dubbo,9285,0,0.5394246,1
incubator-dubbo,8188,0,0.022352805,0
incubator-dubbo,8839,0,0.0035552175,0
incubator-dubbo,7958,0,0.029195532,0
incubator-dubbo,9549,0,0.0039858874,0
incubator-dubbo,8468,0,0.010484811,0
incubator-dubbo,8526,0,0.04282678,0
incubator-dubbo,8248,0,0.14975366,0
incubator-dubbo,9863,0,0.026130112,0
incubator-dubbo,9758,0,0.021663018,0
incubator-dubbo,8639,0,0.0048543895,0
incubator-dubbo,9394,0,0.007909648,0
incubator-dubbo,9912,0,0.07207587,0
incubator-dubbo,8200,0,0.019039843,0
incubator-dubbo,9033,0,0.0018847255,0
incubator-dubbo,8959,0,0.0021244828,0
incubator-dubbo,8032,0,0.034283187,0
incubator-dubbo,8203,0,0.019529544,0
incubator-dubbo,9398,0,0.008546977,0
incubator-dubbo,8935,0,0.011050962,0
incubator-dubbo,9264,0,0.033014487,0
incubator-dubbo,8053,0,0.002570675,0
incubator-dubbo,8664,0,0.014542069,0
incubator-dubbo,8355,0,0.013575022,0
incubator-dubbo,9154,0,0.5693254,1
incubator-dubbo,8892,0,0.021146564,0
incubator-dubbo,8330,0,0.14201128,0
incubator-dubbo,7827,0,0.14262234,0
incubator-dubbo,9896,0,0.024912642,0
incubator-dubbo,8894,0,0.0053109783,0
incubator-dubbo,8584,0,0.007597517,0
incubator-dubbo,8223,0,0.029631538,0
incubator-dubbo,8524,0,0.0981858,0
incubator-dubbo,9924,0,0.5813192,1
incubator-dubbo,8027,0,0.0035113667,0
incubator-dubbo,8260,0,0.021257885,0
incubator-dubbo,8466,0,0.028285803,0
incubator-dubbo,9456,0,0.004163752,0
incubator-dubbo,8936,0,0.41725898,0
incubator-dubbo,8517,0,0.057776436,0
incubator-dubbo,9095,0,0.10309907,0
incubator-dubbo,8834,0,0.0018865591,0
incubator-dubbo,9740,0,0.05360461,0
incubator-dubbo,8775,0,0.0046175537,0
incubator-dubbo,9108,0,0.06366727,0
incubator-dubbo,8378,0,0.030457558,0
incubator-dubbo,8729,0,0.0073496625,0
incubator-dubbo,8428,0,0.020354733,0
incubator-dubbo,8912,0,0.0038400644,0
incubator-dubbo,8971,0,0.0023984816,0
incubator-dubbo,8559,0,0.015923912,0
incubator-dubbo,9859,0,0.46516696,0
incubator-dubbo,9779,0,0.02853261,0
incubator-dubbo,9014,0,0.017507663,0
incubator-dubbo,7879,0,0.045168545,0
incubator-dubbo,9090,0,0.44396093,0
incubator-dubbo,9519,0,0.011856181,0
incubator-dubbo,9410,0,0.01345025,0
incubator-dubbo,8774,0,0.016940448,0
incubator-dubbo,8507,0,0.0069937645,0
incubator-dubbo,8703,0,0.21695703,0
incubator-dubbo,9839,1,0.53133905,1
incubator-dubbo,9316,0,0.013643231,0
incubator-dubbo,9049,0,0.0130373705,0
incubator-dubbo,8985,0,0.16625763,0
incubator-dubbo,8486,0,0.008408698,0
incubator-dubbo,7961,0,0.0061472855,0
incubator-dubbo,7894,0,0.7505197,1
incubator-dubbo,7925,0,0.03794157,0
incubator-dubbo,9426,0,0.022765923,0
incubator-dubbo,8301,0,0.15532506,0
incubator-dubbo,9256,0,0.23271121,0
incubator-dubbo,8658,0,0.011060419,0
incubator-dubbo,8130,0,0.010501258,0
incubator-dubbo,8582,0,0.009632101,0
incubator-dubbo,9369,0,0.016273811,0
incubator-dubbo,8686,0,0.009238868,0
incubator-dubbo,9475,0,0.007334535,0
incubator-dubbo,8193,0,0.019529544,0
incubator-dubbo,9541,0,0.0037604084,0
incubator-dubbo,8826,0,0.16358869,0
incubator-dubbo,9910,0,0.17311025,0
incubator-dubbo,9741,0,0.0076781344,0
incubator-dubbo,8698,0,0.4191866,0
incubator-dubbo,8647,0,0.0057276506,0
incubator-dubbo,8148,0,0.07253986,0
incubator-dubbo,7919,0,0.7165557,1
incubator-dubbo,8567,0,0.0013473295,0
incubator-dubbo,9071,0,0.12807097,0
incubator-dubbo,9257,0,0.014882408,0
incubator-dubbo,7974,0,0.12143495,0
incubator-dubbo,9222,0,0.050995972,0
incubator-dubbo,8691,0,0.2957909,0
incubator-dubbo,7844,0,0.008721367,0
incubator-dubbo,8671,0,0.24935128,0
incubator-dubbo,9508,0,0.0097160395,0
incubator-dubbo,9067,0,0.2234142,0
incubator-dubbo,8803,0,0.012203032,0
incubator-dubbo,8394,0,0.019713892,0
incubator-dubbo,8309,0,0.013105109,0
incubator-dubbo,8446,0,0.04432006,0
incubator-dubbo,9906,0,0.33023894,0
incubator-dubbo,9450,0,0.004963693,0
incubator-dubbo,8659,0,0.004707385,0
incubator-dubbo,9700,0,0.39159453,0
incubator-dubbo,8960,0,0.0026989034,0
incubator-dubbo,8061,0,0.08063391,0
incubator-dubbo,8085,0,0.028116727,0
incubator-dubbo,7871,0,0.39374447,0
incubator-dubbo,8732,0,0.009272292,0
incubator-dubbo,8773,0,0.010203751,0
incubator-dubbo,9099,0,0.0032741711,0
incubator-dubbo,8811,0,0.007095004,0
incubator-dubbo,8709,0,0.0062314095,0
incubator-dubbo,8824,0,0.0077152844,0
incubator-dubbo,9111,0,0.021426892,0
incubator-dubbo,8189,0,0.012059396,0
incubator-dubbo,8400,0,0.020354733,0
incubator-dubbo,8102,0,0.017430672,0
incubator-dubbo,8153,0,0.014138842,0
incubator-dubbo,9876,1,0.07158508,0
incubator-dubbo,9948,0,0.9038475,1
incubator-dubbo,9662,0,0.33037505,0
incubator-dubbo,9625,0,0.14262234,0
incubator-dubbo,9088,0,0.13750224,0
incubator-dubbo,8589,0,0.026630275,0
incubator-dubbo,9242,1,0.020419253,0
incubator-dubbo,9193,0,0.17826775,0
incubator-dubbo,9331,0,0.01141264,0
incubator-dubbo,8850,0,0.0035760421,0
incubator-dubbo,8786,0,0.0076740696,0
incubator-dubbo,9358,0,0.0036761204,0
incubator-dubbo,8407,0,0.062350772,0
incubator-dubbo,7872,0,0.002341695,0
incubator-dubbo,8415,0,0.019529544,0
incubator-dubbo,8617,0,0.0044777864,0
incubator-dubbo,8381,0,0.022352805,0
incubator-dubbo,8145,0,0.022089597,0
incubator-dubbo,8630,0,0.002481428,0
incubator-dubbo,8633,0,0.002481428,0
incubator-dubbo,9487,0,0.006865046,0
incubator-dubbo,9039,0,0.0018672921,0
incubator-dubbo,8624,0,0.009384248,0
incubator-dubbo,8525,0,0.006361542,0
incubator-dubbo,8324,0,0.04011829,0
incubator-dubbo,9403,0,0.02317537,0
incubator-dubbo,9464,0,0.024145057,0
incubator-dubbo,9169,0,0.17883863,0
incubator-dubbo,8592,0,0.06092087,0
incubator-dubbo,9058,0,0.54364765,1
incubator-dubbo,8818,0,0.0039358074,0
incubator-dubbo,8983,0,0.13904716,0
incubator-dubbo,9409,0,0.01345025,0
incubator-dubbo,9964,0,0.009595584,0
incubator-dubbo,9654,0,0.010582665,0
incubator-dubbo,9443,0,0.0069499435,0
incubator-dubbo,9586,0,0.05205776,0
incubator-dubbo,8163,0,0.07253986,0
incubator-dubbo,8943,0,0.19990331,0
incubator-dubbo,8177,0,0.036267057,0
incubator-dubbo,8028,0,0.20954509,0
incubator-dubbo,8965,0,0.0018375393,0
incubator-dubbo,7886,0,0.007820084,0
incubator-dubbo,7882,0,0.011129552,0
incubator-dubbo,8549,0,0.007805168,0
incubator-dubbo,9976,0,0.002923746,0
incubator-dubbo,9752,0,0.055549826,0
incubator-dubbo,9944,0,0.02917907,0
incubator-dubbo,7897,0,0.0077709374,0
incubator-dubbo,9523,0,0.0112125315,0
incubator-dubbo,8696,0,0.025272202,0
incubator-dubbo,8092,0,0.014138842,0
incubator-dubbo,9827,0,0.20729794,0
incubator-dubbo,9482,0,0.01191358,0
incubator-dubbo,7848,0,0.025085604,0
incubator-dubbo,8928,0,0.002364263,0
incubator-dubbo,9685,0,0.0074642175,0
incubator-dubbo,9345,0,0.003194338,0
incubator-dubbo,8628,0,0.0037464262,0
incubator-dubbo,9016,0,0.0017417927,0
incubator-dubbo,8573,0,0.004707385,0
incubator-dubbo,8644,0,0.29564455,0
incubator-dubbo,8489,0,0.007887688,0
incubator-dubbo,9504,0,0.070456296,0
incubator-dubbo,9672,0,0.15073985,0
incubator-dubbo,9454,0,0.003194338,0
incubator-dubbo,8279,0,0.021257885,0
incubator-dubbo,8274,0,0.021728396,0
incubator-dubbo,9543,0,0.8416283,1
incubator-dubbo,8635,0,0.077044815,0
incubator-dubbo,8194,0,0.019529544,0
incubator-dubbo,9225,0,0.004675239,0
incubator-dubbo,8700,0,0.034735054,0
incubator-dubbo,8406,0,0.062350772,0
incubator-dubbo,8599,0,0.027108487,0
incubator-dubbo,9629,0,0.022086618,0
incubator-dubbo,8063,0,0.0062517873,0
incubator-dubbo,9258,0,0.011558296,0
incubator-dubbo,8799,0,0.31657833,0
incubator-dubbo,8551,0,0.00634125,0
incubator-dubbo,9606,0,0.089481466,0
incubator-dubbo,8425,0,0.019529544,0
incubator-dubbo,8649,0,0.0057276506,0
incubator-dubbo,9340,0,0.004171601,0
incubator-dubbo,8591,0,0.00374641,0
incubator-dubbo,8439,0,0.008087603,0
incubator-dubbo,8303,0,0.05078545,0
incubator-dubbo,7822,0,0.0433384,0
incubator-dubbo,9512,0,0.22584705,0
incubator-dubbo,8457,0,0.02467385,0
incubator-dubbo,9114,0,0.19616717,0
incubator-dubbo,9478,0,0.014307176,0
incubator-dubbo,9618,0,0.13127972,0
incubator-dubbo,9293,0,0.003110491,0
incubator-dubbo,9130,0,0.28348434,0
incubator-dubbo,9601,0,0.77842116,1
incubator-dubbo,8792,0,0.0046175537,0
incubator-dubbo,7838,0,0.011016365,0
incubator-dubbo,9539,0,0.01606758,0
incubator-dubbo,9682,0,0.15039466,0
incubator-dubbo,8504,0,0.6275381,1
incubator-dubbo,8404,0,0.023811743,0
incubator-dubbo,9729,0,0.23799273,0
incubator-dubbo,9300,0,0.003866688,0
incubator-dubbo,7985,0,0.003149018,0
incubator-dubbo,8574,0,0.0038972115,0
incubator-dubbo,9963,0,0.024561511,0
incubator-dubbo,9428,0,0.0078001777,0
incubator-dubbo,7982,0,0.008152334,0
incubator-dubbo,7854,0,0.053069744,0
incubator-dubbo,8322,0,0.034616288,0
incubator-dubbo,9490,0,0.0037355302,0
incubator-dubbo,9880,1,0.07288616,0
incubator-dubbo,9001,0,0.0018672921,0
incubator-dubbo,9209,0,0.0062523796,0
incubator-dubbo,9852,0,0.8254975,1
incubator-dubbo,8262,0,0.013629603,0
incubator-dubbo,9009,0,0.034071445,0
incubator-dubbo,9663,0,0.07078342,0
incubator-dubbo,7846,0,0.15344478,0
incubator-dubbo,8050,0,0.0030763026,0
incubator-dubbo,9395,0,0.007909648,0
incubator-dubbo,9420,0,0.021913607,0
incubator-dubbo,9477,0,0.0063872193,0
incubator-dubbo,8641,0,0.031746827,0
incubator-dubbo,9816,0,0.2211394,0
incubator-dubbo,9342,0,0.0958026,0
incubator-dubbo,9238,0,0.2508175,0
incubator-dubbo,8122,0,0.010501258,0
incubator-dubbo,8037,0,0.0014884518,0
incubator-dubbo,8333,0,0.035700515,0
incubator-dubbo,8437,0,0.013756611,0
incubator-dubbo,9616,0,0.052471366,0
incubator-dubbo,8484,0,0.60230374,1
incubator-dubbo,8533,0,0.0015485687,0
incubator-dubbo,9857,0,0.84777397,1
incubator-dubbo,9106,0,0.073141165,0
incubator-dubbo,8245,0,0.036914364,0
incubator-dubbo,9826,0,0.4946351,0
incubator-dubbo,8013,0,0.018272882,0
incubator-dubbo,8055,0,0.0030763026,0
incubator-dubbo,9769,0,0.2942197,0
incubator-dubbo,9820,0,0.16410428,0
incubator-dubbo,9818,0,0.11336991,0
incubator-dubbo,7969,0,0.021371799,0
incubator-dubbo,7998,0,0.008241996,0
incubator-dubbo,8469,0,0.04485625,0
incubator-dubbo,7883,0,0.011365657,0
incubator-dubbo,9556,0,0.0042182454,0
incubator-dubbo,8996,0,0.0018847255,0
incubator-dubbo,9497,0,0.035257187,0
incubator-dubbo,9364,0,0.0066053197,0
incubator-dubbo,9860,0,0.40984288,0
incubator-dubbo,8751,0,0.010803696,0
incubator-dubbo,8878,0,0.004720349,0
incubator-dubbo,8782,0,0.01639282,0
incubator-dubbo,9425,0,0.014717884,0
incubator-dubbo,9610,0,0.052471366,0
incubator-dubbo,8961,0,0.0023383787,0
incubator-dubbo,8236,0,0.008093515,0
incubator-dubbo,8125,0,0.015219421,0
incubator-dubbo,8402,0,0.028285803,0
incubator-dubbo,8354,0,0.015010178,0
incubator-dubbo,8167,0,0.015616159,0
incubator-dubbo,8905,0,0.019338632,0
incubator-dubbo,9449,0,0.003194338,0
incubator-dubbo,9918,0,0.03326568,0
incubator-dubbo,8929,0,0.058123656,0
incubator-dubbo,8210,0,0.010560025,0
incubator-dubbo,9027,0,0.030359237,0
incubator-dubbo,9865,0,0.01894853,0
incubator-dubbo,9055,0,0.08991166,0
incubator-dubbo,8882,0,0.004720349,0
incubator-dubbo,9657,0,0.051895943,0
incubator-dubbo,9393,0,0.011993794,0
incubator-dubbo,8934,0,0.0018375393,0
incubator-dubbo,7901,1,0.05593325,0
incubator-dubbo,8077,0,0.0059783803,0
incubator-dubbo,8724,0,0.0040434813,0
incubator-dubbo,9190,0,0.01580453,0
incubator-dubbo,7906,0,0.015698167,0
incubator-dubbo,9021,0,0.067633346,0
incubator-dubbo,7986,0,0.0049258703,0
incubator-dubbo,9738,0,0.45378065,0
incubator-dubbo,8963,0,0.0040423563,0
incubator-dubbo,9231,0,0.015032254,0
incubator-dubbo,8151,0,0.015219421,0
incubator-dubbo,8910,0,0.0018672921,0
incubator-dubbo,9626,0,0.08578616,0
incubator-dubbo,9145,0,0.0040941583,0
incubator-dubbo,9520,0,0.011856181,0
incubator-dubbo,9724,0,0.001234725,0
incubator-dubbo,9855,0,0.7141698,1
incubator-dubbo,8488,0,0.014598189,0
incubator-dubbo,8000,0,0.0052089156,0
incubator-dubbo,9600,0,0.68390256,1
incubator-dubbo,8179,0,0.2696285,0
incubator-dubbo,9087,0,0.15336081,0
incubator-dubbo,7952,0,0.20455664,0
incubator-dubbo,8146,0,0.2742432,0
incubator-dubbo,9389,0,0.0036761204,0
incubator-dubbo,8137,0,0.009730848,0
incubator-dubbo,8291,0,0.021257885,0
incubator-dubbo,9024,0,0.0018672921,0
incubator-dubbo,8336,0,0.022352805,0
incubator-dubbo,8723,0,0.0058526043,0
incubator-dubbo,9485,0,0.02197615,0
incubator-dubbo,8577,0,0.0057054665,0
incubator-dubbo,8566,0,0.0037217299,0
incubator-dubbo,9749,0,0.02444862,0
incubator-dubbo,8459,0,0.019529544,0
incubator-dubbo,8431,0,0.019529544,0
incubator-dubbo,9597,0,0.31685475,0
incubator-dubbo,7947,0,0.027495287,0
incubator-dubbo,8712,0,0.0060521304,0
incubator-dubbo,9574,1,0.86500525,1
incubator-dubbo,8830,0,0.0018865591,0
incubator-dubbo,7895,0,0.1474443,0
incubator-dubbo,8227,0,0.019529544,0
incubator-dubbo,8988,0,0.0018672921,0
incubator-dubbo,7962,0,0.304137,0
incubator-dubbo,8611,0,0.21854043,0
incubator-dubbo,7833,0,0.019022241,0
incubator-dubbo,8701,0,0.02229758,0
incubator-dubbo,8672,0,0.1387609,0
incubator-dubbo,8317,0,0.04485625,0
incubator-dubbo,9150,0,0.14078465,0
incubator-dubbo,7867,0,0.08989752,0
incubator-dubbo,9126,0,0.42984986,0
incubator-dubbo,9163,0,0.11118335,0
incubator-dubbo,8287,0,0.0062864968,0
incubator-dubbo,8981,0,0.0026162532,0
incubator-dubbo,9636,0,0.011856181,0
incubator-dubbo,8278,0,0.021257885,0
incubator-dubbo,8714,0,0.5821553,1
incubator-dubbo,9939,0,0.022422766,0
incubator-dubbo,8869,0,0.0027034173,0
incubator-dubbo,7845,0,0.00992954,0
incubator-dubbo,9800,0,0.08058781,0
incubator-dubbo,8739,0,0.0103544565,0
incubator-dubbo,8615,0,0.005272961,0
incubator-dubbo,9774,0,0.32376626,0
incubator-dubbo,9442,0,0.011142648,0
incubator-dubbo,9850,0,0.8951844,1
incubator-dubbo,7847,0,0.16685708,0
incubator-dubbo,8713,0,0.058730368,0
incubator-dubbo,8164,0,0.006786081,0
incubator-dubbo,7818,0,0.029174184,0
incubator-dubbo,9433,0,0.014358541,0
incubator-dubbo,9352,0,0.011906756,0
incubator-dubbo,9783,0,0.043044582,0
incubator-dubbo,9296,0,0.003110491,0
incubator-dubbo,8927,0,0.002364263,0
incubator-dubbo,9417,0,0.06703741,0
incubator-dubbo,8004,0,0.008241996,0
incubator-dubbo,8833,0,0.0069350875,0
incubator-dubbo,7989,0,0.006816855,0
incubator-dubbo,9053,0,0.1115953,0
incubator-dubbo,8733,0,0.007399196,0
incubator-dubbo,9958,0,0.013011529,0
incubator-dubbo,8344,0,0.015010178,0
incubator-dubbo,8618,0,0.1677771,0
incubator-dubbo,9439,0,0.10149716,0
incubator-dubbo,8049,0,0.0030763026,0
incubator-dubbo,8541,0,0.020031728,0
incubator-dubbo,9806,0,0.26268247,0
incubator-dubbo,9602,0,0.10523092,0
incubator-dubbo,9472,0,0.024970263,0
incubator-dubbo,8108,0,0.020758994,0
incubator-dubbo,7922,0,0.53839505,1
incubator-dubbo,9916,0,0.13677625,0
incubator-dubbo,9075,0,0.07040923,0
incubator-dubbo,8594,0,0.021310994,0
incubator-dubbo,8463,0,0.017572947,0
incubator-dubbo,8444,0,0.028285803,0
incubator-dubbo,9131,0,0.011846471,0
incubator-dubbo,8821,0,0.010779252,0
incubator-dubbo,8607,0,0.018832818,0
incubator-dubbo,9545,0,0.017702976,0
incubator-dubbo,9320,0,0.012977671,0
incubator-dubbo,9768,0,0.076102145,0
incubator-dubbo,8175,0,0.029844673,0
incubator-dubbo,8479,0,0.029703043,0
incubator-dubbo,9123,0,0.019362964,0
incubator-dubbo,8620,0,0.29391652,0
incubator-dubbo,9588,0,0.049981352,0
incubator-dubbo,8652,0,0.054525666,0
incubator-dubbo,9561,0,0.007477933,0
incubator-dubbo,9739,0,0.046767544,0
incubator-dubbo,8154,0,0.010501258,0
incubator-dubbo,8332,0,0.052144025,0
incubator-dubbo,9977,0,0.002923746,0
incubator-dubbo,9878,0,0.0093632955,0
incubator-dubbo,8765,0,0.0034304287,0
incubator-dubbo,8957,0,0.0018672921,0
incubator-dubbo,8271,0,0.021257885,0
incubator-dubbo,9418,0,0.023417033,0
incubator-dubbo,8793,0,0.26657456,0
incubator-dubbo,9022,0,0.0053957202,0
incubator-dubbo,8109,0,0.026666526,0
incubator-dubbo,8772,0,0.15617274,0
incubator-dubbo,8876,0,0.23941135,0
incubator-dubbo,9927,0,0.49295405,0
incubator-dubbo,11132,0,0.4272495,0
incubator-dubbo,8527,0,0.0044995737,0
incubator-dubbo,9841,0,0.38651893,0
incubator-dubbo,8595,0,0.017047228,0
incubator-dubbo,8832,0,0.0060831215,0
incubator-dubbo,9378,0,0.027279178,0
incubator-dubbo,9373,0,0.007529867,0
incubator-dubbo,8280,0,0.021257885,0
incubator-dubbo,8129,0,0.010501258,0
incubator-dubbo,7862,0,0.20439847,0
incubator-dubbo,7876,0,0.023623232,0
incubator-dubbo,9339,0,0.004171601,0
incubator-dubbo,8536,0,0.023518825,0
incubator-dubbo,9287,0,0.046276953,0
incubator-dubbo,9706,0,0.004805345,0
incubator-dubbo,8067,0,0.0044493745,0
incubator-dubbo,8033,0,0.03820187,0
incubator-dubbo,8557,0,0.004842543,0
incubator-dubbo,9370,0,0.0135463765,0
incubator-dubbo,9534,0,0.022086618,0
incubator-dubbo,8810,0,0.004731916,0
incubator-dubbo,9847,0,0.69914937,1
incubator-dubbo,8880,0,0.01766868,0
incubator-dubbo,8487,0,0.012948379,0
incubator-dubbo,8622,0,0.12779848,0
incubator-dubbo,8512,0,0.09299742,0
incubator-dubbo,8019,0,0.0041270107,0
incubator-dubbo,9814,0,0.21012938,0
incubator-dubbo,8259,0,0.021257885,0
incubator-dubbo,8314,0,0.029140493,0
incubator-dubbo,8216,0,0.04432006,0
incubator-dubbo,8222,0,0.08402116,0
incubator-dubbo,7970,0,0.0068379017,0
incubator-dubbo,8064,0,0.06838493,0
incubator-dubbo,9076,0,0.020020878,0
incubator-dubbo,8662,0,0.0078056897,0
incubator-dubbo,9112,0,0.083470866,0
incubator-dubbo,8706,0,0.07209446,0
incubator-dubbo,9413,0,0.0025724163,0
incubator-dubbo,9318,0,0.013807111,0
incubator-dubbo,7825,0,0.097754814,0
incubator-dubbo,9552,0,0.0069592563,0
incubator-dubbo,8787,0,0.010245246,0
incubator-dubbo,7936,0,0.007621354,0
incubator-dubbo,8162,0,0.06424273,0
incubator-dubbo,9140,0,0.0038195653,0
incubator-dubbo,8226,0,0.019529544,0
incubator-dubbo,8017,0,0.041854568,0
incubator-dubbo,9237,0,0.12680557,0
incubator-dubbo,9406,0,0.011142648,0
incubator-dubbo,9753,0,0.032140307,0
incubator-dubbo,8081,0,0.0033978974,0
incubator-dubbo,8925,0,0.11904296,0
incubator-dubbo,9585,0,0.23807102,0
incubator-dubbo,8923,0,0.008506564,0
incubator-dubbo,9529,0,0.008099075,0
incubator-dubbo,7918,0,0.01640321,0
incubator-dubbo,8267,0,0.021257885,0
incubator-dubbo,9701,0,0.030560259,0
incubator-dubbo,9962,0,0.12956354,0
incubator-dubbo,8418,0,0.020354733,0
incubator-dubbo,9736,0,0.5717501,1
incubator-dubbo,8465,0,0.013756611,0
incubator-dubbo,8532,0,0.0038195653,0
incubator-dubbo,8499,0,0.014749055,0
incubator-dubbo,8544,0,0.06492434,0
incubator-dubbo,8523,0,0.0022261632,0
incubator-dubbo,9489,0,0.003194338,0
incubator-dubbo,8501,0,0.7358061,1
incubator-dubbo,9380,0,0.007405267,0
incubator-dubbo,8907,0,0.004796553,0
incubator-dubbo,8014,0,0.3745604,0
incubator-dubbo,9515,0,0.013756611,0
incubator-dubbo,9822,0,0.004584636,0
incubator-dubbo,9080,0,0.5488096,1
incubator-dubbo,9521,0,0.011856181,0
incubator-dubbo,8537,0,0.015243365,0
incubator-dubbo,7920,0,0.0051079583,0
incubator-dubbo,9726,0,0.001234725,0
incubator-dubbo,9712,0,0.025592128,0
incubator-dubbo,9390,0,0.0036761204,0
incubator-dubbo,8445,0,0.028285803,0
incubator-dubbo,8052,0,0.06827748,0
incubator-dubbo,9037,0,0.0021944009,0
incubator-dubbo,9914,0,0.062008336,0
incubator-dubbo,8638,0,0.0026994646,0
incubator-dubbo,8024,0,0.0021290793,0
incubator-dubbo,9898,0,0.024912642,0
incubator-dubbo,9359,0,0.0027866648,0
incubator-dubbo,8951,0,0.0032550956,0
incubator-dubbo,9881,0,0.07288616,0
incubator-dubbo,8737,0,0.008325378,0
incubator-dubbo,9888,0,0.7911639,1
incubator-dubbo,8747,0,0.0066696894,0
incubator-dubbo,8124,0,0.015219421,0
incubator-dubbo,9263,0,0.10144168,0
incubator-dubbo,9622,0,0.016745975,0
incubator-dubbo,8095,0,0.014138842,0
incubator-dubbo,9299,0,0.003866688,0
incubator-dubbo,9372,0,0.015067228,0
incubator-dubbo,8933,0,0.006497947,0
incubator-dubbo,9790,0,0.12017216,0
incubator-dubbo,9576,0,0.035179343,0
incubator-dubbo,7932,0,0.014504309,0
incubator-dubbo,8828,0,0.016595187,0
incubator-dubbo,8711,0,0.014353394,0
incubator-dubbo,8361,0,0.12261742,0
incubator-dubbo,8341,0,0.0125135295,0
incubator-dubbo,9348,0,0.005297647,0
incubator-dubbo,8230,0,0.022086618,0
incubator-dubbo,8693,0,0.05944404,0
incubator-dubbo,9981,0,0.07704382,0
incubator-dubbo,9877,0,0.16237022,0
incubator-dubbo,9805,0,0.3047414,0
incubator-dubbo,8845,0,0.00739083,0
incubator-dubbo,9468,0,0.0111596305,0
incubator-dubbo,9771,0,0.32900858,0
incubator-dubbo,8568,0,0.5861244,1
incubator-dubbo,8827,0,0.023703452,0
incubator-dubbo,8327,0,0.024011044,0
incubator-dubbo,8252,0,0.051189106,0
incubator-dubbo,8228,0,0.053910814,0
incubator-dubbo,9470,0,0.025611818,0
incubator-dubbo,9952,0,0.48496598,0
incubator-dubbo,8849,0,0.010346407,0
incubator-dubbo,8054,0,0.0044547,0
incubator-dubbo,9720,0,0.0035090863,0
incubator-dubbo,8160,0,0.0066833696,0
incubator-dubbo,9217,0,0.01148468,0
incubator-dubbo,9336,0,0.008087408,0
incubator-dubbo,8543,0,0.016384656,0
incubator-dubbo,7923,0,0.0133195305,0
incubator-dubbo,7984,0,0.005549117,0
incubator-dubbo,9647,0,0.052079156,0
incubator-dubbo,9849,0,0.7580986,1
incubator-dubbo,9525,0,0.011856181,0
incubator-dubbo,8475,0,0.013756611,0
incubator-dubbo,9546,0,0.06692192,0
incubator-dubbo,8903,0,0.004796553,0
incubator-dubbo,9301,0,0.003344502,0
incubator-dubbo,9323,0,0.0067303516,0
incubator-dubbo,9144,0,0.0040941583,0
incubator-dubbo,9252,0,0.050056487,0
incubator-dubbo,9528,0,0.037899144,0
incubator-dubbo,8040,0,0.0008047693,0
incubator-dubbo,9101,0,0.18616901,0
incubator-dubbo,9375,0,0.0063872193,0
incubator-dubbo,8889,0,0.01766868,0
incubator-dubbo,8844,0,0.006233834,0
incubator-dubbo,8554,0,0.005935783,0
incubator-dubbo,9819,0,0.36354816,0
incubator-dubbo,9596,0,0.009952052,0
incubator-dubbo,8293,0,0.021728396,0
incubator-dubbo,9960,0,0.0073351245,0
incubator-dubbo,9078,0,0.08008312,0
incubator-dubbo,8256,0,0.049063,0
incubator-dubbo,9422,0,0.022765923,0
incubator-dubbo,8780,0,0.007998509,0
incubator-dubbo,9803,0,0.03382554,0
incubator-dubbo,8305,0,0.021257885,0
incubator-dubbo,8240,0,0.008087603,0
incubator-dubbo,8310,0,0.0062864968,0
incubator-dubbo,7850,0,0.008450916,0
incubator-dubbo,8075,0,0.0033978974,0
incubator-dubbo,8705,0,0.040217966,0
incubator-dubbo,8915,0,0.010733309,0
incubator-dubbo,8395,0,0.010056674,0
incubator-dubbo,7930,0,0.0049861786,0
incubator-dubbo,9533,0,0.014356584,0
incubator-dubbo,8885,0,0.0660988,0
incubator-dubbo,8837,0,0.0022797077,0
incubator-dubbo,8258,0,0.011265139,0
incubator-dubbo,8215,0,0.013756611,0
incubator-dubbo,9868,0,0.02327839,0
incubator-dubbo,9565,0,0.006650572,0
incubator-dubbo,9423,0,0.045766294,0
incubator-dubbo,9559,0,0.0042182454,0
incubator-dubbo,9678,0,0.061011877,0
incubator-dubbo,9029,0,0.0018672921,0
incubator-dubbo,9400,0,0.008546977,0
incubator-dubbo,7997,0,0.0036670747,0
incubator-dubbo,8250,0,0.034616288,0
incubator-dubbo,8364,0,0.015010178,0
incubator-dubbo,9434,0,0.0078001777,0
incubator-dubbo,9870,0,0.0026999137,0
incubator-dubbo,8197,0,0.013756611,0
incubator-dubbo,9273,0,0.014285546,0
incubator-dubbo,8642,0,0.0028386156,0
incubator-dubbo,9051,0,0.12900487,0
incubator-dubbo,8632,0,0.0040447162,0
incubator-dubbo,8509,0,0.004040746,0
incubator-dubbo,8422,0,0.020354733,0
incubator-dubbo,8663,0,0.0038813318,0
incubator-dubbo,8174,0,0.013756611,0
incubator-dubbo,9065,0,0.2595698,0
incubator-dubbo,8581,0,0.005935783,0
incubator-dubbo,9278,0,0.027073944,0
incubator-dubbo,8528,0,0.0040941583,0
incubator-dubbo,8563,0,0.009373434,0
incubator-dubbo,9139,0,0.0056827134,0
incubator-dubbo,9262,0,0.0035134777,0
incubator-dubbo,8080,0,0.0033978974,0
incubator-dubbo,9069,0,0.24402747,0
incubator-dubbo,9971,0,0.08263631,0
incubator-dubbo,8168,0,0.009730848,0
incubator-dubbo,8699,0,0.032110013,0
incubator-dubbo,8034,0,0.0038473397,0
incubator-dubbo,8266,0,0.029140493,0
incubator-dubbo,8269,0,0.021728396,0
incubator-dubbo,7994,0,0.0068379017,0
incubator-dubbo,9054,0,0.020847162,0
incubator-dubbo,8588,0,0.007805168,0
incubator-dubbo,8987,0,0.0049157087,0
incubator-dubbo,9834,0,0.43634638,0
incubator-dubbo,9925,0,0.6052178,1
incubator-dubbo,9550,0,0.0039858874,0
incubator-dubbo,9641,0,0.023974156,0
incubator-dubbo,8357,0,0.022352805,0
incubator-dubbo,9648,0,0.59168583,1
incubator-dubbo,7898,0,0.043700647,0
incubator-dubbo,9775,0,0.19971512,0
incubator-dubbo,9216,0,0.0062246365,0
incubator-dubbo,7956,0,0.006881594,0
incubator-dubbo,8857,0,0.006932723,0
incubator-dubbo,8060,0,0.0062517873,0
incubator-dubbo,8944,0,0.25927848,0
incubator-dubbo,8478,0,0.007965906,0
incubator-dubbo,8749,0,0.0066696894,0
incubator-dubbo,8138,0,0.02262922,0
incubator-dubbo,9349,0,0.0048848446,0
incubator-dubbo,8088,0,0.026228432,0
incubator-dubbo,9200,0,0.12258567,0
incubator-dubbo,9277,0,0.011248129,0
incubator-dubbo,8331,0,0.039012514,0
incubator-dubbo,9524,0,0.028134389,0
incubator-dubbo,9089,0,0.055244017,0
incubator-dubbo,9831,0,0.09984069,0
incubator-dubbo,9265,0,0.292342,0
incubator-dubbo,8938,0,0.007906334,0
incubator-dubbo,8043,0,0.0066696894,0
incubator-dubbo,8434,0,0.33501062,0
incubator-dubbo,8413,0,0.02467385,0
incubator-dubbo,8326,0,0.024011044,0
incubator-dubbo,8748,0,0.00980065,0
incubator-dubbo,9813,0,0.13499568,0
incubator-dubbo,8190,0,0.019529544,0
incubator-dubbo,8871,0,0.002713838,0
incubator-dubbo,9941,0,0.02423438,0
incubator-dubbo,7856,0,0.007435893,0
incubator-dubbo,8285,0,0.021728396,0
incubator-dubbo,9488,0,0.040299177,0
incubator-dubbo,9563,0,0.001393631,0
incubator-dubbo,8746,0,0.0049258703,0
incubator-dubbo,9219,0,0.01854282,0
incubator-dubbo,8244,0,0.013756611,0
incubator-dubbo,9332,0,0.0070925322,0
incubator-dubbo,9793,0,0.002861425,0
incubator-dubbo,9328,0,0.03278974,0
incubator-dubbo,8184,0,0.027786732,0
incubator-dubbo,8268,0,0.021257885,0
incubator-dubbo,9759,0,0.08127239,0
incubator-dubbo,9391,0,0.0026830775,0
incubator-dubbo,9551,0,0.0030310669,0
incubator-dubbo,8158,0,0.010501258,0
incubator-dubbo,9566,0,0.0073841414,0
incubator-dubbo,9063,0,0.16063547,0
incubator-dubbo,8750,0,0.03424803,0
incubator-dubbo,9503,0,0.03080114,0
incubator-dubbo,9329,0,0.011791353,0
incubator-dubbo,8997,0,0.0018672921,0
incubator-dubbo,9167,0,0.014232993,0
incubator-dubbo,9532,0,0.028976046,0
incubator-dubbo,7971,0,0.003168466,0
incubator-dubbo,9175,0,0.020789923,0
incubator-dubbo,8570,0,0.019006466,0
incubator-dubbo,9926,0,0.17449822,0
incubator-dubbo,8284,0,0.021728396,0
incubator-dubbo,9361,0,0.0031435068,0
incubator-dubbo,8243,0,0.013756611,0
incubator-dubbo,9002,0,0.0037710704,0
incubator-dubbo,8875,0,0.0026603786,0
incubator-dubbo,8796,0,0.01402719,0
incubator-dubbo,9333,0,0.008389826,0
incubator-dubbo,9297,0,0.0026901516,0
incubator-dubbo,7817,0,0.6991716,1
incubator-dubbo,9368,0,0.014933246,0
incubator-dubbo,8656,0,0.021375021,0
incubator-dubbo,8030,0,0.1055849,0
incubator-dubbo,8979,0,0.0018672921,0
incubator-dubbo,9709,0,0.017769435,0
incubator-dubbo,8781,0,0.01639282,0
incubator-dubbo,8669,0,0.014353394,0
incubator-dubbo,8209,0,0.008087603,0
incubator-dubbo,8692,0,0.05944404,0
incubator-dubbo,7863,0,0.46347478,0
incubator-dubbo,8089,0,0.0025847035,0
incubator-dubbo,7893,0,0.22531003,0
incubator-dubbo,9465,0,0.010263457,0
incubator-dubbo,8735,0,0.010047056,0
incubator-dubbo,8308,0,0.009730848,0
incubator-dubbo,8697,0,0.028273163,0
incubator-dubbo,9229,0,0.012263868,0
incubator-dubbo,8144,0,0.015342518,0
incubator-dubbo,9840,0,0.3278595,0
incubator-dubbo,9714,0,0.36253917,0
incubator-dubbo,7837,0,0.015009883,0
incubator-dubbo,8556,0,0.0041753286,0
incubator-dubbo,8646,0,0.0055492194,0
incubator-dubbo,8462,0,0.010645317,0
incubator-dubbo,9448,0,0.003194338,0
incubator-dubbo,9194,0,0.033001557,0
incubator-dubbo,8922,0,0.0033794504,0
incubator-dubbo,8100,0,0.05591225,0
incubator-dubbo,9747,0,0.043221563,0
incubator-dubbo,9970,0,0.0029766907,0
incubator-dubbo,8547,0,0.013735349,0
incubator-dubbo,8565,0,0.002822712,0
incubator-dubbo,9936,0,0.0082885055,0
incubator-dubbo,9902,0,0.28716254,0
incubator-dubbo,8687,0,0.028281858,0
incubator-dubbo,9104,0,0.33105916,0
incubator-dubbo,8717,0,0.003446153,0
incubator-dubbo,8214,0,0.013756611,0
incubator-dubbo,8734,0,0.011318433,0
incubator-dubbo,8261,0,0.021257885,0
incubator-dubbo,8600,0,0.01526287,0
incubator-dubbo,9983,0,0.0033822125,0
incubator-dubbo,8902,0,0.022886086,0
incubator-dubbo,9120,0,0.23172817,0
incubator-dubbo,9979,0,0.2530289,0
incubator-dubbo,7959,0,0.41527188,0
incubator-dubbo,8651,0,0.1365424,0
incubator-dubbo,8690,0,0.03632022,0
incubator-dubbo,8625,0,0.00869444,0
incubator-dubbo,9937,0,0.12567553,0
incubator-dubbo,8575,0,0.0038813318,0
incubator-dubbo,7941,0,0.009991119,0
incubator-dubbo,9234,0,0.020667491,0
incubator-dubbo,8836,0,0.017987799,0
incubator-dubbo,7902,0,0.0010234173,0
incubator-dubbo,9083,0,0.0058890637,0
incubator-dubbo,9032,0,0.0018672921,0
incubator-dubbo,8602,0,0.0039707134,0
incubator-dubbo,8015,0,0.3853922,0
incubator-dubbo,9920,0,0.053932443,0
incubator-dubbo,8813,0,0.0068379017,0
incubator-dubbo,8346,0,0.022352805,0
incubator-dubbo,9577,0,0.30644807,0
incubator-dubbo,8133,0,0.008212874,0
incubator-dubbo,9889,0,0.015144044,0
incubator-dubbo,7981,0,0.008152334,0
incubator-dubbo,9571,0,0.0042182454,0
incubator-dubbo,8548,0,0.012295273,0
incubator-dubbo,9538,0,0.15136707,0
incubator-dubbo,9967,0,0.010831289,0
incubator-dubbo,8016,0,0.08150076,0
incubator-dubbo,9908,0,0.206005,0
incubator-dubbo,9011,0,0.0037710704,0
incubator-dubbo,8329,0,0.015010178,0
incubator-dubbo,9531,0,0.014559805,0
incubator-dubbo,8318,0,0.05768499,0
incubator-dubbo,8897,0,0.24077551,0
incubator-dubbo,9260,0,0.04686548,0
incubator-dubbo,8335,0,0.28855133,0
incubator-dubbo,9096,0,0.049692445,0
incubator-dubbo,9110,0,0.05421071,0
incubator-dubbo,9851,0,0.9179486,1
incubator-dubbo,8059,0,0.0062517873,0
incubator-dubbo,9047,0,0.30007347,0
incubator-dubbo,8460,0,0.012706642,0
incubator-dubbo,9940,0,0.028729662,0
incubator-dubbo,8895,0,0.0849739,0
incubator-dubbo,8688,0,0.028281858,0
incubator-dubbo,9314,0,0.003395615,0
incubator-dubbo,9451,0,0.003194338,0
incubator-dubbo,8041,0,0.001518702,0
incubator-dubbo,7963,0,0.04096729,0
incubator-dubbo,8695,0,0.04477038,0
incubator-dubbo,9459,0,0.0037355302,0
incubator-dubbo,9909,0,0.22858319,0
incubator-dubbo,7842,0,0.035421655,0
incubator-dubbo,9965,0,0.007331855,0
incubator-dubbo,8379,0,0.08623674,0
incubator-dubbo,9919,0,0.06887562,0
incubator-dubbo,9346,0,0.004963693,0
incubator-dubbo,8558,0,0.004842543,0
incubator-dubbo,8087,0,0.0033978974,0
incubator-dubbo,9141,0,0.003662492,0
incubator-dubbo,8999,0,0.0018847255,0
incubator-dubbo,9401,0,0.02317537,0
incubator-dubbo,9240,0,0.020226704,0
incubator-dubbo,9457,0,0.0037355302,0
incubator-dubbo,8199,0,0.022022568,0
incubator-dubbo,8440,0,0.018568695,0
incubator-dubbo,8255,0,0.049063,0
incubator-dubbo,9236,0,0.5041773,1
incubator-dubbo,9632,0,0.014356584,0
incubator-dubbo,9132,0,0.032043982,0
incubator-dubbo,8510,0,0.0025882956,0
incubator-dubbo,9804,0,0.0028572527,0
incubator-dubbo,9281,0,0.05018647,0
incubator-dubbo,9526,0,0.31010208,0
incubator-dubbo,9928,0,0.0647696,0
incubator-dubbo,8970,0,0.0023984816,0
incubator-dubbo,8596,0,0.012425651,0
incubator-dubbo,9932,0,0.45876655,0
incubator-dubbo,8831,0,0.0043972395,0
incubator-dubbo,8881,0,0.009516515,0
incubator-dubbo,9708,0,0.021328907,0
incubator-dubbo,9334,0,0.014842842,0
incubator-dubbo,9604,0,0.08405022,0
incubator-dubbo,9929,0,0.14549036,0
incubator-dubbo,9444,0,0.003194338,0
incubator-dubbo,8103,0,0.0095949415,0
incubator-dubbo,9605,0,0.14940523,0
incubator-dubbo,9791,0,0.011177447,0
incubator-dubbo,8384,0,0.04136123,0
incubator-dubbo,8616,0,0.01092933,0
incubator-dubbo,8172,0,0.022022568,0
incubator-dubbo,7873,0,0.0022452585,0
incubator-dubbo,8282,0,0.3016391,0
incubator-dubbo,9248,0,0.011201535,0
incubator-dubbo,8843,0,0.006233834,0
incubator-dubbo,9699,0,0.004292284,0
incubator-dubbo,9582,0,0.016370254,0
incubator-dubbo,9177,0,0.09277016,0
incubator-dubbo,8874,0,0.0026603786,0
incubator-dubbo,8042,0,0.6684814,1
incubator-dubbo,8001,0,0.0084925555,0
incubator-dubbo,9199,0,0.030781182,0
incubator-dubbo,9755,0,0.069769,0
incubator-dubbo,7880,0,0.018701294,0
incubator-dubbo,9686,0,0.8170042,1
incubator-dubbo,8590,0,0.010479094,0
incubator-dubbo,9452,0,0.003194338,0
incubator-dubbo,8606,0,0.03653996,0
incubator-dubbo,9664,0,0.082451634,0
incubator-dubbo,8448,0,0.027535614,0
incubator-dubbo,8562,0,0.004734198,0
incubator-dubbo,8829,0,0.03396536,0
incubator-dubbo,8352,0,0.022352805,0
incubator-dubbo,9864,0,0.016913377,0
incubator-dubbo,8676,0,0.36164203,0
incubator-dubbo,9430,0,0.014717884,0
incubator-dubbo,8477,0,0.02467385,0
incubator-dubbo,9166,0,0.049664687,0
incubator-dubbo,9728,1,0.02421388,0
incubator-dubbo,9155,0,0.12377629,0
incubator-dubbo,8924,0,0.013899622,0
incubator-dubbo,8403,0,0.039012514,0
incubator-dubbo,9253,0,0.025005572,0
incubator-dubbo,8579,0,0.0057573356,0
incubator-dubbo,840,0,0.19271031,0
incubator-dubbo,8073,0,0.0067479103,0
incubator-dubbo,9660,0,0.7644582,1
incubator-dubbo,8683,0,0.07991489,0
incubator-dubbo,9954,0,0.08918621,0
incubator-dubbo,9511,0,0.14341146,0
incubator-dubbo,8340,0,0.022352805,0
incubator-dubbo,8339,0,0.031667415,0
incubator-dubbo,9950,0,0.82036084,1
incubator-dubbo,9324,0,0.0037718301,0
incubator-dubbo,8338,0,0.022352805,0
incubator-dubbo,9980,0,0.0032153684,0
incubator-dubbo,9615,0,0.1463842,0
incubator-dubbo,9363,0,0.013787043,0
incubator-dubbo,9414,0,0.003915406,0
incubator-dubbo,9385,0,0.00872844,0
incubator-dubbo,8626,0,0.005274317,0
incubator-dubbo,9692,0,0.0071374443,0
incubator-dubbo,8383,0,0.026029859,0
incubator-dubbo,8257,0,0.021257885,0
incubator-dubbo,9564,0,0.0704503,0
incubator-dubbo,8366,0,0.0150360605,0
incubator-dubbo,7861,0,0.32843474,0
incubator-dubbo,9337,0,0.017917017,0
incubator-dubbo,9362,0,0.0031435068,0
incubator-dubbo,8508,0,0.0066696894,0
incubator-dubbo,9221,0,0.047463868,0
incubator-dubbo,8921,0,0.013899622,0
incubator-dubbo,8809,0,0.010136658,0
incubator-dubbo,8728,0,0.002441168,0
incubator-dubbo,8007,0,0.55789566,1
incubator-dubbo,9698,0,0.014307176,0
incubator-dubbo,9122,0,0.67132586,1
incubator-dubbo,7944,0,0.034161195,0
incubator-dubbo,7996,0,0.003265709,0
incubator-dubbo,8967,0,0.0026645823,0
incubator-dubbo,8472,0,0.014814373,0
incubator-dubbo,8758,0,0.0062543773,0
incubator-dubbo,9319,0,0.015592434,0
incubator-dubbo,9652,1,0.8740494,1
incubator-dubbo,9249,0,0.23295695,0
incubator-dubbo,9203,0,0.010532033,0
incubator-dubbo,7937,0,0.26358238,0
incubator-dubbo,9640,0,0.35626456,0
incubator-dubbo,9496,0,0.056945704,0
incubator-dubbo,8372,0,0.015010178,0
incubator-dubbo,7888,0,0.16721645,0
incubator-dubbo,9704,0,0.017769435,0
incubator-dubbo,8685,0,0.02173519,0
incubator-dubbo,8665,0,0.0044751368,0
incubator-dubbo,9505,0,0.052471366,0
incubator-dubbo,8899,0,0.13886121,0
incubator-dubbo,11130,0,0.038532913,0
incubator-dubbo,9048,0,0.008256883,0
incubator-dubbo,9304,0,0.0053824177,0
incubator-dubbo,9665,0,0.19906282,0
incubator-dubbo,8677,0,0.04491949,0
incubator-dubbo,7868,0,0.002341695,0
incubator-dubbo,9061,0,0.2064928,0
incubator-dubbo,9254,0,0.1282789,0
incubator-dubbo,9305,0,0.005457652,0
incubator-dubbo,9766,0,0.062539555,0
incubator-dubbo,9828,0,0.684273,1
incubator-dubbo,8807,0,0.07402359,0
incubator-dubbo,9544,0,0.69942874,1
incubator-dubbo,9215,0,0.0125442,0
incubator-dubbo,9560,0,0.0043990496,0
incubator-dubbo,8760,0,0.005521402,0
incubator-dubbo,9913,0,0.070761345,0
incubator-dubbo,9867,1,0.1505278,0
incubator-dubbo,9017,0,0.0037710704,0
incubator-dubbo,7874,0,0.011876618,0
incubator-dubbo,9290,0,0.19100367,0
incubator-dubbo,9810,0,0.16421615,0
incubator-dubbo,9661,0,0.25867018,0
incubator-dubbo,8343,0,0.022352805,0
incubator-dubbo,8980,0,0.014458325,0
incubator-dubbo,8178,0,0.076836325,0
incubator-dubbo,8132,0,0.010724225,0
incubator-dubbo,9854,0,0.8683416,1
incubator-dubbo,8496,0,0.01065028,0
incubator-dubbo,9086,0,0.08004583,0
incubator-dubbo,9407,0,0.010562691,0
incubator-dubbo,7957,0,0.01924013,0
incubator-dubbo,8552,0,0.0036771493,0
incubator-dubbo,8530,0,0.41429406,0
incubator-dubbo,8954,0,0.0032550956,0
incubator-dubbo,8321,0,0.0062864968,0
incubator-dubbo,9453,0,0.010450455,0
incubator-dubbo,9815,0,0.015721187,0
incubator-dubbo,7914,0,0.34975785,0
incubator-dubbo,8057,0,0.008844333,0
incubator-dubbo,8106,0,0.015219421,0
incubator-dubbo,9801,0,0.034224216,0
incubator-dubbo,9085,0,0.12534493,0
incubator-dubbo,9133,0,0.0046574348,0
incubator-dubbo,9731,0,0.45572388,0
incubator-dubbo,8715,0,0.017627554,0
incubator-dubbo,9162,0,0.015789578,0
incubator-dubbo,8082,0,0.0024962744,0
incubator-dubbo,9787,0,0.12614451,0
incubator-dubbo,9066,0,0.23806162,0
incubator-dubbo,8264,0,0.021257885,0
incubator-dubbo,9405,0,0.011142648,0
incubator-dubbo,9267,0,0.005777383,0
incubator-dubbo,9931,0,0.27303723,0
incubator-dubbo,7831,0,0.25896662,0
incubator-dubbo,8585,0,0.002822712,0
incubator-dubbo,9646,0,0.038532913,0
incubator-dubbo,8937,0,0.006497947,0
incubator-dubbo,7824,0,0.05154228,0
incubator-dubbo,8173,0,0.022022568,0
incubator-dubbo,9848,0,0.8689235,1
incubator-dubbo,8657,0,0.014903206,0
incubator-dubbo,9195,0,0.17381541,0
incubator-dubbo,8767,0,0.0053252373,0
incubator-dubbo,8086,0,0.0033978974,0
incubator-dubbo,9674,0,0.01997687,0
incubator-dubbo,7819,0,0.043692198,0
incubator-dubbo,9206,0,0.0035662923,0
incubator-dubbo,7904,0,0.04318981,0
incubator-dubbo,9638,0,0.028978534,0
incubator-dubbo,7855,0,0.010498582,0
incubator-dubbo,9792,0,0.73073345,1
incubator-dubbo,9691,0,0.0071374443,0
incubator-dubbo,9356,0,0.0036761204,0
incubator-dubbo,8076,0,0.004812698,0
incubator-dubbo,8117,0,0.015219421,0
incubator-dubbo,9621,0,0.14262234,0
incubator-dubbo,7946,0,0.027495287,0
incubator-dubbo,9746,0,0.0039661503,0
incubator-dubbo,8598,0,0.012425651,0
incubator-dubbo,8128,0,0.015219421,0
incubator-dubbo,9186,0,0.0342972,0
incubator-dubbo,9893,0,0.26646477,0
incubator-dubbo,8180,0,0.062539555,0
incubator-dubbo,9343,0,0.003194338,0
incubator-dubbo,8387,0,0.15703432,0
incubator-dubbo,9437,0,0.014717884,0
incubator-dubbo,9335,0,0.005166564,0
incubator-dubbo,8038,0,0.0016686425,0
incubator-dubbo,8804,0,0.009441773,0
incubator-dubbo,8866,0,0.013677624,0
incubator-dubbo,8887,0,0.23332436,0
incubator-dubbo,9794,0,0.0032726186,0
incubator-dubbo,8555,0,0.005935783,0
incubator-dubbo,9000,0,0.014628738,0
incubator-dubbo,8974,0,0.0069995713,0
incubator-dubbo,9107,0,0.03656021,0
incubator-dubbo,9421,0,0.044136528,0
incubator-dubbo,8008,0,0.03890872,0
incubator-dubbo,8204,0,0.26404613,0
incubator-dubbo,9569,0,0.007951268,0
incubator-dubbo,9573,1,0.84174705,1
incubator-dubbo,9092,0,0.03411279,0
incubator-dubbo,7933,0,0.022131873,0
incubator-dubbo,9843,0,0.79511553,1
incubator-dubbo,8770,0,0.028946785,0
incubator-dubbo,9921,0,0.24430515,0
incubator-dubbo,9772,0,0.22314557,0
incubator-dubbo,8018,0,0.0028958127,0
incubator-dubbo,8819,0,0.010136658,0
incubator-dubbo,8919,0,0.008164249,0
incubator-dubbo,9742,0,0.068874605,0
incubator-dubbo,8779,0,0.028044293,0
incubator-dubbo,9486,0,0.00872844,0
incubator-dubbo,8605,0,0.16694102,0
incubator-dubbo,8078,0,0.0033978974,0
incubator-dubbo,9643,0,0.59709126,1
incubator-dubbo,9812,0,0.034316197,0
incubator-dubbo,8298,0,0.037387855,0
incubator-dubbo,8438,0,0.05078545,0
incubator-dubbo,9128,0,0.0508145,0
incubator-dubbo,9371,0,0.014484155,0
incubator-dubbo,9279,0,0.018076109,0
incubator-dubbo,8913,0,0.0041507133,0
incubator-dubbo,9607,0,0.06306707,0
incubator-dubbo,8535,0,0.0990655,0
incubator-dubbo,9781,0,0.01763032,0
incubator-dubbo,9042,0,0.0035664227,0
incubator-dubbo,7953,0,0.012998577,0
incubator-dubbo,7832,0,0.32242942,0
incubator-dubbo,9119,0,0.59178436,1
incubator-dubbo,9136,0,0.0134721855,0
incubator-dubbo,7942,0,0.026499342,0
incubator-dubbo,8099,0,0.049063,0
incubator-dubbo,9933,0,0.5082171,1
incubator-dubbo,8785,0,0.01639282,0
incubator-dubbo,8185,0,0.019529544,0
incubator-dubbo,8051,0,0.0030763026,0
incubator-dubbo,8410,0,0.019332163,0
incubator-dubbo,9823,0,0.25964978,0
incubator-dubbo,8521,0,0.0044874004,0
incubator-dubbo,8373,0,0.024303807,0
incubator-dubbo,7891,0,0.13793856,0
incubator-dubbo,9951,0,0.2923549,0
incubator-dubbo,9509,0,0.33596703,0
incubator-dubbo,8862,0,0.14839557,0
incubator-dubbo,8119,0,0.009730848,0
incubator-dubbo,8009,0,0.027334018,0
incubator-dubbo,9887,0,0.0155871315,0
incubator-dubbo,8272,0,0.03707576,0
incubator-dubbo,9181,0,0.004066206,0
incubator-dubbo,7826,0,0.086502604,0
incubator-dubbo,9226,0,0.0058192145,0
incubator-dubbo,8232,0,0.008741648,0
incubator-dubbo,8835,0,0.0018865591,0
incubator-dubbo,9431,0,0.01346709,0
incubator-dubbo,8079,0,0.0042318627,0
incubator-dubbo,9689,0,0.004790984,0
incubator-dubbo,8604,0,0.09885931,0
incubator-dubbo,8801,0,0.012083696,0
incubator-dubbo,9579,0,0.014942516,0
incubator-dubbo,9536,0,0.016191734,0
incubator-dubbo,9109,0,0.11301727,0
incubator-dubbo,8506,0,0.825871,1
incubator-dubbo,9809,0,0.14195608,0
incubator-dubbo,9824,0,0.4880605,0
incubator-dubbo,8304,0,0.33239695,0
incubator-dubbo,9469,0,0.020806782,0
incubator-dubbo,9127,0,0.008056125,0
incubator-dubbo,9975,0,0.002809425,0
incubator-dubbo,8805,0,0.0046175537,0
incubator-dubbo,8035,0,0.0021318102,0
incubator-dubbo,9614,0,0.0130373705,0
incubator-dubbo,9446,0,0.003194338,0
incubator-dubbo,8307,0,0.021257885,0
incubator-dubbo,9957,0,0.013451166,0
incubator-dubbo,7820,0,0.049278736,0
incubator-dubbo,9894,0,0.17463258,0
incubator-dubbo,8731,0,0.002279451,0
incubator-dubbo,9292,0,0.6381541,1
incubator-dubbo,9113,0,0.18863551,0
incubator-dubbo,9795,0,0.0038427885,0
incubator-dubbo,7821,0,0.049278736,0
incubator-dubbo,9191,0,0.0007291401,0
incubator-dubbo,7889,0,0.038651966,0
incubator-dubbo,7864,0,0.7848075,1
incubator-dubbo,9202,0,0.006638175,0
incubator-dubbo,9608,0,0.008256883,0
incubator-dubbo,9198,0,0.10838694,0
incubator-dubbo,7955,0,0.0046096267,0
incubator-dubbo,8070,0,0.01837952,0
incubator-dubbo,9580,0,0.01716184,0
incubator-dubbo,9182,0,0.10873509,0
incubator-dubbo,9412,0,0.033611204,0
incubator-dubbo,8455,0,0.05078545,0
incubator-dubbo,9945,0,0.535449,1
incubator-dubbo,8029,0,0.009008003,0
incubator-dubbo,9974,0,0.0020889135,0
incubator-dubbo,9711,0,0.17216277,0
incubator-dubbo,8234,0,0.013756611,0
incubator-dubbo,8134,0,0.026666526,0
incubator-dubbo,8219,0,0.01647183,0
incubator-dubbo,9384,0,0.015134816,0
incubator-dubbo,7875,0,0.21516065,0
incubator-dubbo,8872,0,0.032159276,0
incubator-dubbo,9045,0,0.004148514,0
incubator-dubbo,8491,0,0.55276513,1
incubator-dubbo,9650,0,0.1321986,0
incubator-dubbo,8399,0,0.028285803,0
incubator-dubbo,9773,0,0.005983364,0
incubator-dubbo,8093,0,0.016844582,0
incubator-dubbo,8143,0,0.021439793,0
incubator-dubbo,8870,0,0.060240485,0
incubator-dubbo,9143,0,0.0040941583,0
incubator-dubbo,9059,0,0.18550311,0
incubator-dubbo,8392,0,0.010505877,0
incubator-dubbo,9715,0,0.54611605,1
incubator-dubbo,9713,0,0.3885461,0
incubator-dubbo,9922,0,0.37688816,0
incubator-dubbo,8539,0,0.0017074164,0
incubator-dubbo,9675,0,0.014888373,0
incubator-dubbo,9915,0,0.038357038,0
incubator-dubbo,9760,0,0.06600964,0
incubator-dubbo,8115,0,0.015616159,0
incubator-dubbo,7849,0,0.008450916,0
incubator-dubbo,9100,0,0.00511208,0
incubator-dubbo,9402,0,0.008546977,0
incubator-dubbo,8802,0,0.012214063,0
incubator-dubbo,8443,0,0.019529544,0
incubator-dubbo,9298,0,0.0026901516,0
incubator-dubbo,8365,0,0.012516334,0
incubator-dubbo,8421,0,0.028285803,0
incubator-dubbo,9836,0,0.38052928,0
incubator-dubbo,8356,0,0.015010178,0
incubator-dubbo,7885,0,0.00817907,0
incubator-dubbo,8529,0,0.024340345,0
incubator-dubbo,8755,0,0.013950226,0
incubator-dubbo,8071,0,0.026996786,0
incubator-dubbo,8977,0,0.0023984816,0
incubator-dubbo,9026,0,0.3527998,0
incubator-dubbo,8702,0,0.024225915,0
incubator-dubbo,9188,0,0.0019094552,0
incubator-dubbo,8275,0,0.029140493,0
incubator-dubbo,8736,0,0.016928185,0
incubator-dubbo,8540,0,0.003263479,0
incubator-dubbo,9984,0,0.10067342,0
incubator-dubbo,9211,0,0.007826005,0
incubator-dubbo,7960,0,0.06126738,0
incubator-dubbo,9620,0,0.22589885,0
incubator-dubbo,9435,0,0.023387665,0
incubator-dubbo,8778,0,0.011393423,0
incubator-dubbo,9555,0,0.0039858874,0
incubator-dubbo,8456,0,0.3710663,0
incubator-dubbo,7917,0,0.014504309,0
incubator-dubbo,7869,0,0.015140204,0
incubator-dubbo,9690,0,0.0071374443,0
incubator-dubbo,8348,0,0.015010178,0
incubator-dubbo,8666,0,0.014542069,0
incubator-dubbo,8956,0,0.0021244828,0
incubator-dubbo,8511,0,0.0037052792,0
incubator-dubbo,9628,0,0.014139181,0
incubator-dubbo,7834,0,0.52956504,1
incubator-dubbo,9883,1,0.015204527,0
incubator-dubbo,8390,0,0.008958354,0
incubator-dubbo,8689,0,0.08741511,0
incubator-dubbo,9445,0,0.003194338,0
incubator-dubbo,7839,0,0.08170939,0
incubator-dubbo,9807,0,0.16060714,0
incubator-dubbo,7954,0,0.52305436,1
incubator-dubbo,9817,0,0.1708781,0
incubator-dubbo,9018,0,0.0018672921,0
incubator-dubbo,9568,0,0.027297644,0
incubator-dubbo,9156,0,0.0006751209,0
incubator-dubbo,9784,0,0.025289416,0
incubator-dubbo,7912,0,0.32533327,0
incubator-dubbo,8716,0,0.02808654,0
incubator-dubbo,9310,0,0.06264358,0
incubator-dubbo,8969,0,0.14244129,0
incubator-dubbo,8288,0,0.026914058,0
incubator-dubbo,9121,0,0.5938522,1
incubator-dubbo,8149,0,0.32112795,0
incubator-dubbo,9832,0,0.06314718,0
incubator-dubbo,8393,0,0.013785189,0
incubator-dubbo,9471,0,0.011694007,0
incubator-dubbo,9350,0,0.0031435068,0
incubator-dubbo,8916,0,0.0030860722,0
incubator-dubbo,9671,0,0.09724554,0
incubator-dubbo,9899,0,0.15676804,0
incubator-dubbo,9799,0,0.3077947,0
incubator-dubbo,9313,0,0.010976361,0
incubator-dubbo,9719,0,0.0035090863,0
incubator-dubbo,9627,0,0.09049297,0
incubator-dubbo,9594,0,0.00959956,0
incubator-dubbo,8851,0,0.12042449,0
incubator-dubbo,8861,0,0.010346407,0
incubator-dubbo,7852,0,0.5485288,1
incubator-dubbo,8667,0,0.013950226,0
incubator-dubbo,9584,0,0.012716882,0
incubator-dubbo,9006,0,0.0023446588,0
incubator-dubbo,9399,0,0.008546977,0
incubator-dubbo,9084,0,0.16890699,0
incubator-dubbo,8759,0,0.013950226,0
incubator-dubbo,8353,0,0.015010178,0
incubator-dubbo,8202,0,0.027786732,0
incubator-dubbo,8678,0,0.042944785,0
incubator-dubbo,9284,0,0.3976553,0
incubator-dubbo,7992,0,0.003208317,0
incubator-dubbo,9949,0,0.3065771,0
incubator-dubbo,8947,0,0.0018672921,0
incubator-dubbo,9667,0,0.33522186,0
incubator-dubbo,8429,0,0.028285803,0
incubator-dubbo,7866,0,0.2624222,0
incubator-dubbo,8111,0,0.009730848,0
incubator-dubbo,8726,0,0.0035953734,0
incubator-dubbo,7835,0,0.2917936,0
incubator-dubbo,9972,0,0.016462468,0
incubator-dubbo,8311,0,0.012443909,0
incubator-dubbo,9233,0,0.25865057,0
incubator-dubbo,7927,0,0.41395202,0
incubator-dubbo,9681,0,0.27069214,0
incubator-dubbo,8619,0,0.002724117,0
incubator-dubbo,8126,0,0.015219421,0
incubator-dubbo,8769,0,0.00073728454,0
incubator-dubbo,8637,0,0.0048543895,0
incubator-dubbo,8412,0,0.019529544,0
incubator-dubbo,8852,0,0.021401828,0
incubator-dubbo,8640,0,0.007226641,0
incubator-dubbo,9259,0,0.042334452,0
incubator-dubbo,9354,0,0.011906756,0
incubator-dubbo,8995,0,0.005512593,0
incubator-dubbo,8815,0,0.0068379017,0
incubator-dubbo,9271,0,0.005285481,0
incubator-dubbo,9978,0,0.020432318,0
incubator-dubbo,9455,0,0.010450455,0
incubator-dubbo,8328,0,0.015010178,0
incubator-dubbo,7892,0,0.17197555,0
incubator-dubbo,9091,0,0.2499829,0
incubator-dubbo,7859,0,0.010779863,0
incubator-dubbo,9696,0,0.019599795,0
incubator-dubbo,8233,0,0.012771345,0
incubator-dubbo,8864,0,0.007798004,0
incubator-dubbo,7836,0,0.2946598,0
incubator-dubbo,9187,0,0.03871716,0
incubator-dubbo,8942,0,0.29506356,0
incubator-dubbo,8661,0,0.0046175537,0
incubator-dubbo,9020,0,0.1384423,0
incubator-dubbo,8753,0,0.006181309,0
incubator-dubbo,8853,0,0.029869195,0
incubator-dubbo,8358,0,0.022352805,0
incubator-dubbo,7967,0,0.0068379017,0
incubator-dubbo,8290,0,0.021257885,0
incubator-dubbo,8380,0,0.021793885,0
incubator-dubbo,9283,0,0.4890558,0
incubator-dubbo,8614,0,0.0030457552,0
incubator-dubbo,9705,0,0.005755505,0
incubator-dubbo,8142,0,0.02262922,0
incubator-dubbo,9891,0,0.2680955,0
incubator-dubbo,9892,0,0.024912642,0
incubator-dubbo,8846,0,0.0035760421,0
incubator-dubbo,7816,0,0.26680818,0
incubator-dubbo,9246,0,0.007928712,0
incubator-dubbo,8636,0,0.0048543895,0
incubator-dubbo,9070,0,0.22569053,0
incubator-dubbo,9317,0,0.013643231,0
incubator-dubbo,9842,1,0.49295613,0
incubator-dubbo,8909,0,0.00837254,0
incubator-dubbo,9802,0,0.16628784,0
incubator-dubbo,7910,0,0.01640321,0
incubator-dubbo,9744,0,0.15672897,0
incubator-dubbo,8538,0,0.0019561527,0
incubator-dubbo,8890,0,0.07938232,0
incubator-dubbo,8161,0,0.010562542,0
incubator-dubbo,9050,0,0.01757951,0
incubator-dubbo,8586,0,0.0084925555,0
incubator-dubbo,8467,0,0.006501359,0
incubator-dubbo,7903,0,0.08525666,0
incubator-dubbo,7976,0,0.0068379017,0
incubator-dubbo,8762,0,0.0055714333,0
incubator-dubbo,7853,0,0.029463416,0
incubator-dubbo,9268,0,0.68706775,1
incubator-dubbo,9669,0,0.06820309,0
incubator-dubbo,9476,0,0.008945176,0
incubator-dubbo,9838,0,0.11166271,0
incubator-dubbo,9875,0,0.10531787,0
incubator-dubbo,8195,0,0.053910814,0
incubator-dubbo,9255,0,0.05095862,0
incubator-dubbo,8790,0,0.0033468553,0
incubator-dubbo,8704,0,0.02616558,0
incubator-dubbo,9680,0,0.008779769,0
incubator-dubbo,8377,0,0.05149619,0
incubator-dubbo,7890,0,0.4532109,0
incubator-dubbo,8953,0,0.09539616,0
incubator-dubbo,9871,0,0.0030263183,0
incubator-dubbo,9617,0,0.052471366,0
incubator-dubbo,9115,0,0.08420186,0
incubator-dubbo,8612,0,0.0034606103,0
incubator-dubbo,9554,0,0.0069592563,0
incubator-dubbo,8072,0,0.017267028,0
incubator-dubbo,8116,0,0.015219421,0
incubator-dubbo,8975,0,0.003794589,0
incubator-dubbo,8761,0,0.020050215,0
incubator-dubbo,8816,0,0.01245781,0
incubator-dubbo,11131,0,0.47064364,0
incubator-dubbo,8359,0,0.022352805,0
incubator-dubbo,9196,0,0.18399312,0
incubator-dubbo,9808,0,0.13849817,0
incubator-dubbo,7966,0,0.007411534,0
incubator-dubbo,9498,0,0.03172269,0
incubator-dubbo,9649,0,0.07398339,0
incubator-dubbo,8643,0,0.002884531,0
incubator-dubbo,8708,0,0.31953382,0
incubator-dubbo,7899,0,0.08786744,0
incubator-dubbo,8771,0,0.009970793,0
incubator-dubbo,9973,0,0.005162877,0
incubator-dubbo,8814,0,0.010136658,0
incubator-dubbo,9365,0,0.024571413,0
incubator-dubbo,9837,0,0.42748907,0
incubator-dubbo,8419,0,0.019529544,0
incubator-dubbo,9942,0,0.21257585,0
incubator-dubbo,9218,0,0.20221551,0
incubator-dubbo,8727,0,0.019670896,0
incubator-dubbo,9624,0,0.007436608,0
incubator-dubbo,9180,0,0.05948371,0
incubator-dubbo,8519,0,0.20940375,0
incubator-dubbo,9535,0,0.016191734,0
incubator-dubbo,9436,0,0.019516027,0
incubator-dubbo,8576,0,0.004976751,0
incubator-dubbo,9376,0,0.0063872193,0
incubator-dubbo,8451,0,0.01845925,0
incubator-dubbo,9311,0,0.003720473,0
incubator-dubbo,8022,0,0.0046420796,0
incubator-dubbo,8964,0,0.13185072,0
incubator-dubbo,8858,0,0.013412451,0
incubator-dubbo,8447,0,0.022086618,0
incubator-dubbo,8744,0,0.004562264,0
incubator-dubbo,9687,0,0.0063467445,0
incubator-dubbo,9895,0,0.5581462,1
incubator-dubbo,8047,0,0.0030763026,0
incubator-dubbo,9135,0,0.12861691,0
incubator-dubbo,8427,0,0.028285803,0
incubator-dubbo,8107,0,0.008492853,0
incubator-dubbo,9441,0,0.011142648,0
incubator-dubbo,7975,0,0.0068379017,0
incubator-dubbo,8854,0,0.41577816,0
incubator-dubbo,8675,0,0.014846867,0
incubator-dubbo,9639,0,0.028315412,0
incubator-dubbo,8930,0,0.52616644,1
incubator-dubbo,8629,0,0.008593786,0
incubator-dubbo,8569,0,0.40976048,0
incubator-dubbo,9244,0,0.020319693,0
incubator-dubbo,9295,0,0.003110491,0
incubator-dubbo,9693,0,0.0071374443,0
incubator-dubbo,9789,0,0.84420335,1
incubator-dubbo,9786,0,0.015956448,0
incubator-dubbo,9631,0,0.011856181,0
incubator-dubbo,9651,0,0.012799879,0
incubator-dubbo,8281,0,0.021257885,0
incubator-dubbo,9572,1,0.7926705,1
incubator-dubbo,9291,0,0.30856255,0
incubator-dubbo,8362,0,0.022352805,0
incubator-dubbo,8707,0,0.07741634,0
incubator-dubbo,8388,0,0.024011044,0
incubator-dubbo,8752,0,0.006846423,0
incubator-dubbo,8238,0,0.045360964,0
incubator-dubbo,7993,0,0.095986955,0
incubator-dubbo,7951,0,0.01103551,0
incubator-dubbo,8283,0,0.021257885,0
incubator-dubbo,8036,0,0.0014884518,0
incubator-dubbo,8989,0,0.0018672921,0
incubator-dubbo,8886,0,0.005222164,0
incubator-dubbo,8376,0,0.017619288,0
incubator-dubbo,9716,0,0.27917704,0
incubator-dubbo,8608,0,0.08598313,0
incubator-dubbo,9725,0,0.001234725,0
incubator-dubbo,8113,0,0.015219421,0
incubator-dubbo,7995,0,0.0057669133,0
incubator-dubbo,9153,0,0.0071047116,0
incubator-dubbo,8945,0,0.008852939,0
incubator-dubbo,9427,0,0.01249819,0
incubator-dubbo,8868,0,0.0039153923,0
incubator-dubbo,8972,0,0.0023984816,0
incubator-dubbo,9770,0,0.034234855,0
incubator-dubbo,8493,0,0.024579477,0
incubator-dubbo,8873,0,0.04439274,0
incubator-dubbo,8449,0,0.022086618,0
incubator-dubbo,9023,0,0.1724783,0
incubator-dubbo,9294,0,0.003110491,0
incubator-dubbo,8610,0,0.0030457552,0
incubator-dubbo,8571,0,0.0032886378,0
incubator-dubbo,9353,0,0.0055901534,0
incubator-dubbo,7968,0,0.0068379017,0
incubator-dubbo,8374,0,0.017619288,0
incubator-dubbo,9241,0,0.027694264,0
incubator-dubbo,8766,0,0.0034304287,0
incubator-dubbo,7987,0,0.033878505,0
incubator-dubbo,8141,0,0.037387855,0
incubator-dubbo,8718,0,0.0049223653,0
incubator-dubbo,9212,0,0.01302995,0
incubator-dubbo,9630,0,0.015532145,0
incubator-dubbo,9776,0,0.013870234,0
incubator-dubbo,9007,0,0.10863911,0
incubator-dubbo,9351,0,0.011617909,0
incubator-dubbo,7878,0,0.009334272,0
incubator-dubbo,9480,0,0.010623774,0
incubator-dubbo,8320,0,0.012443909,0
incubator-dubbo,8722,0,0.012903846,0
incubator-dubbo,8498,0,0.013671494,0
incubator-dubbo,8251,0,0.023312151,0
incubator-dubbo,9688,0,0.71486545,1
incubator-dubbo,9416,0,0.037456706,0
incubator-dubbo,7900,0,0.11213505,0
incubator-dubbo,8764,0,0.011442273,0
incubator-dubbo,9040,0,0.0018672921,0
incubator-dubbo,8186,0,0.0125135295,0
incubator-dubbo,9830,0,0.21447037,0
incubator-dubbo,9874,1,0.07158508,0
incubator-dubbo,8901,0,0.1093468,0
incubator-dubbo,8745,0,0.0066696894,0
incubator-dubbo,9184,0,0.017203059,0
incubator-dubbo,8319,0,0.014097825,0
incubator-dubbo,9057,0,0.41184667,0
incubator-dubbo,9656,0,0.038532913,0
incubator-dubbo,9052,0,0.020054815,0
incubator-dubbo,9098,0,0.14302187,0
incubator-dubbo,9653,0,0.45696914,0
incubator-dubbo,9118,0,0.0832776,0
incubator-dubbo,8914,0,0.05016468,0
incubator-dubbo,8207,0,0.013756611,0
incubator-dubbo,8806,0,0.31140152,0
incubator-dubbo,8992,0,0.0018847255,0
incubator-dubbo,8993,0,0.0021944009,0
incubator-dubbo,9676,0,0.02265379,0
incubator-dubbo,9388,0,0.0031435068,0
incubator-dubbo,9905,0,0.121220246,0
incubator-dubbo,8213,0,0.027786732,0
incubator-dubbo,8968,0,0.003960299,0
incubator-dubbo,8270,0,0.046217065,0
incubator-dubbo,9917,0,0.09738698,0
incubator-dubbo,9562,0,0.021773359,0
incubator-dubbo,8948,0,0.0037301586,0
incubator-dubbo,9513,0,0.09049297,0
incubator-dubbo,8966,0,0.022961244,0
incubator-dubbo,7815,0,0.31257346,0
incubator-dubbo,8002,0,0.012481686,0
incubator-dubbo,8877,0,0.0027034173,0
incubator-dubbo,9093,0,0.12563099,0
incubator-dubbo,9866,1,0.29040724,0
incubator-dubbo,7877,0,0.010154947,0
incubator-dubbo,9079,0,0.19363596,0
incubator-dubbo,8385,0,0.019713892,0
incubator-dubbo,8670,0,0.0048783217,0
incubator-dubbo,9010,0,0.0018375393,0
incubator-dubbo,8962,0,0.04843495,0
incubator-dubbo,9743,0,0.05671085,0
incubator-dubbo,8817,0,0.012425651,0
incubator-dubbo,9124,0,0.0596935,0
incubator-dubbo,8986,0,0.0018847255,0
incubator-dubbo,7905,0,0.0071604825,0
incubator-dubbo,8254,0,0.05591225,0
incubator-dubbo,8520,0,0.010898899,0
incubator-dubbo,8191,0,0.013756611,0
incubator-dubbo,9778,0,0.022075873,0
incubator-dubbo,9935,0,0.041574314,0
incubator-dubbo,9381,0,0.01191358,0
incubator-dubbo,8710,0,0.03921426,0
incubator-dubbo,8313,0,0.021728396,0
incubator-dubbo,8994,0,0.005097402,0
incubator-dubbo,9969,0,0.0022319877,0
incubator-dubbo,8795,0,0.0038195653,0
incubator-dubbo,9344,0,0.003194338,0
incubator-dubbo,9517,0,0.011856181,0
incubator-dubbo,9415,0,0.023417033,0
incubator-dubbo,9911,0,0.027017966,0
incubator-dubbo,9179,0,0.03764873,0
incubator-dubbo,8730,0,0.012049629,0
incubator-dubbo,9670,0,0.02574442,0
incubator-dubbo,8719,0,0.09216031,0
incubator-dubbo,9537,0,0.011856181,0
incubator-dubbo,7964,0,0.049847525,0
incubator-dubbo,9710,0,0.22104642,0
incubator-dubbo,9765,0,0.028584473,0
incubator-dubbo,8553,0,0.0076912604,0
incubator-dubbo,8225,0,0.33516413,0
incubator-dubbo,8531,0,0.0070406627,0
incubator-dubbo,8114,0,0.014138842,0
incubator-dubbo,8984,0,0.006923649,0
incubator-dubbo,9707,0,0.0045168367,0
incubator-dubbo,8083,0,0.023419743,0
incubator-dubbo,9581,0,0.011738585,0
incubator-dubbo,8609,0,0.019652983,0
incubator-dubbo,8991,0,0.0023984816,0
incubator-dubbo,9097,0,0.0074520996,0
incubator-dubbo,9861,0,0.40984288,0
incubator-dubbo,9540,0,0.028976046,0
incubator-dubbo,9659,0,0.0065806913,0
incubator-dubbo,9289,0,0.5919819,1
incubator-dubbo,8681,0,0.041864533,0
incubator-dubbo,9856,0,0.83149284,1
incubator-dubbo,7841,0,0.02498047,0
incubator-dubbo,9835,0,0.41839564,0
incubator-dubbo,8408,0,0.054925695,0
incubator-dubbo,8788,0,0.0063471594,0
incubator-dubbo,7980,0,0.003008941,0
incubator-dubbo,9077,0,0.1380821,0
incubator-dubbo,8931,0,0.8432361,1
incubator-dubbo,7939,0,0.03357378,0
incubator-dubbo,8152,0,0.015219421,0
incubator-dubbo,8926,0,0.0018672921,0
incubator-dubbo,9220,0,0.03165566,0
incubator-dubbo,8654,0,0.0027877209,0
incubator-dubbo,8212,0,0.019529544,0
incubator-dubbo,8351,0,0.038952984,0
incubator-dubbo,9882,0,0.5382862,1
incubator-dubbo,9811,0,0.7197879,1
incubator-dubbo,8441,0,0.02467385,0
incubator-dubbo,8220,0,0.030457558,0
incubator-dubbo,9499,0,0.02668813,0
incubator-dubbo,9170,0,0.012784151,0
incubator-dubbo,8502,0,0.8863676,1
incubator-dubbo,9004,0,0.0037710704,0
incubator-dubbo,9460,0,0.0030674213,0
incubator-dubbo,9157,0,0.044095855,0
incubator-dubbo,8187,0,0.019529544,0
java-websocket,17436,0,0.004141515,0
java-websocket,17451,1,0.009643134,0
java-websocket,17455,1,0.010999842,0
java-websocket,17487,0,0.77816284,1
java-websocket,17401,0,0.17046623,0
java-websocket,17502,0,0.01376259,0
java-websocket,17488,0,0.67801106,1
java-websocket,17457,1,0.010397838,0
java-websocket,17527,0,0.011279264,0
java-websocket,17431,0,0.04805776,0
java-websocket,17531,0,0.0029292374,0
java-websocket,17512,0,0.0037412453,0
java-websocket,17482,0,0.013142461,0
java-websocket,17495,0,0.0020120093,0
java-websocket,17521,0,0.0037836956,0
java-websocket,17419,0,0.0046307095,0
java-websocket,17438,0,0.018269414,0
java-websocket,17449,1,0.0060692956,0
java-websocket,17466,1,0.0060692956,0
java-websocket,17499,0,0.008985734,0
java-websocket,17437,0,0.0032567421,0
java-websocket,17517,0,0.0022943658,0
java-websocket,17461,1,0.010929702,0
java-websocket,17394,0,0.073207594,0
java-websocket,17432,0,0.0059199664,0
java-websocket,17423,0,0.0046307095,0
java-websocket,17452,1,0.009643134,0
java-websocket,17532,0,0.0022326899,0
java-websocket,17509,0,0.0029696627,0
java-websocket,17443,0,0.005916619,0
java-websocket,17528,0,0.008128559,0
java-websocket,17402,0,0.018165065,0
java-websocket,17497,0,0.010458022,0
java-websocket,17409,0,0.02596171,0
java-websocket,17458,1,0.01264336,0
java-websocket,17459,1,0.010929702,0
java-websocket,17429,0,0.0028374312,0
java-websocket,17440,0,0.0032567421,0
java-websocket,17484,1,0.013142461,0
java-websocket,17511,0,0.0038042483,0
java-websocket,17510,0,0.004455842,0
java-websocket,17496,0,0.009417397,0
java-websocket,17416,0,0.0047299876,0
java-websocket,17523,0,0.0006129047,0
java-websocket,17537,0,0.0027430423,0
java-websocket,17492,0,0.79641426,1
java-websocket,17490,0,0.107226975,0
java-websocket,17483,0,0.013142461,0
java-websocket,17430,0,0.0040288907,0
java-websocket,17480,0,0.00925508,0
java-websocket,17448,1,0.0060692956,0
java-websocket,17513,0,0.0037412453,0
java-websocket,17486,0,0.013142461,0
java-websocket,17472,0,0.013142461,0
java-websocket,17424,0,0.0032567421,0
java-websocket,17426,0,0.0037297388,0
java-websocket,17514,0,0.004407733,0
java-websocket,17519,0,0.0028751513,0
java-websocket,17406,0,0.0032342502,0
java-websocket,17454,1,0.0060692956,0
java-websocket,17422,0,0.19235322,0
java-websocket,17504,0,0.0017111704,0
java-websocket,17462,1,0.0060692956,0
java-websocket,17491,1,0.69947964,1
java-websocket,17530,0,0.009850893,0
java-websocket,17444,0,0.00300918,0
java-websocket,17463,1,0.0060692956,0
java-websocket,17471,0,0.013142461,0
java-websocket,17407,0,0.009880705,0
java-websocket,17395,0,0.018768819,0
java-websocket,17506,0,0.002534195,0
java-websocket,17433,0,0.012035247,0
java-websocket,17515,0,0.0022943658,0
java-websocket,17446,0,0.0054364097,0
java-websocket,17397,0,0.00074943935,0
java-websocket,17477,0,0.013142461,0
java-websocket,17507,1,0.009628144,0
java-websocket,17456,1,0.009643134,0
java-websocket,17460,1,0.010999842,0
java-websocket,17534,0,0.008486703,0
java-websocket,17508,0,0.00090178096,0
java-websocket,17538,0,0.0051602814,0
java-websocket,17421,0,0.0039222646,0
java-websocket,17478,0,0.013142461,0
java-websocket,17503,0,0.0017111704,0
java-websocket,17420,0,0.0046307095,0
java-websocket,17396,0,0.0020135639,0
java-websocket,17535,0,0.0060432525,0
java-websocket,17529,0,0.0096522905,0
java-websocket,17526,0,0.014956266,0
java-websocket,17442,0,0.018269414,0
java-websocket,17520,0,0.00088637095,0
java-websocket,17493,0,0.84519786,1
java-websocket,17404,0,0.002432199,0
java-websocket,17489,0,0.5468105,1
java-websocket,17525,0,0.0046648392,0
java-websocket,17415,0,0.0029315643,0
java-websocket,17435,0,0.120868824,0
java-websocket,17408,0,0.012587716,0
java-websocket,17427,0,0.004618282,0
java-websocket,17473,0,0.013142461,0
java-websocket,17428,0,0.058109988,0
java-websocket,17474,0,0.013142461,0
java-websocket,17465,1,0.009643134,0
java-websocket,17470,0,0.013142461,0
java-websocket,17501,0,0.0076868427,0
java-websocket,17400,0,0.05314182,0
java-websocket,17500,0,0.0015380124,0
java-websocket,17410,0,0.009848996,0
java-websocket,17468,0,0.013142461,0
java-websocket,17479,0,0.013142461,0
java-websocket,17518,0,0.0029696627,0
java-websocket,17411,0,0.047534008,0
java-websocket,17475,0,0.013142461,0
java-websocket,17485,0,0.013142461,0
java-websocket,17418,0,0.0029315643,0
java-websocket,17399,0,0.007639303,0
java-websocket,17403,0,0.01737118,0
java-websocket,17481,0,0.013142461,0
java-websocket,17522,0,0.003922162,0
java-websocket,17445,0,0.018269414,0
java-websocket,17414,0,0.0071522975,0
java-websocket,17533,0,0.010162619,0
java-websocket,17498,0,0.002553097,0
java-websocket,17417,0,0.0038913537,0
java-websocket,17405,0,0.0008427784,0
java-websocket,17453,1,0.009643134,0
java-websocket,17447,1,0.0060692956,0
java-websocket,17413,0,0.00584147,0
java-websocket,17516,0,0.0010057483,0
java-websocket,17494,0,0.0076868427,0
jimfs,1457,0,0.008704239,0
jimfs,1600,0,0.0046038,0
jimfs,1567,0,0.008807378,0
jimfs,1502,0,0.001034315,0
jimfs,1487,0,0.0021501419,0
jimfs,1636,0,0.03109304,0
jimfs,1472,0,0.0019743228,0
jimfs,1610,0,0.06387928,0
jimfs,1436,0,0.002019596,0
jimfs,1527,0,0.0025426524,0
jimfs,1564,0,0.019062903,0
jimfs,1616,0,0.0044485126,0
jimfs,1583,0,0.09031202,0
jimfs,1509,0,0.001034315,0
jimfs,1442,0,0.002362236,0
jimfs,1628,0,0.14711572,0
jimfs,1594,0,0.34486702,0
jimfs,1445,0,0.0008067322,0
jimfs,1637,0,0.007722249,0
jimfs,1513,0,0.0021776273,0
jimfs,1506,0,0.001034315,0
jimfs,1482,0,0.0025713926,0
jimfs,1575,0,0.016985405,0
jimfs,1634,0,0.008340056,0
jimfs,1577,0,0.015637072,0
jimfs,1570,0,0.12918767,0
jimfs,1452,0,0.0008067322,0
jimfs,1531,0,0.0018720494,0
jimfs,1443,0,0.002483356,0
jimfs,1604,0,0.0019950087,0
jimfs,1562,0,0.016128438,0
jimfs,1553,0,0.01937476,0
jimfs,1536,0,0.276689,0
jimfs,1495,0,0.001034315,0
jimfs,1500,0,0.005289506,0
jimfs,1574,0,0.422245,0
jimfs,1608,0,0.13601393,0
jimfs,1523,0,0.002184068,0
jimfs,1617,0,0.0067409747,0
jimfs,1520,0,0.0021443642,0
jimfs,1542,0,0.33186367,0
jimfs,1590,0,0.43571028,0
jimfs,1623,0,0.0027446458,0
jimfs,1554,0,0.042284667,0
jimfs,1535,0,0.006877147,0
jimfs,1496,0,0.0017935374,0
jimfs,1511,0,0.39701444,0
jimfs,1524,0,0.0024537598,0
jimfs,1528,0,0.0058458494,0
jimfs,1465,0,0.0019147889,0
jimfs,1451,0,0.002362236,0
jimfs,1611,0,0.036646415,0
jimfs,1545,0,0.005243003,0
jimfs,1456,0,0.033589017,0
jimfs,1446,0,0.002362236,0
jimfs,1612,0,0.0045211227,0
jimfs,1522,0,0.0017553512,0
jimfs,1494,0,0.0061214957,0
jimfs,1493,0,0.011163509,0
jimfs,1432,0,0.0016975946,0
jimfs,1597,0,0.0036134098,0
jimfs,1483,0,0.0020425986,0
jimfs,1525,0,0.0010245299,0
jimfs,1585,0,0.009645756,0
jimfs,1626,0,0.003137683,0
jimfs,1492,0,0.001034315,0
jimfs,1549,0,0.009037507,0
jimfs,1607,0,0.0062955976,0
jimfs,1458,0,0.0019147889,0
jimfs,1439,0,0.001034315,0
jimfs,1462,0,0.02933845,0
jimfs,1455,0,0.0015286846,0
jimfs,1469,0,0.0019743228,0
jimfs,1563,0,0.25216013,0
jimfs,1625,0,0.005551486,0
jimfs,1571,0,0.005871753,0
jimfs,1478,0,0.0037529098,0
jimfs,1546,0,0.117123224,0
jimfs,1598,0,0.063562736,0
jimfs,1503,0,0.001901978,0
jimfs,1468,0,0.0019147889,0
jimfs,1599,0,0.037458327,0
jimfs,1505,0,0.0027477567,0
jimfs,1552,0,0.020270927,0
jimfs,1453,0,0.0019142593,0
jimfs,1568,0,0.0056708413,0
jimfs,1538,0,0.013152328,0
jimfs,1559,0,0.0067382744,0
jimfs,1429,0,0.0047147674,0
jimfs,1504,0,0.0017935374,0
jimfs,1473,0,0.008501727,0
jimfs,1555,0,0.025517594,0
jimfs,1540,0,0.23746414,0
jimfs,1517,0,0.0014048791,0
jimfs,1512,0,0.0030489552,0
jimfs,1569,0,0.4010606,0
jimfs,1463,0,0.0014072586,0
jimfs,1547,0,0.00785341,0
jimfs,1488,0,0.0008067322,0
jimfs,1449,0,0.0008067322,0
jimfs,1566,0,0.0016582096,0
jimfs,1539,0,0.06500358,0
jimfs,1460,0,0.0012071023,0
jimfs,1438,0,0.002019596,0
jimfs,1633,0,0.31182033,0
jimfs,1595,0,0.047054682,0
jimfs,1433,0,0.002019596,0
jimfs,1454,0,0.0038527471,0
jimfs,1621,0,0.01776266,0
jimfs,1630,0,0.011892117,0
jimfs,1572,0,0.1678415,0
jimfs,1431,0,0.0016884826,0
jimfs,1459,0,0.0019743228,0
jimfs,1544,0,0.23227325,0
jimfs,1580,0,0.090594545,0
jimfs,1629,0,0.09852474,0
jimfs,1579,0,0.02331103,0
jimfs,1541,0,0.05231828,0
jimfs,1437,0,0.0025158871,0
jimfs,1489,0,0.0014837648,0
jimfs,1551,0,0.03017734,0
jimfs,1581,0,0.05161278,0
jimfs,1602,0,0.0061853845,0
jimfs,1427,0,0.004567692,0
jimfs,1618,0,0.0016199172,0
jimfs,1588,0,0.14286576,0
jimfs,1497,0,0.0027477567,0
jimfs,1591,0,0.3415627,0
jimfs,1491,0,0.001034315,0
jimfs,1471,0,0.0019147889,0
jimfs,1565,0,0.01902397,0
jimfs,1467,0,0.005251747,0
jimfs,1550,0,0.039837383,0
jimfs,1450,0,0.002362236,0
jimfs,1586,0,0.06548066,0
jimfs,1582,0,0.024618309,0
jimfs,1508,0,0.001034315,0
jimfs,1466,0,0.0018668764,0
jimfs,1605,0,0.0062955976,0
jimfs,1474,0,0.05726368,0
jimfs,1521,0,0.0018526589,0
jimfs,1589,0,0.003981971,0
jimfs,1470,0,0.109390914,0
jimfs,1573,0,0.018976923,0
jimfs,1430,0,0.0030993624,0
jimfs,1532,0,0.30125856,0
jimfs,1480,0,0.0020425986,0
jimfs,1560,0,0.008949332,0
jimfs,1619,0,0.009658068,0
jimfs,1592,0,0.19152147,0
jimfs,1624,0,0.0029890907,0
jimfs,1476,0,0.0020425986,0
jimfs,1507,0,0.0017935374,0
jimfs,1461,0,0.0040362217,0
jimfs,1434,0,0.0025158871,0
jimfs,1537,0,0.009819791,0
jimfs,1518,0,0.0005982541,0
jimfs,1510,0,0.001901978,0
jimfs,1632,0,0.10129665,0
jimfs,1620,0,0.008273033,0
jimfs,1516,0,0.005192308,0
jimfs,1435,0,0.002019596,0
jimfs,1440,0,0.0019403887,0
jimfs,1486,0,0.0076577505,0
jimfs,1609,0,0.00432052,0
jimfs,1558,0,0.17014249,0
jimfs,1444,0,0.0008067322,0
jimfs,1593,0,0.32911447,0
jimfs,1499,0,0.001034315,0
jimfs,1613,0,0.005842121,0
jimfs,1561,0,0.02726173,0
jimfs,1603,0,0.0009584183,0
jimfs,1622,0,0.022013081,0
jimfs,1490,0,0.0008067322,0
jimfs,1481,0,0.0020425986,0
jimfs,1534,0,0.00547836,0
jimfs,1477,0,0.0025713926,0
jimfs,1601,0,0.023090053,0
jimfs,1635,0,0.0042336574,0
jimfs,1596,0,0.063562736,0
jimfs,1485,0,0.0021501419,0
jimfs,1475,0,0.0032356696,0
jimfs,1515,0,0.003417313,0
jimfs,1448,0,0.0014837648,0
jimfs,1484,0,0.0021501419,0
jimfs,1587,0,0.16812032,0
jimfs,1631,0,0.013344433,0
jimfs,1614,0,0.031196017,0
jimfs,1556,0,0.00584114,0
jimfs,1464,0,0.01066884,0
jimfs,1584,0,0.0024255211,0
logback,741,0,0.036626976,0
logback,194,0,0.017587343,0
logback,306,1,0.07352178,0
logback,641,0,0.0014892436,0
logback,356,0,0.08359865,0
logback,225,1,0.060251374,0
logback,227,1,0.018529313,0
logback,603,0,0.015604092,0
logback,501,0,0.0081514595,0
logback,777,0,0.03106915,0
logback,29,0,0.039945036,0
logback,586,0,0.13280919,0
logback,604,0,0.010769255,0
logback,394,0,0.0026448772,0
logback,835,0,0.0020778547,0
logback,237,0,0.014476382,0
logback,12,0,0.07086027,0
logback,27,0,0.046287607,0
logback,663,0,0.008648739,0
logback,489,0,0.5336007,1
logback,485,0,0.01718841,0
logback,822,0,0.0090635,0
logback,126,0,0.005943393,0
logback,708,0,0.020718511,0
logback,202,0,0.031323843,0
logback,474,0,0.0136227645,0
logback,274,0,0.029065933,0
logback,638,0,0.0018793484,0
logback,18329,0,0.06950101,0
logback,775,0,0.015210691,0
logback,184,0,0.005854791,0
logback,823,0,0.018020602,0
logback,455,0,0.24144812,0
logback,324,0,0.05399294,0
logback,535,0,0.15631208,0
logback,26,0,0.06809538,0
logback,481,0,0.011612495,0
logback,609,0,0.0027811658,0
logback,335,0,0.004571177,0
logback,654,0,0.018754484,0
logback,760,0,0.006820472,0
logback,318,0,0.062059004,0
logback,136,0,0.047239788,0
logback,596,0,0.0048796576,0
logback,556,0,0.027628094,0
logback,1,0,0.0903399,0
logback,330,0,0.048064865,0
logback,484,0,0.00456988,0
logback,689,0,0.04812148,0
logback,403,0,0.003685921,0
logback,134,0,0.08523398,0
logback,55,0,0.0021843247,0
logback,690,0,0.006637308,0
logback,714,0,0.062912196,0
logback,430,0,0.005508754,0
logback,53,0,0.0014413978,0
logback,509,0,0.0048991344,0
logback,391,0,0.030955004,0
logback,612,0,0.0143676065,0
logback,302,0,0.0042371145,0
logback,288,0,0.048248537,0
logback,740,0,0.0017070116,0
logback,440,0,0.0020855991,0
logback,504,0,0.044628356,0
logback,411,0,0.003699046,0
logback,308,0,0.027244763,0
logback,133,0,0.015712732,0
logback,325,0,0.12331588,0
logback,619,0,0.003162763,0
logback,676,0,0.0378072,0
logback,271,0,0.010464508,0
logback,406,0,0.00603462,0
logback,48,0,0.008808918,0
logback,248,0,0.04082383,0
logback,505,0,0.0061591356,0
logback,552,0,0.0029723125,0
logback,61,0,0.0051730606,0
logback,728,0,0.008742677,0
logback,346,0,0.008449921,0
logback,262,1,0.0052519143,0
logback,303,0,0.0027797853,0
logback,46,0,0.0026481973,0
logback,432,0,0.0725341,0
logback,352,0,0.02200255,0
logback,261,0,0.0045569227,0
logback,45,0,0.0019709284,0
logback,20,0,0.10546955,0
logback,258,0,0.005575379,0
logback,508,0,0.0048991344,0
logback,157,0,0.0035767523,0
logback,441,0,0.03292882,0
logback,578,0,0.006499283,0
logback,424,0,0.0073821354,0
logback,799,0,0.001706758,0
logback,311,0,0.14696358,0
logback,34,0,0.13675264,0
logback,153,0,0.0030918105,0
logback,7,0,0.022320155,0
logback,599,0,0.0029074384,0
logback,207,0,0.013580143,0
logback,600,0,0.002583557,0
logback,645,0,0.0056545786,0
logback,390,0,0.02071839,0
logback,785,0,0.0038814095,0
logback,711,0,0.011248537,0
logback,503,0,0.0044520553,0
logback,750,0,0.0032139216,0
logback,166,0,0.010768361,0
logback,795,0,0.0040786127,0
logback,377,0,0.012064851,0
logback,366,0,0.14601547,0
logback,594,0,0.056601655,0
logback,704,0,0.005676049,0
logback,5,0,0.019167524,0
logback,671,0,0.0038269844,0
logback,587,0,0.0046312213,0
logback,510,0,0.009070329,0
logback,354,0,0.018011717,0
logback,580,0,0.0028846294,0
logback,259,0,0.053271193,0
logback,428,0,0.0097110765,0
logback,755,0,0.00816788,0
logback,616,0,0.09338237,0
logback,583,0,0.00971665,0
logback,9,0,0.21434243,0
logback,602,0,0.006032156,0
logback,332,0,0.051233348,0
logback,387,0,0.03659417,0
logback,162,0,0.0027380474,0
logback,831,0,0.075828485,0
logback,42,0,0.067289025,0
logback,449,0,0.11677572,0
logback,69,0,0.024302084,0
logback,402,0,0.0030167026,0
logback,44,0,0.07126983,0
logback,526,0,0.019635255,0
logback,128,0,0.031736124,0
logback,329,0,0.0016377136,0
logback,408,0,0.007032663,0
logback,479,0,0.0063731386,0
logback,427,0,0.0026431354,0
logback,745,0,0.021741917,0
logback,494,0,0.093312405,0
logback,384,0,0.058749963,0
logback,643,0,0.0052519143,0
logback,723,0,0.03947494,0
logback,249,0,0.005249799,0
logback,715,0,0.054592285,0
logback,540,0,0.0027239332,0
logback,198,0,0.053138938,0
logback,559,0,0.015408985,0
logback,459,0,0.115454935,0
logback,640,0,0.04792478,0
logback,518,0,0.0054005343,0
logback,817,0,0.017475776,0
logback,137,0,0.008682057,0
logback,679,0,0.03343904,0
logback,826,0,0.004435426,0
logback,35,0,0.012849272,0
logback,435,1,0.014130862,0
logback,146,0,0.0029958552,0
logback,182,0,0.0019355798,0
logback,786,0,0.095794104,0
logback,307,0,0.0011067026,0
logback,228,1,0.09300277,0
logback,670,0,0.012331889,0
logback,54,0,0.014455099,0
logback,431,0,0.009877253,0
logback,801,0,0.0013111682,0
logback,515,0,0.0024511407,0
logback,276,0,0.047241483,0
logback,293,0,0.13131164,0
logback,782,0,0.07474703,0
logback,380,0,0.0090583665,0
logback,480,0,0.008311968,0
logback,264,0,0.01583564,0
logback,2,0,0.019974912,0
logback,716,0,0.053437002,0
logback,36,0,0.056710187,0
logback,131,0,0.016958714,0
logback,386,0,0.032171845,0
logback,776,0,0.047016583,0
logback,497,0,0.0069547994,0
logback,151,0,0.10076577,0
logback,429,0,0.002620495,0
logback,361,0,0.009749036,0
logback,175,0,0.0073313066,0
logback,371,0,0.0090583665,0
logback,139,0,0.15573382,0
logback,462,0,0.026577208,0
logback,168,0,0.04669987,0
logback,106,0,0.025114313,0
logback,686,0,0.14405797,0
logback,405,0,0.008574805,0
logback,632,0,0.022965914,0
logback,305,0,0.07104937,0
logback,502,0,0.026208779,0
logback,646,0,0.017206324,0
logback,787,0,0.012943048,0
logback,733,1,0.014601194,0
logback,313,0,0.098836616,0
logback,721,0,0.0023457175,0
logback,819,0,0.028075054,0
logback,115,0,0.037039634,0
logback,490,0,0.015140325,0
logback,234,0,0.13918689,0
logback,108,0,0.09815833,0
logback,120,0,0.06028418,0
logback,768,0,0.027689006,0
logback,762,0,0.013077781,0
logback,222,0,0.070820734,0
logback,316,0,0.010380062,0
logback,312,0,0.06553116,0
logback,62,0,0.040921506,0
logback,774,0,0.006219359,0
logback,107,0,0.04501247,0
logback,450,0,0.019761559,0
logback,729,0,0.37874717,0
logback,173,0,0.0045702183,0
logback,624,0,0.010922313,0
logback,167,0,0.023940599,0
logback,179,0,0.0027917828,0
logback,21,0,0.015487026,0
logback,199,0,0.052694924,0
logback,553,0,0.0072768806,0
logback,3,0,0.019167524,0
logback,476,0,0.008611952,0
logback,680,0,0.002747907,0
logback,674,0,0.00489807,0
logback,493,0,0.13562736,0
logback,751,0,0.020494446,0
logback,217,0,0.00179986,0
logback,341,0,0.06736182,0
logback,398,0,0.0053748745,0
logback,549,0,0.0095303,0
logback,419,0,0.19232647,0
logback,545,0,0.0067840717,0
logback,695,0,0.013414288,0
logback,219,0,0.0012082217,0
logback,550,0,0.04794255,0
logback,195,0,0.061407246,0
logback,10,0,0.0051356433,0
logback,824,0,0.0026365835,0
logback,692,0,0.007295304,0
logback,127,0,0.042794395,0
logback,290,0,0.056362726,0
logback,50,0,0.012914314,0
logback,779,0,0.020718623,0
logback,500,0,0.007008785,0
logback,317,0,0.033814516,0
logback,170,0,0.0053983624,0
logback,64,0,0.004163167,0
logback,14,0,0.04730909,0
logback,651,0,0.0062905103,0
logback,149,0,0.012754034,0
logback,286,0,0.0037102024,0
logback,467,0,0.1644107,0
logback,103,0,0.045243874,0
logback,809,0,0.08457117,0
logback,422,0,0.00421718,0
logback,606,0,0.003097299,0
logback,730,0,0.24793802,0
logback,713,0,0.0069766776,0
logback,345,0,0.014447567,0
logback,404,0,0.013849998,0
logback,598,0,0.005054583,0
logback,796,0,0.0035512806,0
logback,400,0,0.03509365,0
logback,122,0,0.061417267,0
logback,13,0,0.06840913,0
logback,529,0,0.21803786,0
logback,499,0,0.010844622,0
logback,724,0,0.011065088,0
logback,470,0,0.016281355,0
logback,608,0,0.0016716779,0
logback,781,0,0.01187543,0
logback,731,0,0.09344958,0
logback,339,0,0.012083798,0
logback,11,0,0.10190695,0
logback,172,0,0.004545378,0
logback,375,0,0.0018144198,0
logback,147,0,0.061053712,0
logback,802,0,0.0014187739,0
logback,442,0,0.10179267,0
logback,453,0,0.0063285413,0
logback,720,0,0.001966318,0
logback,703,0,0.005332051,0
logback,40,0,0.057702452,0
logback,183,0,0.002273798,0
logback,752,0,0.08414846,0
logback,732,0,0.010018933,0
logback,614,0,0.064728744,0
logback,577,0,0.024185622,0
logback,618,0,0.0010035569,0
logback,735,0,0.007067813,0
logback,564,1,0.040001493,0
logback,812,0,0.0025475367,0
logback,464,0,0.008567223,0
logback,581,0,0.011853361,0
logback,800,0,0.006814138,0
logback,821,0,0.0039116824,0
logback,214,0,0.03055744,0
logback,143,0,0.12556385,0
logback,142,0,0.10890284,0
logback,372,0,0.0090583665,0
logback,759,0,0.007907493,0
logback,322,0,0.04766037,0
logback,379,0,0.0090583665,0
logback,667,0,0.073033065,0
logback,365,1,0.4900283,0
logback,593,0,0.0052490872,0
logback,687,0,0.04023517,0
logback,399,0,0.0036683695,0
logback,360,0,0.29445392,0
logback,304,0,0.060700472,0
logback,719,0,0.001966318,0
logback,448,0,0.007384323,0
logback,63,0,0.025836684,0
logback,229,0,0.04501128,0
logback,483,0,0.011155495,0
logback,613,0,0.049245182,0
logback,548,0,0.003911506,0
logback,25,0,0.07219365,0
logback,68,0,0.0030167026,0
logback,204,0,0.06741291,0
logback,395,0,0.004487984,0
logback,43,0,0.06506192,0
logback,630,0,0.0036562888,0
logback,148,0,0.0015688379,0
logback,144,0,0.005249799,0
logback,696,0,0.0033232318,0
logback,818,0,0.01373449,0
logback,425,0,0.0040700855,0
logback,180,0,0.002273798,0
logback,445,0,0.08919198,0
logback,767,0,0.010657156,0
logback,566,0,0.043089177,0
logback,725,1,0.009771669,0
logback,104,0,0.1542053,0
logback,506,0,0.076935776,0
logback,174,0,0.0031010176,0
logback,722,0,0.0019003041,0
logback,41,0,0.050045017,0
logback,562,0,0.059203718,0
logback,659,0,0.012944199,0
logback,764,0,0.048128862,0
logback,590,0,0.086347885,0
logback,495,0,0.006041993,0
logback,163,0,0.04556519,0
logback,299,0,0.012019394,0
logback,284,0,0.016510112,0
logback,543,0,0.006084416,0
logback,546,0,0.0030507776,0
logback,334,0,0.0041202824,0
logback,287,0,0.004840305,0
logback,681,0,0.0048432695,0
logback,833,0,0.0041553676,0
logback,433,0,0.04970384,0
logback,368,1,0.031956617,0
logback,664,0,0.011594039,0
logback,18328,0,0.022605894,0
logback,482,0,0.004113116,0
logback,558,0,0.031149147,0
logback,124,0,0.078721404,0
logback,342,0,0.09262896,0
logback,657,0,0.007673459,0
logback,629,0,0.006868226,0
logback,357,0,0.0041495645,0
logback,203,0,0.011929547,0
logback,8,0,0.020726021,0
logback,160,0,0.11194047,0
logback,165,0,0.003211881,0
logback,0,0,0.057472467,0
logback,343,0,0.009939872,0
logback,178,0,0.0033638636,0
logback,460,0,0.006260269,0
logback,348,0,0.016732445,0
logback,572,0,0.0018197898,0
logback,218,0,0.014286016,0
logback,125,0,0.01664099,0
logback,367,0,0.09422814,0
logback,278,0,0.0068875114,0
logback,255,0,0.006032193,0
logback,196,0,0.009803927,0
logback,525,0,0.015895355,0
logback,15,0,0.091575176,0
logback,191,0,0.003898,0
logback,588,0,0.02815266,0
logback,353,0,0.012051087,0
logback,815,0,0.021933151,0
logback,213,0,0.002499009,0
logback,277,0,0.029358646,0
logback,531,0,0.018962722,0
logback,808,1,0.02710384,0
logback,282,0,0.009592413,0
logback,57,0,0.0013171003,0
logback,246,0,0.09054048,0
logback,803,0,0.0009817703,0
logback,649,0,0.020606954,0
logback,742,0,0.011249582,0
logback,238,0,0.076825805,0
logback,533,0,0.0030284438,0
logback,677,0,0.0013361927,0
logback,756,0,0.008053225,0
logback,231,0,0.3261718,0
logback,718,0,0.035459314,0
logback,212,0,0.008956478,0
logback,675,0,0.086771734,0
logback,340,0,0.050839968,0
logback,623,0,0.010735263,0
logback,749,0,0.0034924587,0
logback,28,0,0.005878563,0
logback,347,1,0.10782649,0
logback,473,0,0.015417986,0
logback,407,0,0.028068967,0
logback,707,0,0.015495556,0
logback,289,0,0.111407064,0
logback,709,0,0.016702894,0
logback,60,0,0.001401557,0
logback,665,0,0.01291108,0
logback,327,0,0.070978574,0
logback,734,0,0.12040051,0
logback,138,0,0.00958682,0
logback,373,0,0.008781773,0
logback,589,0,0.012781383,0
logback,412,0,0.013251248,0
logback,181,0,0.0027917828,0
logback,275,0,0.030442461,0
logback,211,0,0.046493657,0
logback,22,0,0.015739053,0
logback,561,0,0.08602241,0
logback,465,0,0.023855202,0
logback,633,0,0.0038376027,0
logback,839,0,0.0053921854,0
logback,389,0,0.013922783,0
logback,475,0,0.009667587,0
logback,230,0,0.2506644,0
logback,555,0,0.0110176485,0
logback,597,0,0.0053074323,0
logback,516,0,0.0032858055,0
logback,652,0,0.0037123694,0
logback,468,0,0.15819545,0
logback,488,0,0.41938677,0
logback,266,0,0.033444833,0
logback,6,0,0.058178242,0
logback,639,0,0.0038929377,0
logback,628,0,0.011919508,0
logback,16,0,0.03949196,0
logback,185,0,0.08146386,0
logback,17,0,0.006227855,0
logback,544,0,0.037243653,0
logback,58,0,0.0064452016,0
logback,648,0,0.008294791,0
logback,51,0,0.0011331701,0
logback,746,0,0.03146562,0
logback,344,0,0.03566329,0
logback,744,0,0.0016646436,0
logback,359,0,0.05804553,0
logback,551,0,0.0072768806,0
logback,270,0,0.0053957975,0
logback,253,0,0.002545007,0
logback,466,0,0.009030063,0
logback,514,0,0.00703694,0
logback,320,0,0.030173661,0
logback,780,0,0.09678443,0
logback,791,0,0.005797594,0
logback,666,0,0.07902929,0
logback,263,0,0.08938543,0
logback,486,0,0.0030388578,0
logback,154,0,0.0036913392,0
logback,24,0,0.017201647,0
logback,537,0,0.003602879,0
logback,789,0,0.0059358673,0
logback,121,0,0.03950324,0
logback,521,0,0.49757388,0
logback,52,0,0.0013997583,0
logback,805,0,0.0009817703,0
logback,570,0,0.04368611,0
logback,47,0,0.0026481973,0
logback,117,0,0.075512804,0
logback,447,0,0.019186782,0
logback,434,0,0.018700799,0
logback,813,0,0.006809024,0
logback,155,0,0.0034003186,0
logback,201,0,0.006581137,0
logback,260,0,0.005943393,0
logback,321,0,0.04527687,0
logback,349,0,0.008257903,0
logback,421,0,0.09956228,0
logback,444,0,0.016370444,0
logback,140,0,0.08103333,0
logback,215,0,0.02678545,0
logback,38,0,0.07156789,0
logback,834,0,0.0034044236,0
logback,738,0,0.0006638599,0
logback,161,0,0.001621096,0
logback,538,0,0.021855325,0
logback,717,0,0.0034309358,0
logback,186,0,0.030344436,0
logback,635,0,0.0052519143,0
logback,265,0,0.010289972,0
logback,56,0,0.0038804947,0
logback,784,0,0.06565124,0
logback,761,0,0.037499685,0
logback,323,0,0.051995758,0
logback,171,0,0.006180243,0
logback,385,0,0.04065562,0
logback,451,0,0.0016334273,0
logback,233,0,0.20138167,0
logback,333,0,0.004011924,0
logback,18,0,0.09409546,0
logback,773,0,0.030569196,0
logback,65,0,0.0020120535,0
logback,221,0,0.055291384,0
logback,672,1,0.24135284,0
logback,19,0,0.08915651,0
logback,798,0,0.040782,0
logback,291,0,0.05355543,0
logback,557,0,0.5214133,1
logback,159,0,0.008827085,0
logback,393,0,0.0036022025,0
logback,492,0,0.18702629,0
logback,691,0,0.06275841,0
logback,712,0,0.013825432,0
logback,267,0,0.0060247066,0
logback,753,0,0.02536593,0
logback,528,0,0.013009312,0
logback,565,0,0.00055019377,0
logback,673,0,0.11860474,0
logback,158,0,0.0054844213,0
logback,226,1,0.061242104,0
logback,610,0,0.0010902705,0
logback,458,0,0.041191384,0
logback,825,0,0.003984088,0
logback,584,0,0.040646646,0
logback,827,0,0.10278565,0
logback,539,0,0.003635724,0
logback,573,0,0.111893006,0
logback,471,0,0.013812144,0
logback,113,0,0.0033093796,0
logback,285,0,0.01439185,0
logback,205,0,0.016381167,0
logback,190,0,0.033190142,0
logback,591,0,0.014281994,0
logback,519,0,0.017427316,0
logback,794,0,0.058055304,0
logback,351,0,0.0020573668,0
logback,135,0,0.045641012,0
logback,446,0,0.0024010888,0
logback,164,0,0.0588685,0
logback,582,0,0.010504325,0
logback,534,0,0.081682794,0
logback,283,0,0.016851319,0
logback,688,0,0.16948746,0
logback,370,0,0.019746158,0
logback,241,0,0.006226843,0
logback,105,0,0.07846591,0
logback,130,0,0.004548683,0
logback,4,0,0.38169935,0
logback,522,0,0.10147042,0
logback,820,0,0.009030971,0
logback,743,0,0.0016489561,0
logback,319,0,0.15786546,0
logback,112,0,0.0030507776,0
logback,487,0,0.07130122,0
logback,668,0,0.007958368,0
logback,350,0,0.0106429765,0
logback,517,0,0.015636882,0
logback,627,0,0.0516585,0
logback,653,0,0.011842247,0
logback,626,0,0.00294472,0
logback,236,0,0.14522573,0
logback,807,0,0.016887192,0
logback,364,1,0.020888472,0
logback,292,0,0.041970793,0
logback,527,0,0.014286231,0
logback,256,0,0.005591789,0
logback,438,0,0.025148587,0
logback,208,0,0.031211602,0
logback,239,0,0.0057625137,0
logback,32,0,0.004249725,0
logback,647,0,0.04282684,0
logback,477,0,0.03233372,0
logback,511,0,0.004910678,0
logback,617,0,0.0027797853,0
logback,592,0,0.033533238,0
logback,362,0,0.009502963,0
logback,297,0,0.003146808,0
logback,621,0,0.003796684,0
logback,418,1,0.015678095,0
logback,116,0,0.253078,0
logback,810,0,0.014691825,0
logback,816,0,0.0029607252,0
logback,726,1,0.0059339544,0
logback,790,0,0.02624795,0
logback,520,0,0.0057686744,0
logback,254,0,0.005943393,0
logback,396,0,0.0046757245,0
logback,575,0,0.053325057,0
logback,576,0,0.020245759,0
logback,314,0,0.24253897,0
logback,757,0,0.0038096518,0
logback,461,0,0.0033019562,0
logback,472,0,0.013812144,0
logback,242,0,0.07697539,0
logback,832,0,0.0029446713,0
logback,532,0,0.0030599616,0
logback,793,0,0.017340172,0
logback,176,0,0.0038537686,0
logback,193,0,0.1456817,0
logback,656,0,0.0047965073,0
logback,737,0,0.026830481,0
logback,542,0,0.003635724,0
logback,443,0,0.0448649,0
logback,699,0,0.0059744483,0
logback,192,0,0.0029206267,0
logback,739,0,0.0017621388,0
logback,240,0,0.009783285,0
logback,409,0,0.018771257,0
logback,415,0,0.004523744,0
logback,114,0,0.09560727,0
logback,469,0,0.01537377,0
logback,220,0,0.02168039,0
logback,423,0,0.00421718,0
logback,694,0,0.026970932,0
logback,512,0,0.00703694,0
logback,536,0,0.0039369236,0
logback,547,0,0.010102863,0
logback,454,0,0.14323682,0
logback,524,0,0.014286231,0
logback,554,0,0.061113007,0
logback,251,0,0.06373,0
logback,605,0,0.11900873,0
logback,145,0,0.07611797,0
logback,563,0,0.13041362,0
logback,296,0,0.04020455,0
logback,132,0,0.019185305,0
logback,697,0,0.0031052982,0
logback,491,0,0.054075874,0
logback,223,0,0.11432202,0
logback,705,0,0.005733932,0
logback,701,0,0.12596275,0
logback,156,0,0.0017753942,0
logback,315,1,0.053118236,0
logback,571,0,0.03397783,0
logback,625,0,0.03380352,0
logback,541,0,0.003635724,0
logback,560,0,0.1429587,0
logback,413,0,0.0010165132,0
logback,152,0,0.0042075585,0
logback,601,0,0.0040687113,0
logback,279,0,0.0024458694,0
logback,216,0,0.00092114136,0
logback,806,0,0.02007727,0
logback,783,0,0.013608215,0
logback,754,0,0.004491848,0
logback,369,0,0.0174559,0
logback,830,0,0.0042981673,0
logback,669,1,0.01142544,0
logback,439,0,0.01303169,0
logback,710,0,0.0014751625,0
logback,426,0,0.0030057218,0
logback,280,0,0.012902831,0
logback,765,0,0.0040827715,0
logback,683,0,0.0033771242,0
logback,660,0,0.011839735,0
logback,210,0,0.01587818,0
logback,437,0,0.10759087,0
logback,189,0,0.0029206267,0
logback,829,0,0.006658556,0
logback,416,0,0.0047629713,0
logback,420,0,0.107321836,0
logback,392,0,0.00553099,0
logback,414,0,0.0047629713,0
logback,273,0,0.0034228598,0
logback,811,0,0.0053661917,0
logback,478,0,0.011698262,0
logback,814,0,0.0030116257,0
logback,747,0,0.13273257,0
logback,452,0,0.15620631,0
logback,523,0,0.010579095,0
logback,197,0,0.06300579,0
logback,123,0,0.052044895,0
logback,792,0,0.0040873634,0
logback,111,0,0.13276844,0
logback,243,0,0.030598404,0
logback,620,0,0.014380822,0
logback,129,0,0.0028708922,0
logback,655,0,0.017800013,0
logback,397,0,0.002166567,0
logback,595,0,0.0028714808,0
logback,658,0,0.020248927,0
logback,436,0,0.005093578,0
logback,378,0,0.049729284,0
logback,177,0,0.06705275,0
logback,615,0,0.011160188,0
logback,702,0,0.015238994,0
logback,758,0,0.018641083,0
logback,736,0,0.404553,0
logback,358,0,0.005370915,0
logback,769,0,0.0067747193,0
logback,507,0,0.17796323,0
logback,338,0,0.03342288,0
logback,836,0,0.03163993,0
logback,700,0,0.002788511,0
logback,281,0,0.0064114355,0
logback,37,0,0.068838395,0
logback,684,0,0.022721896,0
logback,530,0,0.0089022955,0
logback,59,0,0.01827519,0
logback,634,0,0.00577312,0
logback,766,0,0.0029499526,0
logback,417,0,0.009798638,0
logback,119,0,0.07229347,0
logback,771,0,0.0038314096,0
logback,188,0,0.02690693,0
logback,328,0,0.09963221,0
logback,727,0,0.13845533,0
logback,268,0,0.013387632,0
logback,788,0,0.009068277,0
logback,513,0,0.0037567413,0
logback,631,0,0.005249799,0
logback,662,0,0.0093721375,0
logback,102,0,0.043677587,0
logback,209,0,0.012617859,0
ninja,5099,0,0.06709541,0
ninja,5014,0,0.074110955,0
ninja,5255,0,0.00920692,0
ninja,5142,0,0.016589085,0
ninja,5104,0,0.001047674,0
ninja,5040,0,0.020281592,0
ninja,5056,0,0.019904183,0
ninja,5097,0,0.19930357,0
ninja,5149,0,0.18290657,0
ninja,2670,0,0.21652281,0
ninja,5234,0,0.020109452,0
ninja,2672,0,0.19055821,0
ninja,5240,0,0.35888323,0
ninja,2684,0,0.1345565,0
ninja,5259,0,0.007828634,0
ninja,5260,0,0.0013814272,0
ninja,5062,0,0.051128346,0
ninja,5189,0,0.078354985,0
ninja,2679,0,0.047314484,0
ninja,5209,0,0.008126499,0
ninja,5152,0,0.02719356,0
ninja,5015,0,0.023208275,0
ninja,5048,0,0.012420797,0
ninja,5181,0,0.028067851,0
ninja,5252,0,0.10554446,0
ninja,5121,0,0.0013108504,0
ninja,5072,0,0.21477161,0
ninja,5213,0,0.005334626,0
ninja,2702,0,0.21858197,0
ninja,5045,0,0.0044431663,0
ninja,5207,0,0.021500291,0
ninja,5212,0,0.0036982833,0
ninja,5106,0,0.02092273,0
ninja,2680,0,0.1615772,0
ninja,5003,0,0.004401502,0
ninja,5073,0,0.046828,0
ninja,2692,0,0.124608286,0
ninja,5164,0,0.014728621,0
ninja,5078,0,0.052162115,0
ninja,2674,0,0.10075417,0
ninja,5243,0,0.27961594,0
ninja,5054,0,0.017860018,0
ninja,5018,0,0.014481881,0
ninja,5183,0,0.0018749029,0
ninja,5201,0,0.8450484,1
ninja,5177,0,0.0077848188,0
ninja,5102,0,0.0011451687,0
ninja,5043,0,0.046190485,0
ninja,5012,0,0.0030614908,0
ninja,2681,0,0.124608286,0
ninja,5214,0,0.0020521863,0
ninja,5033,0,0.50009596,1
ninja,5008,0,0.024908992,0
ninja,5005,0,0.031710256,0
ninja,5092,0,0.033299122,0
ninja,2673,0,0.10477306,0
ninja,2669,0,0.16456608,0
ninja,5098,0,0.09371027,0
ninja,2711,0,0.17038134,0
ninja,5105,0,0.0010791817,0
ninja,2703,0,0.12230207,0
ninja,5020,0,0.02092785,0
ninja,5049,0,0.0060374015,0
ninja,5236,0,0.096539,0
ninja,5084,0,0.33376873,0
ninja,5226,0,0.0058418238,0
ninja,5256,0,0.0034731636,0
ninja,5052,0,0.008099585,0
ninja,2707,0,0.1695343,0
ninja,5042,0,0.052162115,0
ninja,5055,0,0.0056881313,0
ninja,5215,0,0.0019301644,0
ninja,5261,0,0.038701624,0
ninja,5199,0,0.2483819,0
ninja,5210,0,0.0036554881,0
ninja,5039,0,0.0028328598,0
ninja,5159,0,0.02469046,0
ninja,2683,0,0.1006648,0
ninja,5217,0,0.0036554881,0
ninja,5031,0,0.24630308,0
ninja,5157,0,0.019720528,0
ninja,5197,0,0.098195404,0
ninja,2696,0,0.06431174,0
ninja,5081,0,0.2412956,0
ninja,2693,0,0.11224201,0
ninja,5169,0,0.035954278,0
ninja,5144,0,0.048187703,0
ninja,5063,0,0.032392073,0
ninja,5011,0,0.0025735633,0
ninja,5090,0,0.2907336,0
ninja,5190,0,0.28776887,0
ninja,5246,0,0.16689241,0
ninja,5176,0,0.007312345,0
ninja,5163,0,0.05020329,0
ninja,5130,0,0.016043141,0
ninja,5131,0,0.0032660253,0
ninja,5166,0,0.020741167,0
ninja,5193,0,0.012776943,0
ninja,2695,0,0.061671827,0
ninja,2700,0,0.10981432,0
ninja,5137,0,0.02863119,0
ninja,5140,0,0.026723815,0
ninja,2712,0,0.14149818,0
ninja,5139,0,0.014066192,0
ninja,2686,0,0.12627792,0
ninja,5070,0,0.15083069,0
ninja,5248,0,0.1668784,0
ninja,5091,0,0.1517247,0
ninja,5257,0,0.025638955,0
ninja,5107,0,0.0011451687,0
ninja,5122,0,0.0031509944,0
ninja,5208,0,0.008624594,0
ninja,5251,0,0.30377096,0
ninja,5143,0,0.07163858,0
ninja,2710,0,0.10893817,0
ninja,5239,0,0.036609076,0
ninja,5206,0,0.010301439,0
ninja,5132,0,0.015792208,0
ninja,5068,0,0.0060374015,0
ninja,5023,0,0.0217801,0
ninja,5245,0,0.04111094,0
ninja,5221,0,0.25215667,0
ninja,5079,0,0.0059050084,0
ninja,5050,0,0.020281592,0
ninja,2677,0,0.29149932,0
ninja,5096,0,0.0036838006,0
ninja,5180,0,0.028004695,0
ninja,5117,0,0.005397484,0
ninja,5185,0,0.023005445,0
ninja,5138,0,0.016745968,0
ninja,5044,0,0.07059931,0
ninja,5127,0,0.0037135545,0
ninja,5188,0,0.0028861072,0
ninja,5004,0,0.046922483,0
ninja,5241,0,0.033243485,0
ninja,5244,0,0.01407425,0
ninja,2701,0,0.110643394,0
ninja,5242,0,0.011536836,0
ninja,5250,0,0.066809274,0
ninja,5123,0,0.0030678282,0
ninja,5174,0,0.04985888,0
ninja,5100,0,0.0022647693,0
ninja,5036,0,0.30671042,0
ninja,5115,0,0.0013867954,0
ninja,5095,0,0.10107859,0
ninja,5071,0,0.05123599,0
ninja,2671,0,0.12403697,0
ninja,5202,0,0.010301439,0
ninja,5247,0,0.75785756,1
ninja,5225,0,0.005664188,0
ninja,5141,0,0.062202733,0
ninja,2708,0,0.122276485,0
ninja,2706,0,0.039902028,0
ninja,5021,0,0.0130156195,0
ninja,5198,0,0.011983096,0
ninja,5027,0,0.41991228,0
ninja,5035,0,0.23274809,0
ninja,5230,0,0.27260694,0
ninja,5224,0,0.045632686,0
ninja,2705,0,0.7651089,1
ninja,2704,0,0.2354485,0
ninja,5060,0,0.018177425,0
ninja,5093,0,0.41345155,0
ninja,5195,0,0.025887975,0
ninja,5032,0,0.29654688,0
ninja,5258,0,0.16512597,0
ninja,5019,0,0.014583668,0
ninja,5218,0,0.21387,0
ninja,5170,0,0.06250516,0
ninja,5129,0,0.11532397,0
ninja,5024,0,0.031026697,0
ninja,5010,0,0.0026414066,0
ninja,5200,0,0.64141756,1
ninja,5076,0,0.15108882,0
ninja,5172,0,0.06039515,0
ninja,5145,0,0.3426511,0
ninja,5249,0,0.23473962,0
ninja,5223,0,0.031823423,0
ninja,5171,0,0.07486208,0
ninja,2699,0,0.21583042,0
ninja,5175,0,0.0067490796,0
ninja,5034,0,0.05338004,0
ninja,2675,0,0.0021715632,0
ninja,5057,0,0.026411807,0
ninja,5066,0,0.0028328598,0
ninja,5051,0,0.017860018,0
ninja,5253,0,0.012682899,0
ninja,2676,0,0.052286554,0
ninja,2698,0,0.12435379,0
ninja,2694,0,0.1206642,0
ninja,5204,0,0.021091998,0
ninja,5029,0,0.41258976,0
ninja,5179,0,0.014898964,0
ninja,5016,0,0.030256363,0
ninja,5205,0,0.010561147,0
ninja,5186,0,0.0027839153,0
ninja,5037,0,0.15310149,0
ninja,2678,0,0.13552101,0
ninja,5082,0,0.2412956,0
ninja,2682,0,0.09558285,0
ninja,5184,0,0.0020836846,0
ninja,5075,0,0.020281592,0
ninja,5074,0,0.05422954,0
ninja,5237,0,0.35888323,0
ninja,5238,0,0.16886406,0
ninja,5162,0,0.008703383,0
ninja,5026,0,0.258202,0
ninja,5041,0,0.008185277,0
ninja,5161,0,0.007980935,0
ninja,5113,0,0.0026021395,0
ninja,5112,0,0.005688889,0
ninja,5111,0,0.00090484245,0
ninja,5196,0,0.019053917,0
ninja,5165,0,0.05115073,0
ninja,5124,0,0.022621127,0
ninja,5232,0,0.28192315,0
ninja,2685,0,0.09772698,0
ninja,5006,0,0.02106052,0
ninja,5116,0,0.004694447,0
ninja,5101,0,0.0013865768,0
ninja,5109,0,0.0012217887,0
ninja,5160,0,0.035407733,0
ninja,5114,0,0.0008835302,0
ninja,5083,0,0.2950038,0
ninja,5025,0,0.0020903314,0
ninja,5153,0,0.29513428,0
ninja,5022,0,0.030209724,0
ninja,5038,0,0.012090328,0
ninja,5126,0,0.0039538806,0
ninja,5136,0,0.016199794,0
ninja,5155,0,0.020572037,0
ninja,5103,0,0.0015045855,0
ninja,5088,0,0.0126433885,0
ninja,5154,0,0.0011136036,0
ninja,5118,0,0.003983027,0
ninja,5219,0,0.00336046,0
ninja,5125,0,0.0071943435,0
ninja,5134,0,0.0030678282,0
ninja,5158,0,0.058871266,0
ninja,2709,0,0.1317723,0
ninja,5222,0,0.005453967,0
ninja,5203,0,0.017417366,0
ninja,5151,0,0.31077486,0
ninja,5028,0,0.328696,0
ninja,5182,0,0.03234255,0
ninja,5053,0,0.008642764,0
ninja,5135,0,0.013140395,0
ninja,5228,0,0.07917449,0
ninja,5233,0,0.011754417,0
ninja,5077,0,0.01696284,0
ninja,5187,0,0.03016296,0
ninja,5167,0,0.008709881,0
ninja,5087,0,0.19246933,0
ninja,2697,0,0.11200954,0
ninja,5262,0,0.14164914,0
ninja,5094,0,0.1080981,0
ninja,5254,0,0.09705069,0
ninja,5069,0,0.0055188597,0
ninja,5120,0,0.0022173496,0
ninja,5231,0,0.025145438,0
ninja,5156,0,0.006849588,0
ninja,5059,0,0.008099585,0
ninja,5064,0,0.008031782,0
ninja,5178,0,0.012053831,0
ninja,5227,0,0.005159202,0
ninja,5086,0,0.22411738,0
ninja,5192,0,0.19096324,0
ninja,2688,0,0.14536372,0
ninja,5220,0,0.29406264,0
ninja,5168,0,0.010665756,0
ninja,2687,1,0.16879945,0
ninja,5191,0,0.043316577,0
ninja,2668,0,0.20493445,0
ninja,2691,0,0.1566724,0
ninja,5067,0,0.02995751,0
ninja,5047,0,0.0046571963,0
ninja,5085,0,0.15484485,0
okhttp,5305,0,0.87632245,1
okhttp,2008,0,0.16568618,0
okhttp,5337,0,0.0016101458,0
okhttp,2398,0,0.003372353,0
okhttp,2615,0,0.0072567775,0
okhttp,5271,0,0.0018720012,0
okhttp,5387,0,0.0023156814,0
okhttp,2397,0,0.003372353,0
okhttp,2416,0,0.022092836,0
okhttp,2412,0,0.0136159165,0
okhttp,2196,0,0.0009586968,0
okhttp,2296,0,0.00815631,0
okhttp,2563,0,0.026703896,0
okhttp,2473,1,0.021456584,0
okhttp,2086,0,0.029200135,0
okhttp,5350,0,0.0023777743,0
okhttp,2283,0,0.106410585,0
okhttp,2354,1,0.051021945,0
okhttp,2621,0,0.004115693,0
okhttp,2212,0,0.009387414,0
okhttp,2226,0,0.04132349,0
okhttp,2329,0,0.0026190272,0
okhttp,2101,0,0.031739485,0
okhttp,2201,0,0.0032546036,0
okhttp,2644,0,0.022888843,0
okhttp,2361,0,0.04446423,0
okhttp,2531,0,0.0008938756,0
okhttp,2195,0,0.024875013,0
okhttp,2451,1,0.042396422,0
okhttp,2175,0,0.016850293,0
okhttp,2472,0,0.018883804,0
okhttp,2561,0,0.18766835,0
okhttp,5267,0,0.0013249448,0
okhttp,2022,0,0.006875945,0
okhttp,2535,0,0.0039060996,0
okhttp,2023,0,0.03875275,0
okhttp,2309,0,0.01883918,0
okhttp,2471,1,0.04446423,0
okhttp,5286,0,0.001284737,0
okhttp,2305,0,0.0052732737,0
okhttp,2095,0,0.0033963635,0
okhttp,2128,0,0.02216645,0
okhttp,5272,0,0.85441315,1
okhttp,2417,0,0.013961947,0
okhttp,5313,0,0.000890315,0
okhttp,2286,0,0.028227996,0
okhttp,2110,0,0.0064574205,0
okhttp,2193,0,0.002431034,0
okhttp,2562,0,0.1423233,0
okhttp,2439,0,0.0047522467,0
okhttp,1985,0,0.0035634313,0
okhttp,5362,0,0.022289786,0
okhttp,2057,0,0.0017981688,0
okhttp,2157,0,0.011319927,0
okhttp,2593,1,0.019398049,0
okhttp,2393,0,0.0034743752,0
okhttp,2431,0,0.023419825,0
okhttp,5368,0,0.008267621,0
okhttp,2349,0,0.001993941,0
okhttp,2242,0,0.220737,0
okhttp,2123,0,0.0046669673,0
okhttp,2042,0,0.0013322002,0
okhttp,2199,0,0.0047421246,0
okhttp,2642,0,0.09101641,0
okhttp,2119,0,0.008262106,0
okhttp,2625,0,0.003042094,0
okhttp,2643,0,0.0062187137,0
okhttp,2640,0,0.63502157,1
okhttp,2572,0,0.060161445,0
okhttp,5348,0,0.0141782565,0
okhttp,2347,0,0.011426469,0
okhttp,2409,0,0.038797624,0
okhttp,2430,0,0.018035416,0
okhttp,2376,0,0.008493061,0
okhttp,2187,0,0.027156617,0
okhttp,2449,0,0.023920227,0
okhttp,2158,0,0.01836487,0
okhttp,2260,0,0.106410585,0
okhttp,2197,0,0.006926351,0
okhttp,2626,0,0.002339457,0
okhttp,2243,1,0.03820461,0
okhttp,5336,0,0.20351194,0
okhttp,2046,0,0.0010074874,0
okhttp,2298,1,0.0039571323,0
okhttp,2270,0,0.106410585,0
okhttp,2555,0,0.0054284334,0
okhttp,2107,0,0.011319927,0
okhttp,2455,0,0.06677474,0
okhttp,2456,0,0.03413402,0
okhttp,2217,0,0.008729632,0
okhttp,2355,0,0.018883804,0
okhttp,2544,0,0.0023297698,0
okhttp,2391,0,0.007855565,0
okhttp,2377,0,0.014821083,0
okhttp,2127,0,0.001898105,0
okhttp,2100,0,0.0101490915,0
okhttp,2031,0,0.0031223986,0
okhttp,2485,0,0.0052223047,0
okhttp,2594,1,0.029817933,0
okhttp,2368,0,0.1970309,0
okhttp,2603,0,0.41847342,0
okhttp,2666,0,0.15996248,0
okhttp,2317,0,0.0021074484,0
okhttp,2415,0,0.023880092,0
okhttp,2116,0,0.006926351,0
okhttp,2557,0,0.0041128346,0
okhttp,2021,0,0.02129622,0
okhttp,2545,0,0.007122582,0
okhttp,2613,0,0.002807562,0
okhttp,5297,0,0.003618787,0
okhttp,2387,0,0.12974189,0
okhttp,2490,0,0.1210892,0
okhttp,5280,0,0.0060471497,0
okhttp,2291,0,0.020930864,0
okhttp,2365,1,0.017291658,0
okhttp,5311,0,0.01179771,0
okhttp,2208,0,0.010066956,0
okhttp,2186,0,0.012473543,0
okhttp,5382,0,0.004846764,0
okhttp,2559,0,0.02076154,0
okhttp,2458,0,0.082181066,0
okhttp,2575,0,0.2600027,0
okhttp,2448,0,0.0684683,0
okhttp,2481,0,0.0069356724,0
okhttp,2182,0,0.012690328,0
okhttp,2214,0,0.029107254,0
okhttp,2237,0,0.021578662,0
okhttp,2604,0,0.112257384,0
okhttp,2428,0,0.0018665573,0
okhttp,5360,0,0.017214762,0
okhttp,2396,1,0.02227957,0
okhttp,2132,1,0.014271258,0
okhttp,2074,0,0.0012057424,0
okhttp,2461,0,0.024562756,0
okhttp,2523,0,0.0035562417,0
okhttp,2170,0,0.033263367,0
okhttp,2010,0,0.044034977,0
okhttp,2665,0,0.0952836,0
okhttp,2496,1,0.0019998671,0
okhttp,2134,0,0.0092622135,0
okhttp,2004,0,0.066344775,0
okhttp,2514,0,0.0038549916,0
okhttp,2426,0,0.0027545136,0
okhttp,2600,0,0.46700245,0
okhttp,2507,0,0.0062751933,0
okhttp,5352,0,0.011798735,0
okhttp,5265,0,0.0013706745,0
okhttp,2180,1,0.015979953,0
okhttp,2568,0,0.18151733,0
okhttp,2453,0,0.013224515,0
okhttp,2466,0,0.002599721,0
okhttp,2369,0,0.013540642,0
okhttp,2229,0,0.008235385,0
okhttp,2090,0,0.02796739,0
okhttp,1990,0,0.0015298869,0
okhttp,5295,0,0.0006819749,0
okhttp,2313,1,0.008368348,0
okhttp,5299,0,0.0046346122,0
okhttp,2508,1,0.010707478,0
okhttp,5349,0,0.010141617,0
okhttp,2144,0,0.022810586,0
okhttp,2218,0,0.0056477617,0
okhttp,5326,0,0.006277061,0
okhttp,1989,0,0.003303796,0
okhttp,2301,1,0.16379513,0
okhttp,2027,0,0.05067041,0
okhttp,2630,0,0.0015112514,0
okhttp,2054,0,0.0019007355,0
okhttp,2059,0,0.0013840583,0
okhttp,2266,0,0.037210718,0
okhttp,2404,0,0.019818483,0
okhttp,2605,0,0.13645865,0
okhttp,2533,0,0.0029265874,0
okhttp,2102,0,0.00881918,0
okhttp,2478,1,0.0036574474,0
okhttp,2534,0,0.003391248,0
okhttp,2263,1,0.030101158,0
okhttp,2380,0,0.0022430224,0
okhttp,2632,0,0.0019486916,0
okhttp,2205,0,0.011420659,0
okhttp,2088,0,0.035963412,0
okhttp,2395,1,0.025501776,0
okhttp,2176,0,0.032891348,0
okhttp,2521,0,0.0033348538,0
okhttp,2325,0,0.003837555,0
okhttp,2211,0,0.038113263,0
okhttp,2356,1,0.018883804,0
okhttp,2366,0,0.04689393,0
okhttp,2379,1,0.002868896,0
okhttp,2543,0,0.0028040654,0
okhttp,5284,0,0.006954789,0
okhttp,2394,0,0.08024747,0
okhttp,2178,0,0.12739499,0
okhttp,5319,0,0.0023502023,0
okhttp,2277,0,0.012322711,0
okhttp,2249,0,0.14843783,0
okhttp,2255,0,0.005346894,0
okhttp,2479,0,0.05539203,0
okhttp,2288,0,0.11837104,0
okhttp,2222,0,0.09110411,0
okhttp,2516,0,0.0031853453,0
okhttp,1999,0,0.34733605,0
okhttp,2219,0,0.0016815475,0
okhttp,2646,0,0.0017808456,0
okhttp,5291,0,0.0006530169,0
okhttp,2570,0,0.52180755,1
okhttp,2248,0,0.021872947,0
okhttp,2627,0,0.0064178174,0
okhttp,2290,0,0.050091542,0
okhttp,5372,0,0.012075222,0
okhttp,2474,1,0.021456584,0
okhttp,2667,0,0.0181906,0
okhttp,2297,0,0.0023019046,0
okhttp,2126,0,0.01836487,0
okhttp,2567,0,0.14619377,0
okhttp,2498,0,0.0104297595,0
okhttp,2564,0,0.021365648,0
okhttp,2093,0,0.29202485,0
okhttp,5342,0,0.0056607644,0
okhttp,5351,0,0.008082284,0
okhttp,2168,0,0.031994827,0
okhttp,2437,0,0.038109772,0
okhttp,2000,0,0.2544425,0
okhttp,5347,0,0.1419598,0
okhttp,5365,0,0.002433575,0
okhttp,2307,0,0.15245898,0
okhttp,2586,0,0.10258648,0
okhttp,2221,0,0.0019702876,0
okhttp,2139,0,0.0027544915,0
okhttp,2528,0,0.0024116854,0
okhttp,2322,0,0.0049597477,0
okhttp,2390,0,0.0021237754,0
okhttp,2419,0,0.0052485694,0
okhttp,2018,0,0.04389536,0
okhttp,5343,0,0.583807,1
okhttp,2265,0,0.023605524,0
okhttp,5317,0,0.00616984,0
okhttp,5357,0,0.0070164483,0
okhttp,2661,0,0.02421414,0
okhttp,2579,0,0.3320179,0
okhttp,2232,0,0.005287016,0
okhttp,2578,0,0.2002098,0
okhttp,2097,0,0.027537428,0
okhttp,2357,1,0.0097884545,0
okhttp,2314,0,0.057654805,0
okhttp,2153,0,0.035942107,0
okhttp,2234,1,0.43251243,0
okhttp,2407,0,0.0053523867,0
okhttp,2539,0,0.0037246624,0
okhttp,2245,1,0.007815504,0
okhttp,2612,0,0.002807562,0
okhttp,2032,0,0.0045972117,0
okhttp,2378,1,0.0038594017,0
okhttp,5322,0,0.006277061,0
okhttp,2645,0,0.055897832,0
okhttp,2441,0,0.033432733,0
okhttp,2422,0,0.15468615,0
okhttp,2520,0,0.0032452215,0
okhttp,2141,0,0.008250358,0
okhttp,2647,0,0.091981255,0
okhttp,5285,0,0.011233996,0
okhttp,2475,1,0.020034008,0
okhttp,5307,0,0.004283377,0
okhttp,2493,1,0.002331086,0
okhttp,2066,0,0.034918413,0
okhttp,2096,0,0.0047798245,0
okhttp,2011,0,0.02129622,0
okhttp,2202,0,0.003418104,0
okhttp,2503,0,0.018713783,0
okhttp,2030,0,0.0062564192,0
okhttp,2254,0,0.014065089,0
okhttp,2216,0,0.014163002,0
okhttp,2359,0,0.003650334,0
okhttp,2352,1,0.00096296,0
okhttp,2657,0,0.048109908,0
okhttp,2190,0,0.0050206757,0
okhttp,2303,0,0.18196797,0
okhttp,2177,0,0.12410824,0
okhttp,2492,1,0.005925904,0
okhttp,2408,0,0.0020245141,0
okhttp,2548,0,0.054024994,0
okhttp,1991,0,0.0037353777,0
okhttp,5370,0,0.013347975,0
okhttp,2078,0,0.0047798245,0
okhttp,2400,0,0.26343736,0
okhttp,2275,0,0.0061103804,0
okhttp,5266,0,0.001610865,0
okhttp,2179,0,0.23481095,0
okhttp,2663,0,0.042635687,0
okhttp,2532,0,0.001242818,0
okhttp,1993,0,0.009966246,0
okhttp,5320,0,0.0028447595,0
okhttp,2121,0,0.009437938,0
okhttp,2315,0,0.011061348,0
okhttp,2137,0,0.006509698,0
okhttp,2358,0,0.012301834,0
okhttp,2272,0,0.041683584,0
okhttp,2601,1,0.44205338,0
okhttp,2399,0,0.0016080645,0
okhttp,2484,1,0.00939433,0
okhttp,2174,0,0.13535295,0
okhttp,2442,1,0.033134077,0
okhttp,2435,0,0.08497089,0
okhttp,2551,0,0.016257454,0
okhttp,2244,1,0.004685928,0
okhttp,2518,0,0.0029265874,0
okhttp,2636,0,0.33040857,0
okhttp,2546,0,0.035281606,0
okhttp,2554,0,0.11137198,0
okhttp,5274,0,0.0050965264,0
okhttp,2660,0,0.13257456,0
okhttp,2662,0,0.01794039,0
okhttp,5379,0,0.0035869037,0
okhttp,2424,1,0.01257163,0
okhttp,2149,0,0.0118956035,0
okhttp,5338,0,0.0105151,0
okhttp,2311,0,0.00088404556,0
okhttp,2079,0,0.03156934,0
okhttp,2540,0,0.062148612,0
okhttp,2549,0,0.050184224,0
okhttp,2386,0,0.02497708,0
okhttp,2056,0,0.0020245141,0
okhttp,2293,0,0.025779882,0
okhttp,5294,0,0.0032526152,0
okhttp,2238,1,0.006250283,0
okhttp,2445,1,0.033442568,0
okhttp,2209,0,0.008628969,0
okhttp,2324,0,0.0022114697,0
okhttp,5293,0,0.003974689,0
okhttp,2274,1,0.038107675,0
okhttp,2284,0,0.01786502,0
okhttp,2251,0,0.11488339,0
okhttp,2418,0,0.023569949,0
okhttp,2515,0,0.004295638,0
okhttp,2350,0,0.011426469,0
okhttp,2658,0,0.05215825,0
okhttp,2463,1,0.027238978,0
okhttp,2635,0,0.0011299907,0
okhttp,2477,0,0.008402594,0
okhttp,2138,0,0.006509698,0
okhttp,2062,0,0.065324314,0
okhttp,2007,1,0.35622758,0
okhttp,2055,0,0.0013840583,0
okhttp,2462,0,0.03544914,0
okhttp,2145,0,0.002398412,0
okhttp,2624,0,0.0036889024,0
okhttp,2052,0,0.0012359275,0
okhttp,2582,1,0.33270863,0
okhttp,2631,0,0.0021870378,0
okhttp,2370,0,0.029453104,0
okhttp,2595,0,0.17502064,0
okhttp,2015,0,0.038658567,0
okhttp,2509,0,0.0024690137,0
okhttp,2125,0,0.007157826,0
okhttp,5288,0,0.1863793,0
okhttp,2446,1,0.00903518,0
okhttp,2184,0,0.014463449,0
okhttp,2308,0,0.0016815475,0
okhttp,2167,0,0.034687925,0
okhttp,2061,0,0.0012811316,0
okhttp,2440,0,0.0047522467,0
okhttp,2142,0,0.011319927,0
okhttp,5275,0,0.033930343,0
okhttp,2580,1,0.005155481,0
okhttp,2213,0,0.0057307463,0
okhttp,2306,0,0.001693209,0
okhttp,2433,1,0.017564824,0
okhttp,2634,0,0.05506545,0
okhttp,5373,0,0.0076391622,0
okhttp,2410,0,0.0026669113,0
okhttp,2326,0,0.0040966948,0
okhttp,2382,0,0.007356871,0
okhttp,2628,0,0.03631136,0
okhttp,2585,0,0.20625953,0
okhttp,2259,0,0.005287016,0
okhttp,2033,0,0.025505781,0
okhttp,2068,0,0.029200135,0
okhttp,2278,0,0.012862379,0
okhttp,2321,0,0.06398749,0
okhttp,5380,0,0.0033464944,0
okhttp,5276,0,0.0040234504,0
okhttp,2602,0,0.16400303,0
okhttp,2131,0,0.0071889367,0
okhttp,2425,1,0.021456584,0
okhttp,2526,0,0.0011338417,0
okhttp,2215,0,0.008231764,0
okhttp,2320,0,0.0034640078,0
okhttp,2610,0,0.07408003,0
okhttp,5304,0,0.020761393,0
okhttp,5375,0,0.0044705714,0
okhttp,5314,0,0.017898442,0
okhttp,2262,0,0.04857958,0
okhttp,5389,0,0.014157484,0
okhttp,2172,0,0.026993956,0
okhttp,5308,0,0.008696959,0
okhttp,2511,0,0.003674305,0
okhttp,2598,0,0.12335239,0
okhttp,2037,0,0.0007419285,0
okhttp,5376,0,0.006755396,0
okhttp,2225,0,0.006087788,0
okhttp,2331,0,0.0014065377,0
okhttp,2060,0,0.0012811316,0
okhttp,2300,0,0.0052459883,0
okhttp,1996,0,0.30258584,0
okhttp,2538,0,0.13976246,0
okhttp,2281,0,0.2573264,0
okhttp,2659,0,0.15016684,0
okhttp,2664,0,0.00094445393,0
okhttp,2082,0,0.031739485,0
okhttp,5290,0,0.0058530257,0
okhttp,2537,0,0.003482193,0
okhttp,2488,1,0.007675279,0
okhttp,2525,0,0.0011338417,0
okhttp,2185,1,0.051059257,0
okhttp,2406,0,0.01978566,0
okhttp,2253,0,0.005247783,0
okhttp,2038,0,0.001345039,0
okhttp,2524,0,0.75895524,1
okhttp,2337,0,0.0074609006,0
okhttp,2581,1,0.54781425,1
okhttp,2220,0,0.0047906316,0
okhttp,2653,0,0.01483555,0
okhttp,2073,0,0.039753284,0
okhttp,5281,0,0.15646975,0
okhttp,2194,0,0.012690328,0
okhttp,2411,0,0.09851252,0
okhttp,2367,0,0.022966465,0
okhttp,2048,0,0.06512293,0
okhttp,2512,0,0.011022185,0
okhttp,2344,0,0.41621274,0
okhttp,5289,0,0.03136409,0
okhttp,5363,0,0.16048658,0
okhttp,2517,0,0.0023899805,0
okhttp,5335,0,0.020930663,0
okhttp,2629,0,0.0020482333,0
okhttp,5331,0,0.018016981,0
okhttp,2316,0,0.0022114697,0
okhttp,2452,0,0.5633762,1
okhttp,2421,1,0.008822059,0
okhttp,2203,0,0.008628969,0
okhttp,2207,0,0.017211495,0
okhttp,2239,0,0.019937756,0
okhttp,2019,0,0.037501547,0
okhttp,2285,0,0.13656564,0
okhttp,2108,0,0.0071889367,0
okhttp,2240,0,0.003813639,0
okhttp,2622,0,0.0046286127,0
okhttp,2438,0,0.02003474,0
okhttp,2566,0,0.5511487,1
okhttp,2160,0,0.03725222,0
okhttp,2161,0,0.00872345,0
okhttp,2075,0,0.04519977,0
okhttp,2053,0,0.0019218014,0
okhttp,5268,0,0.8850817,1
okhttp,2550,0,0.0025395679,0
okhttp,2332,0,0.0012788664,0
okhttp,2105,0,0.014396315,0
okhttp,2363,0,0.029827453,0
okhttp,2292,1,0.00389818,0
okhttp,5315,0,0.0039321096,0
okhttp,2009,0,0.33717665,0
okhttp,2330,0,0.0024536385,0
okhttp,2552,0,0.0073199924,0
okhttp,2504,1,0.8455291,1
okhttp,2502,1,0.13755177,0
okhttp,2124,0,0.006176249,0
okhttp,2013,0,0.01389447,0
okhttp,2117,0,0.010066956,0
okhttp,2420,0,0.007808633,0
okhttp,1987,0,0.0076391553,0
okhttp,5340,0,0.030238355,0
okhttp,2024,0,0.011101154,0
okhttp,2372,0,0.0049506747,0
okhttp,2099,0,0.0032812234,0
okhttp,2319,0,0.0029445915,0
okhttp,2080,0,0.07099026,0
okhttp,2648,0,0.06161628,0
okhttp,2530,0,0.0038549916,0
okhttp,5301,0,0.17199798,0
okhttp,2189,1,0.010066956,0
okhttp,2111,0,0.0032735222,0
okhttp,2135,0,0.006509698,0
okhttp,2276,1,0.026809884,0
okhttp,2113,1,0.22386229,0
okhttp,5383,0,0.0055068345,0
okhttp,2279,0,0.32793906,0
okhttp,5374,0,0.006097484,0
okhttp,2280,0,0.107727446,0
okhttp,5381,0,0.036617648,0
okhttp,2328,0,0.0034640078,0
okhttp,2402,1,0.00480579,0
okhttp,5334,0,0.011493555,0
okhttp,2556,0,0.0070409356,0
okhttp,2341,1,0.015806511,0
okhttp,2098,0,0.0152985575,0
okhttp,2230,0,0.007623613,0
okhttp,2584,0,0.0061939145,0
okhttp,5359,0,0.2589615,0
okhttp,2005,0,0.26051882,0
okhttp,2156,0,0.03146639,0
okhttp,2654,0,0.0013886429,0
okhttp,2036,0,0.0008002052,0
okhttp,2171,0,0.0087151155,0
okhttp,2486,0,0.019616539,0
okhttp,5277,0,0.0041767764,0
okhttp,2592,0,0.5152584,1
okhttp,2165,0,0.034687925,0
okhttp,2310,0,0.01883918,0
okhttp,2166,0,0.03222171,0
okhttp,5355,0,0.087493114,0
okhttp,2143,0,0.0032735222,0
okhttp,2295,0,0.0075597595,0
okhttp,5333,0,0.29011887,0
okhttp,5386,0,0.0089629,0
okhttp,2071,0,0.027537428,0
okhttp,2267,0,0.0067200186,0
okhttp,2181,0,0.025766082,0
okhttp,2223,0,0.0030463182,0
okhttp,2577,0,0.036180843,0
okhttp,5283,0,0.121133074,0
okhttp,2513,0,0.0023167206,0
okhttp,2569,0,0.13645865,0
okhttp,2026,0,0.038109772,0
okhttp,2039,0,0.000901211,0
okhttp,2351,1,0.0023158025,0
okhttp,5316,0,0.006409716,0
okhttp,2151,0,0.063983284,0
okhttp,5332,0,0.0017891873,0
okhttp,2617,0,0.09814301,0
okhttp,5300,0,0.0047205286,0
okhttp,2092,0,0.0030704834,0
okhttp,2606,0,0.01163794,0
okhttp,2373,0,0.0018028986,0
okhttp,2140,0,0.010030953,0
okhttp,2597,1,0.3312396,0
okhttp,1994,0,0.0022366447,0
okhttp,5282,0,0.7563482,1
okhttp,2392,1,0.021389557,0
okhttp,2045,0,0.0005452844,0
okhttp,5324,0,0.0014060831,0
okhttp,2334,0,0.0012788664,0
okhttp,2282,0,0.038627297,0
okhttp,2447,0,0.33103764,0
okhttp,5309,0,0.004840712,0
okhttp,2133,0,0.0071889367,0
okhttp,2482,0,0.00880787,0
okhttp,2375,0,0.0019663584,0
okhttp,5318,0,0.0039764848,0
okhttp,2432,0,0.018503204,0
okhttp,2091,0,0.034992542,0
okhttp,5366,0,0.007184687,0
okhttp,5310,0,0.04216862,0
okhttp,2103,0,0.010030953,0
okhttp,2028,0,0.005580423,0
okhttp,2374,0,0.0022993234,0
okhttp,5279,0,0.71910477,1
okhttp,2150,0,0.011167448,0
okhttp,2541,0,0.004681489,0
okhttp,2163,0,0.033655103,0
okhttp,2006,0,0.484701,0
okhttp,2616,0,0.013332678,0
okhttp,1998,0,0.3511216,0
okhttp,2077,0,0.0033963635,0
okhttp,2287,0,0.020029815,0
okhttp,2094,0,0.03601008,0
okhttp,2558,0,0.05717088,0
okhttp,2529,0,0.003087406,0
okhttp,2465,1,0.022814544,0
okhttp,2649,0,0.33198115,0
okhttp,1992,0,0.016892377,0
okhttp,1988,0,0.003303796,0
okhttp,2206,0,0.038113263,0
okhttp,2252,0,0.03100514,0
okhttp,2364,1,0.002090955,0
okhttp,2327,0,0.0017167053,0
okhttp,2188,1,0.0051302915,0
okhttp,2302,0,0.039808635,0
okhttp,2405,1,0.0053523867,0
okhttp,2069,0,0.0027231653,0
okhttp,2599,1,0.38047874,0
okhttp,5303,0,0.5888507,1
okhttp,2210,0,0.008800479,0
okhttp,2427,0,0.0015833443,0
okhttp,2173,0,0.004471548,0
okhttp,2154,0,0.01836487,0
okhttp,5278,0,0.004578693,0
okhttp,2429,0,0.01855215,0
okhttp,2250,1,0.012530758,0
okhttp,2443,1,0.037865333,0
okhttp,2542,0,0.006917042,0
okhttp,2269,0,0.005063557,0
okhttp,2271,0,0.0064363857,0
okhttp,5298,0,0.0025657732,0
okhttp,2499,1,0.01568955,0
okhttp,2335,0,0.092546865,0
okhttp,2641,0,0.07007426,0
okhttp,2130,0,0.01503906,0
okhttp,2587,1,0.090326436,0
okhttp,2589,0,0.1296903,0
okhttp,2633,0,0.0073010568,0
okhttp,2020,0,0.0019808363,0
okhttp,2656,0,0.0015308785,0
okhttp,2339,0,0.06973132,0
okhttp,2501,0,0.026521891,0
okhttp,2414,1,0.0021431004,0
okhttp,2268,1,0.0103955185,0
okhttp,5302,0,0.004136856,0
okhttp,2155,0,0.008265482,0
okhttp,5344,0,0.0013613071,0
okhttp,2522,0,0.0064574205,0
okhttp,2384,0,0.007365627,0
okhttp,2084,0,0.0026107559,0
okhttp,2002,0,0.5879164,1
okhttp,5296,0,0.0017046218,0
okhttp,2618,0,0.007874639,0
okhttp,2258,0,0.11920299,0
okhttp,2246,0,0.01587359,0
okhttp,2651,0,0.16907515,0
okhttp,2623,0,0.0040471912,0
okhttp,2505,1,0.010707478,0
okhttp,2401,1,0.008786427,0
okhttp,2299,0,0.006846692,0
okhttp,2583,0,0.029896133,0
okhttp,2063,0,0.0029119982,0
okhttp,2065,0,0.008943067,0
okhttp,2043,0,0.000901211,0
okhttp,1997,0,0.14207332,0
okhttp,2413,1,0.0021237754,0
okhttp,2608,0,0.16177525,0
okhttp,2650,0,0.004240604,0
okhttp,2385,1,0.001943299,0
okhttp,5292,0,0.0011674645,0
okhttp,2235,0,0.038627297,0
okhttp,2115,0,0.060046174,0
okhttp,2236,0,0.106410585,0
okhttp,2312,1,0.01587359,0
okhttp,2468,0,0.018883804,0
okhttp,2652,0,0.035799753,0
okhttp,2012,0,0.0054944754,0
okhttp,5391,0,0.0029059942,0
okhttp,2620,0,0.0046286127,0
okhttp,2491,0,0.018304378,0
okhttp,2047,0,0.0007903034,0
okhttp,2403,1,0.021389557,0
okhttp,5356,0,0.0034488544,0
okhttp,2487,1,0.00880787,0
okhttp,2289,0,0.01373394,0
okhttp,2469,1,0.018883804,0
okhttp,2159,0,0.003846483,0
okhttp,2034,0,0.24456064,0
okhttp,5328,0,0.010281651,0
okhttp,2231,1,0.0103955185,0
okhttp,2434,0,0.1397634,0
okhttp,2041,0,0.0006868741,0
okhttp,2450,0,0.04619088,0
okhttp,2590,1,0.035579324,0
okhttp,2129,0,0.0025045516,0
okhttp,2560,0,0.10192965,0
okhttp,2333,0,0.0026190272,0
okhttp,2081,0,0.019442342,0
okhttp,2014,0,0.037373632,0
okhttp,2050,0,0.0011484562,0
okhttp,2294,1,0.16286227,0
okhttp,2591,1,0.06686727,0
okhttp,2003,0,0.093334824,0
okhttp,5346,0,0.0068705846,0
okhttp,2353,0,0.040587664,0
okhttp,2029,0,0.36041075,0
okhttp,5354,0,0.04198511,0
okhttp,2192,0,0.0048706797,0
okhttp,2639,0,0.027296877,0
okhttp,2494,1,0.0029417258,0
okhttp,2264,0,0.031685077,0
okhttp,2489,0,0.05743717,0
okhttp,2256,1,0.00849821,0
okhttp,5361,0,0.24861175,0
okhttp,2336,0,0.0014183599,0
okhttp,5339,0,0.004051945,0
okhttp,2607,0,0.029817933,0
okhttp,2576,0,0.09649937,0
okhttp,2436,0,0.06462827,0
okhttp,2655,0,0.0010672921,0
okhttp,1986,0,0.0032494846,0
okhttp,2609,0,0.18766835,0
okhttp,2044,0,0.0015239024,0
okhttp,5312,0,0.010281651,0
okhttp,2389,1,0.025951143,0
okhttp,2323,0,0.0025866046,0
okhttp,2146,0,0.002398412,0
okhttp,5329,0,0.000890315,0
okhttp,5367,0,0.0069943042,0
okhttp,2017,0,0.045855895,0
okhttp,5353,0,0.008082284,0
okhttp,5371,0,0.009515957,0
okhttp,5323,0,0.0016645859,0
okhttp,2016,0,0.037373632,0
okhttp,2571,0,0.019398049,0
okhttp,2388,0,0.018883804,0
okhttp,2261,0,0.005063557,0
okhttp,2383,1,0.03646776,0
okhttp,2547,0,0.0038458414,0
okhttp,2457,1,0.018883804,0
okhttp,2109,0,0.022810586,0
okhttp,2183,0,0.01577033,0
okhttp,2638,0,0.027053095,0
okhttp,2085,0,0.031739485,0
okhttp,2147,0,0.0044073006,0
okhttp,2527,0,0.02517243,0
okhttp,2241,0,0.00441608,0
okhttp,2444,1,0.033134077,0
okhttp,2480,0,0.003836177,0
okhttp,5306,0,0.009059557,0
okhttp,2089,0,0.027537428,0
okhttp,5377,0,0.0018966061,0
okhttp,2536,0,0.02971593,0
okhttp,2001,0,0.42075968,0
okhttp,2112,0,0.029523464,0
okhttp,2467,1,0.036646016,0
okhttp,2198,0,0.009048061,0
okhttp,2148,0,0.033655103,0
okhttp,2114,0,0.017135847,0
okhttp,2565,0,0.60081327,1
okhttp,5385,0,0.02343855,0
okhttp,5321,0,0.018698685,0
okhttp,5345,0,0.0067252377,0
okhttp,2076,0,0.0034495376,0
okhttp,2423,0,0.019610075,0
okhttp,2164,0,0.0085987225,0
okhttp,5327,0,0.019672329,0
orbit,908,0,0.0032443025,0
orbit,869,0,0.3847655,0
orbit,902,0,0.0076676346,0
orbit,870,0,0.3692808,0
orbit,893,1,0.54262114,1
orbit,846,0,0.76581955,1
orbit,858,0,0.24498574,0
orbit,878,0,0.08153448,0
orbit,873,0,0.6835673,1
orbit,876,0,0.4743979,0
orbit,864,0,0.0009231099,0
orbit,887,0,0.7552158,1
orbit,894,0,0.73962986,1
orbit,906,0,0.0064837835,0
orbit,926,0,0.82648486,1
orbit,892,0,0.10489247,0
orbit,843,0,0.76944196,1
orbit,915,0,0.020201238,0
orbit,917,0,0.019198388,0
orbit,921,0,0.20876761,0
orbit,845,0,0.25777197,0
orbit,910,0,0.21751386,0
orbit,862,0,0.5475645,1
orbit,863,0,0.013059435,0
orbit,900,0,0.005719615,0
orbit,853,1,0.58889145,1
orbit,849,0,0.5213929,1
orbit,860,0,0.21261437,0
orbit,866,0,0.0019659859,0
orbit,881,0,0.033367693,0
orbit,925,0,0.020954145,0
orbit,914,0,0.18866771,0
orbit,895,0,0.4573605,0
orbit,867,0,0.36809805,0
orbit,889,0,0.6183113,1
orbit,884,0,0.59657615,1
orbit,922,0,0.149346,0
orbit,920,0,0.012438584,0
orbit,912,0,0.21120219,0
orbit,890,0,0.57555854,1
orbit,905,0,0.0032443025,0
orbit,913,0,0.027223075,0
orbit,896,1,0.57378316,1
orbit,848,0,0.16646044,0
orbit,919,0,0.011492862,0
orbit,888,0,0.75488305,1
orbit,854,0,0.6863113,1
orbit,850,0,0.0069048353,0
orbit,871,0,0.70080036,1
orbit,911,0,0.045260582,0
orbit,924,0,0.028115705,0
orbit,885,1,0.16204736,0
orbit,907,0,0.0064837835,0
orbit,898,0,0.015220807,0
orbit,859,0,0.23228756,0
orbit,847,0,0.39326197,0
orbit,891,0,0.2419595,0
orbit,899,0,0.0379081,0
orbit,882,0,0.18322782,0
orbit,904,0,0.0052492665,0
orbit,883,0,0.4128004,0
orbit,852,0,0.574095,1
orbit,886,0,0.6103904,1
orbit,856,0,0.455103,0
orbit,923,0,0.09919974,0
orbit,903,0,0.017710324,0
orbit,879,0,0.0021463179,0
orbit,901,0,0.019034911,0
orbit,880,0,0.093560256,0
orbit,877,0,0.47307077,0
orbit,855,0,0.036038537,0
orbit,868,1,0.37297302,0
orbit,844,0,0.2430642,0
orbit,897,1,0.48422134,0
orbit,909,0,0.08877215,0
orbit,842,0,0.9048123,1
orbit,916,0,0.09002766,0
orbit,918,0,0.20824693,0
spring-boot,19399,0,0.91259176,1
spring-boot,18509,0,0.23174609,0
spring-boot,18859,0,0.7468156,1
spring-boot,18536,0,0.10084297,0
spring-boot,19212,0,0.43145415,0
spring-boot,18895,0,0.026415536,0
spring-boot,18896,0,0.053146064,0
spring-boot,20269,1,0.22731866,0
spring-boot,19431,0,0.0032966312,0
spring-boot,19253,0,0.04507555,0
spring-boot,18990,0,0.79267377,1
spring-boot,20049,0,0.48926768,0
spring-boot,20020,0,0.002983792,0
spring-boot,21987,0,0.062127367,0
spring-boot,19600,0,0.008864415,0
spring-boot,19037,0,0.80610853,1
spring-boot,18526,0,0.006119117,0
spring-boot,21956,0,0.030539654,0
spring-boot,19903,0,0.015958365,0
spring-boot,19826,0,0.00924623,0
spring-boot,19971,0,0.001971328,0
spring-boot,19606,0,0.24529275,0
spring-boot,18335,0,0.16305606,0
spring-boot,20213,0,0.8285749,1
spring-boot,18467,0,0.01009986,0
spring-boot,19346,0,0.014833009,0
spring-boot,19024,0,0.045669228,0
spring-boot,19800,0,0.03135099,0
spring-boot,18840,0,0.45525447,0
spring-boot,19599,0,0.002893038,0
spring-boot,18356,0,0.03319283,0
spring-boot,18341,0,0.30433133,0
spring-boot,18616,0,0.06478566,0
spring-boot,18680,0,0.0054403637,0
spring-boot,18885,0,0.13005488,0
spring-boot,20129,0,0.03502209,0
spring-boot,20263,1,0.27658138,0
spring-boot,19264,0,0.7592484,1
spring-boot,18932,0,0.1674755,0
spring-boot,22006,0,0.05587029,0
spring-boot,19563,0,0.020948457,0
spring-boot,18591,0,0.12427641,0
spring-boot,20199,0,0.868547,1
spring-boot,18608,0,0.031481624,0
spring-boot,19349,0,0.014000269,0
spring-boot,19489,0,0.0066185645,0
spring-boot,20127,0,0.29891524,0
spring-boot,19201,0,0.049965028,0
spring-boot,18829,0,0.16557671,0
spring-boot,19144,0,0.89800733,1
spring-boot,18944,0,0.12895077,0
spring-boot,20270,1,0.47967136,0
spring-boot,18382,0,0.036665574,0
spring-boot,20235,1,0.18830667,0
spring-boot,19712,0,0.023487307,0
spring-boot,19867,1,0.008263935,0
spring-boot,19589,0,0.96613556,1
spring-boot,19219,0,0.040921405,0
spring-boot,18799,0,0.009919691,0
spring-boot,18850,0,0.7985508,1
spring-boot,20254,1,0.27658138,0
spring-boot,20173,0,0.92823315,1
spring-boot,21940,0,0.053207196,0
spring-boot,18648,0,0.049251687,0
spring-boot,20118,0,0.012098123,0
spring-boot,19642,0,0.06638934,0
spring-boot,19675,0,0.041605625,0
spring-boot,18523,0,0.01947742,0
spring-boot,20070,0,0.006488749,0
spring-boot,19932,0,0.016341921,0
spring-boot,19357,0,0.03600592,0
spring-boot,21942,0,0.022735773,0
spring-boot,18741,0,0.26633206,0
spring-boot,18378,0,0.69071597,1
spring-boot,18710,0,0.038133815,0
spring-boot,20174,0,0.9186737,1
spring-boot,20084,0,0.0020701636,0
spring-boot,18611,0,0.007748392,0
spring-boot,21952,0,0.062079888,0
spring-boot,19522,1,0.28633803,0
spring-boot,18589,0,0.005155618,0
spring-boot,19732,0,0.072793804,0
spring-boot,21983,0,0.16008164,0
spring-boot,18440,0,0.1589165,0
spring-boot,19926,0,0.23973103,0
spring-boot,20087,0,0.023789579,0
spring-boot,18435,0,0.9811156,1
spring-boot,19534,1,0.17312728,0
spring-boot,18743,0,0.38106093,0
spring-boot,18802,0,0.29929993,0
spring-boot,20243,1,0.5189944,1
spring-boot,18698,0,0.006887928,0
spring-boot,18749,0,0.53920054,1
spring-boot,22013,0,0.21604238,0
spring-boot,19769,0,0.1908583,0
spring-boot,19218,0,0.15586732,0
spring-boot,18728,0,0.20114933,0
spring-boot,19627,0,0.105856024,0
spring-boot,20046,0,0.001068355,0
spring-boot,19012,0,0.040549222,0
spring-boot,18618,0,0.008073222,0
spring-boot,18870,0,0.020878175,0
spring-boot,20277,1,0.18830667,0
spring-boot,19841,0,0.015551888,0
spring-boot,19645,0,0.23100854,0
spring-boot,19552,0,0.0030616294,0
spring-boot,19571,0,0.017262237,0
spring-boot,19543,0,0.0025029702,0
spring-boot,19334,0,0.011739847,0
spring-boot,19947,0,0.0026801878,0
spring-boot,21974,1,0.48597696,0
spring-boot,19733,0,0.0013306089,0
spring-boot,18480,0,0.04315852,0
spring-boot,18452,0,0.07696813,0
spring-boot,18856,0,0.8219345,1
spring-boot,19793,0,0.029842645,0
spring-boot,19377,0,0.015848715,0
spring-boot,19165,0,0.07120921,0
spring-boot,18532,0,0.12576069,0
spring-boot,21957,0,0.050824,0
spring-boot,18595,0,0.046631955,0
spring-boot,19096,0,0.9450729,1
spring-boot,19515,1,0.051557254,0
spring-boot,18893,0,0.34921807,0
spring-boot,20032,0,0.17705998,0
spring-boot,19392,0,0.928282,1
spring-boot,19475,1,0.060040295,0
spring-boot,19038,0,0.09936715,0
spring-boot,19076,0,0.009849569,0
spring-boot,19005,0,0.777715,1
spring-boot,20281,1,0.22939128,0
spring-boot,18866,0,0.070501365,0
spring-boot,18542,0,0.23037277,0
spring-boot,19356,0,0.03678552,0
spring-boot,19211,0,0.29138464,0
spring-boot,20053,0,0.037546955,0
spring-boot,18798,0,0.0067750984,0
spring-boot,18725,0,0.32676294,0
spring-boot,19586,0,0.9604455,1
spring-boot,19918,0,0.00045622827,0
spring-boot,18478,0,0.06636999,0
spring-boot,19184,0,0.3411218,0
spring-boot,19232,0,0.18242899,0
spring-boot,20114,0,0.11393767,0
spring-boot,19192,0,0.0015571549,0
spring-boot,20324,0,0.002087535,0
spring-boot,19429,0,0.038322896,0
spring-boot,18420,0,0.017291544,0
spring-boot,19771,0,0.041813705,0
spring-boot,19466,0,0.009568524,0
spring-boot,19691,0,0.14498402,0
spring-boot,18496,0,0.3488243,0
spring-boot,20226,0,0.8400297,1
spring-boot,19010,0,0.78487104,1
spring-boot,20112,0,0.0006131928,0
spring-boot,19766,0,0.17263226,0
spring-boot,18537,0,0.35691258,0
spring-boot,18384,0,0.083697975,0
spring-boot,18955,0,0.0023134723,0
spring-boot,20006,0,0.066220544,0
spring-boot,20040,0,0.043627698,0
spring-boot,18777,0,0.0040805656,0
spring-boot,18577,0,0.0108744465,0
spring-boot,19965,0,0.0025324624,0
spring-boot,19131,0,0.7114567,1
spring-boot,19313,0,0.013568926,0
spring-boot,19318,0,0.013116566,0
spring-boot,19683,0,0.14772515,0
spring-boot,18929,0,0.7686309,1
spring-boot,19384,0,0.010732008,0
spring-boot,20168,0,0.07663112,0
spring-boot,19916,0,0.009513652,0
spring-boot,19893,0,0.0021826508,0
spring-boot,19194,0,0.0033325644,0
spring-boot,20130,0,0.0106156925,0
spring-boot,19719,0,0.0015392854,0
spring-boot,19013,0,0.6875393,1
spring-boot,18362,0,0.1437016,0
spring-boot,21967,0,0.045405563,0
spring-boot,20313,0,0.23945178,0
spring-boot,18424,0,0.037636086,0
spring-boot,19326,0,0.0139472615,0
spring-boot,20184,0,0.912522,1
spring-boot,19585,0,0.963803,1
spring-boot,19432,0,0.05132794,0
spring-boot,19440,0,0.027018916,0
spring-boot,19576,0,0.07014688,0
spring-boot,18809,0,0.01735661,0
spring-boot,19464,0,0.014114111,0
spring-boot,19134,0,0.022034155,0
spring-boot,19624,0,0.0677567,0
spring-boot,18615,0,0.31005538,0
spring-boot,20015,0,0.0034559316,0
spring-boot,18695,0,0.22932531,0
spring-boot,20284,1,0.21217825,0
spring-boot,18791,0,0.006844536,0
spring-boot,19142,0,0.0715664,0
spring-boot,20316,0,0.07072059,0
spring-boot,19774,0,0.06762014,0
spring-boot,19286,0,0.13734908,0
spring-boot,18652,0,0.014908885,0
spring-boot,20172,0,0.9149847,1
spring-boot,19323,0,0.029423267,0
spring-boot,19138,0,0.02816953,0
spring-boot,19930,0,0.06878008,0
spring-boot,19022,0,0.030842844,0
spring-boot,18797,0,0.0045752083,0
spring-boot,19654,0,0.0021883014,0
spring-boot,18613,0,0.007721814,0
spring-boot,18512,0,0.025283052,0
spring-boot,19902,0,0.006981763,0
spring-boot,18778,0,0.0067750984,0
spring-boot,19699,0,0.050062146,0
spring-boot,18926,0,0.013835819,0
spring-boot,19057,0,0.04876058,0
spring-boot,19660,0,0.0049847593,0
spring-boot,18493,0,0.28431123,0
spring-boot,19626,0,0.173699,0
spring-boot,20064,0,0.39188284,0
spring-boot,19456,0,0.0016598965,0
spring-boot,19908,0,0.008316415,0
spring-boot,19011,0,0.59969455,1
spring-boot,19829,0,0.006285421,0
spring-boot,18950,0,0.022218673,0
spring-boot,20256,1,0.18255277,0
spring-boot,18735,0,0.010338456,0
spring-boot,19674,0,0.06270444,0
spring-boot,18477,0,0.04451938,0
spring-boot,18355,0,0.043946553,0
spring-boot,19353,0,0.014941295,0
spring-boot,18657,0,0.013839504,0
spring-boot,19461,0,0.027487803,0
spring-boot,18937,0,0.04781157,0
spring-boot,19946,0,0.0015800325,0
spring-boot,19517,1,0.086527854,0
spring-boot,18789,0,0.011954111,0
spring-boot,18831,0,0.08156279,0
spring-boot,21990,0,0.15741313,0
spring-boot,20329,0,0.06449104,0
spring-boot,18394,0,0.7186169,1
spring-boot,18759,0,0.16031276,0
spring-boot,19320,0,0.03062719,0
spring-boot,19951,0,0.0010825575,0
spring-boot,19355,0,0.016056923,0
spring-boot,20013,0,0.4212396,0
spring-boot,18414,0,0.06944093,0
spring-boot,19907,0,0.0137129845,0
spring-boot,18635,0,0.0020956774,0
spring-boot,19015,0,0.777715,1
spring-boot,18505,0,0.029597728,0
spring-boot,20144,0,0.0043188133,0
spring-boot,18525,0,0.24170884,0
spring-boot,22012,0,0.029131632,0
spring-boot,18555,0,0.035738997,0
spring-boot,19740,0,0.051742967,0
spring-boot,19145,0,0.016144743,0
spring-boot,18811,0,0.026975686,0
spring-boot,19925,0,0.24247669,0
spring-boot,18361,0,0.025527958,0
spring-boot,19259,0,0.03512194,0
spring-boot,19623,0,0.06953192,0
spring-boot,18707,0,0.031145236,0
spring-boot,18650,0,0.010256944,0
spring-boot,21991,0,0.003597345,0
spring-boot,18590,0,0.031262327,0
spring-boot,19514,1,0.16681679,0
spring-boot,19348,0,0.013912835,0
spring-boot,18667,0,0.024961745,0
spring-boot,20122,0,0.012434912,0
spring-boot,19529,1,0.1858645,0
spring-boot,18449,0,0.016395079,0
spring-boot,18803,0,0.16027565,0
spring-boot,19433,0,0.051924057,0
spring-boot,20261,1,0.15312485,0
spring-boot,19944,0,0.0017151984,0
spring-boot,19262,0,0.036162887,0
spring-boot,18549,0,0.003264117,0
spring-boot,19573,0,0.011817274,0
spring-boot,22015,0,0.04091971,0
spring-boot,19555,0,0.08705486,0
spring-boot,18552,0,0.38354558,0
spring-boot,19566,0,0.019950602,0
spring-boot,18547,0,0.247988,0
spring-boot,19095,0,0.9381428,1
spring-boot,18633,0,0.00704357,0
spring-boot,20065,0,0.35103032,0
spring-boot,18961,0,0.058066923,0
spring-boot,18795,0,0.021922924,0
spring-boot,19607,0,0.012906664,0
spring-boot,19881,1,0.01951064,0
spring-boot,19759,0,0.12604305,0
spring-boot,19794,0,0.029842645,0
spring-boot,19397,0,0.955122,1
spring-boot,18501,0,0.053153474,0
spring-boot,21925,0,0.06904522,0
spring-boot,19152,0,0.17574641,0
spring-boot,20250,1,0.21217825,0
spring-boot,19715,0,0.011304947,0
spring-boot,18774,0,0.020440523,0
spring-boot,18841,0,0.042713404,0
spring-boot,18800,0,0.38501203,0
spring-boot,19476,0,0.015487738,0
spring-boot,19570,0,0.022426179,0
spring-boot,19120,0,0.09424582,0
spring-boot,19146,0,0.1805977,0
spring-boot,19967,0,0.0015392854,0
spring-boot,19802,0,0.040354464,0
spring-boot,18605,0,0.019718165,0
spring-boot,20164,0,0.0842471,0
spring-boot,19697,0,0.08352644,0
spring-boot,22018,0,0.0048608757,0
spring-boot,19486,0,0.016463412,0
spring-boot,19646,0,0.060172454,0
spring-boot,18835,0,0.09005958,0
spring-boot,18964,0,0.0020148992,0
spring-boot,19205,0,0.34403056,0
spring-boot,19114,0,0.050757404,0
spring-boot,20059,0,0.014006215,0
spring-boot,18752,0,0.034438774,0
spring-boot,19747,0,0.14788659,0
spring-boot,18334,0,0.012339325,0
spring-boot,21953,0,0.04481502,0
spring-boot,19817,0,0.023245318,0
spring-boot,18528,0,0.21359487,0
spring-boot,19236,0,0.81146806,1
spring-boot,19520,1,0.2681811,0
spring-boot,19434,0,0.0017813118,0
spring-boot,19762,0,0.24377637,0
spring-boot,19220,0,0.077616274,0
spring-boot,18906,0,0.032444052,0
spring-boot,19868,1,0.15240787,0
spring-boot,20234,1,0.27658138,0
spring-boot,20280,1,0.15312485,0
spring-boot,18497,0,0.28902552,0
spring-boot,19890,0,0.2863649,0
spring-boot,19668,0,0.004527196,0
spring-boot,20245,1,0.22785036,0
spring-boot,19690,0,0.21385911,0
spring-boot,19055,0,0.117932096,0
spring-boot,19225,0,0.10009919,0
spring-boot,20323,0,0.019457256,0
spring-boot,19781,0,0.04452899,0
spring-boot,19182,0,0.9171846,1
spring-boot,18405,0,0.15314543,0
spring-boot,19460,0,0.010453359,0
spring-boot,20253,1,0.22785036,0
spring-boot,18344,0,0.2657426,0
spring-boot,21949,0,0.05520962,0
spring-boot,19692,0,0.14353347,0
spring-boot,19876,1,0.01712676,0
spring-boot,19873,1,0.46666127,0
spring-boot,18891,0,0.023556944,0
spring-boot,19451,0,0.00062387396,0
spring-boot,19810,0,0.029128289,0
spring-boot,19153,0,0.089587405,0
spring-boot,19059,0,0.8214127,1
spring-boot,18796,0,0.0080268895,0
spring-boot,19093,0,0.8906124,1
spring-boot,19679,0,0.26216328,0
spring-boot,19546,0,0.0019570682,0
spring-boot,18515,0,0.030096265,0
spring-boot,19183,0,0.0515956,0
spring-boot,21935,0,0.023164505,0
spring-boot,18714,0,0.7372958,1
spring-boot,19014,0,0.68383324,1
spring-boot,19557,0,0.22786288,0
spring-boot,20077,0,0.15844683,0
spring-boot,19203,0,0.23659441,0
spring-boot,18838,0,0.37330672,0
spring-boot,19188,0,0.042880945,0
spring-boot,19854,0,0.012969928,0
spring-boot,21993,0,0.03784236,0
spring-boot,19327,0,0.012439838,0
spring-boot,18662,0,0.004696542,0
spring-boot,18914,0,0.003280403,0
spring-boot,19452,0,0.0016598965,0
spring-boot,18592,0,0.0032070486,0
spring-boot,19470,1,0.050376747,0
spring-boot,20307,1,0.18255277,0
spring-boot,20326,0,0.15564826,0
spring-boot,19303,0,0.7102223,1
spring-boot,20075,0,0.09274675,0
spring-boot,21976,0,0.071466215,0
spring-boot,19748,0,0.4179989,0
spring-boot,19328,0,0.03007778,0
spring-boot,20079,0,0.23978525,0
spring-boot,18703,0,0.030712277,0
spring-boot,18987,0,0.75131786,1
spring-boot,19938,0,0.07567761,0
spring-boot,19289,0,0.03428421,0
spring-boot,19361,0,0.006567503,0
spring-boot,18461,0,0.020348102,0
spring-boot,19118,0,0.8594803,1
spring-boot,18419,0,0.022736778,0
spring-boot,21936,0,0.036600307,0
spring-boot,18776,0,0.00439223,0
spring-boot,19979,0,0.003071847,0
spring-boot,19309,0,0.014022014,0
spring-boot,18905,0,0.023962533,0
spring-boot,21998,0,0.22957309,0
spring-boot,19412,0,0.007196135,0
spring-boot,18845,0,0.11153249,0
spring-boot,18359,0,0.69706607,1
spring-boot,19705,0,0.0011422444,0
spring-boot,18826,0,0.79451734,1
spring-boot,19342,0,0.026070733,0
spring-boot,19027,1,0.1490011,0
spring-boot,18506,0,0.019529037,0
spring-boot,19396,0,0.92730945,1
spring-boot,19166,0,0.1521828,0
spring-boot,19043,0,0.11647725,0
spring-boot,18910,0,0.025381071,0
spring-boot,19210,0,0.08748415,0
spring-boot,19865,1,0.023755096,0
spring-boot,18753,0,0.03363195,0
spring-boot,18507,0,0.17008033,0
spring-boot,19025,0,0.0548503,0
spring-boot,20252,1,0.15312485,0
spring-boot,19221,0,0.019695478,0
spring-boot,19929,0,0.12773366,0
spring-boot,18578,0,0.035129607,0
spring-boot,18846,0,0.7753226,1
spring-boot,19156,0,0.04273584,0
spring-boot,19897,0,0.0055427263,0
spring-boot,20209,0,0.8775147,1
spring-boot,19296,0,0.009120822,0
spring-boot,18922,0,0.034288358,0
spring-boot,19042,0,0.3502789,0
spring-boot,19249,0,0.009578027,0
spring-boot,19039,0,0.11307865,0
spring-boot,20207,0,0.9278903,1
spring-boot,19032,1,0.06902201,0
spring-boot,19280,0,0.025987782,0
spring-boot,19467,0,0.0054886863,0
spring-boot,19453,0,0.0023001146,0
spring-boot,19891,0,0.27524525,0
spring-boot,19672,0,0.0014639533,0
spring-boot,19815,0,0.03466648,0
spring-boot,19497,0,0.0024657347,0
spring-boot,19846,0,0.0015313451,0
spring-boot,20227,0,0.8530657,1
spring-boot,20028,0,0.16381441,0
spring-boot,18638,0,0.0012160109,0
spring-boot,20225,0,0.8530657,1
spring-boot,19949,0,0.0027860934,0
spring-boot,19820,0,0.039113678,0
spring-boot,18726,0,0.36636814,0
spring-boot,18677,0,0.028484525,0
spring-boot,19330,0,0.014833009,0
spring-boot,20283,1,0.15312485,0
spring-boot,19125,0,0.04051363,0
spring-boot,19268,0,0.034710478,0
spring-boot,18837,0,0.045608107,0
spring-boot,18601,0,0.011037853,0
spring-boot,19375,0,0.043753494,0
spring-boot,20145,0,0.104724094,0
spring-boot,18957,0,0.004232146,0
spring-boot,19473,1,0.09215474,0
spring-boot,18699,0,0.093739055,0
spring-boot,19572,0,0.016499223,0
spring-boot,18663,0,0.04115222,0
spring-boot,21980,0,0.016152108,0
spring-boot,18912,0,0.011677656,0
spring-boot,20076,0,0.00095246534,0
spring-boot,19831,0,0.005754607,0
spring-boot,18531,0,0.18094069,0
spring-boot,18673,0,0.02933421,0
spring-boot,18806,0,0.006048098,0
spring-boot,19419,0,0.020908246,0
spring-boot,18794,0,0.0062710913,0
spring-boot,18455,0,0.015410996,0
spring-boot,18981,0,0.007754952,0
spring-boot,19085,0,0.77217776,1
spring-boot,18975,0,0.0543187,0
spring-boot,18734,0,0.17075464,0
spring-boot,21929,0,0.06432151,0
spring-boot,19141,0,0.03278604,0
spring-boot,19443,0,0.0016924613,0
spring-boot,19028,1,0.05185923,0
spring-boot,18381,0,0.8628716,1
spring-boot,20008,0,0.03228505,0
spring-boot,18873,0,0.0120875165,0
spring-boot,20023,0,0.04844497,0
spring-boot,20200,0,0.92910093,1
spring-boot,18712,0,0.21089129,0
spring-boot,19746,0,0.042244494,0
spring-boot,18852,0,0.77259886,1
spring-boot,21975,1,0.4370098,0
spring-boot,18653,0,0.24682744,0
spring-boot,19622,0,0.51451623,1
spring-boot,21978,0,0.0049721883,0
spring-boot,18682,0,0.10696841,0
spring-boot,19828,0,0.41815627,0
spring-boot,19686,0,0.017577311,0
spring-boot,19788,0,0.036660895,0
spring-boot,20136,0,0.025781749,0
spring-boot,19717,0,0.0031803874,0
spring-boot,18436,0,0.06995743,0
spring-boot,19632,0,0.065073386,0
spring-boot,19528,1,0.16681679,0
spring-boot,19255,0,0.038074873,0
spring-boot,20116,0,0.005373284,0
spring-boot,20300,1,0.19687068,0
spring-boot,18672,0,0.7236973,1
spring-boot,20012,0,0.017766438,0
spring-boot,18368,0,0.053224295,0
spring-boot,19809,0,0.037288055,0
spring-boot,19955,0,0.009010715,0
spring-boot,18606,0,0.03554775,0
spring-boot,19711,0,0.0019712932,0
spring-boot,18529,0,0.016726844,0
spring-boot,18675,0,0.027726062,0
spring-boot,19814,0,0.04329517,0
spring-boot,19060,0,0.053952906,0
spring-boot,19532,0,0.29106644,0
spring-boot,18535,0,0.11698554,0
spring-boot,19889,0,0.038812365,0
spring-boot,19516,1,0.0799771,0
spring-boot,20182,0,0.35555622,0
spring-boot,19768,0,0.09847218,0
spring-boot,18594,0,0.17240421,0
spring-boot,18350,0,0.009282907,0
spring-boot,20088,0,0.021638013,0
spring-boot,18711,0,0.26404905,0
spring-boot,19804,0,0.030912412,0
spring-boot,18488,0,0.14306483,0
spring-boot,19442,0,0.0011179897,0
spring-boot,19062,0,0.047123343,0
spring-boot,19385,0,0.015655197,0
spring-boot,19066,0,0.047123343,0
spring-boot,20080,0,0.5627822,1
spring-boot,18614,0,0.007721814,0
spring-boot,19087,0,0.019992474,0
spring-boot,18788,0,0.002795622,0
spring-boot,18379,0,0.04784847,0
spring-boot,19524,1,0.09155188,0
spring-boot,19778,0,0.012099684,0
spring-boot,19244,0,0.12912658,0
spring-boot,18908,0,0.028843464,0
spring-boot,19058,0,0.041394755,0
spring-boot,22007,0,0.011961138,0
spring-boot,19420,0,0.0054608234,0
spring-boot,19989,0,0.036945127,0
spring-boot,20222,0,0.8700276,1
spring-boot,19808,0,0.03806313,0
spring-boot,18418,0,0.1265683,0
spring-boot,19478,0,0.23344542,0
spring-boot,19533,1,0.095734656,0
spring-boot,19538,1,0.7923861,1
spring-boot,19991,0,0.13341399,0
spring-boot,19374,0,0.022357078,0
spring-boot,19198,0,0.0023883963,0
spring-boot,19843,0,0.0010267969,0
spring-boot,18875,0,0.06109197,0
spring-boot,20124,0,0.0024561547,0
spring-boot,21994,0,0.017831052,0
spring-boot,18358,0,0.84893185,1
spring-boot,19821,0,0.051257133,0
spring-boot,20204,0,0.9239465,1
spring-boot,19482,0,0.009608268,0
spring-boot,19344,0,0.011739847,0
spring-boot,18951,0,0.05947205,0
spring-boot,19455,0,0.0023001146,0
spring-boot,20296,1,0.21217825,0
spring-boot,19665,0,0.0049497657,0
spring-boot,19575,0,0.0040267594,0
spring-boot,18551,0,0.06554256,0
spring-boot,22010,0,0.039195266,0
spring-boot,19181,0,0.0151986955,0
spring-boot,19270,0,0.019178268,0
spring-boot,21982,0,0.017508533,0
spring-boot,19151,0,0.07308943,0
spring-boot,19272,0,0.052947033,0
spring-boot,20074,0,0.005523319,0
spring-boot,22038,0,0.018370422,0
spring-boot,19510,1,0.19347069,0
spring-boot,19158,0,0.0025512897,0
spring-boot,19103,0,0.92313987,1
spring-boot,21960,0,0.14412756,0
spring-boot,20069,0,0.044521105,0
spring-boot,20151,0,0.01135394,0
spring-boot,20149,0,0.0013278453,0
spring-boot,21939,0,0.031783573,0
spring-boot,20272,1,0.22785036,0
spring-boot,20165,0,0.07818527,0
spring-boot,18928,0,0.84775084,1
spring-boot,18702,0,0.022086084,0
spring-boot,19246,0,0.007930596,0
spring-boot,19853,0,0.0042918744,0
spring-boot,20309,0,0.043249376,0
spring-boot,18600,0,0.0030092543,0
spring-boot,19806,0,0.028213887,0
spring-boot,19613,0,0.0014345981,0
spring-boot,18713,0,0.24763288,0
spring-boot,18363,0,0.81906474,1
spring-boot,20187,0,0.85487735,1
spring-boot,21989,0,0.03223334,0
spring-boot,18904,0,0.04237404,0
spring-boot,18416,0,0.040588915,0
spring-boot,19336,0,0.045479447,0
spring-boot,19676,0,0.0959081,0
spring-boot,19922,0,0.00056513964,0
spring-boot,18504,0,0.2667344,0
spring-boot,18980,0,0.0029164208,0
spring-boot,19069,0,0.24808021,0
spring-boot,19756,0,0.28276727,0
spring-boot,20162,0,0.0020802785,0
spring-boot,18709,0,0.117150925,0
spring-boot,18681,0,0.007136464,0
spring-boot,19518,1,0.16681679,0
spring-boot,19171,0,0.021734545,0
spring-boot,18527,0,0.07047915,0
spring-boot,19029,0,0.038799204,0
spring-boot,20163,0,0.05600926,0
spring-boot,18839,0,0.17430314,0
spring-boot,19124,0,0.15930319,0
spring-boot,19155,0,0.04519001,0
spring-boot,19474,1,0.097342625,0
spring-boot,18833,0,0.08264001,0
spring-boot,20291,1,0.15312485,0
spring-boot,18464,0,0.031135924,0
spring-boot,19805,0,0.039033525,0
spring-boot,18687,0,0.014314883,0
spring-boot,19040,0,0.249089,0
spring-boot,19760,0,0.19120829,0
spring-boot,18398,0,0.06113424,0
spring-boot,18448,0,0.12112187,0
spring-boot,22029,0,0.05700086,0
spring-boot,19523,1,0.035195377,0
spring-boot,19588,0,0.9604455,1
spring-boot,18417,0,0.017291544,0
spring-boot,20140,0,0.025781749,0
spring-boot,18927,0,0.91361755,1
spring-boot,19265,0,0.0051911823,0
spring-boot,19616,0,0.1683047,0
spring-boot,18762,0,0.39108574,0
spring-boot,18721,0,0.35421598,0
spring-boot,19531,0,0.23494619,0
spring-boot,18491,0,0.12309192,0
spring-boot,19300,0,0.020559855,0
spring-boot,20322,0,0.0074501494,0
spring-boot,18697,0,0.26594147,0
spring-boot,19721,0,0.0027709445,0
spring-boot,21966,0,0.11973753,0
spring-boot,19234,0,0.15831058,0
spring-boot,18756,0,0.0017044822,0
spring-boot,19292,0,0.033950213,0
spring-boot,19287,0,0.004459888,0
spring-boot,18861,0,0.5258013,1
spring-boot,20266,1,0.27658138,0
spring-boot,18654,0,0.0032179982,0
spring-boot,20157,0,0.013377932,0
spring-boot,18375,0,0.7980719,1
spring-boot,19065,0,0.047123343,0
spring-boot,18385,0,0.700671,1
spring-boot,19858,0,0.055313107,0
spring-boot,18930,0,0.8696285,1
spring-boot,18349,0,0.41188532,0
spring-boot,20115,0,0.00279659,0
spring-boot,19845,0,0.0010267969,0
spring-boot,19739,0,0.081227,0
spring-boot,18994,0,0.86097085,1
spring-boot,19981,0,0.0008651607,0
spring-boot,19496,0,0.05537363,0
spring-boot,18817,0,0.012248576,0
spring-boot,18604,0,0.01749701,0
spring-boot,19199,0,0.057364017,0
spring-boot,19360,0,0.1905807,0
spring-boot,18423,0,0.01162376,0
spring-boot,20239,1,0.22785036,0
spring-boot,20067,0,0.33126926,0
spring-boot,18369,0,0.045444652,0
spring-boot,18868,0,0.020450646,0
spring-boot,19008,0,0.7619466,1
spring-boot,19023,0,0.030270223,0
spring-boot,19314,0,0.024662372,0
spring-boot,18965,0,0.006907265,0
spring-boot,18502,0,0.03140843,0
spring-boot,19195,0,0.0024042227,0
spring-boot,19526,1,0.2681811,0
spring-boot,18968,0,0.008873477,0
spring-boot,18793,0,0.010596203,0
spring-boot,20000,0,0.058558617,0
spring-boot,21934,0,0.030539654,0
spring-boot,20306,1,0.22785036,0
spring-boot,19307,0,0.0061043454,0
spring-boot,19417,0,0.0042389757,0
spring-boot,19044,0,0.43394706,0
spring-boot,19761,0,0.21510723,0
spring-boot,18645,0,0.023024583,0
spring-boot,18656,0,0.08061481,0
spring-boot,18346,0,0.23182243,0
spring-boot,19996,0,0.017528638,0
spring-boot,20098,0,0.06240327,0
spring-boot,19593,0,0.026595823,0
spring-boot,20317,0,0.025680829,0
spring-boot,18473,0,0.01767897,0
spring-boot,18343,0,0.038201813,0
spring-boot,19959,0,0.0008651607,0
spring-boot,19036,1,0.06467708,0
spring-boot,19240,0,0.07694578,0
spring-boot,18805,0,0.014901953,0
spring-boot,18353,0,0.01083246,0
spring-boot,18560,0,0.08321995,0
spring-boot,18624,0,0.00839579,0
spring-boot,19609,0,0.077544644,0
spring-boot,19703,0,0.037424814,0
spring-boot,20314,0,0.56183577,1
spring-boot,19754,0,0.21559486,0
spring-boot,21948,0,0.02708351,0
spring-boot,19601,0,0.00815407,0
spring-boot,19580,0,0.011301551,0
spring-boot,20089,0,0.017503498,0
spring-boot,21951,0,0.059930615,0
spring-boot,19562,0,0.0037255296,0
spring-boot,22014,0,0.0191336,0
spring-boot,19345,0,0.02123487,0
spring-boot,19972,0,0.0006533272,0
spring-boot,19380,0,0.0037263082,0
spring-boot,20128,0,0.0106156925,0
spring-boot,19647,0,0.08744356,0
spring-boot,19527,1,0.039752897,0
spring-boot,18691,0,0.06956549,0
spring-boot,18598,0,0.20228367,0
spring-boot,19855,0,0.001585467,0
spring-boot,19612,0,0.0014345981,0
spring-boot,20190,0,0.85487735,1
spring-boot,19791,0,0.0345404,0
spring-boot,19148,0,0.07258917,0
spring-boot,18804,0,0.026015181,0
spring-boot,19667,0,0.043606643,0
spring-boot,19332,0,0.018160405,0
spring-boot,19689,0,0.33052704,0
spring-boot,19582,0,0.9590675,1
spring-boot,20240,1,0.19687068,0
spring-boot,18621,0,0.41325366,0
spring-boot,19875,1,0.022998547,0
spring-boot,18848,0,0.1154538,0
spring-boot,18649,0,0.023098402,0
spring-boot,19293,0,0.022290483,0
spring-boot,19078,0,0.09622852,0
spring-boot,20260,1,0.18147863,0
spring-boot,19713,0,0.0018411534,0
spring-boot,19722,0,0.012427178,0
spring-boot,18582,0,0.11256267,0
spring-boot,20169,0,0.08964752,0
spring-boot,18715,0,0.061656512,0
spring-boot,18550,0,0.062101815,0
spring-boot,19969,0,0.012241368,0
spring-boot,19995,0,0.03437475,0
spring-boot,18731,0,0.0023835602,0
spring-boot,18733,0,0.010262595,0
spring-boot,18622,0,0.17913179,0
spring-boot,19439,0,0.0011031611,0
spring-boot,19193,0,0.024255686,0
spring-boot,22011,0,0.1487212,0
spring-boot,19425,0,0.020587377,0
spring-boot,18543,0,0.3876508,0
spring-boot,19340,0,0.019123508,0
spring-boot,19992,0,0.0128579615,0
spring-boot,18388,0,0.07472539,0
spring-boot,18447,0,0.047767542,0
spring-boot,19744,0,0.16585968,0
spring-boot,19596,0,0.020948457,0
spring-boot,19564,0,0.01368911,0
spring-boot,19776,0,0.078613326,0
spring-boot,18939,0,0.30685502,0
spring-boot,18977,0,0.42630455,0
spring-boot,18836,0,0.040235054,0
spring-boot,20017,0,0.096168324,0
spring-boot,18460,0,0.63109875,1
spring-boot,18456,0,0.04438279,0
spring-boot,18827,0,0.035419706,0
spring-boot,19454,0,0.008179991,0
spring-boot,22041,0,0.025804473,0
spring-boot,18337,0,0.19762619,0
spring-boot,18668,0,0.0232788,0
spring-boot,19671,0,0.0014639533,0
spring-boot,18331,0,0.003503051,0
spring-boot,19611,0,0.0014345981,0
spring-boot,19468,0,0.0023548286,0
spring-boot,19070,0,0.932883,1
spring-boot,18630,0,0.0047839796,0
spring-boot,22033,0,0.018990003,0
spring-boot,19092,0,0.048716288,0
spring-boot,20050,0,0.011776228,0
spring-boot,18393,0,0.15848686,0
spring-boot,18563,0,0.0006654375,0
spring-boot,19202,0,0.2680018,0
spring-boot,19880,1,0.014175371,0
spring-boot,20021,0,0.00214765,0
spring-boot,19728,0,0.0020153709,0
spring-boot,19498,1,0.4978043,0
spring-boot,19129,0,0.02591138,0
spring-boot,18458,0,0.050157845,0
spring-boot,19859,0,0.0063024294,0
spring-boot,20246,1,0.15312485,0
spring-boot,19729,0,0.013488298,0
spring-boot,18857,0,0.7368611,1
spring-boot,19833,0,0.021454854,0
spring-boot,18670,0,0.03258693,0
spring-boot,20290,1,0.22731866,0
spring-boot,18887,0,0.019291466,0
spring-boot,19213,0,0.10107755,0
spring-boot,18915,0,0.7291271,1
spring-boot,19836,0,0.013849541,0
spring-boot,19860,0,0.009276366,0
spring-boot,18784,0,0.009544715,0
spring-boot,19305,0,0.003578862,0
spring-boot,19061,0,0.01037307,0
spring-boot,19842,0,0.0015313451,0
spring-boot,18459,0,0.4424108,0
spring-boot,22031,0,0.068811715,0
spring-boot,19116,0,0.07572231,0
spring-boot,20262,1,0.19687068,0
spring-boot,20029,0,0.37071654,0
spring-boot,19847,0,0.044633776,0
spring-boot,19882,1,0.009026094,0
spring-boot,18976,0,0.03353597,0
spring-boot,19395,0,0.89596426,1
spring-boot,18426,0,0.021058874,0
spring-boot,18907,0,0.0357964,0
spring-boot,19231,0,0.08294976,0
spring-boot,19343,0,0.015798088,0
spring-boot,19208,0,0.31563854,0
spring-boot,19934,0,0.08402708,0
spring-boot,19862,1,0.40040508,0
spring-boot,18897,0,0.047896933,0
spring-boot,19565,0,0.0053938557,0
spring-boot,22048,0,0.012936027,0
spring-boot,19281,0,0.035302207,0
spring-boot,19603,0,0.049902618,0
spring-boot,18636,0,0.0024138177,0
spring-boot,18562,0,0.0006654375,0
spring-boot,19424,0,0.034434374,0
spring-boot,19838,0,0.012517577,0
spring-boot,18892,0,0.81980664,1
spring-boot,21968,0,0.008885617,0
spring-boot,19398,0,0.90665454,1
spring-boot,20037,0,0.0029604041,0
spring-boot,19758,0,0.12845688,0
spring-boot,20232,1,0.5189944,1
spring-boot,19371,0,0.012280903,0
spring-boot,18466,0,0.08949812,0
spring-boot,22034,0,0.022404814,0
spring-boot,20002,0,0.082350396,0
spring-boot,19108,0,0.1897514,0
spring-boot,19310,0,0.21627495,0
spring-boot,18719,0,0.095569015,0
spring-boot,18366,0,0.25636587,0
spring-boot,19386,0,0.08196195,0
spring-boot,19291,0,0.00765231,0
spring-boot,19389,0,0.9071246,1
spring-boot,18693,0,0.044113,0
spring-boot,18558,0,0.30327398,0
spring-boot,19302,0,0.0013973323,0
spring-boot,22026,0,0.07878341,0
spring-boot,19942,0,0.00096310355,0
spring-boot,21964,0,0.16097447,0
spring-boot,18494,0,0.26170737,0
spring-boot,19742,0,0.16725016,0
spring-boot,20036,0,0.036993414,0
spring-boot,19945,0,0.0011179897,0
spring-boot,19178,0,0.02654129,0
spring-boot,19494,0,0.004118704,0
spring-boot,19956,0,0.17759714,0
spring-boot,19653,0,0.0041943477,0
spring-boot,18411,0,0.13160479,0
spring-boot,18727,0,0.12384975,0
spring-boot,20171,0,0.69671214,1
spring-boot,19274,0,0.0925622,0
spring-boot,20229,0,0.8846072,1
spring-boot,19502,0,0.021786734,0
spring-boot,19984,0,0.11335887,0
spring-boot,20102,0,0.06240327,0
spring-boot,19083,0,0.0263266,0
spring-boot,19469,1,0.0965968,0
spring-boot,18718,0,0.08012931,0
spring-boot,19658,0,0.0023975382,0
spring-boot,20255,1,0.22939128,0
spring-boot,19316,0,0.017754983,0
spring-boot,18911,0,0.0076992814,0
spring-boot,20205,0,0.9040208,1
spring-boot,18810,0,0.7788903,1
spring-boot,21962,0,0.027600765,0
spring-boot,18881,0,0.31792003,0
spring-boot,20073,0,0.0059554484,0
spring-boot,19687,0,0.0959081,0
spring-boot,19883,1,0.004083165,0
spring-boot,20105,0,0.0006131928,0
spring-boot,19075,0,0.09508501,0
spring-boot,19782,0,0.25916085,0
spring-boot,19229,0,0.08154586,0
spring-boot,19260,0,0.049973324,0
spring-boot,22017,0,0.0019516095,0
spring-boot,19245,0,0.023405083,0
spring-boot,19290,0,0.019479427,0
spring-boot,18457,0,0.031135924,0
spring-boot,19584,0,0.9432391,1
spring-boot,18962,0,0.0035222718,0
spring-boot,19906,0,0.0137129845,0
spring-boot,19850,0,0.032782145,0
spring-boot,19105,0,0.17377113,0
spring-boot,19136,0,0.022034155,0
spring-boot,19298,0,0.024581809,0
spring-boot,18807,0,0.036394235,0
spring-boot,18357,0,0.85015535,1
spring-boot,18894,0,0.024128783,0
spring-boot,20247,1,0.21110623,0
spring-boot,19939,0,0.066247635,0
spring-boot,18808,0,0.021379804,0
spring-boot,21950,0,0.015067129,0
spring-boot,19164,0,0.0717209,0
spring-boot,20159,0,0.0025110573,0
spring-boot,18704,0,0.005480124,0
spring-boot,20212,0,0.92051065,1
spring-boot,18470,0,0.021959584,0
spring-boot,19077,0,0.10140429,0
spring-boot,19150,0,0.114713795,0
spring-boot,18387,0,0.72053796,1
spring-boot,19905,0,0.31505024,0
spring-boot,20117,0,0.001818162,0
spring-boot,22030,0,0.06700483,0
spring-boot,19673,0,0.09418754,0
spring-boot,22004,0,0.0368977,0
spring-boot,20257,1,0.18255277,0
spring-boot,19886,0,0.25326812,0
spring-boot,20019,0,0.014562604,0
spring-boot,20026,0,0.04600071,0
spring-boot,19726,0,0.008922381,0
spring-boot,18692,0,0.50581336,1
spring-boot,19122,0,0.04777476,0
spring-boot,18520,0,0.011609776,0
spring-boot,20113,0,0.015488406,0
spring-boot,20271,1,0.22785036,0
spring-boot,18823,0,0.95196015,1
spring-boot,19325,0,0.020298056,0
spring-boot,18998,0,0.004820965,0
spring-boot,19958,0,0.2331626,0
spring-boot,19677,0,0.11924034,0
spring-boot,18400,0,0.4629947,0
spring-boot,19796,0,0.03135099,0
spring-boot,21995,1,0.6750052,1
spring-boot,20177,0,0.9186737,1
spring-boot,20061,0,0.0016945016,0
spring-boot,20154,0,0.022790134,0
spring-boot,18874,0,0.07494855,0
spring-boot,18683,0,0.0020272234,0
spring-boot,18775,0,0.0062710913,0
spring-boot,18430,0,0.03321957,0
spring-boot,22024,0,0.014913662,0
spring-boot,19051,0,0.07499227,0
spring-boot,19299,0,0.020559855,0
spring-boot,19501,1,0.0620307,0
spring-boot,19707,0,0.0015800325,0
spring-boot,18468,0,0.047767542,0
spring-boot,18476,0,0.074692495,0
spring-boot,19413,0,0.2709563,0
spring-boot,19909,0,0.010668146,0
spring-boot,19962,0,0.01654378,0
spring-boot,19650,0,0.056964744,0
spring-boot,19167,0,0.029213756,0
spring-boot,19977,0,0.002496324,0
spring-boot,19189,0,0.002355791,0
spring-boot,18465,0,0.07931139,0
spring-boot,19341,0,0.017774887,0
spring-boot,20267,1,0.22731866,0
spring-boot,19173,0,0.0014345981,0
spring-boot,18432,0,0.017194042,0
spring-boot,19261,0,0.042364173,0
spring-boot,19734,0,0.19264896,0
spring-boot,20275,1,0.15312485,0
spring-boot,18783,0,0.011954111,0
spring-boot,19579,0,0.031044032,0
spring-boot,19694,0,0.28844148,0
spring-boot,19770,0,0.2223562,0
spring-boot,19542,0,0.015933046,0
spring-boot,20210,0,0.902231,1
spring-boot,19797,0,0.034434374,0
spring-boot,19644,0,0.29687616,0
spring-boot,19335,0,0.023067763,0
spring-boot,19269,0,0.057238717,0
spring-boot,18370,0,0.7475326,1
spring-boot,19383,0,0.09044891,0
spring-boot,19874,1,0.016986137,0
spring-boot,19763,0,0.25411263,0
spring-boot,21955,0,0.16097447,0
spring-boot,18339,0,0.4282879,0
spring-boot,18785,0,0.006844536,0
spring-boot,20230,0,0.9089196,1
spring-boot,19554,0,0.003290098,0
spring-boot,20201,0,0.91000664,1
spring-boot,20197,0,0.036785573,0
spring-boot,18561,0,0.0009965679,0
spring-boot,19568,0,0.0018494196,0
spring-boot,19635,0,0.15438683,0
spring-boot,20219,0,0.95456254,1
spring-boot,19163,0,0.0717209,0
spring-boot,19168,0,0.16341753,0
spring-boot,19308,0,0.00368814,0
spring-boot,19297,0,0.030401388,0
spring-boot,19628,0,0.28376034,0
spring-boot,19321,0,0.018773088,0
spring-boot,18669,0,0.0471458,0
spring-boot,18854,0,0.77259886,1
spring-boot,18395,0,0.58274347,1
spring-boot,20058,0,0.39495605,0
spring-boot,19031,0,0.11450922,0
spring-boot,19723,0,0.0031803874,0
spring-boot,18415,0,0.11622795,0
spring-boot,18917,0,0.046002764,0
spring-boot,18599,0,0.001331424,0
spring-boot,19106,0,0.21833052,0
spring-boot,19370,0,0.011993618,0
spring-boot,20220,0,0.9081756,1
spring-boot,18884,0,0.08920525,0
spring-boot,19500,1,0.611404,1
spring-boot,18396,0,0.78651905,1
spring-boot,18665,0,0.0016598965,0
spring-boot,19773,0,0.3415624,0
spring-boot,20331,0,0.05173495,0
spring-boot,18597,0,0.11043638,0
spring-boot,20072,0,0.04860195,0
spring-boot,19128,0,0.01803449,0
spring-boot,18943,0,0.16558914,0
spring-boot,19950,0,0.025108315,0
spring-boot,19056,0,0.03362094,0
spring-boot,19827,0,0.088764116,0
spring-boot,18651,0,0.15988375,0
spring-boot,21997,0,0.013002015,0
spring-boot,19621,0,0.22453971,0
spring-boot,18978,0,0.018895956,0
spring-boot,19490,0,0.002113358,0
spring-boot,18489,0,0.016560229,0
spring-boot,19983,0,0.055768028,0
spring-boot,19615,0,0.120076604,0
spring-boot,18730,0,0.012935167,0
spring-boot,18830,0,0.43204954,0
spring-boot,18441,0,0.26673165,0
spring-boot,18427,0,0.009966802,0
spring-boot,19569,0,0.019048836,0
spring-boot,19248,0,0.054644704,0
spring-boot,19176,0,0.094904356,0
spring-boot,19068,0,0.31651738,0
spring-boot,20170,0,0.030282231,0
spring-boot,19898,0,0.23550186,0
spring-boot,19035,1,0.06931531,0
spring-boot,19073,0,0.12174757,0
spring-boot,18903,0,0.047896933,0
spring-boot,19923,0,0.6353368,1
spring-boot,19107,0,0.22285898,0
spring-boot,19990,0,0.0604384,0
spring-boot,20282,1,0.22785036,0
spring-boot,20038,0,0.08557145,0
spring-boot,19857,0,0.0009345916,0
spring-boot,19869,1,0.004436388,0
spring-boot,19364,0,0.009430894,0
spring-boot,19917,0,0.003467921,0
spring-boot,20278,1,0.5189944,1
spring-boot,19614,0,0.0021296428,0
spring-boot,19540,1,0.21480685,0
spring-boot,18428,0,0.25445604,0
spring-boot,19731,0,0.0013306089,0
spring-boot,18332,0,0.042135373,0
spring-boot,18851,0,0.8448541,1
spring-boot,21927,0,0.03271716,0
spring-boot,19172,0,0.11020829,0
spring-boot,18372,0,0.8406192,1
spring-boot,19275,0,0.019484377,0
spring-boot,19936,0,0.076361656,0
spring-boot,18988,0,0.77352995,1
spring-boot,19267,0,0.07066726,0
spring-boot,18696,0,0.7650228,1
spring-boot,18660,0,0.74431163,1
spring-boot,19306,0,0.22726019,0
spring-boot,18348,0,0.40268227,0
spring-boot,18901,0,0.02734154,0
spring-boot,20216,0,0.93771,1
spring-boot,18999,0,0.0029401795,0
spring-boot,18886,0,0.028786885,0
spring-boot,18933,0,0.8434141,1
spring-boot,18553,0,0.06554256,0
spring-boot,19109,0,0.35291088,0
spring-boot,19499,1,0.22134133,0
spring-boot,19411,0,0.13695155,0
spring-boot,19271,0,0.020973956,0
spring-boot,18371,1,0.55530316,1
spring-boot,19823,0,0.025662072,0
spring-boot,20183,0,0.92563254,1
spring-boot,19493,0,0.04611786,0
spring-boot,19471,1,0.18526588,0
spring-boot,19901,0,0.006984888,0
spring-boot,18486,0,0.25378606,0
spring-boot,18954,0,0.018951941,0
spring-boot,20152,0,0.005991094,0
spring-boot,18389,0,0.10300729,0
spring-boot,19848,0,0.038858466,0
spring-boot,19049,0,0.018291894,0
spring-boot,19091,0,0.8817254,1
spring-boot,22025,0,0.019511752,0
spring-boot,19436,0,0.026231172,0
spring-boot,19637,0,0.18975347,0
spring-boot,20294,1,0.18255277,0
spring-boot,18716,0,0.0060093435,0
spring-boot,18967,0,0.04596554,0
spring-boot,18722,0,0.038068473,0
spring-boot,20139,0,0.01891004,0
spring-boot,19266,0,0.0051911823,0
spring-boot,19825,0,0.25212502,0
spring-boot,19559,0,0.24907187,0
spring-boot,18380,0,0.0689481,0
spring-boot,18960,0,0.34912372,0
spring-boot,19394,0,0.88520217,1
spring-boot,18745,0,0.59946567,1
spring-boot,20042,0,0.01275636,0
spring-boot,18844,0,0.40433487,0
spring-boot,18995,0,0.7615375,1
spring-boot,18706,0,0.034836747,0
spring-boot,19625,0,0.066052854,0
spring-boot,20009,0,0.029825054,0
spring-boot,21932,0,0.06750438,0
spring-boot,19541,0,0.0030616294,0
spring-boot,22032,0,0.027276972,0
spring-boot,20148,0,0.0015441263,0
spring-boot,20167,0,0.09278957,0
spring-boot,18479,0,0.048981242,0
spring-boot,20215,0,0.9091638,1
spring-boot,19288,0,0.17879611,0
spring-boot,20203,0,0.8384251,1
spring-boot,19113,0,0.045069095,0
spring-boot,19477,0,0.030378474,0
spring-boot,18575,0,0.0009485603,0
spring-boot,18579,0,0.58637965,1
spring-boot,19578,0,0.013297297,0
spring-boot,19937,0,0.14614514,0
spring-boot,18974,0,0.027923021,0
spring-boot,19643,0,0.073442705,0
spring-boot,18626,0,0.0020272234,0
spring-boot,20310,0,0.014636218,0
spring-boot,20063,0,0.3118629,0
spring-boot,19276,0,0.03125939,0
spring-boot,19685,0,0.019498033,0
spring-boot,19263,0,0.9409438,1
spring-boot,19560,0,0.08702732,0
spring-boot,20160,0,0.0052288813,0
spring-boot,19311,0,0.0446005,0
spring-boot,18644,0,0.020611692,0
spring-boot,19387,0,0.12952018,0
spring-boot,19617,0,0.062012438,0
spring-boot,20328,0,0.010945821,0
spring-boot,19871,1,0.008513862,0
spring-boot,20249,1,0.18255277,0
spring-boot,22016,0,0.0054546082,0
spring-boot,19169,0,0.055764284,0
spring-boot,18617,0,0.008073222,0
spring-boot,19503,0,0.053975195,0
spring-boot,19751,0,0.038756583,0
spring-boot,22035,0,0.046801522,0
spring-boot,21941,0,0.056746457,0
spring-boot,20217,0,0.91073686,1
spring-boot,19618,0,0.20035198,0
spring-boot,18340,0,0.27697036,0
spring-boot,18867,0,0.0019155453,0
spring-boot,21959,0,0.056746382,0
spring-boot,19973,0,0.0016078814,0
spring-boot,20214,0,0.9041557,1
spring-boot,18969,0,0.04488186,0
spring-boot,19315,0,0.01921851,0
spring-boot,19539,1,0.21480685,0
spring-boot,18747,0,0.29611555,0
spring-boot,19458,0,0.028207595,0
spring-boot,19799,0,0.027967533,0
spring-boot,19941,0,0.15971623,0
spring-boot,20198,0,0.92530817,1
spring-boot,21944,0,0.04481502,0
spring-boot,20010,0,0.2223208,0
spring-boot,18979,0,0.0019772556,0
spring-boot,20018,0,0.00887538,0
spring-boot,19001,0,0.83710545,1
spring-boot,19243,0,0.000789111,0
spring-boot,19784,0,0.8565145,1
spring-boot,19970,0,0.012241368,0
spring-boot,18545,0,0.09759115,0
spring-boot,19423,0,0.029468365,0
spring-boot,19063,0,0.03357121,0
spring-boot,20179,0,0.9351763,1
spring-boot,19698,0,0.08250631,0
spring-boot,18517,0,0.101207875,0
spring-boot,18439,0,0.07931139,0
spring-boot,19550,0,0.002355829,0
spring-boot,18924,0,0.6549298,1
spring-boot,18736,0,0.42060304,0
spring-boot,20043,0,0.10998956,0
spring-boot,18481,0,0.053429972,0
spring-boot,21963,0,0.034170248,0
spring-boot,18634,0,0.13143408,0
spring-boot,20221,0,0.8834051,1
spring-boot,20132,0,0.04109247,0
spring-boot,19206,0,0.23659441,0
spring-boot,19718,0,0.0015392854,0
spring-boot,19928,0,0.39458036,0
spring-boot,20325,0,0.8982648,1
spring-boot,20045,0,0.0063739484,0
spring-boot,18576,0,0.76898485,1
spring-boot,18738,0,0.41930947,0
spring-boot,19752,0,0.0013306089,0
spring-boot,18982,0,0.0024007575,0
spring-boot,19856,0,0.008041307,0
spring-boot,18407,0,0.07728908,0
spring-boot,18801,0,0.118682496,0
spring-boot,18938,0,0.03798935,0
spring-boot,19239,0,0.054273635,0
spring-boot,19382,0,0.43830478,0
spring-boot,19123,0,0.044294428,0
spring-boot,19630,0,0.23214932,0
spring-boot,19174,0,0.0025512897,0
spring-boot,20318,0,0.06666819,0
spring-boot,19333,0,0.016037324,0
spring-boot,18564,0,0.0013964608,0
spring-boot,20078,0,0.17504418,0
spring-boot,18629,0,0.0117783155,0
spring-boot,19137,0,0.030201895,0
spring-boot,18333,0,0.2689731,0
spring-boot,19664,0,0.027796395,0
spring-boot,18568,0,0.0051164543,0
spring-boot,18620,0,0.0049990057,0
spring-boot,20060,0,0.38378155,0
spring-boot,22009,0,0.0107745,0
spring-boot,19373,0,0.015104958,0
spring-boot,19110,0,0.038128402,0
spring-boot,18676,0,0.032363478,0
spring-boot,19649,0,0.04631467,0
spring-boot,21996,1,0.13740608,0
spring-boot,18748,0,0.41930947,0
spring-boot,19378,0,0.02503706,0
spring-boot,18689,0,0.003503051,0
spring-boot,21969,0,0.09742834,0
spring-boot,19157,0,0.0025512897,0
spring-boot,19393,0,0.92971015,1
spring-boot,18913,0,0.026682956,0
spring-boot,20085,0,0.0131055955,0
spring-boot,19098,0,0.81459236,1
spring-boot,19738,0,0.09990599,0
spring-boot,22001,0,0.0013542565,0
spring-boot,21926,0,0.02428305,0
spring-boot,20044,0,0.030687977,0
spring-boot,18612,0,0.007748392,0
spring-boot,18412,0,0.11050937,0
spring-boot,20206,0,0.9383528,1
spring-boot,19483,0,0.037115492,0
spring-boot,18492,0,0.34481135,0
spring-boot,19952,0,0.03892808,0
spring-boot,19641,0,0.22957243,0
spring-boot,18863,0,0.0014345981,0
spring-boot,20155,0,0.20785387,0
spring-boot,19214,0,0.40797445,0
spring-boot,19019,0,0.023722338,0
spring-boot,19900,0,0.005342232,0
spring-boot,20027,0,0.1405395,0
spring-boot,19018,0,0.11238358,0
spring-boot,18625,0,0.0027808852,0
spring-boot,19610,0,0.003503051,0
spring-boot,18587,0,0.79751056,1
spring-boot,20051,0,0.030418152,0
spring-boot,18376,0,0.84633726,1
spring-boot,18374,1,0.48079696,0
spring-boot,21972,1,0.054012265,0
spring-boot,19737,0,0.012404979,0
spring-boot,18790,0,0.0067750984,0
spring-boot,18690,0,0.0020272234,0
spring-boot,19824,0,0.285159,0
spring-boot,19574,0,0.030663943,0
spring-boot,18786,0,0.0067750984,0
spring-boot,19986,0,0.0012833867,0
spring-boot,18860,0,0.29379508,0
spring-boot,18482,0,0.42707545,0
spring-boot,19414,0,0.14037019,0
spring-boot,19780,0,0.006414519,0
spring-boot,19170,0,0.060410354,0
spring-boot,19561,0,0.9612189,1
spring-boot,19223,0,0.0096213315,0
spring-boot,18679,0,0.27739012,0
spring-boot,18952,0,0.015051773,0
spring-boot,19101,0,0.022434255,0
spring-boot,18444,0,0.041943684,0
spring-boot,18763,0,0.1982804,0
spring-boot,20005,0,0.024307573,0
spring-boot,18583,0,0.78891516,1
spring-boot,18342,0,0.35121793,0
spring-boot,22046,0,0.23132019,0
spring-boot,19046,0,0.39214393,0
spring-boot,20086,0,0.03241188,0
spring-boot,18787,0,0.005410779,0
spring-boot,18720,0,0.17897902,0
spring-boot,19537,0,0.1564887,0
spring-boot,18858,0,0.7495426,1
spring-boot,18760,0,0.4252116,0
spring-boot,19920,0,0.007859335,0
spring-boot,19111,0,0.07958355,0
spring-boot,19993,0,0.06591197,0
spring-boot,19974,0,0.0038807439,0
spring-boot,19785,0,0.026946047,0
spring-boot,18824,0,0.01377633,0
spring-boot,18471,0,0.037087183,0
spring-boot,19659,0,0.0043089534,0
spring-boot,19277,0,0.017003082,0
spring-boot,18872,0,0.13388442,0
spring-boot,18865,0,0.004906614,0
spring-boot,20319,0,0.018565599,0
spring-boot,18819,0,0.7599555,1
spring-boot,18983,0,0.6683943,1
spring-boot,19878,1,0.2667903,0
spring-boot,18566,0,0.001021148,0
spring-boot,18769,0,0.16152969,0
spring-boot,18472,0,0.0036500928,0
spring-boot,18996,0,0.010908921,0
spring-boot,20299,1,0.15312485,0
spring-boot,18437,0,0.014521712,0
spring-boot,19651,0,0.11006037,0
spring-boot,18674,0,0.027726062,0
spring-boot,18888,0,0.0629121,0
spring-boot,19352,0,0.044434994,0
spring-boot,18997,0,0.010024278,0
spring-boot,20025,0,0.039683636,0
spring-boot,20304,1,0.22785036,0
spring-boot,19595,0,0.011817274,0
spring-boot,20120,0,0.027470715,0
spring-boot,18659,0,0.9443773,1
spring-boot,19997,0,0.062145755,0
spring-boot,18347,0,0.07601774,0
spring-boot,21946,0,0.015348542,0
spring-boot,18946,0,0.019816432,0
spring-boot,19779,0,0.721189,1
spring-boot,21965,0,0.048848152,0
spring-boot,20248,1,0.22939128,0
spring-boot,18755,0,0.018144334,0
spring-boot,18534,0,0.009695191,0
spring-boot,22022,0,0.02950816,0
spring-boot,19021,0,0.039506942,0
spring-boot,18765,0,0.14881979,0
spring-boot,18940,0,0.2861213,0
spring-boot,19994,0,0.22296055,0
spring-boot,20110,0,0.0006131928,0
spring-boot,18421,0,0.2846118,0
spring-boot,18438,0,0.06279677,0
spring-boot,19708,0,0.002167172,0
spring-boot,19365,0,0.032573026,0
spring-boot,20111,0,0.0006131928,0
spring-boot,20181,0,0.92563254,1
spring-boot,20082,0,0.0034203546,0
spring-boot,19822,0,0.03282807,0
spring-boot,19251,0,0.047286753,0
spring-boot,19053,0,0.08792375,0
spring-boot,18410,0,0.21755932,0
spring-boot,19215,0,0.020357192,0
spring-boot,18834,0,0.88728493,1
spring-boot,21945,0,0.05332367,0
spring-boot,20223,0,0.9201215,1
spring-boot,20071,0,0.14651278,0
spring-boot,19680,0,0.34405458,0
spring-boot,20094,0,0.014989099,0
spring-boot,19322,0,0.020391144,0
spring-boot,19312,0,0.3016142,0
spring-boot,20186,0,0.85487735,1
spring-boot,20233,1,0.22785036,0
spring-boot,19921,0,0.020758511,0
spring-boot,19861,0,0.28544372,0
spring-boot,19480,0,0.08579602,0
spring-boot,18367,0,0.34431916,0
spring-boot,18871,0,0.025413575,0
spring-boot,19670,0,0.094297774,0
spring-boot,19866,1,0.3751119,0
spring-boot,18425,0,0.035267055,0
spring-boot,20211,0,0.90208757,1
spring-boot,19317,0,0.00862347,0
spring-boot,18559,0,0.031563953,0
spring-boot,20097,0,0.030575207,0
spring-boot,19818,0,0.03466648,0
spring-boot,19228,0,0.7776905,1
spring-boot,18572,0,0.0030591195,0
spring-boot,18408,0,0.07581435,0
spring-boot,20241,1,0.22939128,0
spring-boot,20083,0,0.0018464178,0
spring-boot,18524,0,0.28087592,0
spring-boot,18646,0,0.02802592,0
spring-boot,19279,0,0.03125939,0
spring-boot,19217,0,0.022999432,0
spring-boot,18947,0,0.0014814467,0
spring-boot,20308,1,0.22785036,0
spring-boot,19254,0,0.02114121,0
spring-boot,18941,0,0.13117875,0
spring-boot,18499,0,0.03140843,0
spring-boot,18554,0,0.10398217,0
spring-boot,19978,0,0.00095418014,0
spring-boot,19961,0,0.002292088,0
spring-boot,20142,0,0.020174477,0
spring-boot,20125,0,0.030779662,0
spring-boot,20285,1,0.19687068,0
spring-boot,18655,0,0.17089875,0
spring-boot,18386,0,0.07472539,0
spring-boot,20189,0,0.67709297,1
spring-boot,18503,0,0.05182653,0
spring-boot,20188,0,0.8059583,1
spring-boot,20293,1,0.22785036,0
spring-boot,19090,0,0.9005396,1
spring-boot,19661,0,0.019565176,0
spring-boot,19331,0,0.014000269,0
spring-boot,19415,0,0.0009109124,0
spring-boot,19953,0,0.0013732519,0
spring-boot,19700,0,0.0011422444,0
spring-boot,21938,0,0.07846363,0
spring-boot,18451,0,0.8094404,1
spring-boot,19591,0,0.002139745,0
spring-boot,18666,0,0.057775814,0
spring-boot,19988,0,0.001016919,0
spring-boot,19980,0,0.0008651607,0
spring-boot,21986,0,0.35597435,0
spring-boot,20055,0,0.012155086,0
spring-boot,19462,0,0.007764135,0
spring-boot,19513,1,0.33751333,0
spring-boot,19026,0,0.016576761,0
spring-boot,18518,0,0.0033461796,0
spring-boot,19536,0,0.058257,0
spring-boot,18936,0,0.06214896,0
spring-boot,19241,0,0.08003803,0
spring-boot,20096,0,0.0010327947,0
spring-boot,19222,0,0.0066455216,0
spring-boot,18688,0,0.0020272234,0
spring-boot,19161,0,0.050134238,0
spring-boot,20289,1,0.21217825,0
spring-boot,19139,0,0.29387507,0
spring-boot,22037,0,0.042598624,0
spring-boot,19376,0,0.041931864,0
spring-boot,19162,0,0.16341753,0
spring-boot,19608,0,0.08204832,0
spring-boot,19301,0,0.0013973323,0
spring-boot,18391,0,0.07726623,0
spring-boot,18923,0,0.022689033,0
spring-boot,19485,0,0.10354396,0
spring-boot,19422,0,0.33226615,0
spring-boot,18533,0,0.0016295618,0
spring-boot,19753,0,0.0013306089,0
spring-boot,20066,0,0.59220004,1
spring-boot,19525,1,0.25168076,0
spring-boot,22040,0,0.01612221,0
spring-boot,19117,0,0.10827104,0
spring-boot,18921,0,0.84571284,1
spring-boot,19879,1,0.008857404,0
spring-boot,18519,0,0.029060382,0
spring-boot,18569,0,0.03881275,0
spring-boot,19094,0,0.94526064,1
spring-boot,19081,0,0.29925963,0
spring-boot,19088,0,0.92116356,1
spring-boot,21970,1,0.28017825,0
spring-boot,20237,1,0.15312485,0
spring-boot,19912,0,0.013597364,0
spring-boot,18792,0,0.0080268895,0
spring-boot,20052,0,0.033941995,0
spring-boot,19084,0,0.20746195,0
spring-boot,20242,1,0.18255277,0
spring-boot,19401,0,0.92856205,1
spring-boot,18627,0,0.14564045,0
spring-boot,20131,0,0.048448663,0
spring-boot,18345,0,0.22171743,0
spring-boot,19256,0,0.038775176,0
spring-boot,21928,0,0.030649262,0
spring-boot,18879,0,0.02603058,0
spring-boot,20330,0,0.0025512897,0
spring-boot,18992,0,0.77617157,1
spring-boot,19072,0,0.009315547,0
spring-boot,19247,0,0.0026065574,0
spring-boot,20092,0,0.309202,0
spring-boot,19465,0,0.0019068506,0
spring-boot,19830,0,0.15775844,0
spring-boot,18392,0,0.05937403,0
spring-boot,22023,0,0.02046576,0
spring-boot,20156,0,0.0038172603,0
spring-boot,18603,0,0.44835725,0
spring-boot,20244,1,0.18147863,0
spring-boot,20137,0,0.033754993,0
spring-boot,18772,0,0.09403214,0
spring-boot,19985,0,0.0038533804,0
spring-boot,18757,0,0.23848732,0
spring-boot,18661,0,0.06591005,0
spring-boot,19549,0,0.0030616294,0
spring-boot,19693,0,0.2018294,0
spring-boot,19870,1,0.36680362,0
spring-boot,18610,0,0.04298511,0
spring-boot,19338,0,0.014831795,0
spring-boot,19185,0,0.0880837,0
spring-boot,19404,0,0.86291766,1
spring-boot,19807,0,0.03210152,0
spring-boot,19835,0,0.06786893,0
spring-boot,21943,0,0.017180813,0
spring-boot,20259,1,0.18255277,0
spring-boot,18338,0,0.2694903,0
spring-boot,22021,0,0.10269772,0
spring-boot,19304,0,0.028227324,0
spring-boot,19237,0,0.12693864,0
spring-boot,20298,1,0.15312485,0
spring-boot,18899,0,0.14337313,0
spring-boot,19749,0,0.215689,0
spring-boot,19999,0,0.01865669,0
spring-boot,19177,0,0.00340533,0
spring-boot,19216,0,0.017847316,0
spring-boot,19000,0,0.7652866,1
spring-boot,21985,1,0.6719127,1
spring-boot,19792,0,0.042300805,0
spring-boot,20041,0,0.010895404,0
spring-boot,20265,1,0.27658138,0
spring-boot,19079,0,0.09333906,0
spring-boot,18485,0,0.42707545,0
spring-boot,19140,0,0.02816953,0
spring-boot,19009,0,0.68914604,1
spring-boot,18602,0,0.028309248,0
spring-boot,19954,0,0.4345479,0
spring-boot,18495,0,0.13586916,0
spring-boot,18383,0,0.7542639,1
spring-boot,19135,0,0.55746794,1
spring-boot,19725,0,0.030718792,0
spring-boot,19002,0,0.836574,1
spring-boot,19638,0,0.12361932,0
spring-boot,21930,0,0.016896155,0
spring-boot,22019,0,0.055538807,0
spring-boot,19913,0,0.029276218,0
spring-boot,19640,0,0.24295291,0
spring-boot,19966,0,0.12102038,0
spring-boot,22042,0,0.087030254,0
spring-boot,19530,0,0.27334523,0
spring-boot,19548,0,0.010662049,0
spring-boot,20141,0,0.025781749,0
spring-boot,18758,0,0.26509213,0
spring-boot,22045,0,0.00860723,0
spring-boot,19481,0,0.05212634,0
spring-boot,18723,0,0.2827001,0
spring-boot,21977,0,0.012776299,0
spring-boot,18780,0,0.006844536,0
spring-boot,19329,0,0.040037397,0
spring-boot,18513,0,0.02771909,0
spring-boot,19428,0,0.008180285,0
spring-boot,19545,0,0.04122814,0
spring-boot,19765,0,0.33052704,0
spring-boot,21947,0,0.029350767,0
spring-boot,19388,0,0.88794893,1
spring-boot,20039,0,0.0029399248,0
spring-boot,19324,0,0.0139472615,0
spring-boot,19132,0,0.55965495,1
spring-boot,20251,1,0.22939128,0
spring-boot,20185,0,0.033086274,0
spring-boot,18971,0,0.05055834,0
spring-boot,18586,0,0.032041453,0
spring-boot,19100,0,0.04874066,0
spring-boot,18336,0,0.14787586,0
spring-boot,20001,0,0.018615097,0
spring-boot,19982,0,0.0011384006,0
spring-boot,19727,0,0.019346094,0
spring-boot,22044,0,0.2085447,0
spring-boot,18574,0,0.042164776,0
spring-boot,20193,0,0.91114116,1
spring-boot,19258,0,0.061672743,0
spring-boot,19391,0,0.728659,1
spring-boot,22043,0,0.03077914,0
spring-boot,19080,0,0.15239336,0
spring-boot,19811,0,0.03396984,0
spring-boot,19964,0,0.018003244,0
spring-boot,18431,0,0.7137099,1
spring-boot,19130,0,0.047120314,0
spring-boot,18450,0,0.08849731,0
spring-boot,22020,0,0.04355159,0
spring-boot,19927,0,0.051576566,0
spring-boot,19911,0,0.021984458,0
spring-boot,19052,0,0.18878306,0
spring-boot,20093,0,0.028455721,0
spring-boot,18514,0,0.029909272,0
spring-boot,20011,0,0.06554475,0
spring-boot,20147,0,0.008547287,0
spring-boot,18816,0,0.63150215,1
spring-boot,18877,0,0.031531908,0
spring-boot,18483,0,0.17551397,0
spring-boot,19064,0,0.047123343,0
spring-boot,19495,0,0.0036007806,0
spring-boot,19662,0,0.0041943477,0
spring-boot,19714,0,0.04088634,0
spring-boot,18548,0,0.08111612,0
spring-boot,19839,0,0.083021276,0
spring-boot,18822,0,0.90039265,1
spring-boot,19521,1,0.10152862,0
spring-boot,20068,0,0.00095246534,0
spring-boot,18453,0,0.021959584,0
spring-boot,20103,0,0.0006131928,0
spring-boot,19556,0,0.2615907,0
spring-boot,20107,0,0.0006131928,0
spring-boot,18764,0,0.17032155,0
spring-boot,19278,0,0.07778656,0
spring-boot,21979,0,0.008209037,0
spring-boot,20126,0,0.0013542565,0
spring-boot,20321,0,0.022322299,0
spring-boot,21971,0,0.01035195,0
spring-boot,20153,0,0.008043274,0
spring-boot,19899,0,0.009013202,0
spring-boot,19418,0,0.006066057,0
spring-boot,19896,0,0.002857985,0
spring-boot,18487,0,0.07931139,0
spring-boot,21992,0,0.023087468,0
spring-boot,18413,0,0.08300025,0
spring-boot,22000,0,0.01863193,0
spring-boot,19720,0,0.0038149778,0
spring-boot,20279,1,0.15312485,0
spring-boot,20004,0,0.25421125,0
spring-boot,18958,0,0.0044758082,0
spring-boot,19379,0,0.0040634666,0
spring-boot,20104,0,0.0006131928,0
spring-boot,19863,1,0.029396195,0
spring-boot,18973,0,0.4520523,0
spring-boot,19735,0,0.0014324827,0
spring-boot,21958,0,0.07691852,0
spring-boot,19812,0,0.011971928,0
spring-boot,19968,0,0.0042609205,0
spring-boot,19238,0,0.07295927,0
spring-boot,19457,0,0.02159209,0
spring-boot,19472,0,0.0026262752,0
spring-boot,20022,0,0.019179653,0
spring-boot,18984,0,0.8874456,1
spring-boot,18742,0,0.28152606,0
spring-boot,18916,0,0.756235,1
spring-boot,19252,0,0.84843326,1
spring-boot,18900,0,0.042891506,0
spring-boot,19159,0,0.06657491,0
spring-boot,18409,0,0.19660217,0
spring-boot,18864,0,0.0014345981,0
spring-boot,18540,0,0.34550738,0
spring-boot,19998,0,0.0074793566,0
spring-boot,19790,0,0.07127249,0
spring-boot,19652,0,0.0021883014,0
spring-boot,19119,0,0.46104214,0
spring-boot,19319,0,0.014833009,0
spring-boot,19082,0,0.77351016,1
spring-boot,20158,0,0.0020802785,0
spring-boot,18761,0,0.08074504,0
spring-boot,19663,0,0.019283434,0
spring-boot,18754,0,0.0017044822,0
spring-boot,19102,0,0.061405584,0
spring-boot,18671,0,0.020447006,0
spring-boot,19724,0,0.006679841,0
spring-boot,18956,0,0.023840655,0
spring-boot,19832,0,0.005395227,0
spring-boot,20236,1,0.15312485,0
spring-boot,19175,0,0.0032203838,0
spring-boot,20218,0,0.94490707,1
spring-boot,20258,1,0.18255277,0
spring-boot,18490,0,0.09012254,0
spring-boot,18732,0,0.0054891207,0
spring-boot,18642,0,0.0006717149,0
spring-boot,19757,0,0.21835639,0
spring-boot,19004,0,0.777715,1
spring-boot,18593,0,0.02128439,0
spring-boot,18942,0,0.29262736,0
spring-boot,21973,0,0.22200105,0
spring-boot,20100,0,0.71794325,1
spring-boot,19339,0,0.022646734,0
spring-boot,19696,0,0.106570646,0
spring-boot,18724,0,0.0033673213,0
spring-boot,19885,0,0.03046992,0
spring-boot,19479,1,0.14690697,0
spring-boot,18664,0,0.0016598965,0
spring-boot,19960,0,0.0008651607,0
spring-boot,19179,0,0.042434104,0
spring-boot,19511,0,0.02135552,0
spring-boot,19892,0,0.007255826,0
spring-boot,18584,0,0.78891516,1
spring-boot,18475,0,0.09381513,0
spring-boot,19914,0,0.029276218,0
spring-boot,18751,0,0.0010061498,0
spring-boot,18880,0,0.07884193,0
spring-boot,18484,0,0.26307473,0
spring-boot,20286,1,0.22785036,0
spring-boot,19789,0,0.16135363,0
spring-boot,18422,0,0.1426231,0
spring-boot,19362,0,0.019992502,0
spring-boot,18744,0,0.06535422,0
spring-boot,20180,0,0.9277769,1
spring-boot,19430,0,0.046851274,0
spring-boot,18500,0,0.052668918,0
spring-boot,19104,0,0.9287878,1
spring-boot,18766,0,0.12973242,0
spring-boot,18694,0,0.04628366,0
spring-boot,19488,0,0.020077698,0
spring-boot,18463,0,0.63109875,1
spring-boot,20081,0,0.44312927,0
spring-boot,20276,1,0.18255277,0
spring-boot,19435,0,0.038040116,0
spring-boot,19688,0,0.1453636,0
spring-boot,19054,0,0.08841136,0
spring-boot,19567,0,0.9085101,1
spring-boot,19406,1,0.18366466,0
spring-boot,18556,0,0.010219318,0
spring-boot,19987,0,0.001016919,0
spring-boot,19669,0,0.0071612084,0
spring-boot,19803,0,0.035316363,0
spring-boot,19444,0,0.0038951647,0
spring-boot,18970,0,0.031515446,0
spring-boot,19581,0,0.0018494196,0
spring-boot,18814,0,0.08855507,0
spring-boot,19441,0,0.0023950397,0
spring-boot,20007,0,0.022593811,0
spring-boot,19544,0,0.0038998446,0
spring-boot,19437,0,0.22771819,0
spring-boot,20062,0,0.32136807,0
spring-boot,19390,0,0.9071246,1
spring-boot,19602,0,0.08941308,0
spring-boot,19408,0,0.0024188005,0
spring-boot,19086,0,0.10324527,0
spring-boot,18521,0,0.040271785,0
spring-boot,18647,0,0.007294296,0
spring-boot,19358,0,0.16833347,0
spring-boot,19587,0,0.17631234,0
spring-boot,18828,0,0.0667081,0
spring-boot,19924,0,0.022466,0
spring-boot,19112,0,0.014496664,0
spring-boot,19421,0,0.005299843,0
spring-boot,20048,0,0.06283717,0
spring-boot,20123,0,0.090296835,0
spring-boot,20327,0,0.02507118,0
spring-boot,19416,0,0.003974519,0
spring-boot,19034,1,0.7721493,1
spring-boot,18779,0,0.0067750984,0
spring-boot,18890,0,0.05445235,0
spring-boot,18708,0,0.10192559,0
spring-boot,20016,0,0.2486445,0
spring-boot,18580,0,0.40448603,0
spring-boot,19764,0,0.102782495,0
spring-boot,19347,0,0.036689997,0
spring-boot,19819,0,0.03466648,0
spring-boot,19250,0,0.065948166,0
spring-boot,19209,0,0.82843953,1
spring-boot,18406,0,0.21470334,0
spring-boot,20315,0,0.069132596,0
spring-boot,19547,0,0.0017219492,0
spring-boot,19519,1,0.15143867,0
spring-boot,19041,0,0.23417978,0
spring-boot,19405,1,0.56583804,1
spring-boot,18511,0,0.002148106,0
spring-boot,20178,0,0.9186737,1
spring-boot,19257,0,0.0954154,0
spring-boot,19445,0,0.0040355963,0
spring-boot,19716,0,0.04917116,0
spring-boot,19127,0,0.018310549,0
spring-boot,18498,0,0.02792216,0
spring-boot,19594,0,0.007877523,0
spring-boot,19840,0,0.04943169,0
spring-boot,19631,0,0.7123201,1
spring-boot,19895,0,0.002857985,0
spring-boot,19017,0,0.12124301,0
spring-boot,20056,0,0.054578874,0
spring-boot,18770,0,0.4502478,0
spring-boot,19884,1,0.22676718,0
spring-boot,19381,0,0.033426687,0
spring-boot,18855,0,0.7674892,1
spring-boot,18849,0,0.08103221,0
spring-boot,20303,1,0.22785036,0
spring-boot,19597,0,0.013945983,0
spring-boot,20014,0,0.02096382,0
spring-boot,18442,0,0.09012254,0
spring-boot,21954,0,0.045405563,0
spring-boot,19115,0,0.87466913,1
spring-boot,19227,0,0.16122769,0
spring-boot,18781,0,0.0062710913,0
spring-boot,19837,0,0.2612485,0
spring-boot,19294,0,0.020559855,0
spring-boot,20119,0,0.24652077,0
spring-boot,18539,0,0.14416043,0
spring-boot,19369,0,0.016989084,0
spring-boot,18402,0,0.0424869,0
spring-boot,18508,0,0.021584105,0
spring-boot,18538,0,0.047767542,0
spring-boot,18737,0,0.02558899,0
spring-boot,19492,0,0.013769653,0
spring-boot,18607,0,0.019718165,0
spring-boot,19864,1,0.4141955,0
spring-boot,18832,0,0.011467089,0
spring-boot,19849,0,0.023656981,0
spring-boot,19701,0,0.0013079547,0
spring-boot,18813,0,0.8621118,1
spring-boot,18989,0,0.46699798,0
spring-boot,19409,0,0.008632874,0
spring-boot,21981,0,0.0092708245,0
spring-boot,19071,0,0.08442994,0
spring-boot,18771,0,0.42539677,0
spring-boot,19577,0,0.033729192,0
spring-boot,18953,0,0.017719178,0
spring-boot,19047,0,0.14898954,0
spring-boot,20301,1,0.19687068,0
spring-boot,20091,0,0.02611519,0
spring-boot,18842,0,0.060075235,0
spring-boot,18959,0,0.020684265,0
spring-boot,18474,0,0.04438279,0
spring-boot,18351,0,0.011487013,0
spring-boot,19359,0,0.080508575,0
spring-boot,19851,0,0.24838626,0
spring-boot,18853,0,0.77259886,1
spring-boot,20224,0,0.8700276,1
spring-boot,18364,0,0.05712007,0
spring-boot,19230,0,0.26890293,0
spring-boot,18993,0,0.774023,1
spring-boot,18700,0,0.00568173,0
spring-boot,19180,0,0.026853213,0
spring-boot,18935,0,0.030877778,0
spring-boot,18847,0,0.17846315,0
spring-boot,19196,0,0.0019187499,0
spring-boot,19273,0,0.05032891,0
spring-boot,19099,0,0.1219175,0
spring-boot,22047,0,0.30473635,0
spring-boot,18948,0,0.0057729343,0
spring-boot,20191,0,0.92417896,1
spring-boot,19767,0,0.1908583,0
spring-boot,18768,0,0.07365144,0
spring-boot,18619,0,0.014117395,0
spring-boot,18918,0,0.05273568,0
spring-boot,18510,0,0.21028128,0
spring-boot,19337,0,0.018851956,0
spring-boot,19657,0,0.0055535315,0
spring-boot,18401,0,0.7119152,1
spring-boot,20292,1,0.18830667,0
spring-boot,18596,0,0.06855501,0
spring-boot,18516,0,0.055754922,0
spring-boot,20274,1,0.21217825,0
spring-boot,21924,0,0.014633166,0
spring-boot,19702,0,0.0013079547,0
spring-boot,19121,0,0.046770293,0
spring-boot,19407,0,0.44252908,0
spring-boot,18352,0,0.58505374,1
spring-boot,19706,0,0.007881738,0
spring-boot,20034,0,0.016040802,0
spring-boot,19207,0,0.105755866,0
spring-boot,18739,0,0.3115602,0
spring-boot,19191,0,0.005811892,0
spring-boot,18882,0,0.36322948,0
spring-boot,19426,0,0.00510211,0
spring-boot,18740,0,0.41930947,0
spring-boot,19149,0,0.86404896,1
spring-boot,20312,0,0.0026157247,0
spring-boot,19695,0,0.0959081,0
spring-boot,19242,0,0.0037241564,0
spring-boot,19592,0,0.017490398,0
spring-boot,20302,1,0.22785036,0
spring-boot,18365,0,0.033700496,0
spring-boot,19590,0,0.001814886,0
spring-boot,19067,0,0.047123343,0
spring-boot,20150,0,0.16152644,0
spring-boot,18898,0,0.036637787,0
spring-boot,20031,0,0.04844497,0
spring-boot,19187,0,0.3373948,0
spring-boot,19736,0,0.0028620455,0
spring-boot,19957,0,0.0018943471,0
spring-boot,20311,0,0.00596476,0
spring-boot,18991,1,0.808147,1
spring-boot,20003,0,0.033083983,0
spring-boot,19197,0,0.0014557815,0
spring-boot,18570,0,0.0006654375,0
spring-boot,19235,0,0.17718112,0
spring-boot,19904,0,0.30069274,0
spring-boot,18902,0,0.053146064,0
spring-boot,19160,0,0.0038172603,0
spring-boot,19147,0,0.008652923,0
spring-boot,18643,0,0.0031306646,0
spring-boot,20101,0,0.002949122,0
spring-boot,19648,0,0.2716355,0
spring-boot,19354,0,0.018888336,0
spring-boot,20320,0,0.019457256,0
spring-boot,18812,0,0.20070146,0
spring-boot,20121,0,0.026181804,0
spring-boot,19020,0,0.118884794,0
spring-boot,18750,0,0.08242635,0
spring-boot,20095,0,0.015106566,0
spring-boot,18843,0,0.035875566,0
spring-boot,19935,0,0.5698806,1
spring-boot,18557,0,0.5540268,1
spring-boot,19366,0,0.007715313,0
spring-boot,18541,0,0.88500625,1
spring-boot,18628,0,0.104838505,0
spring-boot,19007,0,0.881587,1
spring-boot,18876,0,0.036380667,0
spring-boot,19400,0,0.95411766,1
spring-boot,18782,0,0.004794696,0
spring-boot,19704,0,0.005652043,0
spring-boot,18825,0,0.023955567,0
spring-boot,20024,0,0.0721161,0
spring-boot,19484,0,0.006332716,0
spring-boot,19200,0,0.1537716,0
spring-boot,19003,0,0.9170117,1
spring-boot,19943,0,0.00096310355,0
spring-boot,21988,0,0.10815282,0
spring-boot,18446,0,0.051155094,0
spring-boot,20231,1,0.004009604,0
spring-boot,19006,0,0.033723608,0
spring-boot,18429,0,0.407192,0
spring-boot,19743,0,0.19927295,0
spring-boot,19535,1,0.121308826,0
spring-boot,18373,0,0.8460101,1
spring-boot,18909,0,0.067000106,0
spring-boot,19282,0,0.015350256,0
spring-boot,19512,1,0.34125525,0
spring-boot,20135,0,0.018887369,0
spring-boot,19681,0,0.21486768,0
undertow,4823,0,0.1990007,0
undertow,4679,0,0.8312214,1
undertow,4833,0,0.0118468,0
undertow,4693,0,0.04159787,0
undertow,4839,0,0.0041696248,0
undertow,4727,0,0.19347604,0
undertow,4808,0,0.009440556,0
undertow,4753,0,0.48649517,0
undertow,4678,0,0.29453626,0
undertow,4758,0,0.03451131,0
undertow,4812,0,0.49433255,0
undertow,4803,0,0.0024783823,0
undertow,4692,0,0.8203075,1
undertow,4779,0,0.031065384,0
undertow,4813,0,0.56245935,1
undertow,4796,0,0.010447492,0
undertow,4731,0,0.0068845535,0
undertow,4760,0,0.025664495,0
undertow,4685,0,0.123620525,0
undertow,4790,0,0.002344515,0
undertow,4746,0,0.02399972,0
undertow,4748,0,0.016716221,0
undertow,4801,0,0.0024783823,0
undertow,4840,0,0.004121672,0
undertow,4807,0,0.19603562,0
undertow,4734,0,0.39182073,0
undertow,4743,0,0.86292857,1
undertow,4747,0,0.78195465,1
undertow,4709,0,0.27337366,0
undertow,4677,0,0.14423645,0
undertow,4729,0,0.009444258,0
undertow,4751,0,0.06716901,0
undertow,4706,0,0.0037140287,0
undertow,4761,0,0.012143206,0
undertow,4849,0,0.1274826,0
undertow,4732,0,0.039390657,0
undertow,4673,0,0.17122763,0
undertow,4800,0,0.0046858657,0
undertow,4783,0,0.0045979996,0
undertow,4759,0,0.40038666,0
undertow,4733,0,0.0041891783,0
undertow,4689,0,0.7468433,1
undertow,4775,0,0.002797686,0
undertow,4738,0,0.3839427,0
undertow,4843,0,0.16012739,0
undertow,4820,0,0.003991209,0
undertow,4718,0,0.2976309,0
undertow,4769,0,0.20777479,0
undertow,4757,0,0.010213508,0
undertow,4749,0,0.181732,0
undertow,4797,1,0.0043363664,0
undertow,4740,0,0.2751045,0
undertow,4815,0,0.06509978,0
undertow,4819,0,0.09993524,0
undertow,4716,0,0.252917,0
undertow,4770,0,0.49712598,0
undertow,4824,0,0.04819351,0
undertow,4688,0,0.19923119,0
undertow,4773,0,0.0073188934,0
undertow,4741,0,0.021475185,0
undertow,4736,0,0.92523295,1
undertow,4846,0,0.18487853,0
undertow,4771,0,0.013143203,0
undertow,4821,0,0.00562022,0
undertow,4799,0,0.0041388236,0
undertow,4752,0,0.09555628,0
undertow,4774,0,0.08681595,0
undertow,4703,0,0.026688,0
undertow,4712,0,0.3743636,0
undertow,4837,0,0.2680695,0
undertow,4847,0,0.17175497,0
undertow,4848,0,0.7729551,1
undertow,4841,0,0.012604269,0
undertow,4814,0,0.7832481,1
undertow,4701,0,0.19964826,0
undertow,4795,0,0.2742581,0
undertow,4829,0,0.37477398,0
undertow,4684,0,0.013573076,0
undertow,4708,0,0.20238763,0
undertow,4810,0,0.029818347,0
undertow,4707,0,0.14163075,0
undertow,4728,0,0.15928131,0
undertow,4778,0,0.5535569,1
undertow,4700,0,0.65478534,1
undertow,4772,0,0.0066373516,0
undertow,4683,0,0.1940651,0
undertow,4781,0,0.008628713,0
undertow,4842,0,0.22626485,0
undertow,4827,0,0.2340186,0
undertow,4698,0,0.0078848,0
undertow,4754,0,0.5284753,1
undertow,4711,0,0.7751638,1
undertow,4851,0,0.16012739,0
undertow,4723,0,0.19588359,0
undertow,4853,0,0.13712671,0
undertow,4724,0,0.02281883,0
undertow,4834,0,0.06339288,0
undertow,4720,0,0.10055995,0
undertow,4826,0,0.0044809952,0
undertow,4715,0,0.0026948892,0
undertow,4714,0,0.05485513,0
undertow,4844,0,0.7452947,1
undertow,4828,0,0.0040327096,0
undertow,4831,0,0.031159693,0
undertow,4830,0,0.02998809,0
undertow,4672,0,0.12265146,0
undertow,4697,1,0.808103,1
undertow,4682,0,0.72097963,1
undertow,4789,0,0.010447492,0
undertow,4744,0,0.26518166,0
undertow,4671,0,0.07054175,0
undertow,4764,0,0.28513366,0
undertow,4730,0,0.010524754,0
undertow,4822,0,0.0033429544,0
undertow,4845,0,0.1274826,0
undertow,4674,0,0.2599564,0
undertow,4766,0,0.2511821,0
undertow,4788,0,0.2742581,0
undertow,4798,0,0.03706267,0
undertow,4835,0,0.3640997,0
undertow,4699,0,0.008117859,0
undertow,4809,0,0.009440556,0
undertow,4681,0,0.11503876,0
undertow,4852,0,0.8289135,1
undertow,4737,0,0.75044596,1
undertow,4755,0,0.88335264,1
undertow,4750,0,0.32079527,0
undertow,4767,0,0.024575558,0
undertow,4793,1,0.004171728,0
undertow,4735,0,0.79140836,1
undertow,4806,1,0.9542837,1
undertow,4725,0,0.0893831,0
undertow,4816,0,0.44483313,0
undertow,4787,0,0.03706267,0
undertow,4785,0,0.018940847,0
undertow,4694,0,0.30736682,0
undertow,4832,0,0.5067318,1
undertow,4676,0,0.019389931,0
undertow,4805,0,0.03821384,0
undertow,4836,0,0.016693171,0
undertow,4762,0,0.21798712,0
undertow,4696,0,0.20189205,0
undertow,4710,0,0.2348596,0
undertow,4804,0,0.7293925,1
undertow,4745,0,0.2277088,0
undertow,4802,0,0.20836318,0
undertow,4704,0,0.40455195,0
undertow,4691,0,0.035884358,0
undertow,4825,0,0.005170203,0
undertow,4776,0,0.031284552,0
undertow,4726,0,0.014056826,0
undertow,4705,0,0.005476456,0
undertow,4768,0,0.51975095,1
undertow,4811,1,0.87026083,1
undertow,4680,0,0.14120317,0
undertow,4765,0,0.033400428,0
undertow,4719,0,0.0041900994,0
undertow,4791,1,0.00454022,0
undertow,4721,0,0.9204531,1
undertow,4756,0,0.3511865,0
undertow,4722,0,0.48997086,0
undertow,4780,0,0.002797686,0
undertow,4777,0,0.0029378193,0
undertow,4763,0,0.3411447,0
undertow,4675,0,0.23478639,0
wildfly,17894,0,0.39283428,0
wildfly,20380,0,0.0024090058,0
wildfly,17565,0,0.0064752097,0
wildfly,20433,0,0.0939283,0
wildfly,20750,0,0.013019302,0
wildfly,17640,0,0.35192293,0
wildfly,18169,0,0.32961386,0
wildfly,20766,0,0.002144213,0
wildfly,18075,0,0.28111982,0
wildfly,20520,0,0.0022575734,0
wildfly,20542,0,0.018559989,0
wildfly,20362,0,0.00974292,0
wildfly,20618,0,0.55356896,1
wildfly,17939,0,0.17231694,0
wildfly,18121,0,0.04028651,0
wildfly,17545,0,0.0019999489,0
wildfly,17911,0,0.3490328,0
wildfly,18176,0,0.9437804,1
wildfly,20448,0,0.009145553,0
wildfly,18015,0,0.0022066233,0
wildfly,17754,0,0.5813065,1
wildfly,18293,0,0.0037504577,0
wildfly,18220,0,0.28328443,0
wildfly,17709,0,0.26775265,0
wildfly,20595,0,0.055397842,0
wildfly,18029,0,0.37339798,0
wildfly,17985,0,0.009030758,0
wildfly,17612,0,0.91172713,1
wildfly,20600,0,0.91869843,1
wildfly,20377,0,0.015975628,0
wildfly,17842,0,0.0041681635,0
wildfly,17795,0,0.01922839,0
wildfly,18228,0,0.5205967,1
wildfly,20459,0,0.045092802,0
wildfly,20483,0,0.0006344833,0
wildfly,18142,0,0.06353321,0
wildfly,18078,0,0.13976829,0
wildfly,17668,0,0.0788392,0
wildfly,20749,1,0.382877,0
wildfly,17977,0,0.045636285,0
wildfly,20404,0,0.05769489,0
wildfly,18245,0,0.024403227,0
wildfly,20398,0,0.04178603,0
wildfly,18151,0,0.7115775,1
wildfly,17828,0,0.08865359,0
wildfly,17832,0,0.0012295939,0
wildfly,20499,0,0.0009818925,0
wildfly,20533,0,0.00042227714,0
wildfly,17713,0,0.059754755,0
wildfly,17900,0,0.15830918,0
wildfly,20389,0,0.033520546,0
wildfly,20372,0,0.0053598657,0
wildfly,17583,0,0.001026174,0
wildfly,17921,0,0.0055568325,0
wildfly,17557,0,0.0017436168,0
wildfly,18130,0,0.7593705,1
wildfly,17714,0,0.07115238,0
wildfly,17930,0,0.0014769757,0
wildfly,18316,0,0.5913017,1
wildfly,18166,1,0.8509546,1
wildfly,17585,0,0.001026174,0
wildfly,20445,0,0.0011273511,0
wildfly,20447,0,0.049433425,0
wildfly,20449,0,0.04289588,0
wildfly,20529,0,0.0016432771,0
wildfly,20571,0,0.13730505,0
wildfly,17727,0,0.18217225,0
wildfly,17543,0,0.0058014267,0
wildfly,17846,0,0.007680884,0
wildfly,20778,0,0.004462144,0
wildfly,20617,0,0.5327901,1
wildfly,18009,0,0.13815425,0
wildfly,18048,0,0.04301192,0
wildfly,18206,0,0.3331711,0
wildfly,18100,0,0.15113644,0
wildfly,18103,0,0.13377255,0
wildfly,20705,0,0.32371512,0
wildfly,20601,0,0.58567655,1
wildfly,17555,0,0.00068566384,0
wildfly,17697,0,0.015093844,0
wildfly,20427,0,0.0033087423,0
wildfly,18073,0,0.11410465,0
wildfly,18216,0,0.37296623,0
wildfly,20435,0,0.04364424,0
wildfly,18266,0,0.5550516,1
wildfly,17814,0,0.27644572,0
wildfly,17758,0,0.8192815,1
wildfly,20717,0,0.3124732,0
wildfly,20502,0,0.0029611473,0
wildfly,17624,0,0.017707245,0
wildfly,20614,0,0.58567655,1
wildfly,17691,0,0.002457038,0
wildfly,18000,0,0.35756958,0
wildfly,20464,0,0.0012626215,0
wildfly,17933,0,0.015216506,0
wildfly,20696,0,0.01123623,0
wildfly,20434,0,0.13735175,0
wildfly,18117,0,0.030332744,0
wildfly,17876,0,0.12302748,0
wildfly,17751,0,0.1110717,0
wildfly,17956,0,0.00361239,0
wildfly,20497,0,0.018358026,0
wildfly,20363,0,0.0011606794,0
wildfly,18139,0,0.28532377,0
wildfly,17692,0,0.004821272,0
wildfly,18226,0,0.09922419,0
wildfly,20770,0,0.0005387199,0
wildfly,18263,0,0.0016465527,0
wildfly,17854,0,0.137244,0
wildfly,20336,0,0.044698894,0
wildfly,17723,0,0.07162458,0
wildfly,18312,0,0.11646226,0
wildfly,20406,0,0.08792074,0
wildfly,18303,0,0.001331412,0
wildfly,17737,0,0.51572335,1
wildfly,17616,0,0.9105896,1
wildfly,20528,0,0.010453591,0
wildfly,18104,0,0.042870495,0
wildfly,20534,0,0.0016186893,0
wildfly,20339,0,0.002399011,0
wildfly,17634,0,0.15134451,0
wildfly,17684,0,0.0973669,0
wildfly,18007,0,0.17129363,0
wildfly,17908,0,0.119874395,0
wildfly,20761,0,0.0023171678,0
wildfly,20763,0,0.00094635313,0
wildfly,17853,0,0.0029242476,0
wildfly,20663,0,0.38609305,0
wildfly,20524,0,0.0012550056,0
wildfly,20775,0,0.0071791518,0
wildfly,17724,0,0.06802657,0
wildfly,17618,0,0.8976413,1
wildfly,17637,0,0.35192293,0
wildfly,17707,0,0.11991082,0
wildfly,17768,0,0.009410846,0
wildfly,20769,0,0.00027073795,0
wildfly,18282,0,0.37233388,0
wildfly,20741,0,0.070096456,0
wildfly,18177,0,0.9433759,1
wildfly,20375,0,0.03237016,0
wildfly,20772,0,0.10533799,0
wildfly,17883,0,0.097406425,0
wildfly,18230,0,0.8660539,1
wildfly,20424,0,0.052977562,0
wildfly,18235,0,0.9214911,1
wildfly,18261,0,0.033275533,0
wildfly,20563,0,0.0041920356,0
wildfly,18116,0,0.06917523,0
wildfly,18014,0,0.105414845,0
wildfly,20758,0,0.00055129774,0
wildfly,17638,0,0.18149297,0
wildfly,20354,0,0.0009965769,0
wildfly,17589,0,0.0011349666,0
wildfly,20365,0,0.0029611473,0
wildfly,18205,0,0.33197793,0
wildfly,17987,0,0.017865397,0
wildfly,18145,0,0.4997867,0
wildfly,18323,0,0.008446905,0
wildfly,17983,0,0.0047054146,0
wildfly,18324,0,0.006750253,0
wildfly,20759,0,0.0037783487,0
wildfly,17679,0,0.20960356,0
wildfly,18180,0,0.90943813,1
wildfly,18189,0,0.43838778,0
wildfly,18186,0,0.100699,0
wildfly,17792,0,0.12721789,0
wildfly,20368,0,0.053222183,0
wildfly,18031,0,0.14292292,0
wildfly,18248,0,0.031656265,0
wildfly,20426,0,0.07185017,0
wildfly,17584,0,0.001026174,0
wildfly,17994,0,0.19269076,0
wildfly,18040,0,0.946352,1
wildfly,20671,0,0.08467623,0
wildfly,18224,0,0.23484251,0
wildfly,17617,0,0.9247093,1
wildfly,20638,0,0.028199371,0
wildfly,17800,0,0.0042347247,0
wildfly,17769,0,0.030396951,0
wildfly,17591,0,0.001026174,0
wildfly,18289,0,0.0029195717,0
wildfly,17947,0,0.037065458,0
wildfly,17820,0,0.23411357,0
wildfly,17663,0,0.56518865,1
wildfly,20386,0,0.0044325404,0
wildfly,18317,0,0.3730597,0
wildfly,17964,0,0.24060321,0
wildfly,17732,0,0.19861281,0
wildfly,20408,0,0.03957725,0
wildfly,18161,0,0.16698453,0
wildfly,20561,0,0.0041920356,0
wildfly,17988,0,0.0063096574,0
wildfly,20681,0,0.20751862,0
wildfly,17551,0,0.0018506355,0
wildfly,17559,0,0.0011746096,0
wildfly,18132,0,0.5745663,1
wildfly,17809,0,0.027685717,0
wildfly,17704,0,0.16743062,0
wildfly,20508,0,0.0013216378,0
wildfly,18076,0,0.48641002,0
wildfly,20507,0,0.036221363,0
wildfly,20488,0,0.0007118084,0
wildfly,20536,0,0.045509577,0
wildfly,20494,0,0.0009558949,0
wildfly,17665,0,0.0693516,0
wildfly,20446,0,0.019592004,0
wildfly,17611,0,0.9109168,1
wildfly,18168,0,0.4038309,0
wildfly,20558,0,0.2090008,0
wildfly,20481,0,0.00092534564,0
wildfly,20552,0,0.2090008,0
wildfly,18003,0,0.1844661,0
wildfly,20335,0,0.0450976,0
wildfly,17891,0,0.15471375,0
wildfly,20639,0,0.054899734,0
wildfly,18110,0,0.112783484,0
wildfly,18181,0,0.92466366,1
wildfly,20606,0,0.58567655,1
wildfly,18295,0,0.003992885,0
wildfly,18046,0,0.028281491,0
wildfly,18300,0,0.0041223746,0
wildfly,17812,0,0.07564252,0
wildfly,17945,0,0.009409033,0
wildfly,18119,0,0.5039644,1
wildfly,17712,0,0.11991082,0
wildfly,17931,0,0.24042794,0
wildfly,20360,0,0.0104422085,0
wildfly,18136,0,0.175496,0
wildfly,17918,0,0.0023879055,0
wildfly,17674,0,0.16280158,0
wildfly,18327,0,0.004276409,0
wildfly,18264,0,0.032480128,0
wildfly,18050,0,0.20853771,0
wildfly,20739,0,0.012830613,0
wildfly,20675,0,0.14042318,0
wildfly,17882,0,0.4206292,0
wildfly,18292,0,0.009204758,0
wildfly,17664,0,0.07321764,0
wildfly,20637,0,0.038525973,0
wildfly,17825,0,0.014705057,0
wildfly,20472,0,0.123776376,0
wildfly,17787,0,0.010380288,0
wildfly,18296,0,0.0025382445,0
wildfly,20550,0,0.2090008,0
wildfly,20379,0,0.0029611473,0
wildfly,20659,0,0.622131,1
wildfly,20738,0,0.0016811938,0
wildfly,20444,0,0.020599198,0
wildfly,20566,0,0.009985272,0
wildfly,18218,0,0.33197793,0
wildfly,18242,0,0.026288643,0
wildfly,18287,0,0.0043554497,0
wildfly,17747,0,0.23170292,0
wildfly,17944,0,0.0021299112,0
wildfly,20430,0,0.05922101,0
wildfly,20586,0,0.008904572,0
wildfly,17991,0,0.0049877046,0
wildfly,17845,0,0.0035048989,0
wildfly,18154,0,0.22633381,0
wildfly,20480,0,0.0016328482,0
wildfly,20458,0,0.026951518,0
wildfly,20474,0,0.0032941566,0
wildfly,20359,0,0.065341264,0
wildfly,17946,0,0.010274167,0
wildfly,20661,0,0.4975026,0
wildfly,18197,0,0.06188528,0
wildfly,18204,0,0.3331711,0
wildfly,18214,0,0.3331711,0
wildfly,18052,0,0.16403627,0
wildfly,20343,0,0.0012506989,0
wildfly,17686,0,0.08429305,0
wildfly,17627,0,0.017995223,0
wildfly,18268,0,0.38749364,0
wildfly,20569,0,0.10938384,0
wildfly,17898,0,0.39283428,0
wildfly,17986,0,0.041785993,0
wildfly,17721,0,0.04951007,0
wildfly,18057,0,0.6624674,1
wildfly,17540,0,0.009659769,0
wildfly,17682,0,0.09263252,0
wildfly,20410,0,0.01772953,0
wildfly,20423,0,0.0010063929,0
wildfly,17763,0,0.15922791,0
wildfly,17887,0,0.112886466,0
wildfly,20382,0,0.0013632722,0
wildfly,18023,0,0.09041198,0
wildfly,17961,0,0.006736989,0
wildfly,18088,0,0.22574607,0
wildfly,20626,0,0.55356896,1
wildfly,18011,0,0.10718296,0
wildfly,17699,0,0.23660946,0
wildfly,18231,0,0.4585767,0
wildfly,20496,0,0.010819076,0
wildfly,20584,0,0.007519707,0
wildfly,18163,0,0.9673681,1
wildfly,20391,0,0.069042474,0
wildfly,18275,0,0.124363355,0
wildfly,18244,0,0.024403227,0
wildfly,20538,0,0.0026206083,0
wildfly,18320,0,0.0038259993,0
wildfly,20465,0,0.0029611473,0
wildfly,17772,0,0.001563354,0
wildfly,18071,0,0.056628697,0
wildfly,18033,0,0.082961835,0
wildfly,17676,0,0.33346108,0
wildfly,17993,0,0.3405611,0
wildfly,17729,0,0.21320932,0
wildfly,17561,0,0.00062887603,0
wildfly,20364,0,0.0009489287,0
wildfly,17803,0,0.03745786,0
wildfly,20344,0,0.0014255797,0
wildfly,20567,0,0.0031343664,0
wildfly,20466,0,0.0029611473,0
wildfly,17539,0,0.10466487,0
wildfly,20551,0,0.2090008,0
wildfly,20746,1,0.5162869,1
wildfly,18314,0,0.1787158,0
wildfly,17981,0,0.04717234,0
wildfly,18249,0,0.031656265,0
wildfly,20760,0,0.0078951735,0
wildfly,20407,0,0.025166024,0
wildfly,20674,0,0.14209256,0
wildfly,18195,0,0.09301007,0
wildfly,20370,0,0.08671862,0
wildfly,20443,0,0.0015645802,0
wildfly,17773,0,0.006459532,0
wildfly,20527,0,0.013726018,0
wildfly,20545,0,0.3215917,0
wildfly,18315,0,0.3730597,0
wildfly,18143,0,0.11288554,0
wildfly,17774,0,0.14138891,0
wildfly,17937,0,0.006118155,0
wildfly,17885,0,0.08414234,0
wildfly,17609,1,0.7731636,1
wildfly,18108,0,0.3467875,0
wildfly,17926,0,0.14734183,0
wildfly,18157,0,0.44544038,0
wildfly,18140,0,0.64491224,1
wildfly,20493,0,0.0009558949,0
wildfly,18233,0,0.54677814,1
wildfly,20636,0,0.06914144,0
wildfly,20613,0,0.58567655,1
wildfly,17875,0,0.37144524,0
wildfly,20456,0,0.004751067,0
wildfly,20768,0,0.10481932,0
wildfly,18308,0,0.0032628728,0
wildfly,18236,0,0.11949931,0
wildfly,20673,0,0.26146394,0
wildfly,18135,0,0.4986964,0
wildfly,20495,0,0.0029611473,0
wildfly,17550,0,0.00067231175,0
wildfly,17556,0,0.0013896431,0
wildfly,18013,0,0.13806653,0
wildfly,18274,0,0.05282693,0
wildfly,20522,0,0.0012978541,0
wildfly,18149,0,0.7661973,1
wildfly,18273,0,0.06878254,0
wildfly,20338,0,0.028493548,0
wildfly,18060,0,0.87132365,1
wildfly,17851,0,0.6519498,1
wildfly,20442,0,0.0012339236,0
wildfly,20345,0,0.031691786,0
wildfly,17965,0,0.012241956,0
wildfly,20547,0,0.20409474,0
wildfly,18301,0,0.011619377,0
wildfly,20707,0,0.0824378,0
wildfly,17703,0,0.42886302,0
wildfly,20777,0,0.0029999088,0
wildfly,17690,0,0.002457038,0
wildfly,20468,0,0.0029611473,0
wildfly,18198,0,0.3045585,0
wildfly,17783,0,0.0054853843,0
wildfly,20577,0,0.6786286,1
wildfly,20530,0,0.0010790604,0
wildfly,17670,0,0.7790358,1
wildfly,17963,0,0.0035131606,0
wildfly,17949,0,0.0019409521,0
wildfly,17859,0,0.0022748876,0
wildfly,18049,0,0.038797293,0
wildfly,20439,0,0.0013571448,0
wildfly,20764,0,0.0006535994,0
wildfly,18234,0,0.19201201,0
wildfly,17701,0,0.31630826,0
wildfly,20437,0,0.0029611473,0
wildfly,18199,0,0.1219125,0
wildfly,20720,0,0.3124732,0
wildfly,17938,0,0.012346562,0
wildfly,20537,0,0.002700607,0
wildfly,20462,0,0.0103531275,0
wildfly,20549,0,0.2090008,0
wildfly,20546,0,0.2090008,0
wildfly,18302,0,0.0032628728,0
wildfly,20575,0,0.26636463,0
wildfly,20454,0,0.016094046,0
wildfly,18257,1,0.021212945,0
wildfly,20358,0,0.052075963,0
wildfly,20621,0,0.58567655,1
wildfly,18326,0,0.0042202985,0
wildfly,20726,0,0.27929696,0
wildfly,20728,0,0.010457326,0
wildfly,17904,0,0.22247612,0
wildfly,18247,0,0.038941562,0
wildfly,20366,0,0.06747909,0
wildfly,18062,0,0.5844591,1
wildfly,20555,0,0.2163995,0
wildfly,18179,0,0.95742804,1
wildfly,17695,0,0.058089357,0
wildfly,20627,0,0.06996622,0
wildfly,18271,0,0.005143526,0
wildfly,20610,0,0.5327901,1
wildfly,20396,0,0.019976947,0
wildfly,17744,0,0.10769717,0
wildfly,18036,0,0.4954281,0
wildfly,18118,0,0.24349067,0
wildfly,17972,1,0.068207726,0
wildfly,20604,0,0.5327901,1
wildfly,18196,0,0.06157395,0
wildfly,18280,0,0.2510178,0
wildfly,20403,0,0.16134094,0
wildfly,17916,0,0.010103699,0
wildfly,20419,0,0.04193805,0
wildfly,17958,0,0.17618527,0
wildfly,20737,0,0.014372153,0
wildfly,20505,0,0.00073661946,0
wildfly,20392,0,0.3302193,0
wildfly,17861,0,0.0007402576,0
wildfly,20334,0,0.0009454762,0
wildfly,18047,0,0.048563935,0
wildfly,17756,0,0.46901742,0
wildfly,20686,0,0.00652394,0
wildfly,20373,0,0.117238216,0
wildfly,17819,0,0.0012031656,0
wildfly,17776,0,0.0016821407,0
wildfly,17766,0,0.0016214086,0
wildfly,20450,0,0.3977107,0
wildfly,17940,0,0.0016719239,0
wildfly,20559,0,0.2090008,0
wildfly,17793,0,0.004922536,0
wildfly,20413,0,0.008880659,0
wildfly,20341,0,0.0027217488,0
wildfly,20490,0,0.0226066,0
wildfly,20517,0,0.001261318,0
wildfly,18213,0,0.33197793,0
wildfly,17715,0,0.13602743,0
wildfly,20352,0,0.0011027756,0
wildfly,17836,0,0.005727381,0
wildfly,17984,0,0.2168291,0
wildfly,17840,0,0.0022006775,0
wildfly,20553,0,0.2090008,0
wildfly,18141,0,0.07232678,0
wildfly,18202,0,0.3331711,0
wildfly,17971,0,0.22300173,0
wildfly,17677,0,0.17542067,0
wildfly,17815,0,0.009757131,0
wildfly,17693,0,0.0055149617,0
wildfly,18178,0,0.29766503,0
wildfly,20619,0,0.8265649,1
wildfly,17641,0,0.18149297,0
wildfly,20431,0,0.050280243,0
wildfly,20498,0,0.0025685604,0
wildfly,17923,0,0.0012455366,0
wildfly,17796,0,0.030967979,0
wildfly,18037,0,0.017665708,0
wildfly,20401,0,0.10586762,0
wildfly,17587,0,0.001026174,0
wildfly,17605,1,0.6363769,1
wildfly,20519,0,0.0009450891,0
wildfly,20605,0,0.91869843,1
wildfly,18067,0,0.9958347,1
wildfly,20346,0,0.0024772966,0
wildfly,17567,0,0.0014385758,0
wildfly,20541,0,0.020698208,0
wildfly,20332,0,0.0011687585,0
wildfly,18114,0,0.120066084,0
wildfly,20475,0,0.010587329,0
wildfly,17630,0,0.00091304595,0
wildfly,17752,0,0.13065372,0
wildfly,20432,0,0.049433425,0
wildfly,20755,0,0.011074281,0
wildfly,17799,0,0.017643793,0
wildfly,17896,0,0.39283428,0
wildfly,17544,0,0.00079941715,0
wildfly,17920,0,0.0040819724,0
wildfly,17748,0,0.011560019,0
wildfly,20501,0,0.00075901934,0
wildfly,18131,0,0.6911458,1
wildfly,17788,0,0.0028018742,0
wildfly,20506,0,0.000883715,0
wildfly,17785,0,0.0009746315,0
wildfly,20682,0,0.20944501,0
wildfly,17753,0,0.070461705,0
wildfly,17857,0,0.3652822,0
wildfly,18038,0,0.07962739,0
wildfly,17735,0,0.7768989,1
wildfly,17818,0,0.006504125,0
wildfly,20689,0,0.0011114676,0
wildfly,18286,0,0.05866275,0
wildfly,18239,0,0.010412141,0
wildfly,20417,0,0.042281974,0
wildfly,17631,0,0.1793807,0
wildfly,18227,0,0.20463404,0
wildfly,17928,0,0.0120467795,0
wildfly,18081,0,0.010823818,0
wildfly,18150,0,0.69934493,1
wildfly,18265,0,0.0028984726,0
wildfly,18208,0,0.31502014,0
wildfly,17982,0,0.11378301,0
wildfly,17607,1,0.7731636,1
wildfly,20457,0,0.00074244983,0
wildfly,20544,0,0.2090008,0
wildfly,17927,0,0.02224802,0
wildfly,18133,0,0.133505,0
wildfly,18044,0,0.32585675,0
wildfly,20400,0,0.23548117,0
wildfly,20471,0,0.019548107,0
wildfly,18183,0,0.31752855,0
wildfly,17914,0,0.062938415,0
wildfly,20384,0,0.0016795506,0
wildfly,18285,0,0.0018277715,0
wildfly,20340,0,0.0021222641,0
wildfly,20525,0,0.054756712,0
wildfly,18259,1,0.18543564,0
wildfly,20697,0,0.0023136914,0
wildfly,17844,0,0.054098748,0
wildfly,18162,0,0.85420865,1
wildfly,18069,0,0.82038707,1
wildfly,17951,0,0.0021406077,0
wildfly,17798,0,0.20902905,0
wildfly,20397,0,0.0026205184,0
wildfly,18070,0,0.046688505,0
wildfly,20733,0,0.5624547,1
wildfly,17592,0,0.001026174,0
wildfly,20491,0,0.001378467,0
wildfly,20554,0,0.3018165,0
wildfly,17978,0,0.041089788,0
wildfly,17542,0,0.0027250578,0
wildfly,18229,0,0.7101255,1
wildfly,18290,0,0.008443187,0
wildfly,17967,0,0.0042413655,0
wildfly,18164,0,0.78717995,1
wildfly,17830,0,0.05605819,0
wildfly,17770,0,0.14599991,0
wildfly,20767,0,0.0020250867,0
wildfly,18170,0,0.9437804,1
wildfly,20428,0,0.044296134,0
wildfly,17775,0,0.0037444958,0
wildfly,17722,0,0.10164887,0
wildfly,17719,0,0.08467623,0
wildfly,17547,0,0.01602053,0
wildfly,20570,0,0.0349075,0
wildfly,17935,0,0.0020418435,0
wildfly,17962,0,0.28226516,0
wildfly,17742,0,0.0953919,0
wildfly,18043,0,0.03842165,0
wildfly,20690,0,0.00064798497,0
wildfly,17554,0,0.0009879397,0
wildfly,17588,0,0.001026174,0
wildfly,20387,0,0.123564266,0
wildfly,20361,0,0.0139112845,0
wildfly,17726,0,0.3061942,0
wildfly,17917,0,0.1595699,0
wildfly,18093,0,0.031095225,0
wildfly,17781,0,0.0016114127,0
wildfly,18310,0,0.24290101,0
wildfly,17906,1,0.14155576,0
wildfly,17784,0,0.1356194,0
wildfly,20734,0,0.1241044,0
wildfly,20594,0,0.026168114,0
wildfly,20353,0,0.0006125193,0
wildfly,17777,0,0.0017699316,0
wildfly,17789,0,0.0021749744,0
wildfly,18237,0,0.19482708,0
wildfly,20390,0,0.013737578,0
wildfly,18065,0,0.94712406,1
wildfly,18083,0,0.26709726,0
wildfly,20751,0,0.0009785482,0
wildfly,18012,0,0.27433193,0
wildfly,17672,0,0.25609782,0
wildfly,18102,0,0.04913724,0
wildfly,20695,0,0.013052805,0
wildfly,18160,0,0.14961067,0
wildfly,18211,0,0.19742389,0
wildfly,17725,0,0.19266005,0
wildfly,20356,0,0.01320017,0
wildfly,18063,0,0.058505185,0
wildfly,17750,0,0.003598065,0
wildfly,17767,0,0.0016214086,0
wildfly,18322,0,0.012766789,0
wildfly,20441,0,0.0015645802,0
wildfly,20383,0,0.00050487154,0
wildfly,20765,0,0.0006111737,0
wildfly,17633,0,0.1475394,0
wildfly,17680,0,0.08127259,0
wildfly,20425,0,0.006862091,0
wildfly,17955,0,0.0034757045,0
wildfly,20422,0,0.012724817,0
wildfly,17566,0,0.0016052871,0
wildfly,17804,0,0.037253246,0
wildfly,20378,0,0.0019999489,0
wildfly,18061,0,0.87132365,1
wildfly,17696,0,0.015093844,0
wildfly,17979,0,0.056722507,0
wildfly,20668,0,0.06884708,0
wildfly,17889,0,0.0016299357,0
wildfly,20476,0,0.0011930242,0
wildfly,17546,0,0.04519813,0
wildfly,20702,0,0.32371512,0
wildfly,17558,0,0.0023332871,0
wildfly,18059,0,0.81425446,1
wildfly,18021,0,0.6069053,1
wildfly,18120,0,0.24456224,0
wildfly,17877,0,0.15785715,0
wildfly,18252,1,0.21876206,0
wildfly,20388,0,0.0016057639,0
wildfly,20452,0,0.0015136775,0
wildfly,17841,0,0.0041681635,0
wildfly,20421,0,0.023266874,0
wildfly,20756,0,0.0012092487,0
wildfly,20628,0,0.624807,1
wildfly,20463,0,0.0013650735,0
wildfly,17779,0,0.0022280365,0
wildfly,20635,0,0.029343752,0
wildfly,17568,0,0.029491648,0
wildfly,18001,0,0.1790019,0
wildfly,17698,0,0.71159774,1
wildfly,20591,0,0.045110762,0
wildfly,17771,0,0.007374027,0
wildfly,18276,0,0.10008301,0
wildfly,20557,0,0.2090008,0
wildfly,18212,0,0.3331711,0
wildfly,17564,0,0.00062887603,0
wildfly,20771,0,0.06007024,0
wildfly,20333,0,0.00045375846,0
wildfly,18173,1,0.37564164,0
wildfly,18201,0,0.99592906,1
wildfly,20579,0,0.3581997,0
wildfly,20513,0,0.0013239962,0
wildfly,20385,0,0.010479099,0
wildfly,17892,0,0.06174155,0
wildfly,17909,0,0.020959739,0
wildfly,18281,0,0.20021886,0
wildfly,20662,0,0.40923232,0
wildfly,20489,0,0.0011027756,0
wildfly,18053,0,0.45993167,0
wildfly,20337,0,0.00076716515,0
wildfly,17879,0,0.18414569,0
wildfly,17807,0,0.050995335,0
wildfly,20393,0,0.3414402,0
wildfly,18111,0,0.059147067,0
wildfly,18124,0,0.21019001,0
wildfly,18298,0,0.0044023255,0
wildfly,17731,0,0.2020115,0
wildfly,18192,0,0.43838778,0
wildfly,17943,0,0.0019922252,0
wildfly,20492,0,0.00074216543,0
wildfly,17608,1,0.71575814,1
wildfly,17762,0,0.41423154,0
wildfly,17975,0,0.14316377,0
wildfly,17620,0,0.0007928054,0
wildfly,20667,0,0.37079984,0
wildfly,20415,0,0.017320942,0
wildfly,20418,0,0.019351292,0
wildfly,18306,0,0.0042927284,0
wildfly,17606,1,0.7295796,1
wildfly,18025,0,0.51027143,1
wildfly,17667,0,0.07321764,0
wildfly,17797,0,0.0009627174,0
wildfly,20420,0,0.34432146,0
wildfly,17791,0,0.0034434372,0
wildfly,17610,1,0.7731636,1
wildfly,20623,0,0.9241917,1
wildfly,20478,0,0.003180545,0
wildfly,20745,0,0.21905294,0
wildfly,17866,0,0.8191394,1
wildfly,17553,0,0.00075091445,0
wildfly,20592,0,0.47692254,0
wildfly,17626,0,0.011979493,0
wildfly,20677,0,0.035741184,0
wildfly,20625,0,0.5327901,1
wildfly,20371,0,0.046616893,0
wildfly,20429,0,0.008035273,0
wildfly,18147,0,0.057835486,0
wildfly,20523,0,0.0011018966,0
wildfly,18258,1,0.14687003,0
wildfly,18054,0,0.18714006,0
wildfly,17888,0,0.1007691,0
wildfly,20585,0,0.012752037,0
wildfly,17823,0,0.265909,0
wildfly,17878,0,0.10278606,0
wildfly,20342,0,0.002500588,0
wildfly,18190,0,0.05910633,0
wildfly,20774,0,0.21793088,0
wildfly,17613,0,0.9311324,1
wildfly,18101,0,0.029828379,0
wildfly,17872,0,0.07646302,0
wildfly,20348,0,0.0015606642,0
wildfly,20757,0,0.010010906,0
wildfly,20708,0,0.32371512,0
wildfly,17749,0,0.030111935,0
wildfly,20455,0,0.0011273511,0
wildfly,18128,0,0.9856784,1
wildfly,17794,0,0.03071503,0
wildfly,20470,0,0.0047554527,0
wildfly,18222,0,0.19742389,0
wildfly,17864,0,0.27374753,0
wildfly,18241,0,0.1319067,0
wildfly,18325,0,0.0069012097,0
wildfly,17760,0,0.1844661,0
wildfly,20367,0,0.000497118,0
wildfly,20754,0,0.004657804,0
wildfly,17954,0,0.00361239,0
wildfly,20402,0,0.12433751,0
wildfly,18191,0,0.5174119,1
wildfly,20694,0,0.0008879505,0
wildfly,18262,0,0.0057120626,0
wildfly,20526,0,0.011975748,0
wildfly,20479,0,0.0029611473,0
wildfly,17629,0,0.00091304595,0
wildfly,17810,0,0.017643793,0
wildfly,20640,0,0.58901507,1
wildfly,17586,0,0.002805651,0
wildfly,17941,0,0.037065458,0
wildfly,20381,0,0.001415957,0
wildfly,18246,0,0.025039166,0
wildfly,17960,0,0.0024876904,0
wildfly,20473,0,0.009676082,0
wildfly,17850,0,0.12712519,0
wildfly,17966,0,0.15474682,0
wildfly,17929,0,0.02224802,0
wildfly,17746,0,0.0028410084,0
wildfly,20539,0,0.016189052,0
wildfly,17902,1,0.4022773,0
wildfly,17957,0,0.00361239,0
wildfly,18288,0,0.0029195717,0
wildfly,18255,0,0.15871237,0
wildfly,20714,0,0.3124732,0
wildfly,17614,0,0.888325,1
wildfly,17675,0,0.36849412,0
wildfly,17786,0,0.10620953,0
wildfly,18086,0,0.033054926,0
wildfly,18305,0,0.0016248866,0
wildfly,18055,0,0.07508091,0
wildfly,18027,0,0.37339798,0
wildfly,18283,0,0.035311416,0
wildfly,20730,0,0.13342556,0
wildfly,17702,0,0.13626763,0
wildfly,18096,0,0.031095225,0
wildfly,18272,0,0.13121946,0
wildfly,17848,0,0.7466589,1
wildfly,18105,0,0.073107295,0
wildfly,20593,0,0.0054207286,0
wildfly,18051,0,0.015827712,0
wildfly,18238,0,0.3381828,0
wildfly,20512,0,0.0011493515,0
wildfly,18010,0,0.09521827,0
wildfly,17925,0,0.012812719,0
wildfly,17711,0,0.07115238,0
wildfly,20562,0,0.041464336,0
wildfly,20409,0,0.040453043,0
wildfly,20531,0,0.022495303,0
wildfly,17880,0,0.00090539915,0
wildfly,18008,0,0.049175885,0
wildfly,17816,0,0.0042032055,0
wildfly,18240,0,0.021590708,0
wildfly,17621,0,0.005079347,0
wildfly,17716,0,0.23703505,0
wildfly,18158,0,0.30257905,0
wildfly,17968,0,0.0077955327,0
wildfly,17622,0,0.0014649705,0
wildfly,18219,0,0.33197793,0
wildfly,18223,0,0.19742389,0
wildfly,20590,0,0.4161441,0
wildfly,18260,0,0.10920294,0
wildfly,17673,0,0.062688224,0
wildfly,18072,0,0.022576245,0
wildfly,17907,0,0.13419384,0
wildfly,17733,0,0.004084233,0
wildfly,18144,0,0.2742778,0
wildfly,20731,0,0.38281244,0
wildfly,17782,0,0.003742182,0
wildfly,18171,0,0.9433759,1
wildfly,17802,0,0.0030457273,0
wildfly,20469,0,0.008618554,0
wildfly,20485,0,0.014934923,0
wildfly,17736,0,0.27596065,0
wildfly,20612,0,0.63842505,1
wildfly,18137,0,0.30093488,0
wildfly,18022,0,0.74163,1
wildfly,18194,0,0.07638367,0
wildfly,18056,0,0.12834202,0
wildfly,20692,0,0.00064798497,0
wildfly,17734,0,0.17465286,0
wildfly,20482,0,0.0006344833,0
wildfly,18064,0,0.058505185,0
wildfly,17669,0,0.34951314,0
wildfly,17913,0,0.37575305,0
wildfly,17743,0,0.19555841,0
wildfly,18243,0,0.028872838,0
wildfly,20351,0,0.05389197,0
wildfly,17873,0,0.0010725316,0
wildfly,18129,0,0.07527875,0
wildfly,18122,0,0.0031439743,0
wildfly,20688,0,0.041762132,0
wildfly,17948,0,0.0025753397,0
wildfly,18210,0,0.28328443,0
wildfly,20560,0,0.21043007,0
wildfly,18099,0,0.07835994,0
wildfly,17834,0,0.06735208,0
wildfly,17619,0,0.19467418,0
wildfly,17811,0,0.22376147,0
wildfly,18207,0,0.28328443,0
wildfly,20394,0,0.004004536,0
wildfly,18026,0,0.37339798,0
wildfly,20548,0,0.38092628,0
wildfly,20711,0,0.29731944,0
wildfly,17688,0,0.002457038,0
wildfly,17922,0,0.22298127,0
wildfly,20405,0,0.11637831,0
wildfly,18251,1,0.13036637,0
wildfly,20460,0,0.052749213,0
wildfly,20355,0,0.0012787574,0
wildfly,18020,0,0.21135217,0
wildfly,20744,0,0.027983898,0
wildfly,18028,0,0.34459406,0
wildfly,20776,0,0.0015709604,0
wildfly,17552,0,0.022878198,0
wildfly,20521,0,0.001814495,0
wildfly,17838,0,0.005687395,0
wildfly,17717,0,0.259237,0
wildfly,20687,0,0.036203314,0
wildfly,17839,0,0.13466863,0
wildfly,18066,0,0.064457364,0
wildfly,18175,0,0.29471576,0
wildfly,18005,0,0.019680487,0
wildfly,17942,0,0.003091655,0
wildfly,20347,0,0.0013069758,0
wildfly,18184,0,0.12514888,0
wildfly,18109,0,0.09835627,0
wildfly,18215,0,0.3331711,0
wildfly,17849,0,0.0016727111,0
wildfly,17548,0,0.00070835487,0
wildfly,18058,0,0.6624674,1
wildfly,18299,0,0.0041137114,0
wildfly,17860,0,0.0013056397,0
wildfly,17671,0,0.33605066,0
wildfly,18156,0,0.45681664,0
wildfly,17705,0,0.13314514,0
wildfly,18039,0,0.0261974,0
wildfly,20691,0,0.00064798497,0
wildfly,18159,0,0.4204472,0
wildfly,20597,0,0.42007527,0
wildfly,18185,0,0.09404445,0
wildfly,20369,0,0.11879929,0
wildfly,17837,0,0.016473388,0
wildfly,20484,0,0.0006344833,0
wildfly,18165,1,0.052315865,0
wildfly,18209,0,0.3331711,0
wildfly,20556,0,0.2090008,0
wildfly,18138,0,0.100452654,0
wildfly,18068,0,0.029353777,0
wildfly,20416,0,0.0035775288,0
wildfly,17778,0,0.08535548,0
wildfly,18270,0,0.002768625,0
wildfly,18125,0,0.037667662,0
wildfly,17847,0,0.0024646851,0
wildfly,18134,0,0.034956902,0
wildfly,20664,0,0.38609305,0
wildfly,20503,0,0.0022922691,0
wildfly,18217,0,0.3331711,0
wildfly,17582,0,0.001026174,0
wildfly,17980,0,0.03952718,0
wildfly,17685,0,0.014519556,0
wildfly,20518,0,0.0014365468,0
wildfly,18127,0,0.5190505,1
wildfly,20453,0,0.0011089916,0
wildfly,18018,0,0.74568486,1
wildfly,18250,0,0.031656265,0
wildfly,17813,0,0.07564252,0
wildfly,18148,0,0.6568834,1
wildfly,20762,0,0.00592268,0
wildfly,18294,0,0.004281232,0
wildfly,18032,1,0.95390964,1
wildfly,20374,0,0.015953597,0
wildfly,20679,0,0.4531511,0
wildfly,18146,0,0.017108828,0
wildfly,18045,0,0.073301755,0
wildfly,20732,0,0.2464946,0
wildfly,20532,0,0.008951278,0
wildfly,20436,0,0.0012176997,0
wildfly,17625,0,0.000753364,0
wildfly,20564,0,0.1620461,0
wildfly,17801,0,0.003584791,0
wildfly,17738,0,0.11139803,0
wildfly,20747,0,0.037234418,0
wildfly,20665,0,0.15668942,0
wildfly,20395,0,0.028875541,0
wildfly,20486,0,0.015913604,0
wildfly,20693,0,0.0010122991,0
wildfly,17541,0,0.0005880469,0
wildfly,17953,0,0.0011594726,0
wildfly,20509,0,0.002787436,0
wildfly,20357,0,0.02296717,0
wildfly,20773,0,0.0019121097,0
wildfly,18155,0,0.39972246,0
wildfly,17870,0,0.44291526,0
wildfly,17615,0,0.89182407,1
wildfly,20438,0,0.029471777,0
wildfly,18182,0,0.8509167,1
wildfly,18253,1,0.19940865,0
wildfly,17745,0,0.46465325,0
wildfly,20684,0,0.32703662,0
wildfly,17992,0,0.09467459,0
wildfly,18187,0,0.43706483,0
wildfly,17843,0,0.12504692,0
wildfly,18082,0,0.122795664,0
wildfly,17706,0,0.37486294,0
wildfly,17563,0,0.00062887603,0
wildfly,18221,0,0.32915735,0
wildfly,20515,0,0.0014287116,0
wildfly,20540,0,0.006529774,0
wildfly,17765,0,0.0087209465,0
wildfly,18153,0,0.34579906,0
wildfly,20743,0,0.015475325,0
wildfly,17560,0,0.0074700275,0
wildfly,18041,0,0.015478383,0
wildfly,20611,0,0.55356896,1
wildfly,20500,0,0.0023136914,0
wro4j,21652,0,0.034203306,0
wro4j,21882,0,0.26570112,0
wro4j,20790,0,0.36274585,0
wro4j,20828,0,0.0012688012,0
wro4j,21540,0,0.0019415849,0
wro4j,21695,0,0.04738955,0
wro4j,21595,0,0.0184791,0
wro4j,20979,0,0.14371206,0
wro4j,21202,0,0.7193575,1
wro4j,21429,0,0.029343901,0
wro4j,21499,0,0.013759807,0
wro4j,21777,0,0.9142804,1
wro4j,21809,0,0.03287149,0
wro4j,21774,0,0.043429505,0
wro4j,21817,0,0.0069936747,0
wro4j,21098,0,0.13983826,0
wro4j,21009,0,0.031474527,0
wro4j,21002,0,0.4519911,0
wro4j,20996,0,0.8895078,1
wro4j,21794,0,0.21970557,0
wro4j,21702,0,0.046439044,0
wro4j,21651,0,0.003917346,0
wro4j,20823,0,0.01592049,0
wro4j,21013,0,0.32963148,0
wro4j,21034,0,0.5478602,1
wro4j,21758,0,0.83761084,1
wro4j,21092,0,0.1816028,0
wro4j,20954,0,0.0013132154,0
wro4j,21885,0,0.41225478,0
wro4j,21268,0,0.42986825,0
wro4j,21450,0,0.0047197663,0
wro4j,20900,0,0.1202224,0
wro4j,21765,0,0.183369,0
wro4j,21166,0,0.0015023657,0
wro4j,21760,0,0.5576665,1
wro4j,21709,0,0.0856317,0
wro4j,21629,0,0.003986223,0
wro4j,21286,0,0.8498238,1
wro4j,21908,0,0.41529295,0
wro4j,20875,0,0.012119919,0
wro4j,21142,0,0.061445527,0
wro4j,21616,0,0.8676413,1
wro4j,21844,0,0.19049178,0
wro4j,21181,0,0.73629206,1
wro4j,21354,0,0.009867041,0
wro4j,21699,0,0.27997512,0
wro4j,21252,0,0.12241404,0
wro4j,21631,0,0.003731068,0
wro4j,21623,0,0.0019074087,0
wro4j,21149,0,0.005736515,0
wro4j,21237,0,0.51652175,1
wro4j,21784,0,0.32030064,0
wro4j,21773,0,0.044795234,0
wro4j,21463,0,0.78552055,1
wro4j,21572,0,0.023648651,0
wro4j,21670,0,0.0445265,0
wro4j,20980,0,0.0702367,0
wro4j,21645,0,0.007246517,0
wro4j,21129,0,0.38012522,0
wro4j,21185,0,0.72422546,1
wro4j,20846,0,0.10216954,0
wro4j,21922,0,0.013647249,0
wro4j,20793,1,0.78328454,1
wro4j,21895,0,0.21630047,0
wro4j,21140,0,0.06998953,0
wro4j,20975,0,0.005279653,0
wro4j,21106,0,0.29866576,0
wro4j,20938,0,0.3354334,0
wro4j,21708,0,0.08640913,0
wro4j,21772,0,0.27756435,0
wro4j,21305,0,0.0048712436,0
wro4j,21783,0,0.641539,1
wro4j,21382,0,0.42504025,0
wro4j,21510,0,0.2462516,0
wro4j,20787,0,0.51483876,1
wro4j,20933,0,0.23336092,0
wro4j,20813,0,0.0019233,0
wro4j,21359,0,0.04317443,0
wro4j,21808,0,0.55016553,1
wro4j,21167,0,0.0015989695,0
wro4j,21377,0,0.35622752,0
wro4j,21478,0,0.017906249,0
wro4j,21768,0,0.931643,1
wro4j,21624,0,0.43595573,0
wro4j,21598,0,0.075329654,0
wro4j,21290,0,0.40896994,0
wro4j,21053,0,0.19629155,0
wro4j,21040,0,0.46765593,0
wro4j,21656,0,0.03014856,0
wro4j,21571,0,0.43290338,0
wro4j,21388,0,0.22469157,0
wro4j,21503,0,0.75625056,1
wro4j,21255,0,0.0026441275,0
wro4j,21094,0,0.051915105,0
wro4j,21896,0,0.0071228007,0
wro4j,21920,0,0.010829799,0
wro4j,21923,0,0.03297224,0
wro4j,21797,0,0.15963036,0
wro4j,21012,0,0.0533954,0
wro4j,21481,0,0.18805246,0
wro4j,20817,0,0.083611,0
wro4j,21823,0,0.0043148007,0
wro4j,20857,0,0.009387631,0
wro4j,21509,0,0.74514514,1
wro4j,21253,0,0.03375569,0
wro4j,21325,0,0.8386185,1
wro4j,21669,0,0.0050681015,0
wro4j,21424,0,0.0065820813,0
wro4j,21661,0,0.0044004535,0
wro4j,21493,0,0.00656689,0
wro4j,21089,0,0.0022752937,0
wro4j,21736,0,0.94558513,1
wro4j,21272,0,0.5859356,1
wro4j,20916,0,0.465359,0
wro4j,21559,0,0.004162615,0
wro4j,20840,0,0.7349561,1
wro4j,21227,0,0.64129,1
wro4j,21890,0,0.31088063,0
wro4j,21133,0,0.49511573,0
wro4j,21438,0,0.59660894,1
wro4j,21203,0,0.668801,1
wro4j,21813,0,0.016214931,0
wro4j,21159,0,0.0052964883,0
wro4j,21300,0,0.18762599,0
wro4j,21495,0,0.007530719,0
wro4j,21766,0,0.66642827,1
wro4j,21274,0,0.4402235,0
wro4j,21877,0,0.20953935,0
wro4j,21337,0,0.0192255,0
wro4j,21856,0,0.07525343,0
wro4j,21379,0,0.049212497,0
wro4j,20959,0,0.11527128,0
wro4j,21826,0,0.003158489,0
wro4j,21364,0,0.09059895,0
wro4j,20864,0,0.0063668643,0
wro4j,21756,0,0.8669501,1
wro4j,21192,0,0.008632344,0
wro4j,21897,0,0.7668142,1
wro4j,20834,0,0.83961874,1
wro4j,21099,0,0.030563457,0
wro4j,21717,0,0.0016883982,0
wro4j,21757,0,0.9043708,1
wro4j,20989,0,0.05531682,0
wro4j,21834,0,0.5788869,1
wro4j,20783,0,0.71335274,1
wro4j,21038,0,0.036870398,0
wro4j,21204,0,0.45068476,0
wro4j,20909,0,0.025926005,0
wro4j,21017,0,0.3454457,0
wro4j,21318,0,0.87282556,1
wro4j,21182,0,0.7343377,1
wro4j,21398,0,0.01437841,0
wro4j,20981,0,0.66047645,1
wro4j,21800,0,0.014955064,0
wro4j,21056,0,0.32522613,0
wro4j,21313,0,0.8104077,1
wro4j,21798,0,0.11585208,0
wro4j,21874,0,0.7128449,1
wro4j,21389,0,0.03401161,0
wro4j,21648,0,0.03504519,0
wro4j,20830,0,0.005904916,0
wro4j,21311,0,0.5569684,1
wro4j,21637,0,0.14739747,0
wro4j,20952,0,0.0008439826,0
wro4j,20849,0,0.11765737,0
wro4j,21611,0,0.11070208,0
wro4j,21707,0,0.0029902006,0
wro4j,21593,0,0.0016618606,0
wro4j,21603,0,0.0018745414,0
wro4j,21186,0,0.09597692,0
wro4j,21753,0,0.8709136,1
wro4j,21539,0,0.005916415,0
wro4j,21473,0,0.92751664,1
wro4j,21612,0,0.002452041,0
wro4j,21405,0,0.1338636,0
wro4j,21028,0,0.22257268,0
wro4j,21815,0,0.0017262808,0
wro4j,20832,0,0.092089854,0
wro4j,20947,0,0.14868326,0
wro4j,21151,0,0.05529384,0
wro4j,20953,0,0.0016899629,0
wro4j,21301,0,0.02849402,0
wro4j,21172,0,0.06978083,0
wro4j,21391,0,0.27826154,0
wro4j,21886,0,0.16823193,0
wro4j,21486,0,0.0026482516,0
wro4j,21560,0,0.002611711,0
wro4j,21694,0,0.07038313,0
wro4j,21685,0,0.017807992,0
wro4j,21045,0,0.005083436,0
wro4j,21229,0,0.68951416,1
wro4j,20808,0,0.29423386,0
wro4j,21001,0,0.059779093,0
wro4j,21116,0,0.0034212272,0
wro4j,21289,0,0.010160565,0
wro4j,21649,0,0.013688203,0
wro4j,21114,0,0.041470435,0
wro4j,21044,0,0.0029749903,0
wro4j,21029,0,0.15199892,0
wro4j,20944,0,0.55549496,1
wro4j,20809,0,0.49404725,0
wro4j,21169,0,0.0013931765,0
wro4j,21601,0,0.030021103,0
wro4j,21843,0,0.19049178,0
wro4j,21194,0,0.029985616,0
wro4j,21191,0,0.25869086,0
wro4j,21479,0,0.7892877,1
wro4j,21488,0,0.09452259,0
wro4j,21035,0,0.07659963,0
wro4j,21568,0,0.0048139677,0
wro4j,21399,0,0.20223683,0
wro4j,21396,0,0.029189743,0
wro4j,21241,0,0.05904166,0
wro4j,21859,0,0.00231034,0
wro4j,21190,0,0.7977276,1
wro4j,21605,0,0.0019950287,0
wro4j,21846,0,0.006794548,0
wro4j,21883,1,0.45208934,0
wro4j,20987,0,0.41233957,0
wro4j,21145,0,0.6881026,1
wro4j,21713,0,0.002460109,0
wro4j,21096,0,0.023071716,0
wro4j,21310,0,0.059150584,0
wro4j,21395,0,0.009107808,0
wro4j,21868,0,0.15848683,0
wro4j,20965,0,0.0018401248,0
wro4j,21294,0,0.27927816,0
wro4j,21577,0,0.011993697,0
wro4j,21861,0,0.016948622,0
wro4j,21655,0,0.005446404,0
wro4j,21282,0,0.6229557,1
wro4j,21293,0,0.27927816,0
wro4j,21264,0,0.5455349,1
wro4j,21862,0,0.47797433,0
wro4j,21537,0,0.0039965124,0
wro4j,21063,0,0.109137766,0
wro4j,20856,0,0.06802588,0
wro4j,21021,0,0.06895626,0
wro4j,21525,0,0.005600766,0
wro4j,21283,0,0.3302781,0
wro4j,21299,0,0.006967463,0
wro4j,21046,0,0.0045862556,0
wro4j,21440,0,0.661675,1
wro4j,21492,0,0.004521378,0
wro4j,21154,0,0.001009523,0
wro4j,21157,0,0.019877791,0
wro4j,21682,0,0.109846786,0
wro4j,21385,0,0.2276564,0
wro4j,20935,0,0.07062239,0
wro4j,20827,0,0.001275704,0
wro4j,21852,0,0.032590587,0
wro4j,21201,0,0.81775695,1
wro4j,20917,0,0.4650269,0
wro4j,21043,0,0.0036931722,0
wro4j,21770,0,0.22018722,0
wro4j,21663,0,0.0055225617,0
wro4j,21287,0,0.40661764,0
wro4j,21513,0,0.7803622,1
wro4j,20988,0,0.8887013,1
wro4j,21811,0,0.008873791,0
wro4j,20920,0,0.3816077,0
wro4j,20839,0,0.004576025,0
wro4j,21691,0,0.007881358,0
wro4j,21242,0,0.003585144,0
wro4j,21024,0,0.4101071,0
wro4j,20942,0,0.09117946,0
wro4j,21557,1,0.041364294,0
wro4j,20921,0,0.006849653,0
wro4j,21197,0,0.0073571177,0
wro4j,21121,0,0.0019580799,0
wro4j,21025,0,0.25367594,0
wro4j,20852,0,0.3802136,0
wro4j,21086,0,0.53421926,1
wro4j,21018,0,0.17543481,0
wro4j,21620,0,0.093779005,0
wro4j,21083,0,0.5998942,1
wro4j,20928,0,0.5238204,1
wro4j,21903,0,0.005077305,0
wro4j,21419,0,0.20333508,0
wro4j,21728,0,0.1313393,0
wro4j,20859,0,0.07715221,0
wro4j,21111,0,0.0021581252,0
wro4j,21832,0,0.6621618,1
wro4j,21829,0,0.019070223,0
wro4j,21199,0,0.08257708,0
wro4j,21474,0,0.111947864,0
wro4j,21532,0,0.03240246,0
wro4j,21239,0,0.001217401,0
wro4j,21866,0,0.20866366,0
wro4j,21041,0,0.071304046,0
wro4j,20943,0,0.55549496,1
wro4j,21032,0,0.12677623,0
wro4j,21480,0,0.79428685,1
wro4j,21851,0,0.1618354,0
wro4j,21453,0,0.45670477,0
wro4j,20863,0,0.09726196,0
wro4j,21205,0,0.7720214,1
wro4j,21415,0,0.35965258,0
wro4j,21408,0,0.007398657,0
wro4j,21546,0,0.081427045,0
wro4j,21235,0,0.59743994,1
wro4j,21079,0,0.020936431,0
wro4j,20906,0,0.116157144,0
wro4j,21316,0,0.19759628,0
wro4j,21243,0,0.006675191,0
wro4j,21635,0,0.0072850455,0
wro4j,21371,0,0.02337959,0
wro4j,21442,0,0.060986307,0
wro4j,21147,0,0.087150164,0
wro4j,21845,0,0.002945776,0
wro4j,21071,1,0.7837378,1
wro4j,21390,0,0.22469157,0
wro4j,21077,0,0.557685,1
wro4j,21502,0,0.12075881,0
wro4j,21638,0,0.0077224234,0
wro4j,21585,0,0.0071171685,0
wro4j,21745,0,0.5258771,1
wro4j,20807,0,0.0898586,0
wro4j,21905,0,0.0026201024,0
wro4j,20940,0,0.55549496,1
wro4j,20955,0,0.026837444,0
wro4j,21221,0,0.7108026,1
wro4j,21776,0,0.46714443,0
wro4j,21036,0,0.21878235,0
wro4j,21365,0,0.02565501,0
wro4j,21500,0,0.489939,0
wro4j,21889,0,0.0067133573,0
wro4j,21676,0,0.004519059,0
wro4j,21217,0,0.72138745,1
wro4j,21673,0,0.53689945,1
wro4j,20907,0,0.043394443,0
wro4j,21219,0,0.7177509,1
wro4j,21793,0,0.79670614,1
wro4j,20865,0,0.18924978,0
wro4j,20861,0,0.01294749,0
wro4j,21033,0,0.54605585,1
wro4j,21836,0,0.60099167,1
wro4j,21916,0,0.005917192,0
wro4j,21465,0,0.7815583,1
wro4j,20995,0,0.16021684,0
wro4j,21266,0,0.3720327,0
wro4j,21814,0,0.11010145,0
wro4j,21238,0,0.7608195,1
wro4j,21427,0,0.7635893,1
wro4j,21372,0,0.024113007,0
wro4j,21662,0,0.06763919,0
wro4j,21279,0,0.031098958,0
wro4j,21470,0,0.9225841,1
wro4j,21735,0,0.31695372,0
wro4j,21615,0,0.10383682,0
wro4j,21596,1,0.009674958,0
wro4j,21850,0,0.083479986,0
wro4j,21068,0,0.07135359,0
wro4j,21183,0,0.16745162,0
wro4j,20990,0,0.12824476,0
wro4j,21031,0,0.5043548,1
wro4j,21733,0,0.05700522,0
wro4j,21881,0,0.017041003,0
wro4j,21387,0,0.17754954,0
wro4j,21174,0,0.0031339496,0
wro4j,21378,0,0.042574506,0
wro4j,20997,0,0.49256426,0
wro4j,21626,0,0.017229425,0
wro4j,21482,0,0.7903578,1
wro4j,21880,0,0.16972792,0
wro4j,21375,0,0.039924838,0
wro4j,21790,0,0.6914977,1
wro4j,21369,0,0.0675349,0
wro4j,21884,1,0.094621085,0
wro4j,21545,0,0.051478513,0
wro4j,21184,0,0.79234105,1
wro4j,21698,0,0.019437162,0
wro4j,20923,0,0.03647454,0
wro4j,21413,0,0.26311713,0
wro4j,20837,0,0.02504078,0
wro4j,21468,0,0.8233268,1
wro4j,21323,0,0.82281315,1
wro4j,21215,0,0.85281324,1
wro4j,21918,0,0.06998953,0
wro4j,21263,0,0.69474846,1
wro4j,21434,0,0.0045578163,0
wro4j,21402,0,0.09188151,0
wro4j,21374,0,0.1400886,0
wro4j,21207,0,0.807545,1
wro4j,20791,0,0.04530932,0
wro4j,21074,0,0.08212367,0
wro4j,21785,0,0.15774453,0
wro4j,20951,0,0.0009180886,0
wro4j,21350,0,0.028454902,0
wro4j,21445,0,0.12475574,0
wro4j,20963,0,0.04814964,0
wro4j,21461,0,0.69959795,1
wro4j,20847,0,0.22855957,0
wro4j,21026,0,0.14804713,0
wro4j,21285,0,0.5575133,1
wro4j,21558,0,0.011131886,0
wro4j,21376,0,0.028658522,0
wro4j,21309,0,0.031831242,0
wro4j,20845,0,0.105239965,0
wro4j,21090,0,0.07343087,0
wro4j,21805,0,0.50822043,1
wro4j,21030,0,0.07162802,0
wro4j,21360,0,0.03247638,0
wro4j,21549,0,0.016449371,0
wro4j,21410,1,0.13611853,0
wro4j,21644,0,0.005424226,0
wro4j,21847,0,0.0012317167,0
wro4j,21909,0,0.034898467,0
wro4j,21004,0,0.042794753,0
wro4j,21100,0,0.10475137,0
wro4j,21058,0,0.272077,0
wro4j,21530,0,0.044776607,0
wro4j,21504,0,0.10962079,0
wro4j,21799,0,0.0847815,0
wro4j,21352,0,0.0060252687,0
wro4j,20801,0,0.41887906,0
wro4j,21589,0,0.0017458136,0
wro4j,21730,0,0.18842836,0
wro4j,21906,0,0.03932801,0
wro4j,21750,0,0.83356243,1
wro4j,21657,0,0.006917383,0
wro4j,21608,0,0.0030690709,0
wro4j,21308,0,0.059150584,0
wro4j,21761,0,0.09952975,0
wro4j,21163,0,0.0013504068,0
wro4j,21093,0,0.08204263,0
wro4j,21267,0,0.14617851,0
wro4j,21701,0,0.009396699,0
wro4j,21640,0,0.008241896,0
wro4j,21353,0,0.0029438818,0
wro4j,21320,0,0.72539145,1
wro4j,20912,0,0.008966681,0
wro4j,20842,0,0.0505876,0
wro4j,21610,0,0.13075405,0
wro4j,20994,0,0.08028894,0
wro4j,20927,0,0.62586015,1
wro4j,20926,0,0.01048259,0
wro4j,21462,0,0.6332371,1
wro4j,21584,0,0.05475761,0
wro4j,21023,0,0.21562599,0
wro4j,21200,0,0.88884133,1
wro4j,21054,0,0.08130919,0
wro4j,21042,0,0.48544633,0
wro4j,21469,0,0.90559137,1
wro4j,21590,0,0.05696165,0
wro4j,21696,0,0.23908399,0
wro4j,21604,0,0.030777121,0
wro4j,20803,0,0.00833995,0
wro4j,21796,0,0.08505031,0
wro4j,21506,0,0.07972521,0
wro4j,21000,0,0.29142752,0
wro4j,21134,0,0.45851094,0
wro4j,20815,0,0.11422949,0
wro4j,21583,0,0.052468203,0
wro4j,21710,0,0.011938342,0
wro4j,21271,0,0.5835705,1
wro4j,21646,0,0.06339357,0
wro4j,21594,0,0.0037448064,0
wro4j,20974,0,0.004516704,0
wro4j,21066,0,0.023608943,0
wro4j,21666,0,0.042843398,0
wro4j,21613,0,0.64696974,1
wro4j,21234,0,0.80201733,1
wro4j,21528,0,0.0057596206,0
wro4j,21317,0,0.2744421,0
wro4j,21759,0,0.957704,1
wro4j,21061,0,0.5626378,1
wro4j,21505,1,0.79783666,1
wro4j,21208,0,0.17962265,0
wro4j,20968,0,0.0009180886,0
wro4j,21334,0,0.7388761,1
wro4j,21665,0,0.03565496,0
wro4j,21230,0,0.5208339,1
wro4j,20982,1,0.6728527,1
wro4j,21005,0,0.56429046,1
wro4j,21335,0,0.8809366,1
wro4j,21693,0,0.009728646,0
wro4j,21563,0,0.0048690187,0
wro4j,21719,0,0.043866612,0
wro4j,21522,0,0.0010676526,0
wro4j,20782,0,0.6934449,1
wro4j,21534,0,0.0019445497,0
wro4j,21722,0,0.50468975,1
wro4j,20972,0,0.005736515,0
wro4j,21472,0,0.6371919,1
wro4j,21867,0,0.11392008,0
wro4j,20844,0,0.024629395,0
wro4j,21607,0,0.0021075737,0
wro4j,20967,0,0.0011610736,0
wro4j,21327,0,0.9021874,1
wro4j,21810,0,0.0025667164,0
wro4j,21771,0,0.07840531,0
wro4j,20992,0,0.07090913,0
wro4j,21543,0,0.16734739,0
wro4j,21907,0,0.071489416,0
wro4j,21689,0,0.041889627,0
wro4j,20862,0,0.21814616,0
wro4j,21752,0,0.85714585,1
wro4j,21165,0,0.023155551,0
wro4j,20821,0,0.019282974,0
wro4j,21152,0,0.0020044262,0
wro4j,20932,0,0.23336092,0
wro4j,20914,0,0.58413446,1
wro4j,21349,0,0.029866846,0
wro4j,20905,0,0.09115353,0
wro4j,20798,0,0.18836644,0
wro4j,21401,0,0.11139664,0
wro4j,21067,0,0.4323964,0
wro4j,21447,0,0.016299793,0
wro4j,21497,0,0.051031068,0
wro4j,21550,0,0.04235685,0
wro4j,21414,0,0.2615311,0
wro4j,20779,0,0.4022127,0
wro4j,21139,0,0.0034273183,0
wro4j,20855,0,0.27227482,0
wro4j,20843,0,0.4387842,0
wro4j,21010,0,0.6360433,1
wro4j,21196,0,0.06694683,0
wro4j,20896,0,0.2731175,0
wro4j,20887,0,0.056024387,0
wro4j,21723,0,0.009592744,0
wro4j,21552,0,0.010549061,0
wro4j,21251,0,0.0046162764,0
wro4j,20825,0,0.008933115,0
wro4j,21361,0,0.18144576,0
wro4j,21853,0,0.26265112,0
wro4j,21403,0,0.0390668,0
wro4j,21406,0,0.07794701,0
wro4j,21516,0,0.0019831697,0
wro4j,21496,0,0.008169877,0
wro4j,20931,0,0.23336092,0
wro4j,21218,0,0.63560325,1
wro4j,21893,0,0.004423915,0
wro4j,21642,0,0.0046822866,0
wro4j,21578,0,0.0042592334,0
wro4j,21175,0,0.030221881,0
wro4j,20871,0,0.12233212,0
wro4j,20894,0,0.012812194,0
wro4j,21393,0,0.23652358,0
wro4j,21721,0,0.025263363,0
wro4j,20820,0,0.01087809,0
wro4j,21507,0,0.16313441,0
wro4j,21085,0,0.35028464,0
wro4j,21124,0,0.73275274,1
wro4j,21062,0,0.22675471,0
wro4j,21633,0,0.022525448,0
wro4j,21426,0,0.1710271,0
wro4j,21302,0,0.008175562,0
wro4j,21452,0,0.08093608,0
wro4j,21211,0,0.67999846,1
wro4j,21417,0,0.2482084,0
wro4j,21763,0,0.0098605165,0
wro4j,20818,0,0.09137764,0
wro4j,21223,0,0.8316034,1
wro4j,21459,0,0.91361564,1
wro4j,21125,0,0.5728129,1
wro4j,21435,0,0.0043583577,0
wro4j,21574,0,0.02888365,0
wro4j,20949,0,0.120879136,0
wro4j,20816,0,0.05148763,0
wro4j,21027,0,0.02677017,0
wro4j,21564,0,0.0074146492,0
wro4j,21471,0,0.93218976,1
wro4j,20804,0,0.35338646,0
wro4j,21622,0,0.006233394,0
wro4j,21741,0,0.90169466,1
wro4j,21437,0,0.0032119073,0
wro4j,21015,0,0.27164963,0
wro4j,21795,0,0.1618354,0
wro4j,21397,0,0.09667639,0
wro4j,21625,0,0.11814475,0
wro4j,21767,0,0.35441053,0
wro4j,20788,0,0.5956875,1
wro4j,21536,0,0.13087364,0
wro4j,21518,0,0.0053348616,0
wro4j,21103,0,0.6157297,1
wro4j,21307,0,0.029124787,0
wro4j,21902,0,0.013285134,0
wro4j,20922,0,0.6946648,1
wro4j,21511,0,0.30607745,0
wro4j,20930,0,0.09117946,0
wro4j,21830,0,0.88149446,1
wro4j,20873,0,0.42877004,0
wro4j,21105,0,0.19552056,0
wro4j,21273,0,0.0076825526,0
wro4j,21494,0,0.8168483,1
wro4j,20800,0,0.03150036,0
wro4j,21315,0,0.26953357,0
wro4j,21690,0,0.08864494,0
wro4j,20814,0,0.0020128482,0
wro4j,21716,0,0.0071987077,0
wro4j,21514,0,0.0009275798,0
wro4j,21433,0,0.0045578163,0
wro4j,21755,0,0.82810307,1
wro4j,21827,0,0.007708205,0
wro4j,20806,0,0.03095757,0
wro4j,21672,0,0.0018559059,0
wro4j,21841,0,0.58137554,1
wro4j,21454,0,0.66093177,1
wro4j,21556,0,0.071117364,0
wro4j,20792,0,0.42108515,0
wro4j,21679,0,0.5789684,1
wro4j,21248,0,0.006848057,0
wro4j,21448,0,0.040958703,0
wro4j,21198,0,0.71623397,1
wro4j,21206,0,0.7967495,1
wro4j,21456,0,0.66093177,1
wro4j,21049,0,0.0070126457,0
wro4j,20924,0,0.029805107,0
wro4j,21520,0,0.011805257,0
wro4j,21295,0,0.025118181,0
wro4j,21394,0,0.025651636,0
wro4j,21188,0,0.70714724,1
wro4j,21485,0,0.042229388,0
wro4j,20977,0,0.0019584796,0
wro4j,21819,0,0.02859896,0
wro4j,21838,0,0.18138508,0
wro4j,20929,0,0.29781088,0
wro4j,21523,0,0.002828765,0
wro4j,21878,0,0.74810386,1
wro4j,21517,0,0.0053348616,0
wro4j,21820,0,0.008841482,0
wro4j,20911,0,0.0057529924,0
wro4j,21392,0,0.17572287,0
wro4j,21855,0,0.0065758764,0
wro4j,21052,0,0.021570364,0
wro4j,20962,0,0.006154115,0
wro4j,21618,0,0.18766692,0
wro4j,21078,0,0.029672464,0
wro4j,21668,0,0.003209392,0
wro4j,20966,0,0.0016899629,0
wro4j,21275,0,0.3447143,0
wro4j,21915,0,0.0025705895,0
wro4j,21156,0,0.054541968,0
wro4j,21715,0,0.0015435487,0
wro4j,21233,0,0.74677974,1
wro4j,20797,0,0.4518744,0
wro4j,20925,0,0.01040526,0
wro4j,21569,0,0.005258667,0
wro4j,20784,0,0.4136308,0
wro4j,20960,0,0.2886804,0
wro4j,21566,0,0.01801631,0
wro4j,21839,0,0.8493132,1
wro4j,21444,0,0.35040116,0
wro4j,21686,0,0.759355,1
wro4j,21659,0,0.031561524,0
wro4j,21007,0,0.03240283,0
wro4j,21910,0,0.0028171688,0
wro4j,21214,0,0.8407842,1
wro4j,21064,0,0.24180879,0
wro4j,21894,0,0.5973689,1
wro4j,21627,0,0.25192305,0
wro4j,21762,0,0.0098605165,0
wro4j,21168,0,0.0053176805,0
wro4j,21338,0,0.0057261433,0
wro4j,21193,0,0.4927748,0
wro4j,21732,0,0.07549857,0
wro4j,21407,0,0.274598,0
wro4j,21265,0,0.7331362,1
wro4j,21739,0,0.9371118,1
wro4j,21329,0,0.9129954,1
wro4j,21178,0,0.044026148,0
wro4j,21226,0,0.74980867,1
wro4j,21490,0,0.0026482516,0
wro4j,21544,0,0.03556797,0
wro4j,20919,0,0.07130946,0
wro4j,21420,0,0.67385906,1
wro4j,21737,0,0.9139481,1
wro4j,21876,0,0.29501343,0
wro4j,21081,0,0.025453538,0
wro4j,21455,0,0.39236784,0
wro4j,20961,0,0.19751215,0
wro4j,21057,0,0.30271283,0
wro4j,20956,0,0.0020439927,0
wro4j,21653,0,0.028702363,0
wro4j,21373,0,0.02018721,0
wro4j,21681,0,0.0032764548,0
wro4j,20810,0,0.02939193,0
wro4j,21291,0,0.8245051,1
wro4j,21688,0,0.44052458,0
wro4j,21791,0,0.73408765,1
wro4j,21775,0,0.061734702,0
wro4j,21828,0,0.004125635,0
wro4j,21807,0,0.7452199,1
wro4j,20999,0,0.48356807,0
wro4j,21898,0,0.019380184,0
wro4j,21754,0,0.8927815,1
wro4j,21331,0,0.88855773,1
wro4j,21508,0,0.537988,1
wro4j,21724,0,0.0052439184,0
wro4j,20853,0,0.47904617,0
wro4j,21345,0,0.029595358,0
wro4j,21084,0,0.31912488,0
wro4j,21597,0,0.006827274,0
wro4j,21400,0,0.07794701,0
wro4j,21082,0,0.8414286,1
wro4j,21381,0,0.48297015,0
wro4j,21228,0,0.55555016,1
wro4j,21592,0,0.011112756,0
wro4j,21864,0,0.17323457,0
wro4j,20812,0,0.10280092,0
wro4j,21148,0,0.061445527,0
wro4j,21671,0,0.0071016075,0
wro4j,21515,0,0.0019831697,0
wro4j,20888,0,0.025737125,0
wro4j,21428,0,0.020110829,0
wro4j,21687,0,0.016503625,0
wro4j,20867,0,0.014490663,0
wro4j,20978,0,0.05751866,0
wro4j,21831,0,0.49293727,0
wro4j,21816,0,0.008190888,0
wro4j,20874,0,0.004818482,0
wro4j,21740,0,0.9371118,1
wro4j,21804,0,0.88429594,1
wro4j,21600,0,0.0065626106,0
wro4j,21370,0,0.040501546,0
wro4j,21119,0,0.020155914,0
wro4j,21591,0,0.0026599574,0
wro4j,21113,0,0.024639867,0
wro4j,21344,0,0.030378073,0
wro4j,21748,0,0.6881379,1
wro4j,21298,0,0.0052407477,0
wro4j,21245,0,0.09591772,0
wro4j,21257,0,0.032365788,0
wro4j,21684,0,0.018848917,0
wro4j,21634,0,0.0111265285,0
wro4j,20780,0,0.078386,0
wro4j,21704,0,0.03822413,0
wro4j,21297,0,0.019936528,0
wro4j,20913,0,0.015125833,0
wro4j,20910,0,0.116157144,0
wro4j,20941,0,0.056365017,0
wro4j,20915,0,0.56477714,1
wro4j,21073,1,0.41098997,0
wro4j,21123,0,0.015423864,0
wro4j,21138,0,0.0014748949,0
wro4j,21411,0,0.2427561,0
wro4j,21825,0,0.68388116,1
wro4j,20794,0,0.2314699,0
wro4j,21714,0,0.0015435487,0
wro4j,21749,0,0.22928049,0
wro4j,20860,0,0.19102314,0
wro4j,21432,0,0.005927885,0
wro4j,21879,0,0.66424257,1
wro4j,21039,0,0.14174896,0
wro4j,21097,0,0.06870935,0
wro4j,21333,0,0.77740586,1
wro4j,21581,0,0.019407257,0
wro4j,21587,0,0.019661026,0
wro4j,21336,0,0.8771928,1
wro4j,21216,0,0.81848437,1
wro4j,21900,0,0.6316996,1
wro4j,20870,0,0.57479256,1
wro4j,21328,0,0.87120426,1
wro4j,21489,0,0.0985516,0
wro4j,20939,0,0.07062239,0
wro4j,21555,0,0.21496883,0
wro4j,20976,0,0.002630514,0
wro4j,21786,0,0.16773447,0
wro4j,21487,0,0.0519784,0
wro4j,21351,0,0.3879476,0
wro4j,21016,0,0.2553206,0
wro4j,21362,0,0.07764859,0
wro4j,21128,0,0.19662002,0
wro4j,20971,1,0.04620872,0
wro4j,20998,0,0.17543481,0
wro4j,21158,0,0.015507442,0
wro4j,21498,0,0.013759807,0
wro4j,21020,0,0.5506802,1
wro4j,21888,0,0.23645201,0
wro4j,21548,0,0.009090152,0
wro4j,21232,0,0.8113462,1
wro4j,21914,0,0.0035045457,0
wro4j,20904,0,0.34643656,0
wro4j,20895,0,0.00150104,0
wro4j,21171,0,0.001779555,0
wro4j,21339,0,0.56477785,1
wro4j,20958,0,0.06686897,0
wro4j,21501,0,0.2537467,0
wro4j,20848,0,0.10504252,0
wro4j,21055,0,0.28167197,0
wro4j,20901,0,0.20189267,0
wro4j,21110,0,0.0019554286,0
wro4j,20854,0,0.70989984,1
wro4j,21446,0,0.030230435,0
wro4j,20838,0,0.0026764353,0
wro4j,20796,0,0.3156989,0
wro4j,20991,0,0.28087586,0
wro4j,21899,0,0.7402082,1
wro4j,21636,0,0.016420659,0
wro4j,21803,0,0.5738748,1
wro4j,21818,0,0.04113639,0
wro4j,21342,0,0.3685455,0
wro4j,21195,0,0.016168786,0
wro4j,21579,0,0.016573993,0
wro4j,21643,0,0.04775591,0
wro4j,21801,0,0.08160457,0
wro4j,21187,0,0.7602826,1
wro4j,21789,0,0.74141866,1
wro4j,21324,0,0.786105,1
wro4j,21155,0,0.059342217,0
wro4j,21614,0,0.79099864,1
wro4j,21576,0,0.040661164,0
wro4j,21008,0,0.56429046,1
wro4j,21162,0,0.0026599069,0
wro4j,21357,0,0.01124112,0
wro4j,21674,0,0.0010782671,0
wro4j,21449,0,0.008336042,0
wro4j,20785,0,0.37932748,0
wro4j,21075,0,0.14574006,0
wro4j,21261,0,0.25034907,0
wro4j,21802,0,0.09148678,0
wro4j,21849,0,0.002514416,0
wro4j,21781,0,0.2506884,0
wro4j,20819,0,0.04918815,0
wro4j,21180,0,0.03626965,0
wro4j,20984,0,0.3624188,0
wro4j,21259,0,0.30285212,0
wro4j,21439,0,0.5786093,1
wro4j,20893,0,0.10837832,0
wro4j,21210,0,0.73508507,1
wro4j,20957,0,0.0046882927,0
wro4j,21386,0,0.23652358,0
wro4j,20805,0,0.013016876,0
wro4j,21824,0,0.047336124,0
wro4j,21628,0,0.06923889,0
wro4j,21276,0,0.084293775,0
wro4j,21343,0,0.022795556,0
wro4j,21887,0,0.08146894,0
wro4j,20851,0,0.08130346,0
wro4j,21423,0,0.26387015,0
wro4j,20841,0,0.3097606,0
wro4j,21692,0,0.027855549,0
wro4j,21857,0,0.0024141886,0
wro4j,21700,0,0.023185475,0
wro4j,21711,0,0.09991563,0
wro4j,21806,0,0.62680936,1
wro4j,20934,0,0.09732346,0
wro4j,21782,0,0.20527887,0
wro4j,21904,0,0.025885727,0
wro4j,21363,0,0.049490996,0
wro4j,20985,0,0.56799364,1
wro4j,21727,0,0.05700522,0
wro4j,20969,1,0.15541407,0
wro4j,21256,0,0.2963185,0
wro4j,21780,0,0.26601076,0
wro4j,21812,0,0.004466846,0
wro4j,21409,0,0.24731995,0
wro4j,21725,0,0.108494475,0
wro4j,21712,0,0.11579778,0
wro4j,21573,0,0.043004997,0
wro4j,21875,0,0.3034848,0
wro4j,21051,0,0.0012930311,0
wro4j,21312,0,0.37566343,0
wro4j,21718,0,0.0016883982,0
wro4j,21639,0,0.015599178,0
wro4j,21430,0,0.05083327,0
wro4j,21570,0,0.00801897,0
wro4j,21744,0,0.87153393,1
wro4j,21734,0,0.112052396,0
wro4j,21912,0,0.2440244,0
wro4j,21837,0,0.8493132,1
wro4j,21240,0,0.0020375531,0
wro4j,21664,0,0.044183783,0
wro4j,21101,0,0.084445536,0
wro4j,20902,0,0.5901582,1
wro4j,20781,0,0.03272639,0
wro4j,20826,0,0.0021975855,0
wro4j,21475,0,0.08507477,0
wro4j,21535,0,0.08659097,0
wro4j,21858,0,0.06057423,0
wro4j,21072,1,0.1995803,0
wro4j,21865,0,0.42693347,0
wro4j,21173,0,0.002440448,0
wro4j,21731,0,0.6202772,1
wro4j,21632,0,0.016825806,0
wro4j,21580,0,0.0071171685,0
wro4j,21109,0,0.0019554286,0
wro4j,21011,0,0.8692656,1
wro4j,21366,0,0.07736752,0
wro4j,21788,0,0.4631479,0
wro4j,20973,0,0.006154115,0
wro4j,21436,0,0.034654073,0
wro4j,21270,0,0.07223316,0
wro4j,21431,0,0.10818564,0
wro4j,21567,0,0.006887198,0
wro4j,21641,0,0.05341983,0
wro4j,21425,0,0.026858637,0
wro4j,21464,0,0.691654,1
wro4j,21527,0,0.0366569,0
wro4j,21383,0,0.28796875,0
wro4j,21050,0,0.00363518,0
wro4j,21236,0,0.7608195,1
wro4j,21538,0,0.0023886815,0
wro4j,21647,0,0.025058256,0
wro4j,21284,0,0.27927816,0
wro4j,21022,0,0.15842927,0
wro4j,21588,0,0.07248504,0
wro4j,21146,0,0.024747336,0
wro4j,21177,0,0.0018092023,0
wro4j,21521,0,0.002402396,0
wro4j,21209,0,0.097890325,0
wro4j,21891,0,0.11564229,0
wro4j,21254,0,0.8218163,1
wro4j,21087,0,0.36740413,0
wro4j,21484,0,0.7890065,1
wro4j,21277,0,0.014486727,0
wro4j,21014,0,0.17543481,0
wro4j,20898,0,0.0008715073,0
wro4j,21314,0,0.26953357,0
wro4j,21575,0,0.029605905,0
wro4j,21551,0,0.019336212,0
wro4j,21250,0,0.048773244,0
wro4j,21080,0,0.250226,0
wro4j,20937,0,0.55549496,1
wro4j,21703,0,0.08953448,0
wro4j,21006,0,0.020360757,0
wro4j,21779,0,0.16773447,0
wro4j,21104,0,0.23309402,0
wro4j,21358,0,0.052316785,0
wro4j,20889,0,0.039614696,0
wro4j,21842,0,0.71121603,1
wro4j,21161,0,0.0907218,0
wro4j,21512,0,0.40023643,0
wro4j,21840,0,0.73838097,1
wro4j,20833,0,0.0045533786,0
wro4j,21102,0,0.052293763,0
wro4j,21404,0,0.09188151,0
wro4j,21458,0,0.3140263,0
wro4j,21326,0,0.8472421,1
wro4j,21368,0,0.06194307,0
wro4j,20835,0,0.22619793,0
wro4j,21220,0,0.6804538,1
wro4j,21112,0,0.0048653367,0
wro4j,21060,0,0.49256426,0
wro4j,21421,0,0.09392779,0
wro4j,21304,0,0.0085196,0
wro4j,21225,0,0.5610704,1
wro4j,20970,1,0.8638377,1
wro4j,21355,0,0.00619348,0
wro4j,21565,0,0.001669704,0
wro4j,21835,0,0.893736,1
wro4j,21919,0,0.43554056,0
wro4j,21833,0,0.03694416,0
wro4j,21451,0,0.30356407,0
wro4j,21292,0,0.14959717,0
wro4j,21319,0,0.9360467,1
wro4j,21441,0,0.3393,0
wro4j,21467,0,0.8554549,1
wro4j,21860,0,0.0036931722,0
wro4j,21249,0,0.010425337,0
wro4j,21340,0,0.20024253,0
wro4j,21524,0,0.0013343735,0
wro4j,21787,0,0.051049463,0
wro4j,21115,0,0.5496713,1
wro4j,21213,0,0.011217306,0
wro4j,20802,0,0.020960417,0
wro4j,21483,0,0.68412083,1
wro4j,21729,0,0.038372274,0
wro4j,21609,0,0.27271605,0
wro4j,21660,0,0.00239178,0
wro4j,20795,0,0.6205252,1
wro4j,21658,0,0.0058515137,0
wro4j,20950,0,0.0058348468,0
wro4j,21848,0,0.07939079,0
wro4j,21065,0,0.030606108,0
wro4j,21526,0,0.04476767,0
wro4j,21726,0,0.079999015,0
wro4j,21288,0,0.49052757,0
wro4j,21705,0,0.09686365,0
wro4j,21367,0,0.05788448,0
wro4j,21720,0,0.0039795926,0
wro4j,21019,0,0.558262,1
wro4j,21901,0,0.0028316518,0
wro4j,20945,0,0.17853974,0
wro4j,21212,0,0.049884398,0
wro4j,21136,0,0.032499515,0
wro4j,21491,0,0.7880439,1
wro4j,21047,0,0.001975288,0
wro4j,21260,0,0.10190115,0
wro4j,21854,0,0.018825127,0
wro4j,20872,0,0.052766882,0
wro4j,21822,0,0.004255393,0
wro4j,20822,0,0.083611,0
wro4j,21654,0,0.03014856,0
wro4j,21412,0,0.06301088,0
wro4j,20869,0,0.034880526,0
wro4j,21911,0,0.06652352,0
wro4j,21131,0,0.70095855,1
wro4j,20908,0,0.34643656,0
wro4j,21602,0,0.0014897302,0
wro4j,20890,0,0.0033623131,0
wro4j,21076,0,0.66625124,1
wro4j,21870,0,0.31499386,0
wro4j,21137,0,0.00481719,0
wro4j,21630,0,0.0446691,0
wro4j,21269,0,0.40387705,0
wro4j,20799,0,0.03150036,0
wro4j,21356,0,0.19725473,0
wro4j,20892,0,0.11217703,0
wro4j,21048,0,0.0008246322,0
wro4j,21743,0,0.8295423,1
wro4j,21144,0,0.74900436,1
wro4j,20858,0,0.5165451,1
wro4j,20786,0,0.4728764,0
wro4j,21262,0,0.19254091,0
wro4j,21529,0,0.0016883573,0
wro4j,20983,0,0.26667705,0
wro4j,21778,0,0.15774453,0
wro4j,21476,0,0.73147774,1
wro4j,20936,0,0.55549496,1
wro4j,21751,0,0.88795966,1
wro4j,21621,0,0.39357424,0
wro4j,21247,0,0.019183313,0
wro4j,21892,0,0.002514966,0
wro4j,21306,0,0.865047,1
wro4j,21118,0,0.0015571825,0
wro4j,21747,0,0.30916765,0
wro4j,21346,0,0.017700033,0
wro4j,21921,0,0.00827314,0
wro4j,21176,0,0.04368338,0
wro4j,21258,0,0.047612168,0
zxing,1857,0,0.3147037,0
zxing,1726,0,0.0075877793,0
zxing,1821,0,0.004871835,0
zxing,1740,0,0.0027579698,0
zxing,1903,0,0.0031384605,0
zxing,1970,0,0.0036965304,0
zxing,1783,0,0.078860864,0
zxing,1960,0,0.04365778,0
zxing,1781,0,0.8733997,1
zxing,1947,0,0.0023932708,0
zxing,1870,0,0.14445305,0
zxing,1736,0,0.0070725805,0
zxing,1691,0,0.20517525,0
zxing,1765,0,0.004122537,0
zxing,1983,0,0.06041206,0
zxing,1704,0,0.0029746338,0
zxing,1816,0,0.008534774,0
zxing,1897,0,0.81381655,1
zxing,1928,0,0.037437733,0
zxing,1661,0,0.11296394,0
zxing,1935,0,0.003412847,0
zxing,1839,0,0.29363465,0
zxing,1745,0,0.0047354675,0
zxing,1937,0,0.0040189414,0
zxing,1934,0,0.0033032307,0
zxing,1864,0,0.47822833,0
zxing,1714,0,0.2613194,0
zxing,1815,0,0.013340203,0
zxing,1666,0,0.013052792,0
zxing,1652,0,0.0054228758,0
zxing,1640,0,0.59500957,1
zxing,1685,0,0.0016991048,0
zxing,1974,0,0.0024749564,0
zxing,1867,0,0.15956113,0
zxing,1933,0,0.0029423845,0
zxing,1788,0,0.81381655,1
zxing,1963,0,0.0054790066,0
zxing,1915,0,0.032380395,0
zxing,1942,0,0.10229341,0
zxing,1876,0,0.15956113,0
zxing,1684,0,0.006623953,0
zxing,1880,0,0.03495568,0
zxing,1687,0,0.0010133721,0
zxing,1751,0,0.0053591006,0
zxing,1772,0,0.0023933675,0
zxing,1802,0,0.011606647,0
zxing,1808,0,0.03410128,0
zxing,1713,0,0.27281782,0
zxing,1907,0,0.8655574,1
zxing,1734,0,0.1555636,0
zxing,1941,0,0.006850081,0
zxing,1836,0,0.29363465,0
zxing,1823,0,0.0013172018,0
zxing,1918,0,0.0035094882,0
zxing,1693,0,0.0045394637,0
zxing,1977,0,0.96337324,1
zxing,1830,0,0.85293186,1
zxing,1804,0,0.053070486,0
zxing,1686,0,0.0027197523,0
zxing,1827,0,0.060978837,0
zxing,1899,0,0.111690156,0
zxing,1778,0,0.9658093,1
zxing,1810,0,0.04476972,0
zxing,1720,0,0.002150326,0
zxing,1968,0,0.0026902282,0
zxing,1780,0,0.9838202,1
zxing,1712,0,0.03478562,0
zxing,1932,0,0.0034257765,0
zxing,1952,0,0.12428937,0
zxing,1910,0,0.026907654,0
zxing,1716,0,0.2613194,0
zxing,1677,0,0.024127405,0
zxing,1790,0,0.14788145,0
zxing,1848,0,0.017637324,0
zxing,1675,0,0.00869149,0
zxing,1659,0,0.0024552168,0
zxing,1911,0,0.032380395,0
zxing,1699,0,0.12418519,0
zxing,1849,0,0.15142797,0
zxing,1768,0,0.0025559936,0
zxing,1971,0,0.0014302084,0
zxing,1742,0,0.004267997,0
zxing,1868,0,0.15956113,0
zxing,1722,0,0.30564597,0
zxing,1954,0,0.005483738,0
zxing,1676,0,0.02294064,0
zxing,1757,0,0.0036871592,0
zxing,1853,0,0.005288365,0
zxing,1689,0,0.42464083,0
zxing,1805,0,0.008722719,0
zxing,1681,0,0.07397404,0
zxing,1809,0,0.002467071,0
zxing,1650,0,0.0016383117,0
zxing,1752,0,0.72539216,1
zxing,1746,0,0.8010728,1
zxing,1793,0,0.7691961,1
zxing,1896,0,0.20353618,0
zxing,1813,0,0.008534774,0
zxing,1671,0,0.05795752,0
zxing,1738,0,0.058675136,0
zxing,1875,0,0.17305379,0
zxing,1967,0,0.0070255375,0
zxing,1774,0,0.0027211222,0
zxing,1884,0,0.2738137,0
zxing,1886,0,0.87219965,1
zxing,1855,0,0.10912408,0
zxing,1858,0,0.37223327,0
zxing,1846,0,0.26990873,0
zxing,1838,0,0.29363465,0
zxing,1777,0,0.12403943,0
zxing,1956,0,0.012522005,0
zxing,1966,0,0.119382404,0
zxing,1854,0,0.17305379,0
zxing,1833,0,0.29363465,0
zxing,1869,0,0.15956113,0
zxing,1923,0,0.004719594,0
zxing,1917,0,0.10430023,0
zxing,1885,0,0.3836334,0
zxing,1945,0,0.008271911,0
zxing,1841,0,0.6041111,1
zxing,1727,0,0.058746796,0
zxing,1724,0,0.0024448514,0
zxing,1709,0,0.048096914,0
zxing,1925,0,0.007636673,0
zxing,1761,0,0.03518839,0
zxing,1735,0,0.0063401954,0
zxing,1866,0,0.4761407,0
zxing,1837,0,0.29363465,0
zxing,1755,0,0.028842296,0
zxing,1913,0,0.032380395,0
zxing,1698,0,0.3382549,0
zxing,1717,0,0.0010709193,0
zxing,1663,0,0.0059517208,0
zxing,1653,0,0.11787154,0
zxing,1893,0,0.057564415,0
zxing,1660,0,0.007540376,0
zxing,1798,0,0.067811236,0
zxing,1927,0,0.028460605,0
zxing,1763,0,0.0030293942,0
zxing,1775,0,0.007761362,0
zxing,1688,0,0.3065173,0
zxing,1784,0,0.7334243,1
zxing,1861,0,0.108074315,0
zxing,1657,0,0.0055741263,0
zxing,1680,0,0.128362,0
zxing,1950,0,0.0041280906,0
zxing,1894,0,0.0035464375,0
zxing,1881,0,0.85293186,1
zxing,1654,0,0.0016383117,0
zxing,1801,0,0.36892775,0
zxing,1690,0,0.2777928,0
zxing,1873,0,0.15956113,0
zxing,1948,0,0.0023778477,0
zxing,1731,0,0.0026085814,0
zxing,1762,0,0.011655949,0
zxing,1922,0,0.0077769114,0
zxing,1851,0,0.3931729,0
zxing,1888,0,0.8014511,1
zxing,1912,0,0.03472497,0
zxing,1874,0,0.15545872,0
zxing,1739,0,0.0040929746,0
zxing,1710,0,0.0015388216,0
zxing,1847,0,0.3305247,0
zxing,1929,0,0.008325281,0
zxing,1707,0,0.034614585,0
zxing,1639,0,0.5031828,1
zxing,1647,0,0.03589241,0
zxing,1760,0,0.0022241974,0
zxing,1799,0,0.17033172,0
zxing,1648,0,0.0016383117,0
zxing,1754,0,0.10937942,0
zxing,1862,0,0.37223327,0
zxing,1840,0,0.54166627,1
zxing,1811,0,0.0034828384,0
zxing,1796,0,0.06530733,0
zxing,1672,0,0.09351783,0
zxing,1703,0,0.007831983,0
zxing,1824,0,0.0016377971,0
zxing,1800,0,0.3576292,0
zxing,1669,0,0.2890222,0
zxing,1969,0,0.0037558202,0
zxing,1943,0,0.0040945807,0
zxing,1982,0,0.16888615,0
zxing,1920,0,0.12042377,0
zxing,1901,0,0.07319439,0
zxing,1879,0,0.019877398,0
zxing,1842,0,0.29363465,0
zxing,1789,0,0.06191884,0
zxing,1905,0,0.42544478,0
zxing,1940,0,0.0032865298,0
zxing,1642,0,0.12410385,0
zxing,1859,0,0.05507715,0
zxing,1646,0,0.66375285,1
zxing,1706,0,0.021822948,0
zxing,1678,0,0.024329301,0
zxing,1700,0,0.039571602,0
zxing,1803,0,0.00980245,0
zxing,1743,0,0.086510815,0
zxing,1951,0,0.0027934706,0
zxing,1961,0,0.0055785365,0
zxing,1850,0,0.241038,0
zxing,1964,0,0.0021245738,0
zxing,1889,0,0.7691961,1
zxing,1705,0,0.041441508,0
zxing,1701,0,0.027320754,0
zxing,1719,0,0.036259092,0
zxing,1658,0,0.06038102,0
zxing,1834,0,0.034889717,0
zxing,1852,0,0.40258387,0
zxing,1826,0,0.1351769,0
zxing,1887,0,0.9056962,1
zxing,1806,0,0.002467071,0
zxing,1835,0,0.29363465,0
zxing,1891,0,0.86485213,1
zxing,1949,0,0.0078017097,0
zxing,1773,0,0.0027211222,0
zxing,1782,0,0.23383777,0
zxing,1882,0,0.8207577,1
zxing,1939,0,0.0031907854,0
zxing,1733,0,0.015140104,0
zxing,1651,0,0.059342217,0
zxing,1747,0,0.73122793,1
zxing,1872,0,0.1054434,0
zxing,1674,0,0.014592387,0
zxing,1645,0,0.1581307,0
zxing,1655,0,0.015449839,0
zxing,1976,0,0.9627735,1
zxing,1673,0,0.022015622,0
zxing,1973,0,0.02723004,0
zxing,1938,0,0.0012959142,0
zxing,1814,0,0.013340203,0
zxing,1694,0,0.0019451836,0
zxing,1844,0,0.29363465,0
zxing,1831,0,0.29363465,0
zxing,1957,0,0.011155322,0
zxing,1667,0,0.0053476514,0
zxing,1902,1,0.0014498063,0
zxing,1656,0,0.0029367872,0
zxing,1975,0,0.0016086271,0
zxing,1845,0,0.034889717,0
zxing,1898,0,0.7659818,1
zxing,1697,0,0.08787826,0
zxing,1711,0,0.036280643,0
zxing,1946,0,0.021403367,0
zxing,1715,0,0.002889868,0
zxing,1820,0,0.0013929092,0
zxing,1972,0,0.17478141,0
zxing,1670,0,0.047803633,0
zxing,1668,0,0.022015622,0
zxing,1683,0,0.006455393,0
zxing,1924,0,0.090159565,0
zxing,1644,1,0.07079871,0
zxing,1832,0,0.23686635,0
zxing,1643,0,0.14688729,0
zxing,1953,0,0.10659087,0
zxing,1908,0,0.43613806,0
zxing,1919,0,0.0034751266,0
zxing,1721,0,0.03804713,0
zxing,1791,0,0.8313003,1
zxing,1728,0,0.0028044719,0
zxing,1980,0,0.805128,1
zxing,1818,0,0.008534774,0
zxing,1662,0,0.00705447,0
zxing,1770,0,0.0033724827,0
zxing,1767,0,0.004122537,0
zxing,1795,0,0.92302704,1
zxing,1962,0,0.0008929691,0
zxing,1906,0,0.81381655,1
zxing,1776,0,0.10439205,0
zxing,1729,0,0.0038607696,0
zxing,1955,0,0.075489976,0
zxing,1696,0,0.039571602,0
zxing,1878,0,0.04071538,0
zxing,1825,0,0.006062132,0
zxing,1959,0,0.020142015,0
zxing,1921,0,0.017426565,0
zxing,1856,0,0.37223327,0
zxing,1718,0,0.0024228066,0
zxing,1931,0,0.03640781,0
zxing,1892,0,0.81381655,1
zxing,1769,0,0.0017083975,0
zxing,1807,0,0.020957218,0
zxing,1829,0,0.9288202,1
zxing,1786,0,0.14788145,0
zxing,1702,0,0.0029746338,0
zxing,1979,0,0.96337324,1
zxing,1871,0,0.31290188,0
zxing,1883,0,0.11454086,0
zxing,1930,0,0.10255049,0
zxing,1794,0,0.7691961,1
zxing,1641,0,0.08431547,0
zxing,1723,0,0.036324587,0
zxing,1737,0,0.010228293,0
zxing,1900,0,0.0030731221,0
zxing,1914,0,0.032380395,0
zxing,1865,0,0.017471537,0
zxing,1741,0,0.076970704,0
zxing,1904,0,0.020838546,0
zxing,1926,0,0.10706789,0
zxing,1860,0,0.3147037,0
zxing,1750,0,0.0017272932,0
zxing,1708,0,0.041617054,0
zxing,1890,0,0.86485213,1
zxing,1664,0,0.0049127196,0
zxing,1692,0,0.0052671097,0
zxing,1732,0,0.015140104,0
zxing,1965,0,0.10463068,0
zxing,1978,0,0.951525,1
zxing,1725,0,0.30564597,0
zxing,1771,0,0.002427631,0
zxing,1828,0,0.8128355,1
