Target_Project,Test_Index,True_Label,Predicted_Prob,Predicted_Label
achilles,3072,0,0.09581989049911503,0
achilles,3986,0,0.09581989049911503,0
achilles,3606,0,0.09581989049911503,0
achilles,3646,0,0.09581989049911503,0
achilles,2942,0,0.09581989049911503,0
achilles,3648,0,0.09581989049911503,0
achilles,3813,0,0.09581989049911503,0
achilles,3208,0,0.09581989049911503,0
achilles,2879,0,0.09581989049911503,0
achilles,3704,0,0.09581989049911503,0
achilles,2989,0,0.09581989049911503,0
achilles,4045,0,0.09581989049911503,0
achilles,3261,0,0.09581989049911503,0
achilles,3501,0,0.09581989049911503,0
achilles,3935,0,0.09581989049911503,0
achilles,2825,0,0.09581989049911503,0
achilles,3878,0,0.09581989049911503,0
achilles,3466,0,0.09581989049911503,0
achilles,2889,0,0.09581989049911503,0
achilles,3896,0,0.09581989049911503,0
achilles,3372,0,0.09581989049911503,0
achilles,3721,0,0.09581989049911503,0
achilles,3176,0,0.09581989049911503,0
achilles,2895,0,0.09581989049911503,0
achilles,3142,0,0.09581989049911503,0
achilles,4037,0,0.09581989049911503,0
achilles,2972,0,0.09581989049911503,0
achilles,3230,0,0.09581989049911503,0
achilles,3241,0,0.09581989049911503,0
achilles,3396,0,0.09581989049911503,0
achilles,3997,0,0.09581989049911503,0
achilles,3306,0,0.09581989049911503,0
achilles,3598,0,0.09581989049911503,0
achilles,3831,0,0.09581989049911503,0
achilles,3237,0,0.09581989049911503,0
achilles,2952,0,0.09581989049911503,0
achilles,2848,0,0.09581989049911503,0
achilles,2887,0,0.09581989049911503,0
achilles,3645,0,0.09581989049911503,0
achilles,3422,0,0.09581989049911503,0
achilles,3709,0,0.09581989049911503,0
achilles,3226,0,0.09581989049911503,0
achilles,3369,0,0.09581989049911503,0
achilles,3708,0,0.09581989049911503,0
achilles,3942,0,0.09581989049911503,0
achilles,2946,0,0.09581989049911503,0
achilles,3523,0,0.09581989049911503,0
achilles,2832,0,0.09581989049911503,0
achilles,2824,0,0.09581989049911503,0
achilles,2801,0,0.09581989049911503,0
achilles,4024,0,0.09581989049911503,0
achilles,3936,0,0.09581989049911503,0
achilles,3284,0,0.09581989049911503,0
achilles,3408,0,0.09581989049911503,0
achilles,4059,0,0.09581989049911503,0
achilles,3130,0,0.09581989049911503,0
achilles,3151,0,0.09581989049911503,0
achilles,3600,0,0.09581989049911503,0
achilles,3136,0,0.09581989049911503,0
achilles,3029,0,0.09581989049911503,0
achilles,3264,0,0.09581989049911503,0
achilles,3227,0,0.09581989049911503,0
achilles,4027,0,0.09581989049911503,0
achilles,3726,0,0.09581989049911503,0
achilles,3849,0,0.09581989049911503,0
achilles,3914,0,0.09581989049911503,0
achilles,3395,0,0.09581989049911503,0
achilles,3765,0,0.09581989049911503,0
achilles,2817,0,0.09581989049911503,0
achilles,3551,0,0.09581989049911503,0
achilles,2820,0,0.09581989049911503,0
achilles,3079,0,0.09581989049911503,0
achilles,3087,0,0.09581989049911503,0
achilles,2926,0,0.09581989049911503,0
achilles,3323,0,0.09581989049911503,0
achilles,2871,0,0.09581989049911503,0
achilles,3746,0,0.09581989049911503,0
achilles,3012,0,0.09581989049911503,0
achilles,3665,0,0.09581989049911503,0
achilles,3680,0,0.09581989049911503,0
achilles,2900,0,0.09581989049911503,0
achilles,3258,0,0.09581989049911503,0
achilles,2810,0,0.09581989049911503,0
achilles,2857,0,0.09581989049911503,0
achilles,3922,0,0.09581989049911503,0
achilles,3091,0,0.09581989049911503,0
achilles,3702,0,0.09581989049911503,0
achilles,3801,0,0.09581989049911503,0
achilles,3199,0,0.09581989049911503,0
achilles,3055,0,0.09581989049911503,0
achilles,2979,0,0.09581989049911503,0
achilles,3038,0,0.09581989049911503,0
achilles,3894,0,0.09581989049911503,0
achilles,3757,0,0.09581989049911503,0
achilles,3863,0,0.09581989049911503,0
achilles,3844,0,0.09581989049911503,0
achilles,3123,0,0.09581989049911503,0
achilles,3455,0,0.09581989049911503,0
achilles,3394,0,0.09581989049911503,0
achilles,2998,0,0.09581989049911503,0
achilles,3132,0,0.09581989049911503,0
achilles,3415,0,0.09581989049911503,0
achilles,3941,0,0.09581989049911503,0
achilles,3907,0,0.09581989049911503,0
achilles,4004,0,0.09581989049911503,0
achilles,3877,0,0.09581989049911503,0
achilles,2984,0,0.09581989049911503,0
achilles,3193,0,0.09581989049911503,0
achilles,3956,0,0.09581989049911503,0
achilles,2950,0,0.09581989049911503,0
achilles,3335,0,0.09581989049911503,0
achilles,3225,0,0.09581989049911503,0
achilles,3970,0,0.09581989049911503,0
achilles,3566,0,0.09581989049911503,0
achilles,3464,0,0.09581989049911503,0
achilles,4010,0,0.09581989049911503,0
achilles,3138,0,0.09581989049911503,0
achilles,3005,0,0.09581989049911503,0
achilles,3840,0,0.09581989049911503,0
achilles,4013,0,0.09581989049911503,0
achilles,4099,0,0.09581989049911503,0
achilles,3190,0,0.09581989049911503,0
achilles,3876,0,0.09581989049911503,0
achilles,2821,0,0.09581989049911503,0
achilles,3247,0,0.09581989049911503,0
achilles,3008,0,0.09581989049911503,0
achilles,3188,0,0.09581989049911503,0
achilles,4105,0,0.09581989049911503,0
achilles,3836,0,0.09581989049911503,0
achilles,3663,0,0.09581989049911503,0
achilles,3601,0,0.09581989049911503,0
achilles,3426,0,0.09581989049911503,0
achilles,2880,0,0.09581989049911503,0
achilles,4046,0,0.09581989049911503,0
achilles,3830,0,0.09581989049911503,0
achilles,3104,0,0.09581989049911503,0
achilles,2983,0,0.09581989049911503,0
achilles,3524,0,0.09581989049911503,0
achilles,3239,0,0.09581989049911503,0
achilles,3148,0,0.09581989049911503,0
achilles,2948,0,0.09581989049911503,0
achilles,3272,0,0.09581989049911503,0
achilles,2798,0,0.09581989049911503,0
achilles,3062,0,0.09581989049911503,0
achilles,3568,0,0.09581989049911503,0
achilles,2978,0,0.09581989049911503,0
achilles,3795,0,0.09581989049911503,0
achilles,4053,0,0.09581989049911503,0
achilles,3179,0,0.09581989049911503,0
achilles,2929,0,0.09581989049911503,0
achilles,3960,0,0.09581989049911503,0
achilles,2806,0,0.09581989049911503,0
achilles,4086,0,0.09581989049911503,0
achilles,3792,0,0.09581989049911503,0
achilles,3470,0,0.09581989049911503,0
achilles,3001,0,0.09581989049911503,0
achilles,3619,0,0.09581989049911503,0
achilles,3477,0,0.09581989049911503,0
achilles,3206,0,0.09581989049911503,0
achilles,3864,0,0.09581989049911503,0
achilles,4056,0,0.09581989049911503,0
achilles,3901,0,0.09581989049911503,0
achilles,3438,0,0.09581989049911503,0
achilles,2856,0,0.09581989049911503,0
achilles,3618,0,0.09581989049911503,0
achilles,2990,0,0.09581989049911503,0
achilles,3945,0,0.09581989049911503,0
achilles,3703,0,0.09581989049911503,0
achilles,3436,0,0.09581989049911503,0
achilles,3137,0,0.09581989049911503,0
achilles,3280,0,0.09581989049911503,0
achilles,2829,0,0.09581989049911503,0
achilles,2822,0,0.09581989049911503,0
achilles,3122,0,0.09581989049911503,0
achilles,4015,0,0.09581989049911503,0
achilles,3112,0,0.09581989049911503,0
achilles,3617,0,0.09581989049911503,0
achilles,4066,0,0.09581989049911503,0
achilles,4112,0,0.09581989049911503,0
achilles,3300,0,0.09581989049911503,0
achilles,3159,0,0.09581989049911503,0
achilles,3461,0,0.09581989049911503,0
achilles,2953,0,0.09581989049911503,0
achilles,3676,0,0.09581989049911503,0
achilles,3794,0,0.09581989049911503,0
achilles,3939,0,0.09581989049911503,0
achilles,3531,0,0.09581989049911503,0
achilles,3463,0,0.09581989049911503,0
achilles,3356,0,0.09581989049911503,0
achilles,3734,0,0.09581989049911503,0
achilles,3900,0,0.09581989049911503,0
achilles,3756,0,0.09581989049911503,0
achilles,3647,0,0.09581989049911503,0
achilles,3277,0,0.09581989049911503,0
achilles,3232,0,0.09581989049911503,0
achilles,3777,0,0.09581989049911503,0
achilles,3245,0,0.09581989049911503,0
achilles,2993,0,0.09581989049911503,0
achilles,3433,0,0.09581989049911503,0
achilles,3923,0,0.09581989049911503,0
achilles,3820,0,0.09581989049911503,0
achilles,3378,0,0.09581989049911503,0
achilles,2939,0,0.09581989049911503,0
achilles,3451,0,0.09581989049911503,0
achilles,3823,0,0.09581989049911503,0
achilles,3577,0,0.09581989049911503,0
achilles,3987,0,0.09581989049911503,0
achilles,2986,0,0.09581989049911503,0
achilles,3673,0,0.09581989049911503,0
achilles,3584,0,0.09581989049911503,0
achilles,3214,0,0.09581989049911503,0
achilles,3058,0,0.09581989049911503,0
achilles,3211,0,0.09581989049911503,0
achilles,2955,0,0.09581989049911503,0
achilles,3818,0,0.09581989049911503,0
achilles,2883,0,0.09581989049911503,0
achilles,3785,0,0.09581989049911503,0
achilles,3608,0,0.09581989049911503,0
achilles,3507,0,0.09581989049911503,0
achilles,3632,0,0.09581989049911503,0
achilles,3410,0,0.09581989049911503,0
achilles,4001,0,0.09581989049911503,0
achilles,4008,0,0.09581989049911503,0
achilles,4022,0,0.09581989049911503,0
achilles,4103,0,0.09581989049911503,0
achilles,3592,0,0.09581989049911503,0
achilles,3722,0,0.09581989049911503,0
achilles,3266,0,0.09581989049911503,0
achilles,3553,0,0.09581989049911503,0
achilles,2923,0,0.09581989049911503,0
achilles,3274,0,0.09581989049911503,0
achilles,3791,0,0.09581989049911503,0
achilles,3146,0,0.09581989049911503,0
achilles,2996,0,0.09581989049911503,0
achilles,3002,0,0.09581989049911503,0
achilles,2905,0,0.09581989049911503,0
achilles,3469,0,0.09581989049911503,0
achilles,4047,0,0.09581989049911503,0
achilles,3989,0,0.09581989049911503,0
achilles,3246,0,0.09581989049911503,0
achilles,3107,0,0.09581989049911503,0
achilles,3492,0,0.09581989049911503,0
achilles,3982,0,0.09581989049911503,0
achilles,3668,0,0.09581989049911503,0
achilles,3865,0,0.09581989049911503,0
achilles,3114,0,0.09581989049911503,0
achilles,3332,0,0.09581989049911503,0
achilles,3591,0,0.09581989049911503,0
achilles,2846,0,0.09581989049911503,0
achilles,3066,0,0.09581989049911503,0
achilles,3362,0,0.09581989049911503,0
achilles,4087,0,0.09581989049911503,0
achilles,3298,0,0.09581989049911503,0
achilles,3162,0,0.09581989049911503,0
achilles,2902,0,0.09581989049911503,0
achilles,3696,0,0.09581989049911503,0
achilles,3594,0,0.09581989049911503,0
achilles,2968,0,0.09581989049911503,0
achilles,2853,0,0.09581989049911503,0
achilles,3331,0,0.09581989049911503,0
achilles,3910,0,0.09581989049911503,0
achilles,3429,0,0.09581989049911503,0
achilles,3539,0,0.09581989049911503,0
achilles,3399,0,0.09581989049911503,0
achilles,3370,0,0.09581989049911503,0
achilles,3328,0,0.09581989049911503,0
achilles,2882,0,0.09581989049911503,0
achilles,3559,0,0.09581989049911503,0
achilles,3093,0,0.09581989049911503,0
achilles,3134,0,0.09581989049911503,0
achilles,2796,0,0.09581989049911503,0
achilles,3779,0,0.09581989049911503,0
achilles,3946,0,0.09581989049911503,0
achilles,3821,0,0.09581989049911503,0
achilles,3320,0,0.09581989049911503,0
achilles,3439,0,0.09581989049911503,0
achilles,2957,0,0.09581989049911503,0
achilles,3240,0,0.09581989049911503,0
achilles,2973,0,0.09581989049911503,0
achilles,3495,0,0.09581989049911503,0
achilles,3776,0,0.09581989049911503,0
achilles,4057,0,0.09581989049911503,0
achilles,3321,0,0.09581989049911503,0
achilles,3720,0,0.09581989049911503,0
achilles,3628,0,0.09581989049911503,0
achilles,3979,0,0.09581989049911503,0
achilles,2961,0,0.09581989049911503,0
achilles,3613,0,0.09581989049911503,0
achilles,3007,0,0.09581989049911503,0
achilles,3980,0,0.09581989049911503,0
achilles,3730,0,0.09581989049911503,0
achilles,3096,0,0.09581989049911503,0
achilles,4095,0,0.09581989049911503,0
achilles,3991,0,0.09581989049911503,0
achilles,3515,0,0.09581989049911503,0
achilles,3621,0,0.09581989049911503,0
achilles,3767,0,0.09581989049911503,0
achilles,3417,0,0.09581989049911503,0
achilles,2850,0,0.09581989049911503,0
achilles,2937,0,0.09581989049911503,0
achilles,3869,0,0.09581989049911503,0
achilles,4063,0,0.09581989049911503,0
achilles,3705,0,0.09581989049911503,0
achilles,3839,0,0.09581989049911503,0
achilles,3773,0,0.09581989049911503,0
achilles,3800,0,0.09581989049911503,0
achilles,2964,0,0.09581989049911503,0
achilles,3334,0,0.09581989049911503,0
achilles,2849,0,0.09581989049911503,0
achilles,3490,0,0.09581989049911503,0
achilles,2834,0,0.09581989049911503,0
achilles,3633,0,0.09581989049911503,0
achilles,2814,0,0.09581989049911503,0
achilles,2888,0,0.09581989049911503,0
achilles,2876,0,0.09581989049911503,0
achilles,3845,0,0.09581989049911503,0
achilles,2803,0,0.09581989049911503,0
achilles,4036,0,0.09581989049911503,0
achilles,2838,0,0.09581989049911503,0
achilles,3797,0,0.09581989049911503,0
achilles,3729,0,0.09581989049911503,0
achilles,3187,0,0.09581989049911503,0
achilles,3270,0,0.09581989049911503,0
achilles,3296,0,0.09581989049911503,0
achilles,3967,0,0.09581989049911503,0
achilles,3763,0,0.09581989049911503,0
achilles,3758,0,0.09581989049911503,0
achilles,3807,0,0.09581989049911503,0
achilles,2966,0,0.09581989049911503,0
achilles,3319,0,0.09581989049911503,0
achilles,3623,0,0.09581989049911503,0
achilles,3919,0,0.09581989049911503,0
achilles,4109,0,0.09581989049911503,0
achilles,3428,0,0.09581989049911503,0
achilles,3816,0,0.09581989049911503,0
achilles,3111,0,0.09581989049911503,0
achilles,3808,0,0.09581989049911503,0
achilles,3443,0,0.09581989049911503,0
achilles,3267,0,0.09581989049911503,0
achilles,3342,0,0.09581989049911503,0
achilles,3174,0,0.09581989049911503,0
achilles,3636,0,0.09581989049911503,0
achilles,3586,0,0.09581989049911503,0
achilles,2913,0,0.09581989049911503,0
achilles,3163,0,0.09581989049911503,0
achilles,3445,0,0.09581989049911503,0
achilles,2826,0,0.09581989049911503,0
achilles,3421,0,0.09581989049911503,0
achilles,3526,0,0.09581989049911503,0
achilles,3506,0,0.09581989049911503,0
achilles,2980,0,0.09581989049911503,0
achilles,3990,0,0.09581989049911503,0
achilles,2935,0,0.09581989049911503,0
achilles,3965,0,0.09581989049911503,0
achilles,2899,0,0.09581989049911503,0
achilles,3771,0,0.09581989049911503,0
achilles,3885,0,0.09581989049911503,0
achilles,2851,0,0.09581989049911503,0
achilles,4033,0,0.09581989049911503,0
achilles,2873,0,0.09581989049911503,0
achilles,2881,0,0.09581989049911503,0
achilles,3971,0,0.09581989049911503,0
achilles,3542,0,0.09581989049911503,0
achilles,3875,0,0.09581989049911503,0
achilles,3700,0,0.09581989049911503,0
achilles,3348,0,0.09581989049911503,0
achilles,3484,0,0.09581989049911503,0
achilles,3611,0,0.09581989049911503,0
achilles,3022,0,0.09581989049911503,0
achilles,3026,0,0.09581989049911503,0
achilles,3359,0,0.09581989049911503,0
achilles,3431,0,0.09581989049911503,0
achilles,3552,0,0.09581989049911503,0
achilles,2967,0,0.09581989049911503,0
achilles,3543,0,0.09581989049911503,0
achilles,4084,0,0.09581989049911503,0
achilles,2852,0,0.09581989049911503,0
achilles,3156,0,0.09581989049911503,0
achilles,2982,0,0.09581989049911503,0
achilles,3528,0,0.09581989049911503,0
achilles,3119,0,0.09581989049911503,0
achilles,2933,0,0.09581989049911503,0
achilles,3067,0,0.09581989049911503,0
achilles,3283,0,0.09581989049911503,0
achilles,2974,0,0.09581989049911503,0
achilles,3993,0,0.09581989049911503,0
achilles,2914,0,0.09581989049911503,0
achilles,3448,0,0.09581989049911503,0
achilles,3088,0,0.09581989049911503,0
achilles,3868,0,0.09581989049911503,0
achilles,3666,0,0.09581989049911503,0
achilles,3364,0,0.09581989049911503,0
achilles,2811,0,0.09581989049911503,0
achilles,2940,0,0.09581989049911503,0
achilles,3954,0,0.09581989049911503,0
achilles,4032,0,0.09581989049911503,0
achilles,3715,0,0.09581989049911503,0
achilles,3150,0,0.09581989049911503,0
achilles,3145,0,0.09581989049911503,0
achilles,3903,0,0.09581989049911503,0
achilles,3537,0,0.09581989049911503,0
achilles,2938,0,0.09581989049911503,0
achilles,3966,0,0.09581989049911503,0
achilles,3653,0,0.09581989049911503,0
achilles,3236,0,0.09581989049911503,0
achilles,3365,0,0.09581989049911503,0
achilles,3044,0,0.09581989049911503,0
achilles,3075,0,0.09581989049911503,0
achilles,3220,0,0.09581989049911503,0
achilles,3682,0,0.09581989049911503,0
achilles,2934,0,0.09581989049911503,0
achilles,3576,0,0.09581989049911503,0
achilles,2930,0,0.09581989049911503,0
achilles,3518,0,0.09581989049911503,0
achilles,2959,0,0.09581989049911503,0
achilles,3251,0,0.09581989049911503,0
achilles,3978,0,0.09581989049911503,0
achilles,3314,0,0.09581989049911503,0
achilles,3867,0,0.09581989049911503,0
achilles,3834,0,0.09581989049911503,0
achilles,3605,0,0.09581989049911503,0
achilles,3739,0,0.09581989049911503,0
achilles,3407,0,0.09581989049911503,0
achilles,2916,0,0.09581989049911503,0
achilles,3045,0,0.09581989049911503,0
achilles,3981,0,0.09581989049911503,0
achilles,3397,0,0.09581989049911503,0
achilles,3420,0,0.09581989049911503,0
achilles,2951,0,0.09581989049911503,0
achilles,2807,0,0.09581989049911503,0
achilles,3263,0,0.09581989049911503,0
achilles,3204,0,0.09581989049911503,0
achilles,3423,0,0.09581989049911503,0
achilles,3060,0,0.09581989049911503,0
achilles,3706,0,0.09581989049911503,0
achilles,3279,0,0.09581989049911503,0
achilles,3964,0,0.09581989049911503,0
achilles,3215,0,0.09581989049911503,0
achilles,3098,0,0.09581989049911503,0
achilles,3167,0,0.09581989049911503,0
achilles,3716,0,0.09581989049911503,0
achilles,3301,0,0.09581989049911503,0
achilles,4012,0,0.09581989049911503,0
achilles,4026,0,0.09581989049911503,0
achilles,3367,0,0.09581989049911503,0
achilles,4042,0,0.09581989049911503,0
achilles,3557,0,0.09581989049911503,0
achilles,3817,0,0.09581989049911503,0
achilles,3741,0,0.09581989049911503,0
achilles,3177,0,0.09581989049911503,0
achilles,2867,0,0.09581989049911503,0
achilles,3509,0,0.09581989049911503,0
achilles,3590,0,0.09581989049911503,0
achilles,3879,0,0.09581989049911503,0
achilles,3186,0,0.09581989049911503,0
achilles,3030,0,0.09581989049911503,0
achilles,2977,0,0.09581989049911503,0
achilles,3375,0,0.09581989049911503,0
achilles,3975,0,0.09581989049911503,0
achilles,3998,0,0.09581989049911503,0
achilles,3275,0,0.09581989049911503,0
achilles,3554,0,0.09581989049911503,0
achilles,3078,0,0.09581989049911503,0
achilles,3695,0,0.09581989049911503,0
achilles,2804,0,0.09581989049911503,0
achilles,4035,0,0.09581989049911503,0
achilles,3102,0,0.09581989049911503,0
achilles,3103,0,0.09581989049911503,0
achilles,3403,0,0.09581989049911503,0
achilles,3115,0,0.09581989049911503,0
achilles,3125,0,0.09581989049911503,0
achilles,4017,0,0.09581989049911503,0
achilles,3357,0,0.09581989049911503,0
achilles,3034,0,0.09581989049911503,0
achilles,3625,0,0.09581989049911503,0
achilles,3512,0,0.09581989049911503,0
achilles,3287,0,0.09581989049911503,0
achilles,2995,0,0.09581989049911503,0
achilles,3679,0,0.09581989049911503,0
achilles,2947,0,0.09581989049911503,0
achilles,3723,0,0.09581989049911503,0
achilles,2800,0,0.09581989049911503,0
achilles,3198,0,0.09581989049911503,0
achilles,3750,0,0.09581989049911503,0
achilles,3747,0,0.09581989049911503,0
achilles,3475,0,0.09581989049911503,0
achilles,3842,0,0.09581989049911503,0
achilles,3884,0,0.09581989049911503,0
achilles,3689,0,0.09581989049911503,0
achilles,3160,0,0.09581989049911503,0
achilles,3513,0,0.09581989049911503,0
achilles,2903,0,0.09581989049911503,0
achilles,2975,0,0.09581989049911503,0
achilles,2907,0,0.09581989049911503,0
achilles,3411,0,0.09581989049911503,0
achilles,3379,0,0.09581989049911503,0
achilles,3502,0,0.09581989049911503,0
achilles,3467,0,0.09581989049911503,0
achilles,3760,0,0.09581989049911503,0
achilles,3097,0,0.09581989049911503,0
achilles,4106,0,0.09581989049911503,0
achilles,3567,0,0.09581989049911503,0
achilles,4064,0,0.09581989049911503,0
achilles,2866,0,0.09581989049911503,0
achilles,3658,0,0.09581989049911503,0
achilles,3529,0,0.09581989049911503,0
achilles,3880,0,0.09581989049911503,0
achilles,3674,0,0.09581989049911503,0
achilles,3616,0,0.09581989049911503,0
achilles,3902,0,0.09581989049911503,0
achilles,3812,0,0.09581989049911503,0
achilles,3432,0,0.09581989049911503,0
achilles,3678,0,0.09581989049911503,0
achilles,3276,0,0.09581989049911503,0
achilles,2805,0,0.09581989049911503,0
achilles,3759,0,0.09581989049911503,0
achilles,2816,0,0.09581989049911503,0
achilles,3383,0,0.09581989049911503,0
achilles,4079,0,0.09581989049911503,0
achilles,4094,0,0.09581989049911503,0
achilles,3255,0,0.09581989049911503,0
achilles,2885,0,0.09581989049911503,0
achilles,3253,0,0.09581989049911503,0
achilles,3197,0,0.09581989049911503,0
achilles,3337,0,0.09581989049911503,0
achilles,3925,0,0.09581989049911503,0
achilles,3888,0,0.09581989049911503,0
achilles,3154,0,0.09581989049911503,0
achilles,3677,0,0.09581989049911503,0
achilles,3973,0,0.09581989049911503,0
achilles,3811,0,0.09581989049911503,0
achilles,2927,0,0.09581989049911503,0
achilles,3593,0,0.09581989049911503,0
achilles,3032,0,0.09581989049911503,0
achilles,4000,0,0.09581989049911503,0
achilles,4029,0,0.09581989049911503,0
achilles,3483,0,0.09581989049911503,0
achilles,4067,0,0.09581989049911503,0
achilles,4050,0,0.09581989049911503,0
achilles,3489,0,0.09581989049911503,0
achilles,3786,0,0.09581989049911503,0
achilles,3402,0,0.09581989049911503,0
achilles,3069,0,0.09581989049911503,0
achilles,3555,1,0.09581989049911503,0
achilles,3254,0,0.09581989049911503,0
achilles,3440,0,0.09581989049911503,0
achilles,3711,0,0.09581989049911503,0
achilles,3917,0,0.09581989049911503,0
achilles,3850,0,0.09581989049911503,0
achilles,3889,0,0.09581989049911503,0
achilles,3627,0,0.09581989049911503,0
achilles,3056,0,0.09581989049911503,0
achilles,3536,0,0.09581989049911503,0
achilles,2901,0,0.09581989049911503,0
achilles,3790,0,0.09581989049911503,0
achilles,3582,0,0.09581989049911503,0
achilles,3511,0,0.09581989049911503,0
achilles,3293,0,0.09581989049911503,0
achilles,3634,0,0.09581989049911503,0
achilles,3474,0,0.09581989049911503,0
achilles,3589,0,0.09581989049911503,0
achilles,3748,0,0.09581989049911503,0
achilles,3373,0,0.09581989049911503,0
achilles,4100,0,0.09581989049911503,0
achilles,3195,0,0.09581989049911503,0
achilles,3781,0,0.09581989049911503,0
achilles,2918,0,0.09581989049911503,0
achilles,3810,0,0.09581989049911503,0
achilles,3419,0,0.09581989049911503,0
achilles,3733,0,0.09581989049911503,0
achilles,3126,0,0.09581989049911503,0
achilles,3927,0,0.09581989049911503,0
achilles,3404,0,0.09581989049911503,0
achilles,2890,0,0.09581989049911503,0
achilles,2943,0,0.09581989049911503,0
achilles,3010,0,0.09581989049911503,0
achilles,3161,0,0.09581989049911503,0
achilles,2917,0,0.09581989049911503,0
achilles,3036,0,0.09581989049911503,0
achilles,3376,0,0.09581989049911503,0
achilles,3391,0,0.09581989049911503,0
achilles,3329,0,0.09581989049911503,0
achilles,3013,0,0.09581989049911503,0
achilles,3530,0,0.09581989049911503,0
achilles,2962,0,0.09581989049911503,0
achilles,3077,0,0.09581989049911503,0
achilles,3219,0,0.09581989049911503,0
achilles,4062,0,0.09581989049911503,0
achilles,3649,0,0.09581989049911503,0
achilles,3318,0,0.09581989049911503,0
achilles,3336,0,0.09581989049911503,0
achilles,3412,0,0.09581989049911503,0
achilles,3772,0,0.09581989049911503,0
achilles,3189,0,0.09581989049911503,0
achilles,3580,0,0.09581989049911503,0
achilles,3129,0,0.09581989049911503,0
achilles,2869,0,0.09581989049911503,0
achilles,3533,0,0.09581989049911503,0
achilles,3754,0,0.09581989049911503,0
achilles,3604,0,0.09581989049911503,0
achilles,3442,0,0.09581989049911503,0
achilles,3615,0,0.09581989049911503,0
achilles,3453,0,0.09581989049911503,0
achilles,4048,0,0.09581989049911503,0
achilles,3626,0,0.09581989049911503,0
achilles,3549,0,0.09581989049911503,0
achilles,3155,0,0.09581989049911503,0
achilles,4006,0,0.09581989049911503,0
achilles,3063,0,0.09581989049911503,0
achilles,3802,0,0.09581989049911503,0
achilles,3231,0,0.09581989049911503,0
achilles,3221,0,0.09581989049911503,0
achilles,3295,0,0.09581989049911503,0
achilles,3597,0,0.09581989049911503,0
achilles,3025,0,0.09581989049911503,0
achilles,3023,0,0.09581989049911503,0
achilles,3202,0,0.09581989049911503,0
achilles,3698,0,0.09581989049911503,0
achilles,3999,0,0.09581989049911503,0
achilles,3583,0,0.09581989049911503,0
achilles,2878,0,0.09581989049911503,0
achilles,3361,0,0.09581989049911503,0
achilles,3377,0,0.09581989049911503,0
achilles,2965,0,0.09581989049911503,0
achilles,3405,0,0.09581989049911503,0
achilles,3388,0,0.09581989049911503,0
achilles,3762,0,0.09581989049911503,0
achilles,3312,0,0.09581989049911503,0
achilles,3881,1,0.09581989049911503,0
achilles,3200,0,0.09581989049911503,0
achilles,3546,0,0.09581989049911503,0
achilles,3624,0,0.09581989049911503,0
achilles,2837,0,0.09581989049911503,0
achilles,4019,0,0.09581989049911503,0
achilles,3943,0,0.09581989049911503,0
achilles,3841,0,0.09581989049911503,0
achilles,4040,0,0.09581989049911503,0
achilles,4049,0,0.09581989049911503,0
achilles,3595,0,0.09581989049911503,0
achilles,3887,0,0.09581989049911503,0
achilles,3299,0,0.09581989049911503,0
achilles,3932,0,0.09581989049911503,0
achilles,2844,0,0.09581989049911503,0
achilles,3752,0,0.09581989049911503,0
achilles,3732,0,0.09581989049911503,0
achilles,4028,0,0.09581989049911503,0
achilles,3350,0,0.09581989049911503,0
achilles,3724,0,0.09581989049911503,0
achilles,3441,0,0.09581989049911503,0
achilles,3614,0,0.09581989049911503,0
achilles,3833,0,0.09581989049911503,0
achilles,3120,0,0.09581989049911503,0
achilles,3447,0,0.09581989049911503,0
achilles,3521,0,0.09581989049911503,0
achilles,4090,0,0.09581989049911503,0
achilles,3048,0,0.09581989049911503,0
achilles,2898,0,0.09581989049911503,0
achilles,3302,0,0.09581989049911503,0
achilles,3890,0,0.09581989049911503,0
achilles,3804,0,0.09581989049911503,0
achilles,3650,0,0.09581989049911503,0
achilles,4007,0,0.09581989049911503,0
achilles,3256,0,0.09581989049911503,0
achilles,4025,0,0.09581989049911503,0
achilles,3909,0,0.09581989049911503,0
achilles,3911,0,0.09581989049911503,0
achilles,2808,0,0.09581989049911503,0
achilles,3930,0,0.09581989049911503,0
achilles,3558,0,0.09581989049911503,0
achilles,3675,0,0.09581989049911503,0
achilles,4060,0,0.09581989049911503,0
achilles,2904,0,0.09581989049911503,0
achilles,3550,0,0.09581989049911503,0
achilles,2931,0,0.09581989049911503,0
achilles,3106,0,0.09581989049911503,0
achilles,4080,0,0.09581989049911503,0
achilles,3655,0,0.09581989049911503,0
achilles,3775,0,0.09581989049911503,0
achilles,3454,0,0.09581989049911503,0
achilles,3282,0,0.09581989049911503,0
achilles,3522,0,0.09581989049911503,0
achilles,3459,0,0.09581989049911503,0
achilles,3886,0,0.09581989049911503,0
achilles,3544,0,0.09581989049911503,0
achilles,3416,0,0.09581989049911503,0
achilles,3740,0,0.09581989049911503,0
achilles,3213,0,0.09581989049911503,0
achilles,3133,0,0.09581989049911503,0
achilles,3041,0,0.09581989049911503,0
achilles,3265,0,0.09581989049911503,0
achilles,3944,0,0.09581989049911503,0
achilles,3570,0,0.09581989049911503,0
achilles,2809,0,0.09581989049911503,0
achilles,3789,0,0.09581989049911503,0
achilles,3456,0,0.09581989049911503,0
achilles,3262,0,0.09581989049911503,0
achilles,3690,0,0.09581989049911503,0
achilles,3918,0,0.09581989049911503,0
achilles,2922,0,0.09581989049911503,0
achilles,3824,0,0.09581989049911503,0
achilles,3324,0,0.09581989049911503,0
achilles,3117,0,0.09581989049911503,0
achilles,3082,0,0.09581989049911503,0
achilles,3961,0,0.09581989049911503,0
achilles,3051,0,0.09581989049911503,0
achilles,3912,0,0.09581989049911503,0
achilles,3152,0,0.09581989049911503,0
achilles,3100,0,0.09581989049911503,0
achilles,3644,0,0.09581989049911503,0
achilles,4002,0,0.09581989049911503,0
achilles,3257,0,0.09581989049911503,0
achilles,2875,0,0.09581989049911503,0
achilles,3735,0,0.09581989049911503,0
achilles,2858,0,0.09581989049911503,0
achilles,3768,0,0.09581989049911503,0
achilles,3640,0,0.09581989049911503,0
achilles,3761,0,0.09581989049911503,0
achilles,2908,0,0.09581989049911503,0
achilles,3872,0,0.09581989049911503,0
achilles,3476,0,0.09581989049911503,0
achilles,3924,0,0.09581989049911503,0
achilles,3271,0,0.09581989049911503,0
achilles,3235,0,0.09581989049911503,0
achilles,3185,0,0.09581989049911503,0
achilles,3458,0,0.09581989049911503,0
achilles,3390,0,0.09581989049911503,0
achilles,3951,0,0.09581989049911503,0
achilles,4031,0,0.09581989049911503,0
achilles,4073,0,0.09581989049911503,0
achilles,2797,0,0.09581989049911503,0
achilles,3481,0,0.09581989049911503,0
achilles,3920,0,0.09581989049911503,0
achilles,2958,0,0.09581989049911503,0
achilles,4034,0,0.09581989049911503,0
achilles,3218,0,0.09581989049911503,0
achilles,3233,0,0.09581989049911503,0
achilles,3774,0,0.09581989049911503,0
achilles,3089,0,0.09581989049911503,0
achilles,2842,0,0.09581989049911503,0
achilles,3819,0,0.09581989049911503,0
achilles,3809,0,0.09581989049911503,0
achilles,3510,0,0.09581989049911503,0
achilles,3995,0,0.09581989049911503,0
achilles,3070,0,0.09581989049911503,0
achilles,3585,0,0.09581989049911503,0
achilles,3573,0,0.09581989049911503,0
achilles,3697,0,0.09581989049911503,0
achilles,3931,0,0.09581989049911503,0
achilles,3691,0,0.09581989049911503,0
achilles,3053,0,0.09581989049911503,0
achilles,3494,0,0.09581989049911503,0
achilles,3579,0,0.09581989049911503,0
achilles,3124,0,0.09581989049911503,0
achilles,3169,0,0.09581989049911503,0
achilles,2991,0,0.09581989049911503,0
achilles,3899,0,0.09581989049911503,0
achilles,3835,0,0.09581989049911503,0
achilles,2941,0,0.09581989049911503,0
achilles,3832,0,0.09581989049911503,0
achilles,3829,0,0.09581989049911503,0
achilles,3657,0,0.09581989049911503,0
achilles,3393,0,0.09581989049911503,0
achilles,3333,0,0.09581989049911503,0
achilles,3906,0,0.09581989049911503,0
achilles,3639,0,0.09581989049911503,0
achilles,3959,0,0.09581989049911503,0
achilles,4083,0,0.09581989049911503,0
achilles,3882,0,0.09581989049911503,0
achilles,3955,0,0.09581989049911503,0
achilles,3050,0,0.09581989049911503,0
achilles,3857,0,0.09581989049911503,0
achilles,3485,0,0.09581989049911503,0
achilles,3992,0,0.09581989049911503,0
achilles,3620,0,0.09581989049911503,0
achilles,3796,0,0.09581989049911503,0
achilles,3541,0,0.09581989049911503,0
achilles,3560,0,0.09581989049911503,0
achilles,3977,0,0.09581989049911503,0
achilles,3488,0,0.09581989049911503,0
achilles,3128,0,0.09581989049911503,0
achilles,3468,0,0.09581989049911503,0
achilles,3166,0,0.09581989049911503,0
achilles,3587,0,0.09581989049911503,0
achilles,3848,0,0.09581989049911503,0
achilles,3149,0,0.09581989049911503,0
achilles,3315,0,0.09581989049911503,0
achilles,3825,0,0.09581989049911503,0
achilles,3736,0,0.09581989049911503,0
achilles,4005,0,0.09581989049911503,0
achilles,3389,0,0.09581989049911503,0
achilles,3382,0,0.09581989049911503,0
achilles,3866,0,0.09581989049911503,0
achilles,3727,0,0.09581989049911503,0
achilles,2969,0,0.09581989049911503,0
achilles,2960,0,0.09581989049911503,0
achilles,2985,0,0.09581989049911503,0
achilles,3003,0,0.09581989049911503,0
achilles,3094,0,0.09581989049911503,0
achilles,3153,0,0.09581989049911503,0
achilles,3042,0,0.09581989049911503,0
achilles,3603,0,0.09581989049911503,0
achilles,3222,0,0.09581989049911503,0
achilles,3113,0,0.09581989049911503,0
achilles,3478,0,0.09581989049911503,0
achilles,2971,0,0.09581989049911503,0
achilles,3938,0,0.09581989049911503,0
achilles,3638,0,0.09581989049911503,0
achilles,3643,0,0.09581989049911503,0
achilles,3588,0,0.09581989049911503,0
achilles,3081,0,0.09581989049911503,0
achilles,3669,0,0.09581989049911503,0
achilles,3719,0,0.09581989049911503,0
achilles,3496,0,0.09581989049911503,0
achilles,3018,0,0.09581989049911503,0
achilles,3581,0,0.09581989049911503,0
achilles,4061,0,0.09581989049911503,0
achilles,3043,0,0.09581989049911503,0
achilles,3110,0,0.09581989049911503,0
achilles,4044,0,0.09581989049911503,0
achilles,3327,0,0.09581989049911503,0
achilles,3191,0,0.09581989049911503,0
achilles,3351,0,0.09581989049911503,0
achilles,2865,0,0.09581989049911503,0
achilles,3988,0,0.09581989049911503,0
achilles,3686,0,0.09581989049911503,0
achilles,2835,0,0.09581989049911503,0
achilles,4092,0,0.09581989049911503,0
achilles,3525,0,0.09581989049911503,0
achilles,2928,0,0.09581989049911503,0
achilles,3486,0,0.09581989049911503,0
achilles,3731,0,0.09581989049911503,0
achilles,3814,0,0.09581989049911503,0
achilles,3565,0,0.09581989049911503,0
achilles,3303,0,0.09581989049911503,0
achilles,3561,0,0.09581989049911503,0
achilles,3307,0,0.09581989049911503,0
achilles,3806,0,0.09581989049911503,0
achilles,3360,0,0.09581989049911503,0
achilles,3054,0,0.09581989049911503,0
achilles,2830,0,0.09581989049911503,0
achilles,4069,0,0.09581989049911503,0
achilles,3434,0,0.09581989049911503,0
achilles,2919,0,0.09581989049911503,0
achilles,3853,0,0.09581989049911503,0
achilles,3952,0,0.09581989049911503,0
achilles,3574,0,0.09581989049911503,0
achilles,3852,0,0.09581989049911503,0
achilles,4101,0,0.09581989049911503,0
achilles,3015,0,0.09581989049911503,0
achilles,3238,0,0.09581989049911503,0
achilles,2843,0,0.09581989049911503,0
achilles,3141,0,0.09581989049911503,0
achilles,2920,0,0.09581989049911503,0
achilles,3651,0,0.09581989049911503,0
achilles,3316,0,0.09581989049911503,0
achilles,4052,0,0.09581989049911503,0
achilles,3371,0,0.09581989049911503,0
achilles,3569,0,0.09581989049911503,0
achilles,2945,0,0.09581989049911503,0
achilles,3778,0,0.09581989049911503,0
achilles,3183,0,0.09581989049911503,0
achilles,3109,0,0.09581989049911503,0
achilles,3358,0,0.09581989049911503,0
achilles,3933,0,0.09581989049911503,0
achilles,3121,0,0.09581989049911503,0
achilles,3482,0,0.09581989049911503,0
achilles,2802,0,0.09581989049911503,0
achilles,4088,0,0.09581989049911503,0
achilles,3076,0,0.09581989049911503,0
achilles,3224,0,0.09581989049911503,0
achilles,3446,0,0.09581989049911503,0
achilles,3514,0,0.09581989049911503,0
achilles,3547,0,0.09581989049911503,0
achilles,3339,0,0.09581989049911503,0
achilles,3037,0,0.09581989049911503,0
achilles,3424,0,0.09581989049911503,0
achilles,3630,0,0.09581989049911503,0
achilles,3656,0,0.09581989049911503,0
achilles,3341,0,0.09581989049911503,0
achilles,3994,0,0.09581989049911503,0
achilles,3216,0,0.09581989049911503,0
achilles,4051,0,0.09581989049911503,0
achilles,4041,0,0.09581989049911503,0
achilles,4072,0,0.09581989049911503,0
achilles,3596,0,0.09581989049911503,0
achilles,2812,0,0.09581989049911503,0
achilles,3090,0,0.09581989049911503,0
achilles,3516,0,0.09581989049911503,0
achilles,3950,0,0.09581989049911503,0
achilles,4054,0,0.09581989049911503,0
achilles,2836,0,0.09581989049911503,0
achilles,3131,0,0.09581989049911503,0
achilles,3934,0,0.09581989049911503,0
achilles,3764,0,0.09581989049911503,0
achilles,3243,0,0.09581989049911503,0
achilles,3493,0,0.09581989049911503,0
achilles,3874,0,0.09581989049911503,0
achilles,4055,0,0.09581989049911503,0
achilles,3860,0,0.09581989049911503,0
achilles,3028,0,0.09581989049911503,0
achilles,3873,0,0.09581989049911503,0
achilles,3027,0,0.09581989049911503,0
achilles,3381,0,0.09581989049911503,0
achilles,3210,0,0.09581989049911503,0
achilles,3101,0,0.09581989049911503,0
achilles,3892,1,0.09581989049911503,0
achilles,3662,0,0.09581989049911503,0
achilles,3699,0,0.09581989049911503,0
achilles,2886,0,0.09581989049911503,0
achilles,3538,0,0.09581989049911503,0
achilles,3024,0,0.09581989049911503,0
achilles,3278,0,0.09581989049911503,0
achilles,3252,0,0.09581989049911503,0
achilles,2855,0,0.09581989049911503,0
achilles,2864,0,0.09581989049911503,0
achilles,3766,0,0.09581989049911503,0
achilles,3000,0,0.09581989049911503,0
achilles,3556,0,0.09581989049911503,0
achilles,3355,0,0.09581989049911503,0
achilles,3631,0,0.09581989049911503,0
achilles,2799,0,0.09581989049911503,0
achilles,3139,0,0.09581989049911503,0
achilles,3784,0,0.09581989049911503,0
achilles,2892,0,0.09581989049911503,0
achilles,3217,0,0.09581989049911503,0
achilles,3462,0,0.09581989049911503,0
achilles,3033,0,0.09581989049911503,0
achilles,2863,0,0.09581989049911503,0
achilles,2896,0,0.09581989049911503,0
achilles,3738,0,0.09581989049911503,0
achilles,4111,0,0.09581989049911503,0
achilles,3851,0,0.09581989049911503,0
achilles,3192,0,0.09581989049911503,0
achilles,3838,0,0.09581989049911503,0
achilles,3006,0,0.09581989049911503,0
achilles,3009,0,0.09581989049911503,0
achilles,4039,0,0.09581989049911503,0
achilles,3095,0,0.09581989049911503,0
achilles,3503,0,0.09581989049911503,0
achilles,3535,0,0.09581989049911503,0
achilles,3019,0,0.09581989049911503,0
achilles,2963,0,0.09581989049911503,0
achilles,3165,0,0.09581989049911503,0
achilles,3164,0,0.09581989049911503,0
achilles,4093,0,0.09581989049911503,0
achilles,4085,0,0.09581989049911503,0
achilles,4108,0,0.09581989049911503,0
achilles,2925,0,0.09581989049911503,0
achilles,3717,0,0.09581989049911503,0
achilles,3684,0,0.09581989049911503,0
achilles,3958,0,0.09581989049911503,0
achilles,3086,0,0.09581989049911503,0
achilles,3340,0,0.09581989049911503,0
achilles,3099,0,0.09581989049911503,0
achilles,3984,0,0.09581989049911503,0
achilles,3508,0,0.09581989049911503,0
achilles,3667,0,0.09581989049911503,0
achilles,3285,0,0.09581989049911503,0
achilles,3011,0,0.09581989049911503,0
achilles,3465,0,0.09581989049911503,0
achilles,3712,0,0.09581989049911503,0
achilles,3471,0,0.09581989049911503,0
achilles,3545,0,0.09581989049911503,0
achilles,3305,0,0.09581989049911503,0
achilles,3612,0,0.09581989049911503,0
achilles,3259,0,0.09581989049911503,0
achilles,2884,0,0.09581989049911503,0
achilles,3504,0,0.09581989049911503,0
achilles,3343,0,0.09581989049911503,0
achilles,3286,0,0.09581989049911503,0
achilles,3805,0,0.09581989049911503,0
achilles,3297,0,0.09581989049911503,0
achilles,3172,0,0.09581989049911503,0
achilles,4021,0,0.09581989049911503,0
achilles,3250,0,0.09581989049911503,0
achilles,4043,0,0.09581989049911503,0
achilles,3425,0,0.09581989049911503,0
achilles,2921,0,0.09581989049911503,0
achilles,3180,0,0.09581989049911503,0
achilles,3450,0,0.09581989049911503,0
achilles,3575,0,0.09581989049911503,0
achilles,3491,0,0.09581989049911503,0
achilles,2949,0,0.09581989049911503,0
achilles,3688,0,0.09581989049911503,0
achilles,3242,0,0.09581989049911503,0
achilles,3499,0,0.09581989049911503,0
achilles,3064,0,0.09581989049911503,0
achilles,3940,0,0.09581989049911503,0
achilles,3710,0,0.09581989049911503,0
achilles,3273,0,0.09581989049911503,0
achilles,3497,0,0.09581989049911503,0
achilles,3021,0,0.09581989049911503,0
achilles,3974,0,0.09581989049911503,0
achilles,3505,0,0.09581989049911503,0
achilles,3949,0,0.09581989049911503,0
achilles,3046,0,0.09581989049911503,0
achilles,3052,0,0.09581989049911503,0
achilles,3870,0,0.09581989049911503,0
achilles,3753,0,0.09581989049911503,0
achilles,3714,0,0.09581989049911503,0
achilles,2999,0,0.09581989049911503,0
achilles,3437,0,0.09581989049911503,0
achilles,3572,0,0.09581989049911503,0
achilles,3755,0,0.09581989049911503,0
achilles,3948,0,0.09581989049911503,0
achilles,3520,0,0.09581989049911503,0
achilles,3745,0,0.09581989049911503,0
achilles,3563,0,0.09581989049911503,0
achilles,3291,0,0.09581989049911503,0
achilles,3380,0,0.09581989049911503,0
achilles,3311,0,0.09581989049911503,0
achilles,3855,0,0.09581989049911503,0
achilles,3059,0,0.09581989049911503,0
achilles,2910,0,0.09581989049911503,0
achilles,3168,0,0.09581989049911503,0
achilles,3769,0,0.09581989049911503,0
achilles,2891,0,0.09581989049911503,0
achilles,3780,0,0.09581989049911503,0
achilles,3049,0,0.09581989049911503,0
achilles,3856,0,0.09581989049911503,0
achilles,3310,0,0.09581989049911503,0
achilles,4075,0,0.09581989049911503,0
achilles,3116,0,0.09581989049911503,0
achilles,4009,0,0.09581989049911503,0
achilles,2954,0,0.09581989049911503,0
achilles,3681,0,0.09581989049911503,0
achilles,2831,0,0.09581989049911503,0
achilles,3085,0,0.09581989049911503,0
achilles,3472,0,0.09581989049911503,0
achilles,3353,0,0.09581989049911503,0
achilles,3983,0,0.09581989049911503,0
achilles,3609,0,0.09581989049911503,0
achilles,3184,0,0.09581989049911503,0
achilles,3435,0,0.09581989049911503,0
achilles,3157,0,0.09581989049911503,0
achilles,3449,0,0.09581989049911503,0
achilles,2813,0,0.09581989049911503,0
achilles,3828,0,0.09581989049911503,0
achilles,3444,0,0.09581989049911503,0
achilles,3031,0,0.09581989049911503,0
achilles,2823,0,0.09581989049911503,0
achilles,3937,0,0.09581989049911503,0
achilles,2818,0,0.09581989049911503,0
achilles,3294,0,0.09581989049911503,0
achilles,3457,0,0.09581989049911503,0
achilles,3847,0,0.09581989049911503,0
achilles,3622,0,0.09581989049911503,0
achilles,3788,0,0.09581989049911503,0
achilles,3635,0,0.09581989049911503,0
achilles,3244,0,0.09581989049911503,0
achilles,2924,0,0.09581989049911503,0
achilles,3929,0,0.09581989049911503,0
achilles,3480,0,0.09581989049911503,0
achilles,2841,0,0.09581989049911503,0
achilles,3292,0,0.09581989049911503,0
achilles,4065,0,0.09581989049911503,0
achilles,3352,0,0.09581989049911503,0
achilles,4107,0,0.09581989049911503,0
achilles,3837,0,0.09581989049911503,0
achilles,3962,0,0.09581989049911503,0
achilles,2976,0,0.09581989049911503,0
achilles,3366,0,0.09581989049911503,0
achilles,3725,0,0.09581989049911503,0
achilles,3928,0,0.09581989049911503,0
achilles,3330,0,0.09581989049911503,0
achilles,3182,0,0.09581989049911503,0
achilles,3751,0,0.09581989049911503,0
achilles,3326,0,0.09581989049911503,0
achilles,3354,0,0.09581989049911503,0
achilles,3713,0,0.09581989049911503,0
achilles,3196,0,0.09581989049911503,0
achilles,3074,0,0.09581989049911503,0
achilles,3158,0,0.09581989049911503,0
achilles,3487,0,0.09581989049911503,0
achilles,2893,0,0.09581989049911503,0
achilles,2860,0,0.09581989049911503,0
achilles,3460,0,0.09581989049911503,0
achilles,3782,0,0.09581989049911503,0
achilles,3401,0,0.09581989049911503,0
achilles,3479,0,0.09581989049911503,0
achilles,3895,0,0.09581989049911503,0
achilles,4068,0,0.09581989049911503,0
achilles,3861,0,0.09581989049911503,0
achilles,3144,0,0.09581989049911503,0
achilles,3175,0,0.09581989049911503,0
achilles,3068,0,0.09581989049911503,0
achilles,3737,0,0.09581989049911503,0
achilles,3803,0,0.09581989049911503,0
achilles,3660,0,0.09581989049911503,0
achilles,3317,0,0.09581989049911503,0
achilles,3452,0,0.09581989049911503,0
achilles,3288,0,0.09581989049911503,0
achilles,2936,0,0.09581989049911503,0
achilles,4091,0,0.09581989049911503,0
achilles,2870,0,0.09581989049911503,0
achilles,2906,0,0.09581989049911503,0
achilles,3083,0,0.09581989049911503,0
achilles,3913,0,0.09581989049911503,0
achilles,2944,0,0.09581989049911503,0
achilles,4074,0,0.09581989049911503,0
achilles,3637,0,0.09581989049911503,0
achilles,2912,0,0.09581989049911503,0
achilles,3143,0,0.09581989049911503,0
achilles,3969,0,0.09581989049911503,0
achilles,2970,0,0.09581989049911503,0
achilles,2862,0,0.09581989049911503,0
achilles,3953,0,0.09581989049911503,0
achilles,3304,0,0.09581989049911503,0
achilles,2997,0,0.09581989049911503,0
achilles,3171,0,0.09581989049911503,0
achilles,4016,0,0.09581989049911503,0
achilles,3599,0,0.09581989049911503,0
achilles,3683,0,0.09581989049911503,0
achilles,3728,0,0.09581989049911503,0
achilles,4003,0,0.09581989049911503,0
achilles,3047,0,0.09581989049911503,0
achilles,3498,0,0.09581989049911503,0
achilles,3904,0,0.09581989049911503,0
achilles,3248,0,0.09581989049911503,0
achilles,2827,0,0.09581989049911503,0
achilles,3972,0,0.09581989049911503,0
achilles,4082,0,0.09581989049911503,0
achilles,3629,0,0.09581989049911503,0
achilles,3127,0,0.09581989049911503,0
achilles,3693,0,0.09581989049911503,0
achilles,3268,0,0.09581989049911503,0
achilles,3916,0,0.09581989049911503,0
achilles,3409,0,0.09581989049911503,0
achilles,4011,0,0.09581989049911503,0
achilles,3234,0,0.09581989049911503,0
achilles,3957,0,0.09581989049911503,0
achilles,3313,0,0.09581989049911503,0
achilles,3346,0,0.09581989049911503,0
achilles,2981,0,0.09581989049911503,0
achilles,2956,0,0.09581989049911503,0
achilles,3707,0,0.09581989049911503,0
achilles,3398,0,0.09581989049911503,0
achilles,3065,0,0.09581989049911503,0
achilles,3203,0,0.09581989049911503,0
achilles,3080,0,0.09581989049911503,0
achilles,3147,0,0.09581989049911503,0
achilles,4071,1,0.09581989049911503,0
achilles,4038,0,0.09581989049911503,0
achilles,4102,0,0.09581989049911503,0
achilles,3996,0,0.09581989049911503,0
achilles,2987,0,0.09581989049911503,0
achilles,3430,0,0.09581989049911503,0
achilles,3908,0,0.09581989049911503,0
achilles,3822,0,0.09581989049911503,0
achilles,3534,0,0.09581989049911503,0
achilles,3212,0,0.09581989049911503,0
achilles,2894,0,0.09581989049911503,0
achilles,2909,0,0.09581989049911503,0
achilles,3020,0,0.09581989049911503,0
achilles,4081,0,0.09581989049911503,0
achilles,4077,0,0.09581989049911503,0
achilles,4076,0,0.09581989049911503,0
achilles,3641,0,0.09581989049911503,0
achilles,2915,0,0.09581989049911503,0
achilles,3181,0,0.09581989049911503,0
achilles,3694,0,0.09581989049911503,0
achilles,2815,0,0.09581989049911503,0
achilles,3744,0,0.09581989049911503,0
achilles,3743,0,0.09581989049911503,0
achilles,3659,0,0.09581989049911503,0
achilles,3084,0,0.09581989049911503,0
achilles,3108,0,0.09581989049911503,0
achilles,3308,0,0.09581989049911503,0
achilles,3400,0,0.09581989049911503,0
achilles,2833,0,0.09581989049911503,0
achilles,3170,0,0.09581989049911503,0
achilles,3893,0,0.09581989049911503,0
achilles,4014,0,0.09581989049911503,0
achilles,3963,0,0.09581989049911503,0
achilles,3269,0,0.09581989049911503,0
achilles,2868,0,0.09581989049911503,0
achilles,4098,0,0.09581989049911503,0
achilles,3898,0,0.09581989049911503,0
achilles,3770,0,0.09581989049911503,0
achilles,3384,0,0.09581989049911503,0
achilles,2932,0,0.09581989049911503,0
achilles,3578,0,0.09581989049911503,0
achilles,3386,0,0.09581989049911503,0
achilles,3692,0,0.09581989049911503,0
achilles,3602,0,0.09581989049911503,0
achilles,3387,0,0.09581989049911503,0
activiti,5576,0,0.3745987990072795,0
activiti,6467,0,0.3745987990072795,0
activiti,7340,0,0.3745987990072795,0
activiti,6924,0,0.3745987990072795,0
activiti,6110,0,0.3745987990072795,0
activiti,5953,0,0.3745987990072795,0
activiti,6827,0,0.3745987990072795,0
activiti,6152,0,0.3745987990072795,0
activiti,5452,0,0.3745987990072795,0
activiti,7182,0,0.3745987990072795,0
activiti,7331,0,0.3745987990072795,0
activiti,6370,0,0.3745987990072795,0
activiti,5809,0,0.3745987990072795,0
activiti,5632,0,0.3745987990072795,0
activiti,7016,0,0.3745987990072795,0
activiti,6085,0,0.3745987990072795,0
activiti,6355,0,0.3745987990072795,0
activiti,5488,0,0.3745987990072795,0
activiti,5686,0,0.3745987990072795,0
activiti,5850,0,0.3745987990072795,0
activiti,6186,0,0.3745987990072795,0
activiti,7097,0,0.3745987990072795,0
activiti,6874,0,0.3745987990072795,0
activiti,5943,0,0.3745987990072795,0
activiti,7342,0,0.3745987990072795,0
activiti,6994,0,0.3745987990072795,0
activiti,7159,0,0.3745987990072795,0
activiti,7173,0,0.3745987990072795,0
activiti,6294,0,0.3745987990072795,0
activiti,7125,0,0.3745987990072795,0
activiti,6683,1,0.3745987990072795,0
activiti,6076,0,0.3745987990072795,0
activiti,6376,0,0.3745987990072795,0
activiti,7089,0,0.3745987990072795,0
activiti,7361,0,0.3745987990072795,0
activiti,6108,0,0.3745987990072795,0
activiti,6190,0,0.3745987990072795,0
activiti,7380,0,0.3745987990072795,0
activiti,6840,0,0.3745987990072795,0
activiti,6038,0,0.3745987990072795,0
activiti,5925,0,0.3745987990072795,0
activiti,6596,0,0.3745987990072795,0
activiti,7341,0,0.3745987990072795,0
activiti,6607,0,0.3745987990072795,0
activiti,6131,0,0.3745987990072795,0
activiti,7326,0,0.3745987990072795,0
activiti,5510,0,0.3745987990072795,0
activiti,6907,0,0.3745987990072795,0
activiti,6339,0,0.3745987990072795,0
activiti,7432,0,0.3745987990072795,0
activiti,5556,0,0.3745987990072795,0
activiti,6061,0,0.3745987990072795,0
activiti,6501,0,0.3745987990072795,0
activiti,5908,0,0.3745987990072795,0
activiti,6413,0,0.3745987990072795,0
activiti,6916,0,0.3745987990072795,0
activiti,7116,0,0.3745987990072795,0
activiti,5578,0,0.3745987990072795,0
activiti,6432,0,0.3745987990072795,0
activiti,7073,0,0.3745987990072795,0
activiti,6313,0,0.3745987990072795,0
activiti,6164,0,0.3745987990072795,0
activiti,6149,0,0.3745987990072795,0
activiti,5418,0,0.3745987990072795,0
activiti,7053,0,0.3745987990072795,0
activiti,5562,0,0.3745987990072795,0
activiti,7334,0,0.3745987990072795,0
activiti,6265,0,0.3745987990072795,0
activiti,6986,0,0.3745987990072795,0
activiti,7195,0,0.3745987990072795,0
activiti,6083,0,0.3745987990072795,0
activiti,6533,0,0.3745987990072795,0
activiti,6697,0,0.3745987990072795,0
activiti,5972,0,0.3745987990072795,0
activiti,5818,0,0.3745987990072795,0
activiti,6325,0,0.3745987990072795,0
activiti,6430,0,0.3745987990072795,0
activiti,7330,0,0.3745987990072795,0
activiti,5759,0,0.3745987990072795,0
activiti,7311,0,0.3745987990072795,0
activiti,7275,0,0.3745987990072795,0
activiti,5664,0,0.3745987990072795,0
activiti,7085,0,0.3745987990072795,0
activiti,6259,0,0.3745987990072795,0
activiti,6363,0,0.3745987990072795,0
activiti,5647,0,0.3745987990072795,0
activiti,7031,0,0.3745987990072795,0
activiti,6336,0,0.3745987990072795,0
activiti,5666,0,0.3745987990072795,0
activiti,6392,0,0.3745987990072795,0
activiti,7277,0,0.3745987990072795,0
activiti,6921,0,0.3745987990072795,0
activiti,6824,0,0.3745987990072795,0
activiti,7107,0,0.3745987990072795,0
activiti,5723,0,0.3745987990072795,0
activiti,5415,0,0.3745987990072795,0
activiti,7072,0,0.3745987990072795,0
activiti,6946,0,0.3745987990072795,0
activiti,5837,0,0.3745987990072795,0
activiti,7149,0,0.3745987990072795,0
activiti,5554,0,0.3745987990072795,0
activiti,6945,0,0.3745987990072795,0
activiti,7144,0,0.3745987990072795,0
activiti,7042,0,0.3745987990072795,0
activiti,5720,0,0.3745987990072795,0
activiti,7429,0,0.3745987990072795,0
activiti,5518,0,0.3745987990072795,0
activiti,6270,0,0.3745987990072795,0
activiti,7141,0,0.3745987990072795,0
activiti,7245,0,0.3745987990072795,0
activiti,5896,0,0.3745987990072795,0
activiti,6283,0,0.3745987990072795,0
activiti,6415,0,0.3745987990072795,0
activiti,5980,0,0.3745987990072795,0
activiti,6249,0,0.3745987990072795,0
activiti,6787,0,0.3745987990072795,0
activiti,5977,0,0.3745987990072795,0
activiti,5831,0,0.3745987990072795,0
activiti,7191,0,0.3745987990072795,0
activiti,5634,0,0.3745987990072795,0
activiti,6050,0,0.3745987990072795,0
activiti,6575,0,0.3745987990072795,0
activiti,6656,1,0.3745987990072795,0
activiti,5950,0,0.3745987990072795,0
activiti,6620,0,0.3745987990072795,0
activiti,7325,0,0.3745987990072795,0
activiti,6873,0,0.3745987990072795,0
activiti,6982,0,0.3745987990072795,0
activiti,7249,0,0.3745987990072795,0
activiti,6306,0,0.3745987990072795,0
activiti,7011,1,0.3745987990072795,0
activiti,6514,0,0.3745987990072795,0
activiti,6830,0,0.3745987990072795,0
activiti,7406,0,0.3745987990072795,0
activiti,6882,0,0.3745987990072795,0
activiti,6553,0,0.3745987990072795,0
activiti,6129,0,0.3745987990072795,0
activiti,7044,0,0.3745987990072795,0
activiti,5509,0,0.3745987990072795,0
activiti,6290,0,0.3745987990072795,0
activiti,5895,0,0.3745987990072795,0
activiti,7088,0,0.3745987990072795,0
activiti,6899,0,0.3745987990072795,0
activiti,5726,0,0.3745987990072795,0
activiti,6770,0,0.3745987990072795,0
activiti,6486,0,0.3745987990072795,0
activiti,7050,0,0.3745987990072795,0
activiti,7099,0,0.3745987990072795,0
activiti,6276,0,0.3745987990072795,0
activiti,5574,0,0.3745987990072795,0
activiti,6188,0,0.3745987990072795,0
activiti,7203,0,0.3745987990072795,0
activiti,7076,0,0.3745987990072795,0
activiti,7179,0,0.3745987990072795,0
activiti,6123,0,0.3745987990072795,0
activiti,6282,0,0.3745987990072795,0
activiti,5862,0,0.3745987990072795,0
activiti,6461,0,0.3745987990072795,0
activiti,5456,0,0.3745987990072795,0
activiti,6305,0,0.3745987990072795,0
activiti,6134,0,0.3745987990072795,0
activiti,7197,0,0.3745987990072795,0
activiti,7352,0,0.3745987990072795,0
activiti,6153,0,0.3745987990072795,0
activiti,6470,0,0.3745987990072795,0
activiti,6389,0,0.3745987990072795,0
activiti,5505,0,0.3745987990072795,0
activiti,6063,0,0.3745987990072795,0
activiti,6547,0,0.3745987990072795,0
activiti,7102,0,0.3745987990072795,0
activiti,7214,0,0.3745987990072795,0
activiti,6554,0,0.3745987990072795,0
activiti,7409,0,0.3745987990072795,0
activiti,6754,0,0.3745987990072795,0
activiti,6366,0,0.3745987990072795,0
activiti,6500,0,0.3745987990072795,0
activiti,5439,0,0.3745987990072795,0
activiti,6958,0,0.3745987990072795,0
activiti,6577,0,0.3745987990072795,0
activiti,6064,0,0.3745987990072795,0
activiti,6968,0,0.3745987990072795,0
activiti,6382,0,0.3745987990072795,0
activiti,7308,0,0.3745987990072795,0
activiti,6054,0,0.3745987990072795,0
activiti,6484,0,0.3745987990072795,0
activiti,6672,0,0.3745987990072795,0
activiti,7392,0,0.3745987990072795,0
activiti,6581,0,0.3745987990072795,0
activiti,7131,0,0.3745987990072795,0
activiti,6020,0,0.3745987990072795,0
activiti,7057,0,0.3745987990072795,0
activiti,7364,0,0.3745987990072795,0
activiti,6623,0,0.3745987990072795,0
activiti,5700,0,0.3745987990072795,0
activiti,5900,0,0.3745987990072795,0
activiti,7309,0,0.3745987990072795,0
activiti,6163,0,0.3745987990072795,0
activiti,6967,0,0.3745987990072795,0
activiti,6854,1,0.3745987990072795,0
activiti,5525,0,0.3745987990072795,0
activiti,6717,0,0.3745987990072795,0
activiti,5869,0,0.3745987990072795,0
activiti,6431,0,0.3745987990072795,0
activiti,7157,0,0.3745987990072795,0
activiti,6483,0,0.3745987990072795,0
activiti,6423,0,0.3745987990072795,0
activiti,6940,0,0.3745987990072795,0
activiti,5596,0,0.3745987990072795,0
activiti,6429,0,0.3745987990072795,0
activiti,6676,0,0.3745987990072795,0
activiti,6261,0,0.3745987990072795,0
activiti,6845,0,0.3745987990072795,0
activiti,5824,0,0.3745987990072795,0
activiti,7056,0,0.3745987990072795,0
activiti,5882,0,0.3745987990072795,0
activiti,6322,0,0.3745987990072795,0
activiti,6951,0,0.3745987990072795,0
activiti,5772,0,0.3745987990072795,0
activiti,6555,0,0.3745987990072795,0
activiti,5782,0,0.3745987990072795,0
activiti,5899,0,0.3745987990072795,0
activiti,6707,0,0.3745987990072795,0
activiti,6910,0,0.3745987990072795,0
activiti,6515,0,0.3745987990072795,0
activiti,6062,0,0.3745987990072795,0
activiti,7259,0,0.3745987990072795,0
activiti,6912,0,0.3745987990072795,0
activiti,7395,0,0.3745987990072795,0
activiti,5680,0,0.3745987990072795,0
activiti,7274,0,0.3745987990072795,0
activiti,6066,0,0.3745987990072795,0
activiti,6820,0,0.3745987990072795,0
activiti,6496,0,0.3745987990072795,0
activiti,7015,0,0.3745987990072795,0
activiti,5983,0,0.3745987990072795,0
activiti,7289,0,0.3745987990072795,0
activiti,5877,0,0.3745987990072795,0
activiti,5458,0,0.3745987990072795,0
activiti,6735,0,0.3745987990072795,0
activiti,6601,0,0.3745987990072795,0
activiti,7255,0,0.3745987990072795,0
activiti,6948,0,0.3745987990072795,0
activiti,7329,0,0.3745987990072795,0
activiti,5398,0,0.3745987990072795,0
activiti,5814,0,0.3745987990072795,0
activiti,6796,0,0.3745987990072795,0
activiti,6416,0,0.3745987990072795,0
activiti,6173,0,0.3745987990072795,0
activiti,7354,0,0.3745987990072795,0
activiti,5441,0,0.3745987990072795,0
activiti,7038,0,0.3745987990072795,0
activiti,5622,0,0.3745987990072795,0
activiti,7235,0,0.3745987990072795,0
activiti,6234,0,0.3745987990072795,0
activiti,5762,0,0.3745987990072795,0
activiti,7192,0,0.3745987990072795,0
activiti,6722,0,0.3745987990072795,0
activiti,6458,0,0.3745987990072795,0
activiti,5866,0,0.3745987990072795,0
activiti,5552,0,0.3745987990072795,0
activiti,5795,0,0.3745987990072795,0
activiti,7006,0,0.3745987990072795,0
activiti,5784,0,0.3745987990072795,0
activiti,6586,0,0.3745987990072795,0
activiti,7229,0,0.3745987990072795,0
activiti,6367,0,0.3745987990072795,0
activiti,6231,0,0.3745987990072795,0
activiti,6236,0,0.3745987990072795,0
activiti,5688,0,0.3745987990072795,0
activiti,6892,0,0.3745987990072795,0
activiti,5409,0,0.3745987990072795,0
activiti,6634,1,0.3745987990072795,0
activiti,5604,0,0.3745987990072795,0
activiti,6872,0,0.3745987990072795,0
activiti,6936,0,0.3745987990072795,0
activiti,6307,0,0.3745987990072795,0
activiti,5825,0,0.3745987990072795,0
activiti,6353,0,0.3745987990072795,0
activiti,5689,0,0.3745987990072795,0
activiti,7194,0,0.3745987990072795,0
activiti,7408,0,0.3745987990072795,0
activiti,6917,0,0.3745987990072795,0
activiti,5725,0,0.3745987990072795,0
activiti,5971,0,0.3745987990072795,0
activiti,6526,0,0.3745987990072795,0
activiti,6372,0,0.3745987990072795,0
activiti,5774,0,0.3745987990072795,0
activiti,6267,0,0.3745987990072795,0
activiti,7410,0,0.3745987990072795,0
activiti,7363,0,0.3745987990072795,0
activiti,6446,0,0.3745987990072795,0
activiti,6610,0,0.3745987990072795,0
activiti,5547,0,0.3745987990072795,0
activiti,6847,1,0.3745987990072795,0
activiti,5395,0,0.3745987990072795,0
activiti,6506,0,0.3745987990072795,0
activiti,7313,0,0.3745987990072795,0
activiti,6312,0,0.3745987990072795,0
activiti,6246,0,0.3745987990072795,0
activiti,6648,0,0.3745987990072795,0
activiti,6530,0,0.3745987990072795,0
activiti,5917,0,0.3745987990072795,0
activiti,6976,0,0.3745987990072795,0
activiti,6240,0,0.3745987990072795,0
activiti,6698,0,0.3745987990072795,0
activiti,5683,0,0.3745987990072795,0
activiti,7355,0,0.3745987990072795,0
activiti,6861,0,0.3745987990072795,0
activiti,6235,0,0.3745987990072795,0
activiti,7043,0,0.3745987990072795,0
activiti,5874,0,0.3745987990072795,0
activiti,6753,0,0.3745987990072795,0
activiti,6435,0,0.3745987990072795,0
activiti,6939,0,0.3745987990072795,0
activiti,7209,0,0.3745987990072795,0
activiti,7312,0,0.3745987990072795,0
activiti,6772,0,0.3745987990072795,0
activiti,6990,0,0.3745987990072795,0
activiti,5766,0,0.3745987990072795,0
activiti,6979,0,0.3745987990072795,0
activiti,6421,0,0.3745987990072795,0
activiti,6517,0,0.3745987990072795,0
activiti,6466,0,0.3745987990072795,0
activiti,5500,0,0.3745987990072795,0
activiti,6002,0,0.3745987990072795,0
activiti,5454,0,0.3745987990072795,0
activiti,5437,0,0.3745987990072795,0
activiti,7291,0,0.3745987990072795,0
activiti,5729,0,0.3745987990072795,0
activiti,7104,0,0.3745987990072795,0
activiti,6725,0,0.3745987990072795,0
activiti,5910,0,0.3745987990072795,0
activiti,6975,0,0.3745987990072795,0
activiti,5897,0,0.3745987990072795,0
activiti,5514,0,0.3745987990072795,0
activiti,6090,0,0.3745987990072795,0
activiti,6287,0,0.3745987990072795,0
activiti,6897,0,0.3745987990072795,0
activiti,6779,0,0.3745987990072795,0
activiti,6857,0,0.3745987990072795,0
activiti,6318,0,0.3745987990072795,0
activiti,7170,0,0.3745987990072795,0
activiti,7263,0,0.3745987990072795,0
activiti,5498,0,0.3745987990072795,0
activiti,5949,0,0.3745987990072795,0
activiti,5945,0,0.3745987990072795,0
activiti,6397,0,0.3745987990072795,0
activiti,5978,0,0.3745987990072795,0
activiti,7210,0,0.3745987990072795,0
activiti,7314,0,0.3745987990072795,0
activiti,7175,0,0.3745987990072795,0
activiti,5671,0,0.3745987990072795,0
activiti,6042,0,0.3745987990072795,0
activiti,6810,0,0.3745987990072795,0
activiti,5565,0,0.3745987990072795,0
activiti,6727,0,0.3745987990072795,0
activiti,5970,0,0.3745987990072795,0
activiti,6357,0,0.3745987990072795,0
activiti,5490,0,0.3745987990072795,0
activiti,7168,0,0.3745987990072795,0
activiti,5963,0,0.3745987990072795,0
activiti,5585,0,0.3745987990072795,0
activiti,6155,0,0.3745987990072795,0
activiti,6814,0,0.3745987990072795,0
activiti,5820,0,0.3745987990072795,0
activiti,7322,0,0.3745987990072795,0
activiti,6077,0,0.3745987990072795,0
activiti,7066,0,0.3745987990072795,0
activiti,5828,0,0.3745987990072795,0
activiti,6640,0,0.3745987990072795,0
activiti,5631,0,0.3745987990072795,0
activiti,7417,0,0.3745987990072795,0
activiti,5856,0,0.3745987990072795,0
activiti,6445,0,0.3745987990072795,0
activiti,5880,0,0.3745987990072795,0
activiti,5600,0,0.3745987990072795,0
activiti,7231,1,0.3745987990072795,0
activiti,6260,0,0.3745987990072795,0
activiti,6826,0,0.3745987990072795,0
activiti,5852,0,0.3745987990072795,0
activiti,6896,0,0.3745987990072795,0
activiti,6566,0,0.3745987990072795,0
activiti,5603,0,0.3745987990072795,0
activiti,6647,0,0.3745987990072795,0
activiti,5753,0,0.3745987990072795,0
activiti,7224,0,0.3745987990072795,0
activiti,5930,0,0.3745987990072795,0
activiti,6097,0,0.3745987990072795,0
activiti,7167,0,0.3745987990072795,0
activiti,6094,0,0.3745987990072795,0
activiti,7041,0,0.3745987990072795,0
activiti,6000,0,0.3745987990072795,0
activiti,6160,0,0.3745987990072795,0
activiti,5442,0,0.3745987990072795,0
activiti,5999,0,0.3745987990072795,0
activiti,5800,1,0.3745987990072795,0
activiti,5653,0,0.3745987990072795,0
activiti,6895,0,0.3745987990072795,0
activiti,6980,0,0.3745987990072795,0
activiti,5663,0,0.3745987990072795,0
activiti,5722,0,0.3745987990072795,0
activiti,6654,0,0.3745987990072795,0
activiti,5987,0,0.3745987990072795,0
activiti,6911,0,0.3745987990072795,0
activiti,6133,0,0.3745987990072795,0
activiti,6933,0,0.3745987990072795,0
activiti,7181,0,0.3745987990072795,0
activiti,7239,0,0.3745987990072795,0
activiti,5478,0,0.3745987990072795,0
activiti,6630,0,0.3745987990072795,0
activiti,5781,0,0.3745987990072795,0
activiti,7359,0,0.3745987990072795,0
activiti,6713,0,0.3745987990072795,0
activiti,7218,0,0.3745987990072795,0
activiti,5783,0,0.3745987990072795,0
activiti,7293,0,0.3745987990072795,0
activiti,7310,0,0.3745987990072795,0
activiti,6612,0,0.3745987990072795,0
activiti,5791,0,0.3745987990072795,0
activiti,7238,1,0.3745987990072795,0
activiti,6685,0,0.3745987990072795,0
activiti,6803,0,0.3745987990072795,0
activiti,6475,0,0.3745987990072795,0
activiti,6142,0,0.3745987990072795,0
activiti,6738,0,0.3745987990072795,0
activiti,7302,0,0.3745987990072795,0
activiti,5626,0,0.3745987990072795,0
activiti,6055,0,0.3745987990072795,0
activiti,6510,0,0.3745987990072795,0
activiti,6643,0,0.3745987990072795,0
activiti,5597,0,0.3745987990072795,0
activiti,6505,0,0.3745987990072795,0
activiti,6949,0,0.3745987990072795,0
activiti,6743,0,0.3745987990072795,0
activiti,7033,0,0.3745987990072795,0
activiti,6132,0,0.3745987990072795,0
activiti,5763,0,0.3745987990072795,0
activiti,5497,0,0.3745987990072795,0
activiti,7327,0,0.3745987990072795,0
activiti,6200,0,0.3745987990072795,0
activiti,6903,0,0.3745987990072795,0
activiti,6455,0,0.3745987990072795,0
activiti,6599,0,0.3745987990072795,0
activiti,7127,0,0.3745987990072795,0
activiti,5887,0,0.3745987990072795,0
activiti,5754,0,0.3745987990072795,0
activiti,5394,0,0.3745987990072795,0
activiti,5549,0,0.3745987990072795,0
activiti,6989,0,0.3745987990072795,0
activiti,7065,0,0.3745987990072795,0
activiti,5447,0,0.3745987990072795,0
activiti,7422,0,0.3745987990072795,0
activiti,7199,0,0.3745987990072795,0
activiti,5616,0,0.3745987990072795,0
activiti,5811,0,0.3745987990072795,0
activiti,5646,0,0.3745987990072795,0
activiti,5873,0,0.3745987990072795,0
activiti,6381,0,0.3745987990072795,0
activiti,7086,0,0.3745987990072795,0
activiti,6546,0,0.3745987990072795,0
activiti,5704,0,0.3745987990072795,0
activiti,6702,0,0.3745987990072795,0
activiti,6295,0,0.3745987990072795,0
activiti,7084,0,0.3745987990072795,0
activiti,5803,0,0.3745987990072795,0
activiti,7242,0,0.3745987990072795,0
activiti,6337,0,0.3745987990072795,0
activiti,5812,0,0.3745987990072795,0
activiti,6964,0,0.3745987990072795,0
activiti,7070,0,0.3745987990072795,0
activiti,6552,0,0.3745987990072795,0
activiti,5986,0,0.3745987990072795,0
activiti,7045,0,0.3745987990072795,0
activiti,7241,0,0.3745987990072795,0
activiti,6406,0,0.3745987990072795,0
activiti,6450,0,0.3745987990072795,0
activiti,6529,0,0.3745987990072795,0
activiti,6806,0,0.3745987990072795,0
activiti,7019,1,0.3745987990072795,0
activiti,6194,0,0.3745987990072795,0
activiti,6111,0,0.3745987990072795,0
activiti,7261,0,0.3745987990072795,0
activiti,6124,0,0.3745987990072795,0
activiti,7091,0,0.3745987990072795,0
activiti,5539,0,0.3745987990072795,0
activiti,5399,0,0.3745987990072795,0
activiti,5931,0,0.3745987990072795,0
activiti,6953,0,0.3745987990072795,0
activiti,7153,0,0.3745987990072795,0
activiti,6585,0,0.3745987990072795,0
activiti,7145,0,0.3745987990072795,0
activiti,7414,0,0.3745987990072795,0
activiti,7205,0,0.3745987990072795,0
activiti,7063,0,0.3745987990072795,0
activiti,6978,0,0.3745987990072795,0
activiti,6938,0,0.3745987990072795,0
activiti,6126,0,0.3745987990072795,0
activiti,6024,0,0.3745987990072795,0
activiti,7215,0,0.3745987990072795,0
activiti,6670,0,0.3745987990072795,0
activiti,5764,0,0.3745987990072795,0
activiti,5641,0,0.3745987990072795,0
activiti,7407,0,0.3745987990072795,0
activiti,7430,0,0.3745987990072795,0
activiti,5765,0,0.3745987990072795,0
activiti,6801,0,0.3745987990072795,0
activiti,6022,0,0.3745987990072795,0
activiti,6759,0,0.3745987990072795,0
activiti,5915,0,0.3745987990072795,0
activiti,7240,0,0.3745987990072795,0
activiti,6385,0,0.3745987990072795,0
activiti,6904,0,0.3745987990072795,0
activiti,7152,0,0.3745987990072795,0
activiti,6825,0,0.3745987990072795,0
activiti,6802,0,0.3745987990072795,0
activiti,5615,0,0.3745987990072795,0
activiti,7244,0,0.3745987990072795,0
activiti,7323,0,0.3745987990072795,0
activiti,6412,0,0.3745987990072795,0
activiti,6795,0,0.3745987990072795,0
activiti,5529,0,0.3745987990072795,0
activiti,6665,0,0.3745987990072795,0
activiti,6762,0,0.3745987990072795,0
activiti,5472,0,0.3745987990072795,0
activiti,6677,0,0.3745987990072795,0
activiti,6931,0,0.3745987990072795,0
activiti,6838,0,0.3745987990072795,0
activiti,6361,0,0.3745987990072795,0
activiti,6488,0,0.3745987990072795,0
activiti,6379,0,0.3745987990072795,0
activiti,6001,0,0.3745987990072795,0
activiti,7009,0,0.3745987990072795,0
activiti,5455,0,0.3745987990072795,0
activiti,6102,0,0.3745987990072795,0
activiti,6775,0,0.3745987990072795,0
activiti,5898,0,0.3745987990072795,0
activiti,7133,0,0.3745987990072795,0
activiti,6504,0,0.3745987990072795,0
activiti,6878,0,0.3745987990072795,0
activiti,6481,0,0.3745987990072795,0
activiti,6441,0,0.3745987990072795,0
activiti,7202,0,0.3745987990072795,0
activiti,5691,0,0.3745987990072795,0
activiti,5470,0,0.3745987990072795,0
activiti,6709,0,0.3745987990072795,0
activiti,6711,0,0.3745987990072795,0
activiti,6331,0,0.3745987990072795,0
activiti,5479,0,0.3745987990072795,0
activiti,6844,0,0.3745987990072795,0
activiti,5806,0,0.3745987990072795,0
activiti,6700,0,0.3745987990072795,0
activiti,7382,0,0.3745987990072795,0
activiti,7162,0,0.3745987990072795,0
activiti,6487,0,0.3745987990072795,0
activiti,6915,0,0.3745987990072795,0
activiti,6347,0,0.3745987990072795,0
activiti,5777,0,0.3745987990072795,0
activiti,7147,0,0.3745987990072795,0
activiti,7415,0,0.3745987990072795,0
activiti,5705,0,0.3745987990072795,0
activiti,6714,0,0.3745987990072795,0
activiti,6663,0,0.3745987990072795,0
activiti,7198,0,0.3745987990072795,0
activiti,7413,0,0.3745987990072795,0
activiti,6635,0,0.3745987990072795,0
activiti,6747,0,0.3745987990072795,0
activiti,6718,0,0.3745987990072795,0
activiti,7404,0,0.3745987990072795,0
activiti,5708,0,0.3745987990072795,0
activiti,6521,0,0.3745987990072795,0
activiti,7297,0,0.3745987990072795,0
activiti,5406,0,0.3745987990072795,0
activiti,6627,1,0.3745987990072795,0
activiti,6121,0,0.3745987990072795,0
activiti,5872,0,0.3745987990072795,0
activiti,6156,0,0.3745987990072795,0
activiti,5841,0,0.3745987990072795,0
activiti,6341,0,0.3745987990072795,0
activiti,7039,0,0.3745987990072795,0
activiti,5776,0,0.3745987990072795,0
activiti,6479,0,0.3745987990072795,0
activiti,6084,0,0.3745987990072795,0
activiti,6315,0,0.3745987990072795,0
activiti,6452,0,0.3745987990072795,0
activiti,6923,0,0.3745987990072795,0
activiti,7096,0,0.3745987990072795,0
activiti,6518,0,0.3745987990072795,0
activiti,6015,0,0.3745987990072795,0
activiti,7399,0,0.3745987990072795,0
activiti,5846,0,0.3745987990072795,0
activiti,6997,0,0.3745987990072795,0
activiti,6877,0,0.3745987990072795,0
activiti,7111,0,0.3745987990072795,0
activiti,6308,0,0.3745987990072795,0
activiti,5858,0,0.3745987990072795,0
activiti,7400,0,0.3745987990072795,0
activiti,7062,0,0.3745987990072795,0
activiti,6311,0,0.3745987990072795,0
activiti,5833,0,0.3745987990072795,0
activiti,5436,0,0.3745987990072795,0
activiti,5618,0,0.3745987990072795,0
activiti,6300,0,0.3745987990072795,0
activiti,5849,0,0.3745987990072795,0
activiti,7003,0,0.3745987990072795,0
activiti,6219,0,0.3745987990072795,0
activiti,7285,0,0.3745987990072795,0
activiti,7083,0,0.3745987990072795,0
activiti,5855,0,0.3745987990072795,0
activiti,5717,0,0.3745987990072795,0
activiti,5785,0,0.3745987990072795,0
activiti,6403,0,0.3745987990072795,0
activiti,7365,0,0.3745987990072795,0
activiti,6538,0,0.3745987990072795,0
activiti,7281,0,0.3745987990072795,0
activiti,6098,0,0.3745987990072795,0
activiti,5868,0,0.3745987990072795,0
activiti,6664,0,0.3745987990072795,0
activiti,6004,0,0.3745987990072795,0
activiti,7353,0,0.3745987990072795,0
activiti,7130,0,0.3745987990072795,0
activiti,5428,0,0.3745987990072795,0
activiti,5536,0,0.3745987990072795,0
activiti,6786,0,0.3745987990072795,0
activiti,5891,0,0.3745987990072795,0
activiti,6963,0,0.3745987990072795,0
activiti,6905,0,0.3745987990072795,0
activiti,6451,0,0.3745987990072795,0
activiti,6987,0,0.3745987990072795,0
activiti,5450,0,0.3745987990072795,0
activiti,5860,0,0.3745987990072795,0
activiti,6275,0,0.3745987990072795,0
activiti,5939,0,0.3745987990072795,0
activiti,6807,0,0.3745987990072795,0
activiti,7396,0,0.3745987990072795,0
activiti,7211,0,0.3745987990072795,0
activiti,7391,0,0.3745987990072795,0
activiti,6706,0,0.3745987990072795,0
activiti,6301,0,0.3745987990072795,0
activiti,6729,0,0.3745987990072795,0
activiti,6988,0,0.3745987990072795,0
activiti,6013,0,0.3745987990072795,0
activiti,6794,0,0.3745987990072795,0
activiti,7187,0,0.3745987990072795,0
activiti,5496,0,0.3745987990072795,0
activiti,5429,0,0.3745987990072795,0
activiti,5714,0,0.3745987990072795,0
activiti,5687,0,0.3745987990072795,0
activiti,5550,0,0.3745987990072795,0
activiti,5716,0,0.3745987990072795,0
activiti,7172,0,0.3745987990072795,0
activiti,7005,0,0.3745987990072795,0
activiti,6730,0,0.3745987990072795,0
activiti,5610,0,0.3745987990072795,0
activiti,5506,0,0.3745987990072795,0
activiti,5590,0,0.3745987990072795,0
activiti,6207,0,0.3745987990072795,0
activiti,6100,0,0.3745987990072795,0
activiti,6657,0,0.3745987990072795,0
activiti,7237,0,0.3745987990072795,0
activiti,6310,0,0.3745987990072795,0
activiti,7369,0,0.3745987990072795,0
activiti,6476,0,0.3745987990072795,0
activiti,6836,0,0.3745987990072795,0
activiti,6716,0,0.3745987990072795,0
activiti,7032,0,0.3745987990072795,0
activiti,5775,0,0.3745987990072795,0
activiti,6244,0,0.3745987990072795,0
activiti,7258,0,0.3745987990072795,0
activiti,6746,0,0.3745987990072795,0
activiti,5592,0,0.3745987990072795,0
activiti,7379,0,0.3745987990072795,0
activiti,6622,0,0.3745987990072795,0
activiti,5637,0,0.3745987990072795,0
activiti,6443,0,0.3745987990072795,0
activiti,6272,0,0.3745987990072795,0
activiti,5581,0,0.3745987990072795,0
activiti,6181,0,0.3745987990072795,0
activiti,6898,0,0.3745987990072795,0
activiti,5968,0,0.3745987990072795,0
activiti,6205,0,0.3745987990072795,0
activiti,6508,0,0.3745987990072795,0
activiti,5822,0,0.3745987990072795,0
activiti,5786,0,0.3745987990072795,0
activiti,5471,0,0.3745987990072795,0
activiti,6358,0,0.3745987990072795,0
activiti,6482,0,0.3745987990072795,0
activiti,6638,0,0.3745987990072795,0
activiti,6633,1,0.3745987990072795,0
activiti,5807,0,0.3745987990072795,0
activiti,5425,0,0.3745987990072795,0
activiti,7078,0,0.3745987990072795,0
activiti,6398,0,0.3745987990072795,0
activiti,6211,0,0.3745987990072795,0
activiti,6513,0,0.3745987990072795,0
activiti,6206,0,0.3745987990072795,0
activiti,6087,0,0.3745987990072795,0
activiti,7114,0,0.3745987990072795,0
activiti,7018,0,0.3745987990072795,0
activiti,5902,0,0.3745987990072795,0
activiti,6823,0,0.3745987990072795,0
activiti,7206,0,0.3745987990072795,0
activiti,6523,0,0.3745987990072795,0
activiti,5551,0,0.3745987990072795,0
activiti,7317,0,0.3745987990072795,0
activiti,6893,0,0.3745987990072795,0
activiti,6812,0,0.3745987990072795,0
activiti,7366,0,0.3745987990072795,0
activiti,7035,0,0.3745987990072795,0
activiti,6728,0,0.3745987990072795,0
activiti,6220,0,0.3745987990072795,0
activiti,6080,0,0.3745987990072795,0
activiti,5504,0,0.3745987990072795,0
activiti,5672,0,0.3745987990072795,0
activiti,6433,0,0.3745987990072795,0
activiti,6550,0,0.3745987990072795,0
activiti,6238,0,0.3745987990072795,0
activiti,6875,0,0.3745987990072795,0
activiti,6679,1,0.3745987990072795,0
activiti,5881,0,0.3745987990072795,0
activiti,5477,0,0.3745987990072795,0
activiti,7158,0,0.3745987990072795,0
activiti,6956,0,0.3745987990072795,0
activiti,6966,0,0.3745987990072795,0
activiti,7278,0,0.3745987990072795,0
activiti,6531,0,0.3745987990072795,0
activiti,6868,0,0.3745987990072795,0
activiti,5829,0,0.3745987990072795,0
activiti,5404,0,0.3745987990072795,0
activiti,5624,0,0.3745987990072795,0
activiti,7412,0,0.3745987990072795,0
activiti,5991,0,0.3745987990072795,0
activiti,6652,1,0.3745987990072795,0
activiti,5875,0,0.3745987990072795,0
activiti,5670,0,0.3745987990072795,0
activiti,5693,0,0.3745987990072795,0
activiti,6039,0,0.3745987990072795,0
activiti,5542,0,0.3745987990072795,0
activiti,5580,0,0.3745987990072795,0
activiti,5588,0,0.3745987990072795,0
activiti,6086,0,0.3745987990072795,0
activiti,7196,0,0.3745987990072795,0
activiti,5577,0,0.3745987990072795,0
activiti,5756,0,0.3745987990072795,0
activiti,6998,0,0.3745987990072795,0
activiti,5944,0,0.3745987990072795,0
activiti,6642,1,0.3745987990072795,0
activiti,6780,0,0.3745987990072795,0
activiti,6037,0,0.3745987990072795,0
activiti,5489,0,0.3745987990072795,0
activiti,5707,0,0.3745987990072795,0
activiti,5956,0,0.3745987990072795,0
activiti,6278,0,0.3745987990072795,0
activiti,6691,0,0.3745987990072795,0
activiti,7273,0,0.3745987990072795,0
activiti,5548,0,0.3745987990072795,0
activiti,6351,0,0.3745987990072795,0
activiti,6284,0,0.3745987990072795,0
activiti,5962,0,0.3745987990072795,0
activiti,7416,0,0.3745987990072795,0
activiti,6125,0,0.3745987990072795,0
activiti,6253,0,0.3745987990072795,0
activiti,6690,0,0.3745987990072795,0
activiti,7176,0,0.3745987990072795,0
activiti,5815,0,0.3745987990072795,0
activiti,5651,0,0.3745987990072795,0
activiti,5954,0,0.3745987990072795,0
activiti,7061,0,0.3745987990072795,0
activiti,6791,0,0.3745987990072795,0
activiti,6053,0,0.3745987990072795,0
activiti,5796,0,0.3745987990072795,0
activiti,5792,0,0.3745987990072795,0
activiti,6009,0,0.3745987990072795,0
activiti,6981,0,0.3745987990072795,0
activiti,6302,0,0.3745987990072795,0
activiti,5989,0,0.3745987990072795,0
activiti,6073,0,0.3745987990072795,0
activiti,5988,0,0.3745987990072795,0
activiti,6180,0,0.3745987990072795,0
activiti,7154,0,0.3745987990072795,0
activiti,6383,0,0.3745987990072795,0
activiti,5583,0,0.3745987990072795,0
activiti,5555,0,0.3745987990072795,0
activiti,5737,0,0.3745987990072795,0
activiti,6615,0,0.3745987990072795,0
activiti,6230,0,0.3745987990072795,0
activiti,6171,0,0.3745987990072795,0
activiti,6326,0,0.3745987990072795,0
activiti,6680,0,0.3745987990072795,0
activiti,7383,0,0.3745987990072795,0
activiti,5742,0,0.3745987990072795,0
activiti,5719,0,0.3745987990072795,0
activiti,6693,0,0.3745987990072795,0
activiti,6198,0,0.3745987990072795,0
activiti,5684,0,0.3745987990072795,0
activiti,7074,0,0.3745987990072795,0
activiti,6590,0,0.3745987990072795,0
activiti,6176,0,0.3745987990072795,0
activiti,6537,0,0.3745987990072795,0
activiti,6644,1,0.3745987990072795,0
activiti,6468,0,0.3745987990072795,0
activiti,7120,0,0.3745987990072795,0
activiti,7376,0,0.3745987990072795,0
activiti,7433,0,0.3745987990072795,0
activiti,7023,0,0.3745987990072795,0
activiti,6710,0,0.3745987990072795,0
activiti,7411,0,0.3745987990072795,0
activiti,5969,0,0.3745987990072795,0
activiti,5922,0,0.3745987990072795,0
activiti,6831,0,0.3745987990072795,0
activiti,7087,0,0.3745987990072795,0
activiti,6116,0,0.3745987990072795,0
activiti,7129,0,0.3745987990072795,0
activiti,5662,0,0.3745987990072795,0
activiti,6649,0,0.3745987990072795,0
activiti,6408,0,0.3745987990072795,0
activiti,5854,0,0.3745987990072795,0
activiti,5531,0,0.3745987990072795,0
activiti,5657,0,0.3745987990072795,0
activiti,6316,0,0.3745987990072795,0
activiti,6218,0,0.3745987990072795,0
activiti,6760,0,0.3745987990072795,0
activiti,6876,0,0.3745987990072795,0
activiti,5696,0,0.3745987990072795,0
activiti,7300,0,0.3745987990072795,0
activiti,5434,0,0.3745987990072795,0
activiti,7345,0,0.3745987990072795,0
activiti,6542,0,0.3745987990072795,0
activiti,5660,0,0.3745987990072795,0
activiti,5649,0,0.3745987990072795,0
activiti,5948,0,0.3745987990072795,0
activiti,6459,0,0.3745987990072795,0
activiti,6522,0,0.3745987990072795,0
activiti,5890,0,0.3745987990072795,0
activiti,6788,0,0.3745987990072795,0
activiti,6778,0,0.3745987990072795,0
activiti,5741,0,0.3745987990072795,0
activiti,5673,0,0.3745987990072795,0
activiti,5681,0,0.3745987990072795,0
activiti,6175,0,0.3745987990072795,0
activiti,6511,0,0.3745987990072795,0
activiti,5403,0,0.3745987990072795,0
activiti,6424,0,0.3745987990072795,0
activiti,5570,0,0.3745987990072795,0
activiti,5486,0,0.3745987990072795,0
activiti,5975,0,0.3745987990072795,0
activiti,6011,0,0.3745987990072795,0
activiti,6653,0,0.3745987990072795,0
activiti,6319,0,0.3745987990072795,0
activiti,5966,0,0.3745987990072795,0
activiti,7094,0,0.3745987990072795,0
activiti,5476,0,0.3745987990072795,0
activiti,6869,0,0.3745987990072795,0
activiti,5839,0,0.3745987990072795,0
activiti,6474,0,0.3745987990072795,0
activiti,6292,0,0.3745987990072795,0
activiti,5835,0,0.3745987990072795,0
activiti,5780,0,0.3745987990072795,0
activiti,7204,0,0.3745987990072795,0
activiti,6146,0,0.3745987990072795,0
activiti,6930,0,0.3745987990072795,0
activiti,5848,0,0.3745987990072795,0
activiti,7320,0,0.3745987990072795,0
activiti,5534,0,0.3745987990072795,0
activiti,5533,0,0.3745987990072795,0
activiti,5561,0,0.3745987990072795,0
activiti,5853,0,0.3745987990072795,0
activiti,6774,0,0.3745987990072795,0
activiti,6618,0,0.3745987990072795,0
activiti,6333,0,0.3745987990072795,0
activiti,6641,0,0.3745987990072795,0
activiti,5400,0,0.3745987990072795,0
activiti,6750,0,0.3745987990072795,0
activiti,7266,0,0.3745987990072795,0
activiti,6692,0,0.3745987990072795,0
activiti,5443,0,0.3745987990072795,0
activiti,5407,0,0.3745987990072795,0
activiti,7279,0,0.3745987990072795,0
activiti,5715,0,0.3745987990072795,0
activiti,6360,0,0.3745987990072795,0
activiti,6841,0,0.3745987990072795,0
activiti,5451,0,0.3745987990072795,0
activiti,6095,0,0.3745987990072795,0
activiti,6465,0,0.3745987990072795,0
activiti,7146,0,0.3745987990072795,0
activiti,6974,0,0.3745987990072795,0
activiti,7276,0,0.3745987990072795,0
activiti,5773,0,0.3745987990072795,0
activiti,6252,0,0.3745987990072795,0
activiti,6065,0,0.3745987990072795,0
activiti,6296,0,0.3745987990072795,0
activiti,5630,0,0.3745987990072795,0
activiti,6880,0,0.3745987990072795,0
activiti,6025,0,0.3745987990072795,0
activiti,5955,0,0.3745987990072795,0
activiti,7424,0,0.3745987990072795,0
activiti,6396,0,0.3745987990072795,0
activiti,6257,0,0.3745987990072795,0
activiti,5685,0,0.3745987990072795,0
activiti,5918,0,0.3745987990072795,0
activiti,6268,0,0.3745987990072795,0
activiti,6687,0,0.3745987990072795,0
activiti,6766,0,0.3745987990072795,0
activiti,6793,0,0.3745987990072795,0
activiti,5535,0,0.3745987990072795,0
activiti,6767,0,0.3745987990072795,0
activiti,5523,0,0.3745987990072795,0
activiti,5842,0,0.3745987990072795,0
activiti,6006,0,0.3745987990072795,0
activiti,6460,0,0.3745987990072795,0
activiti,7000,0,0.3745987990072795,0
activiti,6060,0,0.3745987990072795,0
activiti,7201,0,0.3745987990072795,0
activiti,5905,0,0.3745987990072795,0
activiti,5599,0,0.3745987990072795,0
activiti,6386,0,0.3745987990072795,0
activiti,6525,0,0.3745987990072795,0
activiti,5799,0,0.3745987990072795,0
activiti,6613,0,0.3745987990072795,0
activiti,7188,0,0.3745987990072795,0
activiti,5482,0,0.3745987990072795,0
activiti,6426,0,0.3745987990072795,0
activiti,5446,0,0.3745987990072795,0
activiti,7393,0,0.3745987990072795,0
activiti,6568,0,0.3745987990072795,0
activiti,6031,0,0.3745987990072795,0
activiti,5546,0,0.3745987990072795,0
activiti,6196,0,0.3745987990072795,0
activiti,6088,0,0.3745987990072795,0
activiti,6104,0,0.3745987990072795,0
activiti,5544,0,0.3745987990072795,0
activiti,5992,0,0.3745987990072795,0
activiti,7054,0,0.3745987990072795,0
activiti,5573,0,0.3745987990072795,0
activiti,6036,0,0.3745987990072795,0
activiti,7002,0,0.3745987990072795,0
activiti,5771,0,0.3745987990072795,0
activiti,6985,0,0.3745987990072795,0
activiti,6769,0,0.3745987990072795,0
activiti,5463,0,0.3745987990072795,0
activiti,6485,0,0.3745987990072795,0
activiti,5857,0,0.3745987990072795,0
activiti,7022,0,0.3745987990072795,0
activiti,6937,0,0.3745987990072795,0
activiti,6493,0,0.3745987990072795,0
activiti,6216,0,0.3745987990072795,0
activiti,7095,0,0.3745987990072795,0
activiti,6705,0,0.3745987990072795,0
activiti,6561,0,0.3745987990072795,0
activiti,5656,0,0.3745987990072795,0
activiti,6438,0,0.3745987990072795,0
activiti,6158,0,0.3745987990072795,0
activiti,6781,0,0.3745987990072795,0
activiti,6682,0,0.3745987990072795,0
activiti,5698,0,0.3745987990072795,0
activiti,7052,0,0.3745987990072795,0
activiti,5867,0,0.3745987990072795,0
activiti,5563,0,0.3745987990072795,0
activiti,6570,0,0.3745987990072795,0
activiti,5608,0,0.3745987990072795,0
activiti,6070,0,0.3745987990072795,0
activiti,6472,0,0.3745987990072795,0
activiti,5587,0,0.3745987990072795,0
activiti,7219,0,0.3745987990072795,0
activiti,5623,0,0.3745987990072795,0
activiti,6829,0,0.3745987990072795,0
activiti,6543,0,0.3745987990072795,0
activiti,5832,0,0.3745987990072795,0
activiti,5847,0,0.3745987990072795,0
activiti,6792,0,0.3745987990072795,0
activiti,5933,0,0.3745987990072795,0
activiti,7389,0,0.3745987990072795,0
activiti,5661,0,0.3745987990072795,0
activiti,6118,0,0.3745987990072795,0
activiti,6440,0,0.3745987990072795,0
activiti,6165,0,0.3745987990072795,0
activiti,7189,0,0.3745987990072795,0
activiti,6626,0,0.3745987990072795,0
activiti,6297,0,0.3745987990072795,0
activiti,6395,0,0.3745987990072795,0
activiti,6870,0,0.3745987990072795,0
activiti,6014,0,0.3745987990072795,0
activiti,7069,0,0.3745987990072795,0
activiti,5778,0,0.3745987990072795,0
activiti,5430,0,0.3745987990072795,0
activiti,6254,0,0.3745987990072795,0
activiti,6410,0,0.3745987990072795,0
activiti,6480,0,0.3745987990072795,0
activiti,6960,0,0.3745987990072795,0
activiti,6345,0,0.3745987990072795,0
activiti,5481,0,0.3745987990072795,0
activiti,6439,0,0.3745987990072795,0
activiti,7420,0,0.3745987990072795,0
activiti,7252,0,0.3745987990072795,0
activiti,6092,0,0.3745987990072795,0
activiti,6761,0,0.3745987990072795,0
activiti,7397,0,0.3745987990072795,0
activiti,5711,0,0.3745987990072795,0
activiti,7174,0,0.3745987990072795,0
activiti,5453,0,0.3745987990072795,0
activiti,7108,0,0.3745987990072795,0
activiti,6733,0,0.3745987990072795,0
activiti,6675,0,0.3745987990072795,0
activiti,6662,0,0.3745987990072795,0
activiti,6973,0,0.3745987990072795,0
activiti,6148,0,0.3745987990072795,0
activiti,7135,0,0.3745987990072795,0
activiti,6225,0,0.3745987990072795,0
activiti,5760,0,0.3745987990072795,0
activiti,7248,0,0.3745987990072795,0
activiti,6918,0,0.3745987990072795,0
activiti,7290,0,0.3745987990072795,0
activiti,6113,0,0.3745987990072795,0
activiti,7068,0,0.3745987990072795,0
activiti,5619,0,0.3745987990072795,0
activiti,5979,0,0.3745987990072795,0
activiti,5712,0,0.3745987990072795,0
activiti,6580,0,0.3745987990072795,0
activiti,6343,0,0.3745987990072795,0
activiti,6250,0,0.3745987990072795,0
activiti,6503,0,0.3745987990072795,0
activiti,6507,0,0.3745987990072795,0
activiti,7122,0,0.3745987990072795,0
activiti,6811,0,0.3745987990072795,0
activiti,6128,0,0.3745987990072795,0
activiti,7316,0,0.3745987990072795,0
activiti,7228,0,0.3745987990072795,0
activiti,6669,0,0.3745987990072795,0
activiti,5519,0,0.3745987990072795,0
activiti,7225,0,0.3745987990072795,0
activiti,6247,0,0.3745987990072795,0
activiti,5659,0,0.3745987990072795,0
activiti,6828,0,0.3745987990072795,0
activiti,6619,0,0.3745987990072795,0
activiti,7148,0,0.3745987990072795,0
activiti,7344,0,0.3745987990072795,0
activiti,5460,0,0.3745987990072795,0
activiti,6059,0,0.3745987990072795,0
activiti,5959,0,0.3745987990072795,0
activiti,7360,0,0.3745987990072795,0
activiti,7077,0,0.3745987990072795,0
activiti,5502,0,0.3745987990072795,0
activiti,5836,0,0.3745987990072795,0
activiti,5595,0,0.3745987990072795,0
activiti,5724,0,0.3745987990072795,0
activiti,6886,0,0.3745987990072795,0
activiti,5936,0,0.3745987990072795,0
activiti,6572,0,0.3745987990072795,0
activiti,7112,0,0.3745987990072795,0
activiti,6606,0,0.3745987990072795,0
activiti,6588,0,0.3745987990072795,0
activiti,6332,0,0.3745987990072795,0
activiti,6782,0,0.3745987990072795,0
activiti,6567,0,0.3745987990072795,0
activiti,7183,0,0.3745987990072795,0
activiti,7075,0,0.3745987990072795,0
activiti,5444,0,0.3745987990072795,0
activiti,6079,0,0.3745987990072795,0
activiti,6280,0,0.3745987990072795,0
activiti,6449,0,0.3745987990072795,0
activiti,6399,0,0.3745987990072795,0
activiti,5942,0,0.3745987990072795,0
activiti,7398,0,0.3745987990072795,0
activiti,5614,0,0.3745987990072795,0
activiti,5934,0,0.3745987990072795,0
activiti,7305,0,0.3745987990072795,0
activiti,6860,0,0.3745987990072795,0
activiti,5802,0,0.3745987990072795,0
activiti,5621,0,0.3745987990072795,0
activiti,5652,0,0.3745987990072795,0
activiti,5640,0,0.3745987990072795,0
activiti,7292,0,0.3745987990072795,0
activiti,5412,0,0.3745987990072795,0
activiti,6900,0,0.3745987990072795,0
activiti,6082,0,0.3745987990072795,0
activiti,6454,0,0.3745987990072795,0
activiti,6041,0,0.3745987990072795,0
activiti,6809,0,0.3745987990072795,0
activiti,7234,0,0.3745987990072795,0
activiti,6628,0,0.3745987990072795,0
activiti,6950,0,0.3745987990072795,0
activiti,6926,0,0.3745987990072795,0
activiti,6947,0,0.3745987990072795,0
activiti,7110,0,0.3745987990072795,0
activiti,7335,0,0.3745987990072795,0
activiti,5530,0,0.3745987990072795,0
activiti,6340,0,0.3745987990072795,0
activiti,5480,0,0.3745987990072795,0
activiti,6075,0,0.3745987990072795,0
activiti,6724,0,0.3745987990072795,0
activiti,6721,0,0.3745987990072795,0
activiti,6069,0,0.3745987990072795,0
activiti,5511,0,0.3745987990072795,0
activiti,6489,0,0.3745987990072795,0
activiti,5804,0,0.3745987990072795,0
activiti,5424,0,0.3745987990072795,0
activiti,6785,0,0.3745987990072795,0
activiti,6035,0,0.3745987990072795,0
activiti,5751,0,0.3745987990072795,0
activiti,6804,0,0.3745987990072795,0
activiti,5844,0,0.3745987990072795,0
activiti,7036,0,0.3745987990072795,0
activiti,5946,0,0.3745987990072795,0
activiti,6195,0,0.3745987990072795,0
activiti,7256,0,0.3745987990072795,0
activiti,5601,0,0.3745987990072795,0
activiti,6463,0,0.3745987990072795,0
activiti,7246,0,0.3745987990072795,0
activiti,5878,0,0.3745987990072795,0
activiti,6659,0,0.3745987990072795,0
activiti,6021,0,0.3745987990072795,0
activiti,6049,0,0.3745987990072795,0
activiti,6740,0,0.3745987990072795,0
activiti,6402,0,0.3745987990072795,0
activiti,6327,0,0.3745987990072795,0
activiti,5620,0,0.3745987990072795,0
activiti,6342,0,0.3745987990072795,0
activiti,7143,0,0.3745987990072795,0
activiti,6122,0,0.3745987990072795,0
activiti,5794,0,0.3745987990072795,0
activiti,5749,0,0.3745987990072795,0
activiti,6419,0,0.3745987990072795,0
activiti,6462,0,0.3745987990072795,0
activiti,5575,0,0.3745987990072795,0
activiti,5420,0,0.3745987990072795,0
activiti,6751,0,0.3745987990072795,0
activiti,5752,0,0.3745987990072795,0
activiti,5990,0,0.3745987990072795,0
activiti,7190,0,0.3745987990072795,0
activiti,6478,0,0.3745987990072795,0
activiti,7220,0,0.3745987990072795,0
activiti,5582,0,0.3745987990072795,0
activiti,5467,0,0.3745987990072795,0
activiti,5821,0,0.3745987990072795,0
activiti,6377,0,0.3745987990072795,0
activiti,7136,0,0.3745987990072795,0
activiti,5629,0,0.3745987990072795,0
activiti,5423,0,0.3745987990072795,0
activiti,5459,0,0.3745987990072795,0
activiti,6154,0,0.3745987990072795,0
activiti,5906,0,0.3745987990072795,0
activiti,5494,0,0.3745987990072795,0
activiti,6184,0,0.3745987990072795,0
activiti,6456,0,0.3745987990072795,0
activiti,7029,0,0.3745987990072795,0
activiti,6016,0,0.3745987990072795,0
activiti,5438,0,0.3745987990072795,0
activiti,7155,0,0.3745987990072795,0
activiti,6178,0,0.3745987990072795,0
activiti,6099,0,0.3745987990072795,0
activiti,6201,0,0.3745987990072795,0
activiti,5607,0,0.3745987990072795,0
activiti,7217,0,0.3745987990072795,0
activiti,6658,0,0.3745987990072795,0
activiti,7134,0,0.3745987990072795,0
activiti,6028,0,0.3745987990072795,0
activiti,6784,0,0.3745987990072795,0
activiti,5416,0,0.3745987990072795,0
activiti,5464,0,0.3745987990072795,0
activiti,6027,0,0.3745987990072795,0
activiti,6625,1,0.3745987990072795,0
activiti,5851,0,0.3745987990072795,0
activiti,7394,0,0.3745987990072795,0
activiti,6696,0,0.3745987990072795,0
activiti,7435,0,0.3745987990072795,0
activiti,5976,0,0.3745987990072795,0
activiti,5579,0,0.3745987990072795,0
activiti,6887,0,0.3745987990072795,0
activiti,7082,0,0.3745987990072795,0
activiti,6890,0,0.3745987990072795,0
activiti,5558,0,0.3745987990072795,0
activiti,6005,0,0.3745987990072795,0
activiti,6348,0,0.3745987990072795,0
activiti,6264,0,0.3745987990072795,0
activiti,6045,0,0.3745987990072795,0
activiti,7090,0,0.3745987990072795,0
activiti,5469,0,0.3745987990072795,0
activiti,7169,0,0.3745987990072795,0
activiti,6637,0,0.3745987990072795,0
activiti,6928,0,0.3745987990072795,0
activiti,5702,0,0.3745987990072795,0
activiti,7390,0,0.3745987990072795,0
activiti,6932,0,0.3745987990072795,0
activiti,7431,0,0.3745987990072795,0
activiti,5665,0,0.3745987990072795,0
activiti,5431,0,0.3745987990072795,0
activiti,5920,0,0.3745987990072795,0
activiti,6003,0,0.3745987990072795,0
activiti,6996,0,0.3745987990072795,0
activiti,5419,0,0.3745987990072795,0
activiti,5517,0,0.3745987990072795,0
activiti,7332,0,0.3745987990072795,0
activiti,5865,0,0.3745987990072795,0
activiti,7058,0,0.3745987990072795,0
activiti,6970,0,0.3745987990072795,0
activiti,6393,0,0.3745987990072795,0
activiti,6344,0,0.3745987990072795,0
activiti,7047,0,0.3745987990072795,0
activiti,6120,0,0.3745987990072795,0
activiti,5521,0,0.3745987990072795,0
activiti,6289,0,0.3745987990072795,0
activiti,5617,0,0.3745987990072795,0
activiti,6764,0,0.3745987990072795,0
activiti,6023,0,0.3745987990072795,0
activiti,5493,0,0.3745987990072795,0
activiti,5733,0,0.3745987990072795,0
activiti,6012,0,0.3745987990072795,0
activiti,7372,0,0.3745987990072795,0
activiti,6078,0,0.3745987990072795,0
activiti,7350,0,0.3745987990072795,0
activiti,6545,0,0.3745987990072795,0
activiti,6245,0,0.3745987990072795,0
activiti,5440,0,0.3745987990072795,0
activiti,6534,0,0.3745987990072795,0
activiti,6943,0,0.3745987990072795,0
activiti,5433,0,0.3745987990072795,0
activiti,6660,0,0.3745987990072795,0
activiti,5643,0,0.3745987990072795,0
activiti,7021,1,0.3745987990072795,0
activiti,7403,0,0.3745987990072795,0
activiti,6614,0,0.3745987990072795,0
activiti,6058,0,0.3745987990072795,0
activiti,5396,0,0.3745987990072795,0
activiti,6034,0,0.3745987990072795,0
activiti,6323,0,0.3745987990072795,0
activiti,5893,0,0.3745987990072795,0
activiti,7401,0,0.3745987990072795,0
activiti,7025,0,0.3745987990072795,0
activiti,6068,0,0.3745987990072795,0
activiti,5913,0,0.3745987990072795,0
activiti,6130,0,0.3745987990072795,0
activiti,7064,0,0.3745987990072795,0
activiti,6632,0,0.3745987990072795,0
activiti,6569,0,0.3745987990072795,0
activiti,5401,0,0.3745987990072795,0
activiti,7037,0,0.3745987990072795,0
activiti,5750,0,0.3745987990072795,0
activiti,6277,0,0.3745987990072795,0
activiti,7164,0,0.3745987990072795,0
activiti,6611,0,0.3745987990072795,0
activiti,6600,0,0.3745987990072795,0
activiti,6914,0,0.3745987990072795,0
activiti,6901,0,0.3745987990072795,0
activiti,6855,0,0.3745987990072795,0
activiti,6228,0,0.3745987990072795,0
activiti,7093,0,0.3745987990072795,0
activiti,5528,0,0.3745987990072795,0
activiti,6742,0,0.3745987990072795,0
activiti,5411,0,0.3745987990072795,0
activiti,6427,0,0.3745987990072795,0
activiti,5598,0,0.3745987990072795,0
activiti,5907,0,0.3745987990072795,0
activiti,6913,0,0.3745987990072795,0
activiti,6026,0,0.3745987990072795,0
activiti,6273,0,0.3745987990072795,0
activiti,7357,0,0.3745987990072795,0
activiti,7212,0,0.3745987990072795,0
activiti,6457,0,0.3745987990072795,0
activiti,6703,0,0.3745987990072795,0
activiti,6991,1,0.3745987990072795,0
activiti,6047,0,0.3745987990072795,0
activiti,6593,0,0.3745987990072795,0
activiti,5515,0,0.3745987990072795,0
activiti,6573,0,0.3745987990072795,0
activiti,6983,0,0.3745987990072795,0
activiti,7343,0,0.3745987990072795,0
activiti,7362,0,0.3745987990072795,0
activiti,7251,0,0.3745987990072795,0
activiti,6995,0,0.3745987990072795,0
activiti,6616,0,0.3745987990072795,0
activiti,6052,0,0.3745987990072795,0
activiti,7303,0,0.3745987990072795,0
activiti,6934,0,0.3745987990072795,0
activiti,7351,0,0.3745987990072795,0
activiti,5567,0,0.3745987990072795,0
activiti,5827,0,0.3745987990072795,0
activiti,6576,0,0.3745987990072795,0
activiti,5914,0,0.3745987990072795,0
activiti,6032,0,0.3745987990072795,0
activiti,5938,0,0.3745987990072795,0
activiti,7207,0,0.3745987990072795,0
activiti,7216,0,0.3745987990072795,0
activiti,7026,0,0.3745987990072795,0
activiti,6952,0,0.3745987990072795,0
activiti,7046,0,0.3745987990072795,0
activiti,6232,0,0.3745987990072795,0
activiti,7262,0,0.3745987990072795,0
activiti,6145,0,0.3745987990072795,0
activiti,6371,1,0.3745987990072795,0
activiti,7301,0,0.3745987990072795,0
activiti,6777,0,0.3745987990072795,0
activiti,5957,0,0.3745987990072795,0
activiti,7140,0,0.3745987990072795,0
activiti,5658,0,0.3745987990072795,0
activiti,6007,0,0.3745987990072795,0
activiti,6262,0,0.3745987990072795,0
activiti,7017,0,0.3745987990072795,0
activiti,6197,0,0.3745987990072795,0
activiti,6944,0,0.3745987990072795,0
activiti,6544,0,0.3745987990072795,0
activiti,6387,0,0.3745987990072795,0
activiti,6798,0,0.3745987990072795,0
activiti,6266,0,0.3745987990072795,0
activiti,7200,0,0.3745987990072795,0
activiti,7283,0,0.3745987990072795,0
activiti,5740,0,0.3745987990072795,0
activiti,7177,0,0.3745987990072795,0
activiti,7092,0,0.3745987990072795,0
activiti,6883,0,0.3745987990072795,0
activiti,5886,0,0.3745987990072795,0
activiti,6972,0,0.3745987990072795,0
activiti,7264,0,0.3745987990072795,0
activiti,7137,0,0.3745987990072795,0
activiti,6805,0,0.3745987990072795,0
activiti,5524,0,0.3745987990072795,0
activiti,6871,0,0.3745987990072795,0
activiti,6799,0,0.3745987990072795,0
activiti,7267,0,0.3745987990072795,0
activiti,7268,0,0.3745987990072795,0
activiti,7165,0,0.3745987990072795,0
activiti,6862,0,0.3745987990072795,0
activiti,5758,0,0.3745987990072795,0
activiti,7027,0,0.3745987990072795,0
activiti,5731,0,0.3745987990072795,0
activiti,5863,0,0.3745987990072795,0
activiti,5427,0,0.3745987990072795,0
activiti,5432,0,0.3745987990072795,0
activiti,5739,0,0.3745987990072795,0
activiti,5678,0,0.3745987990072795,0
activiti,5894,0,0.3745987990072795,0
activiti,5981,0,0.3745987990072795,0
activiti,7171,0,0.3745987990072795,0
activiti,6471,0,0.3745987990072795,0
activiti,6248,0,0.3745987990072795,0
activiti,6621,0,0.3745987990072795,0
activiti,6850,0,0.3745987990072795,0
activiti,6436,0,0.3745987990072795,0
activiti,6138,0,0.3745987990072795,0
activiti,6101,0,0.3745987990072795,0
activiti,6169,0,0.3745987990072795,0
activiti,6056,0,0.3745987990072795,0
activiti,6689,0,0.3745987990072795,0
activiti,6941,0,0.3745987990072795,0
activiti,7049,0,0.3745987990072795,0
activiti,7071,0,0.3745987990072795,0
activiti,5919,0,0.3745987990072795,0
activiti,6574,0,0.3745987990072795,0
activiti,6608,0,0.3745987990072795,0
activiti,5667,0,0.3745987990072795,0
activiti,5553,0,0.3745987990072795,0
activiti,7257,0,0.3745987990072795,0
activiti,7055,0,0.3745987990072795,0
activiti,5735,0,0.3745987990072795,0
activiti,6955,0,0.3745987990072795,0
activiti,6925,0,0.3745987990072795,0
activiti,6215,0,0.3745987990072795,0
activiti,5823,0,0.3745987990072795,0
activiti,6422,0,0.3745987990072795,0
activiti,7337,0,0.3745987990072795,0
activiti,6321,0,0.3745987990072795,0
activiti,5655,0,0.3745987990072795,0
activiti,5964,0,0.3745987990072795,0
activiti,6720,0,0.3745987990072795,0
activiti,6667,0,0.3745987990072795,0
activiti,7100,0,0.3745987990072795,0
activiti,5871,0,0.3745987990072795,0
activiti,6044,0,0.3745987990072795,0
activiti,6105,0,0.3745987990072795,0
activiti,7106,0,0.3745987990072795,0
activiti,6384,0,0.3745987990072795,0
activiti,6093,0,0.3745987990072795,0
activiti,6291,0,0.3745987990072795,0
activiti,6763,0,0.3745987990072795,0
activiti,7374,0,0.3745987990072795,0
activiti,6309,0,0.3745987990072795,0
activiti,6993,0,0.3745987990072795,0
activiti,5730,0,0.3745987990072795,0
activiti,5422,0,0.3745987990072795,0
activiti,7138,0,0.3745987990072795,0
activiti,6597,0,0.3745987990072795,0
activiti,6172,0,0.3745987990072795,0
activiti,5995,0,0.3745987990072795,0
activiti,5928,0,0.3745987990072795,0
activiti,6797,0,0.3745987990072795,0
activiti,5393,0,0.3745987990072795,0
activiti,6768,0,0.3745987990072795,0
activiti,6199,0,0.3745987990072795,0
activiti,6352,0,0.3745987990072795,0
activiti,6193,0,0.3745987990072795,0
activiti,5638,0,0.3745987990072795,0
activiti,5713,0,0.3745987990072795,0
activiti,6765,0,0.3745987990072795,0
activiti,5679,0,0.3745987990072795,0
activiti,6497,0,0.3745987990072795,0
activiti,5743,0,0.3745987990072795,0
activiti,5408,0,0.3745987990072795,0
activiti,7265,0,0.3745987990072795,0
activiti,6516,0,0.3745987990072795,0
activiti,5709,0,0.3745987990072795,0
activiti,7272,0,0.3745987990072795,0
activiti,6757,0,0.3745987990072795,0
activiti,6237,0,0.3745987990072795,0
activiti,5609,0,0.3745987990072795,0
activiti,5997,0,0.3745987990072795,0
activiti,5993,0,0.3745987990072795,0
activiti,5564,0,0.3745987990072795,0
activiti,6668,0,0.3745987990072795,0
activiti,6375,0,0.3745987990072795,0
activiti,6491,1,0.3745987990072795,0
activiti,6694,0,0.3745987990072795,0
activiti,5924,0,0.3745987990072795,0
activiti,7405,0,0.3745987990072795,0
activiti,6920,0,0.3745987990072795,0
activiti,6159,0,0.3745987990072795,0
activiti,5843,0,0.3745987990072795,0
activiti,5473,0,0.3745987990072795,0
activiti,7051,0,0.3745987990072795,0
activiti,5728,0,0.3745987990072795,0
activiti,6852,0,0.3745987990072795,0
activiti,5499,0,0.3745987990072795,0
activiti,6631,0,0.3745987990072795,0
activiti,6251,0,0.3745987990072795,0
activiti,5870,0,0.3745987990072795,0
activiti,6719,0,0.3745987990072795,0
activiti,7434,0,0.3745987990072795,0
activiti,7059,0,0.3745987990072795,0
activiti,5779,0,0.3745987990072795,0
activiti,5410,0,0.3745987990072795,0
activiti,5584,0,0.3745987990072795,0
activiti,6835,0,0.3745987990072795,0
activiti,6299,0,0.3745987990072795,0
activiti,6137,0,0.3745987990072795,0
activiti,6808,0,0.3745987990072795,0
activiti,6565,0,0.3745987990072795,0
activiti,6598,0,0.3745987990072795,0
activiti,5571,0,0.3745987990072795,0
activiti,5834,0,0.3745987990072795,0
activiti,7419,0,0.3745987990072795,0
activiti,6191,0,0.3745987990072795,0
activiti,6519,0,0.3745987990072795,0
activiti,6409,0,0.3745987990072795,0
activiti,7427,0,0.3745987990072795,0
activiti,6741,0,0.3745987990072795,0
activiti,6748,0,0.3745987990072795,0
activiti,6109,0,0.3745987990072795,0
activiti,6603,0,0.3745987990072795,0
activiti,7012,1,0.3745987990072795,0
activiti,6723,0,0.3745987990072795,0
activiti,5677,0,0.3745987990072795,0
activiti,6258,0,0.3745987990072795,0
activiti,6859,0,0.3745987990072795,0
activiti,7315,0,0.3745987990072795,0
activiti,6019,0,0.3745987990072795,0
activiti,7132,0,0.3745987990072795,0
activiti,5793,0,0.3745987990072795,0
activiti,5747,0,0.3745987990072795,0
activiti,6929,0,0.3745987990072795,0
activiti,6965,0,0.3745987990072795,0
activiti,6354,0,0.3745987990072795,0
activiti,6528,0,0.3745987990072795,0
activiti,6029,0,0.3745987990072795,0
activiti,6192,0,0.3745987990072795,0
activiti,6208,0,0.3745987990072795,0
activiti,5559,0,0.3745987990072795,0
activiti,6548,0,0.3745987990072795,0
activiti,5642,0,0.3745987990072795,0
activiti,6089,0,0.3745987990072795,0
activiti,6469,0,0.3745987990072795,0
activiti,5635,0,0.3745987990072795,0
activiti,5417,0,0.3745987990072795,0
activiti,6442,0,0.3745987990072795,0
activiti,6594,0,0.3745987990072795,0
activiti,6404,0,0.3745987990072795,0
activiti,7166,0,0.3745987990072795,0
activiti,6303,0,0.3745987990072795,0
activiti,5591,0,0.3745987990072795,0
activiti,6356,0,0.3745987990072795,0
activiti,5888,0,0.3745987990072795,0
activiti,5911,0,0.3745987990072795,0
activiti,5998,0,0.3745987990072795,0
activiti,6822,0,0.3745987990072795,0
activiti,7423,0,0.3745987990072795,0
activiti,6556,0,0.3745987990072795,0
activiti,7230,0,0.3745987990072795,0
activiti,6288,0,0.3745987990072795,0
activiti,6298,0,0.3745987990072795,0
activiti,7288,0,0.3745987990072795,0
activiti,5468,0,0.3745987990072795,0
activiti,6365,0,0.3745987990072795,0
activiti,5541,0,0.3745987990072795,0
activiti,5947,0,0.3745987990072795,0
activiti,7142,0,0.3745987990072795,0
activiti,6096,0,0.3745987990072795,0
activiti,5545,0,0.3745987990072795,0
activiti,5937,0,0.3745987990072795,0
activiti,5485,0,0.3745987990072795,0
activiti,7387,0,0.3745987990072795,0
activiti,7184,0,0.3745987990072795,0
activiti,7161,0,0.3745987990072795,0
activiti,5475,0,0.3745987990072795,0
activiti,7185,0,0.3745987990072795,0
activiti,6263,0,0.3745987990072795,0
activiti,6833,0,0.3745987990072795,0
activiti,7186,0,0.3745987990072795,0
activiti,7247,0,0.3745987990072795,0
activiti,6492,0,0.3745987990072795,0
activiti,7001,0,0.3745987990072795,0
activiti,6328,0,0.3745987990072795,0
activiti,6624,0,0.3745987990072795,0
activiti,7347,0,0.3745987990072795,0
activiti,5487,0,0.3745987990072795,0
activiti,5961,0,0.3745987990072795,0
activiti,6848,0,0.3745987990072795,0
activiti,7048,0,0.3745987990072795,0
activiti,5414,0,0.3745987990072795,0
activiti,5721,0,0.3745987990072795,0
activiti,6650,1,0.3745987990072795,0
activiti,6512,0,0.3745987990072795,0
activiti,7284,0,0.3745987990072795,0
activiti,6863,0,0.3745987990072795,0
activiti,7008,0,0.3745987990072795,0
activiti,7271,0,0.3745987990072795,0
activiti,7319,0,0.3745987990072795,0
activiti,7109,0,0.3745987990072795,0
activiti,7060,0,0.3745987990072795,0
activiti,5769,0,0.3745987990072795,0
activiti,5586,0,0.3745987990072795,0
activiti,6464,0,0.3745987990072795,0
activiti,6229,0,0.3745987990072795,0
activiti,6739,0,0.3745987990072795,0
activiti,6074,0,0.3745987990072795,0
activiti,5690,0,0.3745987990072795,0
activiti,6604,0,0.3745987990072795,0
activiti,6686,0,0.3745987990072795,0
activiti,7336,0,0.3745987990072795,0
activiti,5569,0,0.3745987990072795,0
activiti,6984,0,0.3745987990072795,0
activiti,5921,0,0.3745987990072795,0
activiti,6046,0,0.3745987990072795,0
activiti,6549,0,0.3745987990072795,0
activiti,7328,0,0.3745987990072795,0
activiti,7013,0,0.3745987990072795,0
activiti,7358,0,0.3745987990072795,0
activiti,6999,0,0.3745987990072795,0
activiti,6645,0,0.3745987990072795,0
activiti,6269,0,0.3745987990072795,0
activiti,5611,0,0.3745987990072795,0
activiti,5864,0,0.3745987990072795,0
activiti,6420,0,0.3745987990072795,0
activiti,5695,0,0.3745987990072795,0
activiti,6364,0,0.3745987990072795,0
activiti,6704,0,0.3745987990072795,0
activiti,5508,0,0.3745987990072795,0
activiti,6539,0,0.3745987990072795,0
activiti,5560,0,0.3745987990072795,0
activiti,6233,0,0.3745987990072795,0
activiti,6557,0,0.3745987990072795,0
activiti,6617,0,0.3745987990072795,0
activiti,6115,0,0.3745987990072795,0
activiti,6281,0,0.3745987990072795,0
activiti,5876,0,0.3745987990072795,0
activiti,6135,0,0.3745987990072795,0
activiti,5639,0,0.3745987990072795,0
activiti,5889,0,0.3745987990072795,0
activiti,6499,0,0.3745987990072795,0
activiti,5612,0,0.3745987990072795,0
activiti,6942,0,0.3745987990072795,0
activiti,6758,0,0.3745987990072795,0
activiti,5543,0,0.3745987990072795,0
activiti,5901,0,0.3745987990072795,0
activiti,5909,0,0.3745987990072795,0
activiti,6217,0,0.3745987990072795,0
activiti,6140,0,0.3745987990072795,0
activiti,6584,0,0.3745987990072795,0
activiti,6540,0,0.3745987990072795,0
activiti,7306,0,0.3745987990072795,0
activiti,7318,0,0.3745987990072795,0
activiti,6477,0,0.3745987990072795,0
activiti,5537,0,0.3745987990072795,0
activiti,7269,0,0.3745987990072795,0
activiti,7208,0,0.3745987990072795,0
activiti,5994,0,0.3745987990072795,0
activiti,6243,1,0.3745987990072795,0
activiti,6867,0,0.3745987990072795,0
activiti,5904,0,0.3745987990072795,0
activiti,6681,0,0.3745987990072795,0
activiti,5816,0,0.3745987990072795,0
activiti,5703,0,0.3745987990072795,0
activiti,7294,0,0.3745987990072795,0
activiti,5474,0,0.3745987990072795,0
activiti,5838,0,0.3745987990072795,0
activiti,6579,0,0.3745987990072795,0
activiti,5540,0,0.3745987990072795,0
activiti,5465,0,0.3745987990072795,0
activiti,5697,0,0.3745987990072795,0
activiti,6212,0,0.3745987990072795,0
activiti,6368,0,0.3745987990072795,0
activiti,6495,0,0.3745987990072795,0
activiti,6891,0,0.3745987990072795,0
activiti,6390,0,0.3745987990072795,0
activiti,6167,0,0.3745987990072795,0
activiti,5674,0,0.3745987990072795,0
activiti,7384,0,0.3745987990072795,0
activiti,7421,0,0.3745987990072795,0
activiti,5965,0,0.3745987990072795,0
activiti,7121,0,0.3745987990072795,0
activiti,7103,0,0.3745987990072795,0
activiti,6708,0,0.3745987990072795,0
activiti,6498,0,0.3745987990072795,0
activiti,5445,0,0.3745987990072795,0
activiti,6783,0,0.3745987990072795,0
activiti,6815,0,0.3745987990072795,0
activiti,5960,0,0.3745987990072795,0
activiti,6242,0,0.3745987990072795,0
activiti,6846,0,0.3745987990072795,0
activiti,6239,0,0.3745987990072795,0
activiti,6961,0,0.3745987990072795,0
activiti,6405,0,0.3745987990072795,0
activiti,5840,0,0.3745987990072795,0
activiti,5397,0,0.3745987990072795,0
activiti,7375,0,0.3745987990072795,0
activiti,6183,0,0.3745987990072795,0
activiti,7298,0,0.3745987990072795,0
activiti,5770,0,0.3745987990072795,0
activiti,7178,0,0.3745987990072795,0
activiti,5526,0,0.3745987990072795,0
activiti,7081,0,0.3745987990072795,0
activiti,5817,0,0.3745987990072795,0
activiti,5538,1,0.3745987990072795,0
activiti,5706,0,0.3745987990072795,0
activiti,7227,0,0.3745987990072795,0
activiti,7213,0,0.3745987990072795,0
activiti,7007,0,0.3745987990072795,0
activiti,7180,0,0.3745987990072795,0
activiti,6256,0,0.3745987990072795,0
activiti,7151,0,0.3745987990072795,0
activiti,6818,0,0.3745987990072795,0
activiti,6866,0,0.3745987990072795,0
activiti,6853,0,0.3745987990072795,0
activiti,6726,0,0.3745987990072795,0
activiti,6317,0,0.3745987990072795,0
activiti,5495,0,0.3745987990072795,0
activiti,6843,0,0.3745987990072795,0
activiti,7307,0,0.3745987990072795,0
activiti,6535,0,0.3745987990072795,0
activiti,6043,0,0.3745987990072795,0
activiti,7150,0,0.3745987990072795,0
activiti,6881,0,0.3745987990072795,0
activiti,6324,0,0.3745987990072795,0
activiti,6330,0,0.3745987990072795,0
activiti,5984,0,0.3745987990072795,0
activiti,6081,0,0.3745987990072795,0
activiti,6894,0,0.3745987990072795,0
activiti,6103,0,0.3745987990072795,0
activiti,6582,0,0.3745987990072795,0
activiti,7113,0,0.3745987990072795,0
activiti,6908,0,0.3745987990072795,0
activiti,5797,0,0.3745987990072795,0
activiti,7418,0,0.3745987990072795,0
activiti,6293,0,0.3745987990072795,0
activiti,6560,0,0.3745987990072795,0
activiti,6150,0,0.3745987990072795,0
activiti,6563,0,0.3745987990072795,0
activiti,5757,0,0.3745987990072795,0
activiti,5522,0,0.3745987990072795,0
activiti,6954,0,0.3745987990072795,0
activiti,5426,0,0.3745987990072795,0
activiti,7028,0,0.3745987990072795,0
activiti,6374,0,0.3745987990072795,0
activiti,5974,0,0.3745987990072795,0
activiti,6213,0,0.3745987990072795,0
activiti,6737,0,0.3745987990072795,0
activiti,6314,0,0.3745987990072795,0
activiti,6166,0,0.3745987990072795,0
activiti,6821,0,0.3745987990072795,0
activiti,6609,0,0.3745987990072795,0
activiti,6106,0,0.3745987990072795,0
activiti,6571,0,0.3745987990072795,0
activiti,7221,0,0.3745987990072795,0
activiti,5767,0,0.3745987990072795,0
activiti,6157,0,0.3745987990072795,0
activiti,6684,0,0.3745987990072795,0
activiti,6391,0,0.3745987990072795,0
activiti,6888,0,0.3745987990072795,0
activiti,7296,0,0.3745987990072795,0
activiti,5732,0,0.3745987990072795,0
activiti,5405,0,0.3745987990072795,0
activiti,6879,0,0.3745987990072795,0
activiti,5788,1,0.3745987990072795,0
activiti,6091,0,0.3745987990072795,0
activiti,6285,0,0.3745987990072795,0
activiti,5884,0,0.3745987990072795,0
activiti,5613,0,0.3745987990072795,0
activiti,5402,0,0.3745987990072795,0
activiti,5628,0,0.3745987990072795,0
activiti,6688,0,0.3745987990072795,0
activiti,6127,0,0.3745987990072795,0
activiti,6274,0,0.3745987990072795,0
activiti,7226,0,0.3745987990072795,0
activiti,7270,0,0.3745987990072795,0
activiti,7304,0,0.3745987990072795,0
activiti,6407,0,0.3745987990072795,0
activiti,5845,0,0.3745987990072795,0
activiti,6564,0,0.3745987990072795,0
activiti,7124,0,0.3745987990072795,0
activiti,7333,0,0.3745987990072795,0
activiti,6136,0,0.3745987990072795,0
activiti,6856,0,0.3745987990072795,0
activiti,5507,0,0.3745987990072795,0
activiti,5676,0,0.3745987990072795,0
activiti,6736,0,0.3745987990072795,0
activiti,7010,0,0.3745987990072795,0
activiti,5532,0,0.3745987990072795,0
activiti,6832,0,0.3745987990072795,0
activiti,6329,0,0.3745987990072795,0
activiti,6919,0,0.3745987990072795,0
activiti,6977,0,0.3745987990072795,0
activiti,5644,0,0.3745987990072795,0
activiti,5798,0,0.3745987990072795,0
activiti,7034,0,0.3745987990072795,0
activiti,6849,0,0.3745987990072795,0
activiti,6524,0,0.3745987990072795,0
activiti,5513,0,0.3745987990072795,0
activiti,6227,0,0.3745987990072795,0
activiti,6411,0,0.3745987990072795,0
activiti,5885,0,0.3745987990072795,0
activiti,5668,0,0.3745987990072795,0
activiti,6605,0,0.3745987990072795,0
activiti,6214,0,0.3745987990072795,0
activiti,6202,0,0.3745987990072795,0
activiti,7346,0,0.3745987990072795,0
activiti,6902,0,0.3745987990072795,0
activiti,6114,0,0.3745987990072795,0
activiti,5593,0,0.3745987990072795,0
activiti,6187,0,0.3745987990072795,0
activiti,5879,0,0.3745987990072795,0
activiti,7425,0,0.3745987990072795,0
activiti,6842,0,0.3745987990072795,0
activiti,5996,0,0.3745987990072795,0
activiti,6666,0,0.3745987990072795,0
activiti,5483,0,0.3745987990072795,0
activiti,6494,0,0.3745987990072795,0
activiti,6241,0,0.3745987990072795,0
activiti,6502,0,0.3745987990072795,0
activiti,5761,0,0.3745987990072795,0
activiti,7117,0,0.3745987990072795,0
activiti,7349,0,0.3745987990072795,0
activiti,6182,0,0.3745987990072795,0
activiti,5466,0,0.3745987990072795,0
activiti,5682,0,0.3745987990072795,0
activiti,5636,0,0.3745987990072795,0
activiti,6185,0,0.3745987990072795,0
activiti,7338,0,0.3745987990072795,0
activiti,6144,0,0.3745987990072795,0
activiti,6168,0,0.3745987990072795,0
activiti,6551,0,0.3745987990072795,0
activiti,6541,0,0.3745987990072795,0
activiti,7299,0,0.3745987990072795,0
activiti,6583,0,0.3745987990072795,0
activiti,6646,1,0.3745987990072795,0
activiti,5435,0,0.3745987990072795,0
activiti,5727,0,0.3745987990072795,0
activiti,5492,0,0.3745987990072795,0
activiti,6223,0,0.3745987990072795,0
activiti,6752,0,0.3745987990072795,0
activiti,5413,0,0.3745987990072795,0
activiti,5810,0,0.3745987990072795,0
activiti,7402,0,0.3745987990072795,0
activiti,6147,0,0.3745987990072795,0
activiti,5734,0,0.3745987990072795,0
activiti,6369,1,0.3745987990072795,0
activiti,7243,0,0.3745987990072795,0
activiti,5805,0,0.3745987990072795,0
activiti,6033,0,0.3745987990072795,0
activiti,6170,0,0.3745987990072795,0
activiti,5801,0,0.3745987990072795,0
activiti,6671,0,0.3745987990072795,0
activiti,5789,1,0.3745987990072795,0
activiti,6151,0,0.3745987990072795,0
activiti,6473,0,0.3745987990072795,0
activiti,6373,0,0.3745987990072795,0
activiti,7260,0,0.3745987990072795,0
activiti,6139,0,0.3745987990072795,0
activiti,7250,0,0.3745987990072795,0
activiti,6224,0,0.3745987990072795,0
activiti,5654,0,0.3745987990072795,0
activiti,6578,0,0.3745987990072795,0
activiti,6030,0,0.3745987990072795,0
activiti,5602,0,0.3745987990072795,0
activiti,6040,0,0.3745987990072795,0
activiti,6773,0,0.3745987990072795,0
activiti,6018,0,0.3745987990072795,0
activiti,7233,0,0.3745987990072795,0
activiti,7030,0,0.3745987990072795,0
activiti,6349,0,0.3745987990072795,0
activiti,6072,0,0.3745987990072795,0
activiti,7324,0,0.3745987990072795,0
activiti,6639,0,0.3745987990072795,0
activiti,6595,0,0.3745987990072795,0
activiti,7286,0,0.3745987990072795,0
activiti,7101,0,0.3745987990072795,0
activiti,7321,0,0.3745987990072795,0
activiti,6959,0,0.3745987990072795,0
activiti,6851,0,0.3745987990072795,0
activiti,7126,0,0.3745987990072795,0
activiti,7236,0,0.3745987990072795,0
activiti,7385,0,0.3745987990072795,0
activiti,6558,0,0.3745987990072795,0
activiti,6790,0,0.3745987990072795,0
activiti,7388,0,0.3745987990072795,0
activiti,6885,0,0.3745987990072795,0
activiti,6338,0,0.3745987990072795,0
activiti,6816,0,0.3745987990072795,0
activiti,7378,0,0.3745987990072795,0
activiti,6447,0,0.3745987990072795,0
activiti,6417,0,0.3745987990072795,0
activiti,5484,0,0.3745987990072795,0
activiti,5694,0,0.3745987990072795,0
activiti,6922,0,0.3745987990072795,0
activiti,5912,0,0.3745987990072795,0
activiti,6222,0,0.3745987990072795,0
activiti,6425,0,0.3745987990072795,0
activiti,6651,0,0.3745987990072795,0
activiti,6119,0,0.3745987990072795,0
activiti,5589,0,0.3745987990072795,0
activiti,6143,0,0.3745987990072795,0
activiti,6678,0,0.3745987990072795,0
activiti,7223,0,0.3745987990072795,0
activiti,6592,0,0.3745987990072795,0
activiti,6378,0,0.3745987990072795,0
activiti,5449,0,0.3745987990072795,0
activiti,5557,0,0.3745987990072795,0
activiti,7368,0,0.3745987990072795,0
activiti,6057,0,0.3745987990072795,0
activiti,5572,0,0.3745987990072795,0
activiti,6418,0,0.3745987990072795,0
activiti,5594,0,0.3745987990072795,0
activiti,5903,0,0.3745987990072795,0
activiti,5392,0,0.3745987990072795,0
activiti,5566,0,0.3745987990072795,0
activiti,6532,0,0.3745987990072795,0
alluxio,22198,1,0.9507131626208626,1
alluxio,22183,0,0.9507131626208626,1
alluxio,22171,0,0.9507131626208626,1
alluxio,22227,0,0.9507131626208626,1
alluxio,22148,0,0.9507131626208626,1
alluxio,22187,0,0.9507131626208626,1
alluxio,22209,1,0.9507131626208626,1
alluxio,22208,1,0.9507131626208626,1
alluxio,22083,1,0.9507131626208626,1
alluxio,22194,1,0.9507131626208626,1
alluxio,22169,0,0.9507131626208626,1
alluxio,22142,0,0.9507131626208626,1
alluxio,22234,1,0.9507131626208626,1
alluxio,22050,0,0.9507131626208626,1
alluxio,22089,1,0.9507131626208626,1
alluxio,22195,1,0.9507131626208626,1
alluxio,22160,0,0.9507131626208626,1
alluxio,22121,1,0.9507131626208626,1
alluxio,22226,0,0.9507131626208626,1
alluxio,22113,1,0.9507131626208626,1
alluxio,22186,0,0.9507131626208626,1
alluxio,22133,1,0.9507131626208626,1
alluxio,22097,1,0.9507131626208626,1
alluxio,22117,1,0.9507131626208626,1
alluxio,22161,0,0.9507131626208626,1
alluxio,22220,1,0.9507131626208626,1
alluxio,22151,0,0.9507131626208626,1
alluxio,22056,1,0.9507131626208626,1
alluxio,22119,1,0.9507131626208626,1
alluxio,22206,1,0.9507131626208626,1
alluxio,22152,0,0.9507131626208626,1
alluxio,22210,1,0.9507131626208626,1
alluxio,22153,0,0.9507131626208626,1
alluxio,22058,1,0.9507131626208626,1
alluxio,22114,1,0.9507131626208626,1
alluxio,22215,1,0.9507131626208626,1
alluxio,22178,0,0.9507131626208626,1
alluxio,22146,0,0.9507131626208626,1
alluxio,22191,1,0.9507131626208626,1
alluxio,22074,1,0.9507131626208626,1
alluxio,22141,0,0.9507131626208626,1
alluxio,22106,1,0.9507131626208626,1
alluxio,22144,0,0.9507131626208626,1
alluxio,22110,1,0.9507131626208626,1
alluxio,22205,1,0.9507131626208626,1
alluxio,22099,1,0.9507131626208626,1
alluxio,22232,1,0.9507131626208626,1
alluxio,22179,0,0.9507131626208626,1
alluxio,22188,0,0.9507131626208626,1
alluxio,22228,0,0.9507131626208626,1
alluxio,22230,0,0.9507131626208626,1
alluxio,22094,1,0.9507131626208626,1
alluxio,22207,1,0.9507131626208626,1
alluxio,22175,0,0.9507131626208626,1
alluxio,22104,1,0.9507131626208626,1
alluxio,22159,0,0.9507131626208626,1
alluxio,22211,1,0.9507131626208626,1
alluxio,22158,0,0.9507131626208626,1
alluxio,22057,1,0.9507131626208626,1
alluxio,22123,1,0.9507131626208626,1
alluxio,22061,1,0.9507131626208626,1
alluxio,22136,0,0.9507131626208626,1
alluxio,22108,1,0.9507131626208626,1
alluxio,22224,0,0.9507131626208626,1
alluxio,22140,0,0.9507131626208626,1
alluxio,22085,1,0.9507131626208626,1
alluxio,22060,1,0.9507131626208626,1
alluxio,22077,1,0.9507131626208626,1
alluxio,22166,0,0.9507131626208626,1
alluxio,22131,1,0.9507131626208626,1
alluxio,22115,1,0.9507131626208626,1
alluxio,22189,0,0.9507131626208626,1
alluxio,22096,1,0.9507131626208626,1
alluxio,22052,0,0.9507131626208626,1
alluxio,22174,0,0.9507131626208626,1
alluxio,22051,0,0.9507131626208626,1
alluxio,22118,1,0.9507131626208626,1
alluxio,22122,1,0.9507131626208626,1
alluxio,22219,1,0.9507131626208626,1
alluxio,22155,0,0.9507131626208626,1
alluxio,22112,1,0.9507131626208626,1
alluxio,22059,1,0.9507131626208626,1
alluxio,22180,0,0.9507131626208626,1
alluxio,22109,1,0.9507131626208626,1
alluxio,22203,1,0.9507131626208626,1
alluxio,22172,0,0.9507131626208626,1
alluxio,22143,0,0.9507131626208626,1
alluxio,22212,1,0.9507131626208626,1
alluxio,22196,1,0.9507131626208626,1
alluxio,22081,1,0.9507131626208626,1
alluxio,22154,0,0.9507131626208626,1
alluxio,22147,0,0.9507131626208626,1
alluxio,22200,1,0.9507131626208626,1
alluxio,22130,0,0.9507131626208626,1
alluxio,22082,1,0.9507131626208626,1
alluxio,22073,1,0.9507131626208626,1
alluxio,22065,1,0.9507131626208626,1
alluxio,22134,0,0.9507131626208626,1
alluxio,22214,1,0.9507131626208626,1
alluxio,22167,0,0.9507131626208626,1
alluxio,22086,1,0.9507131626208626,1
alluxio,22076,1,0.9507131626208626,1
alluxio,22098,1,0.9507131626208626,1
alluxio,22092,1,0.9507131626208626,1
alluxio,22192,1,0.9507131626208626,1
alluxio,22107,1,0.9507131626208626,1
alluxio,22163,0,0.9507131626208626,1
alluxio,22111,1,0.9507131626208626,1
alluxio,22079,1,0.9507131626208626,1
alluxio,22127,1,0.9507131626208626,1
alluxio,22135,0,0.9507131626208626,1
alluxio,22170,0,0.9507131626208626,1
alluxio,22078,1,0.9507131626208626,1
alluxio,22177,0,0.9507131626208626,1
alluxio,22125,1,0.9507131626208626,1
alluxio,22201,1,0.9507131626208626,1
alluxio,22204,1,0.9507131626208626,1
alluxio,22181,0,0.9507131626208626,1
alluxio,22087,1,0.9507131626208626,1
alluxio,22067,1,0.9507131626208626,1
alluxio,22157,0,0.9507131626208626,1
alluxio,22101,1,0.9507131626208626,1
alluxio,22165,0,0.9507131626208626,1
alluxio,22225,0,0.9507131626208626,1
alluxio,22080,1,0.9507131626208626,1
alluxio,22185,0,0.9507131626208626,1
alluxio,22126,1,0.9507131626208626,1
alluxio,22138,0,0.9507131626208626,1
alluxio,22095,1,0.9507131626208626,1
alluxio,22173,0,0.9507131626208626,1
alluxio,22068,1,0.9507131626208626,1
alluxio,22150,0,0.9507131626208626,1
alluxio,22093,1,0.9507131626208626,1
alluxio,22199,1,0.9507131626208626,1
alluxio,22054,0,0.9507131626208626,1
alluxio,22084,1,0.9507131626208626,1
alluxio,22168,0,0.9507131626208626,1
alluxio,22162,0,0.9507131626208626,1
alluxio,22102,1,0.9507131626208626,1
alluxio,22105,1,0.9507131626208626,1
alluxio,22100,1,0.9507131626208626,1
alluxio,22229,0,0.9507131626208626,1
alluxio,22088,1,0.9507131626208626,1
alluxio,22164,0,0.9507131626208626,1
alluxio,22103,1,0.9507131626208626,1
alluxio,22190,1,0.9507131626208626,1
alluxio,22069,1,0.9507131626208626,1
alluxio,22139,0,0.9507131626208626,1
alluxio,22090,1,0.9507131626208626,1
alluxio,22216,1,0.9507131626208626,1
alluxio,22222,1,0.9507131626208626,1
alluxio,22132,1,0.9507131626208626,1
alluxio,22062,1,0.9507131626208626,1
alluxio,22202,1,0.9507131626208626,1
alluxio,22124,1,0.9507131626208626,1
alluxio,22218,1,0.9507131626208626,1
alluxio,22128,1,0.9507131626208626,1
alluxio,22184,0,0.9507131626208626,1
alluxio,22223,0,0.9507131626208626,1
alluxio,22055,1,0.9507131626208626,1
alluxio,22091,1,0.9507131626208626,1
alluxio,22197,1,0.9507131626208626,1
alluxio,22116,1,0.9507131626208626,1
alluxio,22193,1,0.9507131626208626,1
alluxio,22156,0,0.9507131626208626,1
alluxio,22233,1,0.9507131626208626,1
alluxio,22235,1,0.9507131626208626,1
alluxio,22063,1,0.9507131626208626,1
alluxio,22066,1,0.9507131626208626,1
ambari,7663,0,0.9592968702316287,1
ambari,7679,0,0.9592968702316287,1
ambari,7454,0,0.9592968702316287,1
ambari,7488,0,0.9592968702316287,1
ambari,7752,0,0.9592968702316287,1
ambari,7694,0,0.9592968702316287,1
ambari,7683,0,0.9592968702316287,1
ambari,7713,0,0.9592968702316287,1
ambari,7716,0,0.9592968702316287,1
ambari,7635,0,0.9592968702316287,1
ambari,7505,0,0.9592968702316287,1
ambari,7699,0,0.9592968702316287,1
ambari,7649,0,0.9592968702316287,1
ambari,7702,0,0.9592968702316287,1
ambari,7611,0,0.9592968702316287,1
ambari,7577,1,0.9592968702316287,1
ambari,7573,1,0.9592968702316287,1
ambari,7568,1,0.9592968702316287,1
ambari,7582,1,0.9592968702316287,1
ambari,7748,0,0.9592968702316287,1
ambari,7608,0,0.9592968702316287,1
ambari,7675,0,0.9592968702316287,1
ambari,7485,0,0.9592968702316287,1
ambari,7560,1,0.9592968702316287,1
ambari,7593,1,0.9592968702316287,1
ambari,7507,0,0.9592968702316287,1
ambari,7662,0,0.9592968702316287,1
ambari,7561,1,0.9592968702316287,1
ambari,7701,0,0.9592968702316287,1
ambari,7749,0,0.9592968702316287,1
ambari,7552,1,0.9592968702316287,1
ambari,7739,0,0.9592968702316287,1
ambari,7707,0,0.9592968702316287,1
ambari,7464,1,0.9592968702316287,1
ambari,7559,1,0.9592968702316287,1
ambari,7689,1,0.9592968702316287,1
ambari,7461,0,0.9592968702316287,1
ambari,7570,1,0.9592968702316287,1
ambari,7588,1,0.9592968702316287,1
ambari,7472,0,0.9592968702316287,1
ambari,7717,0,0.9592968702316287,1
ambari,7508,0,0.9592968702316287,1
ambari,7727,0,0.9592968702316287,1
ambari,7628,0,0.9592968702316287,1
ambari,7596,1,0.9592968702316287,1
ambari,7465,0,0.9592968702316287,1
ambari,7491,0,0.9592968702316287,1
ambari,7574,1,0.9592968702316287,1
ambari,7677,0,0.9592968702316287,1
ambari,7440,0,0.9592968702316287,1
ambari,7514,0,0.9592968702316287,1
ambari,7620,0,0.9592968702316287,1
ambari,7437,0,0.9592968702316287,1
ambari,7539,0,0.9592968702316287,1
ambari,7660,0,0.9592968702316287,1
ambari,7501,0,0.9592968702316287,1
ambari,7584,1,0.9592968702316287,1
ambari,7721,0,0.9592968702316287,1
ambari,7545,0,0.9592968702316287,1
ambari,7567,1,0.9592968702316287,1
ambari,7659,0,0.9592968702316287,1
ambari,7544,0,0.9592968702316287,1
ambari,7633,0,0.9592968702316287,1
ambari,7738,0,0.9592968702316287,1
ambari,7493,0,0.9592968702316287,1
ambari,7546,0,0.9592968702316287,1
ambari,7502,0,0.9592968702316287,1
ambari,7741,0,0.9592968702316287,1
ambari,7724,0,0.9592968702316287,1
ambari,7482,0,0.9592968702316287,1
ambari,7712,0,0.9592968702316287,1
ambari,7538,0,0.9592968702316287,1
ambari,7603,0,0.9592968702316287,1
ambari,7705,0,0.9592968702316287,1
ambari,7473,0,0.9592968702316287,1
ambari,7515,0,0.9592968702316287,1
ambari,7692,0,0.9592968702316287,1
ambari,7529,0,0.9592968702316287,1
ambari,7569,1,0.9592968702316287,1
ambari,7462,0,0.9592968702316287,1
ambari,7562,1,0.9592968702316287,1
ambari,7487,0,0.9592968702316287,1
ambari,7668,0,0.9592968702316287,1
ambari,7486,0,0.9592968702316287,1
ambari,7580,1,0.9592968702316287,1
ambari,7530,0,0.9592968702316287,1
ambari,7733,0,0.9592968702316287,1
ambari,7532,0,0.9592968702316287,1
ambari,7576,1,0.9592968702316287,1
ambari,7548,0,0.9592968702316287,1
ambari,7600,0,0.9592968702316287,1
ambari,7638,0,0.9592968702316287,1
ambari,7653,0,0.9592968702316287,1
ambari,7592,1,0.9592968702316287,1
ambari,7543,0,0.9592968702316287,1
ambari,7467,0,0.9592968702316287,1
ambari,7509,0,0.9592968702316287,1
ambari,7587,1,0.9592968702316287,1
ambari,7626,0,0.9592968702316287,1
ambari,7601,0,0.9592968702316287,1
ambari,7438,0,0.9592968702316287,1
ambari,7442,0,0.9592968702316287,1
ambari,7652,0,0.9592968702316287,1
ambari,7734,0,0.9592968702316287,1
ambari,7688,0,0.9592968702316287,1
ambari,7516,0,0.9592968702316287,1
ambari,7631,0,0.9592968702316287,1
ambari,7591,1,0.9592968702316287,1
ambari,7524,0,0.9592968702316287,1
ambari,7745,0,0.9592968702316287,1
ambari,7612,0,0.9592968702316287,1
ambari,7594,1,0.9592968702316287,1
ambari,7510,0,0.9592968702316287,1
ambari,7474,0,0.9592968702316287,1
ambari,7622,0,0.9592968702316287,1
ambari,7647,0,0.9592968702316287,1
ambari,7551,1,0.9592968702316287,1
ambari,7526,0,0.9592968702316287,1
ambari,7456,0,0.9592968702316287,1
ambari,7670,0,0.9592968702316287,1
ambari,7708,0,0.9592968702316287,1
ambari,7664,0,0.9592968702316287,1
ambari,7726,0,0.9592968702316287,1
ambari,7725,0,0.9592968702316287,1
ambari,7457,0,0.9592968702316287,1
ambari,7758,0,0.9592968702316287,1
ambari,7463,0,0.9592968702316287,1
ambari,7557,1,0.9592968702316287,1
ambari,7446,0,0.9592968702316287,1
ambari,7711,0,0.9592968702316287,1
ambari,7564,1,0.9592968702316287,1
ambari,7540,0,0.9592968702316287,1
ambari,7481,0,0.9592968702316287,1
ambari,7696,0,0.9592968702316287,1
ambari,7616,0,0.9592968702316287,1
ambari,7629,0,0.9592968702316287,1
ambari,7759,0,0.9592968702316287,1
ambari,7691,0,0.9592968702316287,1
ambari,7470,0,0.9592968702316287,1
ambari,7489,0,0.9592968702316287,1
ambari,7627,0,0.9592968702316287,1
ambari,7637,0,0.9592968702316287,1
ambari,7742,0,0.9592968702316287,1
ambari,7740,0,0.9592968702316287,1
ambari,7646,0,0.9592968702316287,1
ambari,7512,0,0.9592968702316287,1
ambari,7513,0,0.9592968702316287,1
ambari,7718,0,0.9592968702316287,1
ambari,7681,0,0.9592968702316287,1
ambari,7643,0,0.9592968702316287,1
ambari,7477,0,0.9592968702316287,1
ambari,7500,0,0.9592968702316287,1
ambari,7444,0,0.9592968702316287,1
ambari,7455,0,0.9592968702316287,1
ambari,7511,0,0.9592968702316287,1
ambari,7625,0,0.9592968702316287,1
ambari,7746,0,0.9592968702316287,1
ambari,7698,0,0.9592968702316287,1
ambari,7605,0,0.9592968702316287,1
ambari,7754,0,0.9592968702316287,1
ambari,7657,0,0.9592968702316287,1
ambari,7607,0,0.9592968702316287,1
ambari,7706,0,0.9592968702316287,1
ambari,7478,0,0.9592968702316287,1
ambari,7703,0,0.9592968702316287,1
ambari,7728,0,0.9592968702316287,1
ambari,7447,0,0.9592968702316287,1
ambari,7547,0,0.9592968702316287,1
ambari,7751,0,0.9592968702316287,1
ambari,7451,0,0.9592968702316287,1
ambari,7492,0,0.9592968702316287,1
ambari,7599,0,0.9592968702316287,1
ambari,7563,1,0.9592968702316287,1
ambari,7743,0,0.9592968702316287,1
ambari,7450,0,0.9592968702316287,1
ambari,7537,0,0.9592968702316287,1
ambari,7654,0,0.9592968702316287,1
ambari,7452,1,0.9592968702316287,1
ambari,7449,0,0.9592968702316287,1
ambari,7747,0,0.9592968702316287,1
ambari,7606,0,0.9592968702316287,1
ambari,7723,0,0.9592968702316287,1
ambari,7558,1,0.9592968702316287,1
ambari,7475,0,0.9592968702316287,1
ambari,7469,0,0.9592968702316287,1
ambari,7581,1,0.9592968702316287,1
ambari,7678,0,0.9592968702316287,1
ambari,7566,1,0.9592968702316287,1
ambari,7617,0,0.9592968702316287,1
ambari,7589,1,0.9592968702316287,1
ambari,7586,1,0.9592968702316287,1
ambari,7737,0,0.9592968702316287,1
ambari,7471,0,0.9592968702316287,1
ambari,7684,0,0.9592968702316287,1
ambari,7722,0,0.9592968702316287,1
ambari,7518,0,0.9592968702316287,1
ambari,7674,0,0.9592968702316287,1
ambari,7639,0,0.9592968702316287,1
ambari,7534,0,0.9592968702316287,1
ambari,7497,0,0.9592968702316287,1
ambari,7650,0,0.9592968702316287,1
ambari,7531,0,0.9592968702316287,1
ambari,7641,0,0.9592968702316287,1
ambari,7490,0,0.9592968702316287,1
ambari,7527,0,0.9592968702316287,1
ambari,7521,0,0.9592968702316287,1
ambari,7732,0,0.9592968702316287,1
ambari,7496,0,0.9592968702316287,1
ambari,7495,0,0.9592968702316287,1
ambari,7441,0,0.9592968702316287,1
ambari,7656,0,0.9592968702316287,1
ambari,7719,0,0.9592968702316287,1
ambari,7700,0,0.9592968702316287,1
ambari,7523,0,0.9592968702316287,1
ambari,7453,0,0.9592968702316287,1
ambari,7685,0,0.9592968702316287,1
ambari,7536,0,0.9592968702316287,1
ambari,7673,0,0.9592968702316287,1
ambari,7756,0,0.9592968702316287,1
ambari,7624,0,0.9592968702316287,1
ambari,7648,0,0.9592968702316287,1
ambari,7595,1,0.9592968702316287,1
ambari,7666,0,0.9592968702316287,1
ambari,7667,0,0.9592968702316287,1
ambari,7436,0,0.9592968702316287,1
ambari,7655,0,0.9592968702316287,1
ambari,7494,0,0.9592968702316287,1
ambari,7443,0,0.9592968702316287,1
ambari,7549,1,0.9592968702316287,1
ambari,7550,1,0.9592968702316287,1
ambari,7704,0,0.9592968702316287,1
ambari,7590,1,0.9592968702316287,1
ambari,7729,0,0.9592968702316287,1
ambari,7731,0,0.9592968702316287,1
ambari,7710,0,0.9592968702316287,1
ambari,7519,0,0.9592968702316287,1
ambari,7533,0,0.9592968702316287,1
ambari,7499,0,0.9592968702316287,1
ambari,7579,1,0.9592968702316287,1
ambari,7575,1,0.9592968702316287,1
ambari,7750,0,0.9592968702316287,1
ambari,7686,0,0.9592968702316287,1
ambari,7676,0,0.9592968702316287,1
ambari,7522,0,0.9592968702316287,1
ambari,7658,0,0.9592968702316287,1
ambari,7598,0,0.9592968702316287,1
ambari,7503,0,0.9592968702316287,1
ambari,7645,0,0.9592968702316287,1
ambari,7458,0,0.9592968702316287,1
ambari,7479,0,0.9592968702316287,1
ambari,7630,0,0.9592968702316287,1
ambari,7736,0,0.9592968702316287,1
ambari,7466,0,0.9592968702316287,1
ambari,7506,0,0.9592968702316287,1
ambari,7665,0,0.9592968702316287,1
ambari,7525,0,0.9592968702316287,1
ambari,7610,0,0.9592968702316287,1
ambari,7476,0,0.9592968702316287,1
ambari,7448,0,0.9592968702316287,1
ambari,7640,0,0.9592968702316287,1
ambari,7571,1,0.9592968702316287,1
ambari,7693,0,0.9592968702316287,1
ambari,7687,0,0.9592968702316287,1
ambari,7672,0,0.9592968702316287,1
ambari,7636,0,0.9592968702316287,1
ambari,7615,0,0.9592968702316287,1
ambari,7597,0,0.9592968702316287,1
ambari,7730,0,0.9592968702316287,1
ambari,7609,0,0.9592968702316287,1
ambari,7535,0,0.9592968702316287,1
ambari,7695,0,0.9592968702316287,1
ambari,7661,0,0.9592968702316287,1
ambari,7614,0,0.9592968702316287,1
ambari,7621,0,0.9592968702316287,1
ambari,7553,1,0.9592968702316287,1
ambari,7528,0,0.9592968702316287,1
ambari,7619,0,0.9592968702316287,1
ambari,7634,0,0.9592968702316287,1
ambari,7604,0,0.9592968702316287,1
ambari,7720,0,0.9592968702316287,1
ambari,7585,1,0.9592968702316287,1
ambari,7439,0,0.9592968702316287,1
ambari,7504,0,0.9592968702316287,1
ambari,7541,0,0.9592968702316287,1
ambari,7578,1,0.9592968702316287,1
ambari,7618,0,0.9592968702316287,1
ambari,7690,1,0.9592968702316287,1
ambari,7460,0,0.9592968702316287,1
ambari,7744,0,0.9592968702316287,1
ambari,7642,0,0.9592968702316287,1
ambari,7554,1,0.9592968702316287,1
ambari,7753,0,0.9592968702316287,1
assertj-core,11403,0,0.09581989049911503,0
assertj-core,13055,0,0.09581989049911503,0
assertj-core,15483,0,0.09581989049911503,0
assertj-core,11876,0,0.09581989049911503,0
assertj-core,14631,0,0.09581989049911503,0
assertj-core,11588,0,0.09581989049911503,0
assertj-core,14232,0,0.09581989049911503,0
assertj-core,14610,0,0.09581989049911503,0
assertj-core,16062,0,0.09581989049911503,0
assertj-core,12156,0,0.09581989049911503,0
assertj-core,14548,0,0.09581989049911503,0
assertj-core,13494,0,0.09581989049911503,0
assertj-core,12800,0,0.09581989049911503,0
assertj-core,15454,0,0.09581989049911503,0
assertj-core,12009,0,0.09581989049911503,0
assertj-core,15879,0,0.09581989049911503,0
assertj-core,14607,0,0.09581989049911503,0
assertj-core,16964,0,0.09581989049911503,0
assertj-core,13417,0,0.09581989049911503,0
assertj-core,13173,0,0.09581989049911503,0
assertj-core,11699,0,0.09581989049911503,0
assertj-core,13626,0,0.09581989049911503,0
assertj-core,16811,0,0.09581989049911503,0
assertj-core,17185,0,0.09581989049911503,0
assertj-core,17191,0,0.09581989049911503,0
assertj-core,11198,0,0.09581989049911503,0
assertj-core,14923,0,0.09581989049911503,0
assertj-core,12422,0,0.09581989049911503,0
assertj-core,12441,0,0.09581989049911503,0
assertj-core,12694,0,0.09581989049911503,0
assertj-core,15592,0,0.09581989049911503,0
assertj-core,16581,0,0.09581989049911503,0
assertj-core,12073,0,0.09581989049911503,0
assertj-core,11329,0,0.09581989049911503,0
assertj-core,16012,0,0.09581989049911503,0
assertj-core,14945,0,0.09581989049911503,0
assertj-core,11884,0,0.09581989049911503,0
assertj-core,12863,0,0.09581989049911503,0
assertj-core,15954,0,0.09581989049911503,0
assertj-core,14567,0,0.09581989049911503,0
assertj-core,15361,0,0.09581989049911503,0
assertj-core,15133,0,0.09581989049911503,0
assertj-core,13221,0,0.09581989049911503,0
assertj-core,15119,0,0.09581989049911503,0
assertj-core,13362,0,0.09581989049911503,0
assertj-core,14334,0,0.09581989049911503,0
assertj-core,14241,0,0.09581989049911503,0
assertj-core,12742,0,0.09581989049911503,0
assertj-core,12304,0,0.09581989049911503,0
assertj-core,13992,0,0.09581989049911503,0
assertj-core,11145,0,0.09581989049911503,0
assertj-core,15714,0,0.09581989049911503,0
assertj-core,15040,0,0.09581989049911503,0
assertj-core,11793,0,0.09581989049911503,0
assertj-core,16463,0,0.09581989049911503,0
assertj-core,12148,0,0.09581989049911503,0
assertj-core,14480,0,0.09581989049911503,0
assertj-core,11321,0,0.09581989049911503,0
assertj-core,14765,0,0.09581989049911503,0
assertj-core,13720,0,0.09581989049911503,0
assertj-core,11454,0,0.09581989049911503,0
assertj-core,11509,0,0.09581989049911503,0
assertj-core,15908,0,0.09581989049911503,0
assertj-core,14719,0,0.09581989049911503,0
assertj-core,14177,0,0.09581989049911503,0
assertj-core,11763,0,0.09581989049911503,0
assertj-core,16160,0,0.09581989049911503,0
assertj-core,11334,0,0.09581989049911503,0
assertj-core,16334,0,0.09581989049911503,0
assertj-core,16661,0,0.09581989049911503,0
assertj-core,15481,0,0.09581989049911503,0
assertj-core,12048,0,0.09581989049911503,0
assertj-core,12443,0,0.09581989049911503,0
assertj-core,13169,0,0.09581989049911503,0
assertj-core,15897,0,0.09581989049911503,0
assertj-core,13615,0,0.09581989049911503,0
assertj-core,14036,0,0.09581989049911503,0
assertj-core,16534,0,0.09581989049911503,0
assertj-core,15916,0,0.09581989049911503,0
assertj-core,16380,0,0.09581989049911503,0
assertj-core,11422,0,0.09581989049911503,0
assertj-core,16990,0,0.09581989049911503,0
assertj-core,11366,0,0.09581989049911503,0
assertj-core,15482,0,0.09581989049911503,0
assertj-core,13631,0,0.09581989049911503,0
assertj-core,14737,0,0.09581989049911503,0
assertj-core,12737,0,0.09581989049911503,0
assertj-core,15544,0,0.09581989049911503,0
assertj-core,13302,0,0.09581989049911503,0
assertj-core,13614,0,0.09581989049911503,0
assertj-core,11925,0,0.09581989049911503,0
assertj-core,14349,0,0.09581989049911503,0
assertj-core,12376,0,0.09581989049911503,0
assertj-core,12496,0,0.09581989049911503,0
assertj-core,16747,0,0.09581989049911503,0
assertj-core,15468,0,0.09581989049911503,0
assertj-core,11182,0,0.09581989049911503,0
assertj-core,13476,0,0.09581989049911503,0
assertj-core,14062,0,0.09581989049911503,0
assertj-core,15519,0,0.09581989049911503,0
assertj-core,15001,0,0.09581989049911503,0
assertj-core,16479,0,0.09581989049911503,0
assertj-core,15304,0,0.09581989049911503,0
assertj-core,16999,0,0.09581989049911503,0
assertj-core,16132,0,0.09581989049911503,0
assertj-core,17073,0,0.09581989049911503,0
assertj-core,13128,0,0.09581989049911503,0
assertj-core,15020,0,0.09581989049911503,0
assertj-core,11178,0,0.09581989049911503,0
assertj-core,15152,0,0.09581989049911503,0
assertj-core,12728,0,0.09581989049911503,0
assertj-core,16172,0,0.09581989049911503,0
assertj-core,17025,0,0.09581989049911503,0
assertj-core,14709,0,0.09581989049911503,0
assertj-core,15484,0,0.09581989049911503,0
assertj-core,16822,0,0.09581989049911503,0
assertj-core,15580,0,0.09581989049911503,0
assertj-core,17362,0,0.09581989049911503,0
assertj-core,13513,0,0.09581989049911503,0
assertj-core,16575,0,0.09581989049911503,0
assertj-core,16327,0,0.09581989049911503,0
assertj-core,15443,0,0.09581989049911503,0
assertj-core,11138,0,0.09581989049911503,0
assertj-core,13483,0,0.09581989049911503,0
assertj-core,13166,0,0.09581989049911503,0
assertj-core,15641,0,0.09581989049911503,0
assertj-core,13289,0,0.09581989049911503,0
assertj-core,12003,0,0.09581989049911503,0
assertj-core,11473,0,0.09581989049911503,0
assertj-core,13866,0,0.09581989049911503,0
assertj-core,15059,0,0.09581989049911503,0
assertj-core,13435,0,0.09581989049911503,0
assertj-core,16043,0,0.09581989049911503,0
assertj-core,17004,0,0.09581989049911503,0
assertj-core,11579,0,0.09581989049911503,0
assertj-core,16806,0,0.09581989049911503,0
assertj-core,17092,0,0.09581989049911503,0
assertj-core,13823,0,0.09581989049911503,0
assertj-core,13286,0,0.09581989049911503,0
assertj-core,15331,0,0.09581989049911503,0
assertj-core,14927,0,0.09581989049911503,0
assertj-core,13643,0,0.09581989049911503,0
assertj-core,11495,0,0.09581989049911503,0
assertj-core,11390,0,0.09581989049911503,0
assertj-core,14409,0,0.09581989049911503,0
assertj-core,12750,0,0.09581989049911503,0
assertj-core,12381,0,0.09581989049911503,0
assertj-core,13817,0,0.09581989049911503,0
assertj-core,17360,0,0.09581989049911503,0
assertj-core,14246,0,0.09581989049911503,0
assertj-core,11818,0,0.09581989049911503,0
assertj-core,11402,0,0.09581989049911503,0
assertj-core,13846,0,0.09581989049911503,0
assertj-core,14603,0,0.09581989049911503,0
assertj-core,16475,0,0.09581989049911503,0
assertj-core,12118,0,0.09581989049911503,0
assertj-core,12866,0,0.09581989049911503,0
assertj-core,15601,0,0.09581989049911503,0
assertj-core,13218,0,0.09581989049911503,0
assertj-core,16707,0,0.09581989049911503,0
assertj-core,15703,0,0.09581989049911503,0
assertj-core,17390,0,0.09581989049911503,0
assertj-core,13768,0,0.09581989049911503,0
assertj-core,13484,0,0.09581989049911503,0
assertj-core,11320,0,0.09581989049911503,0
assertj-core,12946,0,0.09581989049911503,0
assertj-core,15126,0,0.09581989049911503,0
assertj-core,12016,0,0.09581989049911503,0
assertj-core,13361,0,0.09581989049911503,0
assertj-core,12609,0,0.09581989049911503,0
assertj-core,16613,0,0.09581989049911503,0
assertj-core,12689,0,0.09581989049911503,0
assertj-core,14696,0,0.09581989049911503,0
assertj-core,16263,0,0.09581989049911503,0
assertj-core,14107,0,0.09581989049911503,0
assertj-core,14015,0,0.09581989049911503,0
assertj-core,16983,0,0.09581989049911503,0
assertj-core,12201,0,0.09581989049911503,0
assertj-core,12912,0,0.09581989049911503,0
assertj-core,14872,0,0.09581989049911503,0
assertj-core,11838,0,0.09581989049911503,0
assertj-core,16528,0,0.09581989049911503,0
assertj-core,16615,0,0.09581989049911503,0
assertj-core,14007,0,0.09581989049911503,0
assertj-core,12761,0,0.09581989049911503,0
assertj-core,12450,0,0.09581989049911503,0
assertj-core,16724,0,0.09581989049911503,0
assertj-core,13789,0,0.09581989049911503,0
assertj-core,12596,0,0.09581989049911503,0
assertj-core,13871,0,0.09581989049911503,0
assertj-core,17168,0,0.09581989049911503,0
assertj-core,17289,0,0.09581989049911503,0
assertj-core,15296,0,0.09581989049911503,0
assertj-core,16607,0,0.09581989049911503,0
assertj-core,14285,0,0.09581989049911503,0
assertj-core,12655,0,0.09581989049911503,0
assertj-core,17021,0,0.09581989049911503,0
assertj-core,12097,0,0.09581989049911503,0
assertj-core,11867,0,0.09581989049911503,0
assertj-core,16116,0,0.09581989049911503,0
assertj-core,14517,0,0.09581989049911503,0
assertj-core,11387,0,0.09581989049911503,0
assertj-core,15668,0,0.09581989049911503,0
assertj-core,14738,0,0.09581989049911503,0
assertj-core,12134,0,0.09581989049911503,0
assertj-core,12000,0,0.09581989049911503,0
assertj-core,15275,0,0.09581989049911503,0
assertj-core,13676,0,0.09581989049911503,0
assertj-core,15068,0,0.09581989049911503,0
assertj-core,12483,0,0.09581989049911503,0
assertj-core,14717,0,0.09581989049911503,0
assertj-core,13400,0,0.09581989049911503,0
assertj-core,17255,0,0.09581989049911503,0
assertj-core,15585,0,0.09581989049911503,0
assertj-core,13385,0,0.09581989049911503,0
assertj-core,14010,0,0.09581989049911503,0
assertj-core,12850,0,0.09581989049911503,0
assertj-core,14425,0,0.09581989049911503,0
assertj-core,13210,0,0.09581989049911503,0
assertj-core,17351,0,0.09581989049911503,0
assertj-core,16858,0,0.09581989049911503,0
assertj-core,11998,0,0.09581989049911503,0
assertj-core,14940,0,0.09581989049911503,0
assertj-core,16358,0,0.09581989049911503,0
assertj-core,15805,0,0.09581989049911503,0
assertj-core,16754,0,0.09581989049911503,0
assertj-core,16066,0,0.09581989049911503,0
assertj-core,15960,0,0.09581989049911503,0
assertj-core,16355,0,0.09581989049911503,0
assertj-core,13788,0,0.09581989049911503,0
assertj-core,16541,0,0.09581989049911503,0
assertj-core,12505,0,0.09581989049911503,0
assertj-core,15437,0,0.09581989049911503,0
assertj-core,12947,0,0.09581989049911503,0
assertj-core,14236,0,0.09581989049911503,0
assertj-core,11648,0,0.09581989049911503,0
assertj-core,13298,0,0.09581989049911503,0
assertj-core,13409,0,0.09581989049911503,0
assertj-core,14692,0,0.09581989049911503,0
assertj-core,14555,0,0.09581989049911503,0
assertj-core,15380,0,0.09581989049911503,0
assertj-core,15722,0,0.09581989049911503,0
assertj-core,13957,0,0.09581989049911503,0
assertj-core,15651,0,0.09581989049911503,0
assertj-core,12550,0,0.09581989049911503,0
assertj-core,12805,0,0.09581989049911503,0
assertj-core,11359,0,0.09581989049911503,0
assertj-core,16695,0,0.09581989049911503,0
assertj-core,14560,0,0.09581989049911503,0
assertj-core,13939,0,0.09581989049911503,0
assertj-core,16772,0,0.09581989049911503,0
assertj-core,17044,0,0.09581989049911503,0
assertj-core,13388,0,0.09581989049911503,0
assertj-core,16320,0,0.09581989049911503,0
assertj-core,17089,0,0.09581989049911503,0
assertj-core,13060,0,0.09581989049911503,0
assertj-core,15003,0,0.09581989049911503,0
assertj-core,11995,0,0.09581989049911503,0
assertj-core,13710,0,0.09581989049911503,0
assertj-core,13098,0,0.09581989049911503,0
assertj-core,12197,0,0.09581989049911503,0
assertj-core,12474,0,0.09581989049911503,0
assertj-core,12699,0,0.09581989049911503,0
assertj-core,16120,0,0.09581989049911503,0
assertj-core,11406,0,0.09581989049911503,0
assertj-core,13129,0,0.09581989049911503,0
assertj-core,15760,0,0.09581989049911503,0
assertj-core,11481,0,0.09581989049911503,0
assertj-core,15847,0,0.09581989049911503,0
assertj-core,15509,0,0.09581989049911503,0
assertj-core,15991,0,0.09581989049911503,0
assertj-core,16916,0,0.09581989049911503,0
assertj-core,15427,0,0.09581989049911503,0
assertj-core,13765,0,0.09581989049911503,0
assertj-core,13880,0,0.09581989049911503,0
assertj-core,16159,0,0.09581989049911503,0
assertj-core,12985,0,0.09581989049911503,0
assertj-core,13860,0,0.09581989049911503,0
assertj-core,16362,0,0.09581989049911503,0
assertj-core,14215,0,0.09581989049911503,0
assertj-core,15471,0,0.09581989049911503,0
assertj-core,17027,0,0.09581989049911503,0
assertj-core,11385,0,0.09581989049911503,0
assertj-core,13853,0,0.09581989049911503,0
assertj-core,17106,0,0.09581989049911503,0
assertj-core,13553,0,0.09581989049911503,0
assertj-core,15035,0,0.09581989049911503,0
assertj-core,15942,0,0.09581989049911503,0
assertj-core,15779,0,0.09581989049911503,0
assertj-core,13630,0,0.09581989049911503,0
assertj-core,14530,0,0.09581989049911503,0
assertj-core,16452,0,0.09581989049911503,0
assertj-core,14372,0,0.09581989049911503,0
assertj-core,12374,0,0.09581989049911503,0
assertj-core,14562,0,0.09581989049911503,0
assertj-core,12646,0,0.09581989049911503,0
assertj-core,12951,0,0.09581989049911503,0
assertj-core,12075,0,0.09581989049911503,0
assertj-core,16376,0,0.09581989049911503,0
assertj-core,13485,0,0.09581989049911503,0
assertj-core,12997,0,0.09581989049911503,0
assertj-core,17124,0,0.09581989049911503,0
assertj-core,16799,0,0.09581989049911503,0
assertj-core,14745,0,0.09581989049911503,0
assertj-core,17322,0,0.09581989049911503,0
assertj-core,13981,0,0.09581989049911503,0
assertj-core,12195,0,0.09581989049911503,0
assertj-core,12392,0,0.09581989049911503,0
assertj-core,12524,0,0.09581989049911503,0
assertj-core,11803,0,0.09581989049911503,0
assertj-core,16945,0,0.09581989049911503,0
assertj-core,13870,0,0.09581989049911503,0
assertj-core,17210,0,0.09581989049911503,0
assertj-core,17099,0,0.09581989049911503,0
assertj-core,15222,0,0.09581989049911503,0
assertj-core,11683,0,0.09581989049911503,0
assertj-core,14735,0,0.09581989049911503,0
assertj-core,12138,0,0.09581989049911503,0
assertj-core,14733,0,0.09581989049911503,0
assertj-core,16917,0,0.09581989049911503,0
assertj-core,16973,0,0.09581989049911503,0
assertj-core,16115,0,0.09581989049911503,0
assertj-core,14913,0,0.09581989049911503,0
assertj-core,15268,0,0.09581989049911503,0
assertj-core,15764,0,0.09581989049911503,0
assertj-core,15998,0,0.09581989049911503,0
assertj-core,16296,0,0.09581989049911503,0
assertj-core,13909,0,0.09581989049911503,0
assertj-core,17378,0,0.09581989049911503,0
assertj-core,13235,0,0.09581989049911503,0
assertj-core,13010,0,0.09581989049911503,0
assertj-core,17339,0,0.09581989049911503,0
assertj-core,16751,0,0.09581989049911503,0
assertj-core,13999,0,0.09581989049911503,0
assertj-core,15302,0,0.09581989049911503,0
assertj-core,11221,0,0.09581989049911503,0
assertj-core,12848,0,0.09581989049911503,0
assertj-core,11564,0,0.09581989049911503,0
assertj-core,11508,0,0.09581989049911503,0
assertj-core,15854,0,0.09581989049911503,0
assertj-core,12319,0,0.09581989049911503,0
assertj-core,11920,0,0.09581989049911503,0
assertj-core,12683,0,0.09581989049911503,0
assertj-core,12140,0,0.09581989049911503,0
assertj-core,13139,0,0.09581989049911503,0
assertj-core,12480,0,0.09581989049911503,0
assertj-core,15794,0,0.09581989049911503,0
assertj-core,16881,0,0.09581989049911503,0
assertj-core,16818,0,0.09581989049911503,0
assertj-core,13594,0,0.09581989049911503,0
assertj-core,14602,0,0.09581989049911503,0
assertj-core,14478,0,0.09581989049911503,0
assertj-core,12252,0,0.09581989049911503,0
assertj-core,13266,0,0.09581989049911503,0
assertj-core,11179,0,0.09581989049911503,0
assertj-core,13618,0,0.09581989049911503,0
assertj-core,14046,0,0.09581989049911503,0
assertj-core,14287,0,0.09581989049911503,0
assertj-core,15233,0,0.09581989049911503,0
assertj-core,11310,0,0.09581989049911503,0
assertj-core,14473,0,0.09581989049911503,0
assertj-core,11609,0,0.09581989049911503,0
assertj-core,15624,0,0.09581989049911503,0
assertj-core,11242,0,0.09581989049911503,0
assertj-core,13969,0,0.09581989049911503,0
assertj-core,15338,0,0.09581989049911503,0
assertj-core,14838,0,0.09581989049911503,0
assertj-core,16936,0,0.09581989049911503,0
assertj-core,11328,0,0.09581989049911503,0
assertj-core,16850,0,0.09581989049911503,0
assertj-core,13703,0,0.09581989049911503,0
assertj-core,14474,0,0.09581989049911503,0
assertj-core,15194,0,0.09581989049911503,0
assertj-core,15176,0,0.09581989049911503,0
assertj-core,15969,0,0.09581989049911503,0
assertj-core,14565,0,0.09581989049911503,0
assertj-core,12373,0,0.09581989049911503,0
assertj-core,12255,0,0.09581989049911503,0
assertj-core,13163,0,0.09581989049911503,0
assertj-core,12746,0,0.09581989049911503,0
assertj-core,13668,0,0.09581989049911503,0
assertj-core,12363,0,0.09581989049911503,0
assertj-core,14081,0,0.09581989049911503,0
assertj-core,17085,0,0.09581989049911503,0
assertj-core,15274,0,0.09581989049911503,0
assertj-core,12268,0,0.09581989049911503,0
assertj-core,15058,0,0.09581989049911503,0
assertj-core,14576,0,0.09581989049911503,0
assertj-core,13261,0,0.09581989049911503,0
assertj-core,15803,0,0.09581989049911503,0
assertj-core,16957,0,0.09581989049911503,0
assertj-core,13550,0,0.09581989049911503,0
assertj-core,13251,0,0.09581989049911503,0
assertj-core,14668,0,0.09581989049911503,0
assertj-core,14502,0,0.09581989049911503,0
assertj-core,15429,0,0.09581989049911503,0
assertj-core,17063,0,0.09581989049911503,0
assertj-core,13246,0,0.09581989049911503,0
assertj-core,16089,0,0.09581989049911503,0
assertj-core,12302,0,0.09581989049911503,0
assertj-core,11327,0,0.09581989049911503,0
assertj-core,12160,0,0.09581989049911503,0
assertj-core,12546,0,0.09581989049911503,0
assertj-core,14688,0,0.09581989049911503,0
assertj-core,16589,0,0.09581989049911503,0
assertj-core,15716,0,0.09581989049911503,0
assertj-core,17007,0,0.09581989049911503,0
assertj-core,14152,0,0.09581989049911503,0
assertj-core,14393,0,0.09581989049911503,0
assertj-core,15188,0,0.09581989049911503,0
assertj-core,15122,0,0.09581989049911503,0
assertj-core,16829,0,0.09581989049911503,0
assertj-core,14959,0,0.09581989049911503,0
assertj-core,15293,0,0.09581989049911503,0
assertj-core,12475,0,0.09581989049911503,0
assertj-core,12920,0,0.09581989049911503,0
assertj-core,13101,0,0.09581989049911503,0
assertj-core,16671,0,0.09581989049911503,0
assertj-core,13997,0,0.09581989049911503,0
assertj-core,16093,0,0.09581989049911503,0
assertj-core,16666,0,0.09581989049911503,0
assertj-core,13249,0,0.09581989049911503,0
assertj-core,11680,0,0.09581989049911503,0
assertj-core,11412,0,0.09581989049911503,0
assertj-core,15672,0,0.09581989049911503,0
assertj-core,13850,0,0.09581989049911503,0
assertj-core,17069,0,0.09581989049911503,0
assertj-core,12842,0,0.09581989049911503,0
assertj-core,13134,0,0.09581989049911503,0
assertj-core,15129,0,0.09581989049911503,0
assertj-core,12680,0,0.09581989049911503,0
assertj-core,17032,0,0.09581989049911503,0
assertj-core,12229,0,0.09581989049911503,0
assertj-core,11883,0,0.09581989049911503,0
assertj-core,14397,0,0.09581989049911503,0
assertj-core,12539,0,0.09581989049911503,0
assertj-core,16124,0,0.09581989049911503,0
assertj-core,11479,0,0.09581989049911503,0
assertj-core,11703,0,0.09581989049911503,0
assertj-core,15144,0,0.09581989049911503,0
assertj-core,11336,0,0.09581989049911503,0
assertj-core,13395,0,0.09581989049911503,0
assertj-core,16841,0,0.09581989049911503,0
assertj-core,13144,0,0.09581989049911503,0
assertj-core,17355,0,0.09581989049911503,0
assertj-core,14149,0,0.09581989049911503,0
assertj-core,11839,0,0.09581989049911503,0
assertj-core,14665,0,0.09581989049911503,0
assertj-core,11265,0,0.09581989049911503,0
assertj-core,13652,0,0.09581989049911503,0
assertj-core,12130,0,0.09581989049911503,0
assertj-core,17348,0,0.09581989049911503,0
assertj-core,11690,0,0.09581989049911503,0
assertj-core,11936,0,0.09581989049911503,0
assertj-core,12529,0,0.09581989049911503,0
assertj-core,16927,0,0.09581989049911503,0
assertj-core,16418,0,0.09581989049911503,0
assertj-core,11466,0,0.09581989049911503,0
assertj-core,13527,0,0.09581989049911503,0
assertj-core,16544,0,0.09581989049911503,0
assertj-core,14146,0,0.09581989049911503,0
assertj-core,13109,0,0.09581989049911503,0
assertj-core,16294,0,0.09581989049911503,0
assertj-core,12713,0,0.09581989049911503,0
assertj-core,13887,0,0.09581989049911503,0
assertj-core,13493,0,0.09581989049911503,0
assertj-core,15493,0,0.09581989049911503,0
assertj-core,16847,0,0.09581989049911503,0
assertj-core,15555,0,0.09581989049911503,0
assertj-core,11467,0,0.09581989049911503,0
assertj-core,11166,0,0.09581989049911503,0
assertj-core,16731,0,0.09581989049911503,0
assertj-core,13772,0,0.09581989049911503,0
assertj-core,11316,0,0.09581989049911503,0
assertj-core,14626,0,0.09581989049911503,0
assertj-core,11433,0,0.09581989049911503,0
assertj-core,17278,0,0.09581989049911503,0
assertj-core,16436,0,0.09581989049911503,0
assertj-core,15901,0,0.09581989049911503,0
assertj-core,14484,0,0.09581989049911503,0
assertj-core,13560,0,0.09581989049911503,0
assertj-core,13814,0,0.09581989049911503,0
assertj-core,13653,0,0.09581989049911503,0
assertj-core,15677,0,0.09581989049911503,0
assertj-core,15418,0,0.09581989049911503,0
assertj-core,16103,0,0.09581989049911503,0
assertj-core,12795,0,0.09581989049911503,0
assertj-core,15643,0,0.09581989049911503,0
assertj-core,11843,0,0.09581989049911503,0
assertj-core,14394,0,0.09581989049911503,0
assertj-core,15002,0,0.09581989049911503,0
assertj-core,16605,0,0.09581989049911503,0
assertj-core,14235,0,0.09581989049911503,0
assertj-core,13155,0,0.09581989049911503,0
assertj-core,13592,0,0.09581989049911503,0
assertj-core,15435,0,0.09581989049911503,0
assertj-core,17047,0,0.09581989049911503,0
assertj-core,14679,0,0.09581989049911503,0
assertj-core,15054,0,0.09581989049911503,0
assertj-core,12267,0,0.09581989049911503,0
assertj-core,17126,0,0.09581989049911503,0
assertj-core,12599,0,0.09581989049911503,0
assertj-core,16405,0,0.09581989049911503,0
assertj-core,16788,0,0.09581989049911503,0
assertj-core,11220,0,0.09581989049911503,0
assertj-core,16924,0,0.09581989049911503,0
assertj-core,11932,0,0.09581989049911503,0
assertj-core,16951,0,0.09581989049911503,0
assertj-core,11919,0,0.09581989049911503,0
assertj-core,16913,0,0.09581989049911503,0
assertj-core,14361,0,0.09581989049911503,0
assertj-core,14121,0,0.09581989049911503,0
assertj-core,15623,0,0.09581989049911503,0
assertj-core,15873,0,0.09581989049911503,0
assertj-core,16834,0,0.09581989049911503,0
assertj-core,16232,0,0.09581989049911503,0
assertj-core,16455,0,0.09581989049911503,0
assertj-core,14563,0,0.09581989049911503,0
assertj-core,15799,0,0.09581989049911503,0
assertj-core,16429,0,0.09581989049911503,0
assertj-core,16321,0,0.09581989049911503,0
assertj-core,12191,0,0.09581989049911503,0
assertj-core,14002,0,0.09581989049911503,0
assertj-core,13158,0,0.09581989049911503,0
assertj-core,14025,0,0.09581989049911503,0
assertj-core,12438,0,0.09581989049911503,0
assertj-core,16738,0,0.09581989049911503,0
assertj-core,12387,0,0.09581989049911503,0
assertj-core,12586,0,0.09581989049911503,0
assertj-core,13066,0,0.09581989049911503,0
assertj-core,13989,0,0.09581989049911503,0
assertj-core,14669,0,0.09581989049911503,0
assertj-core,12738,0,0.09581989049911503,0
assertj-core,16854,0,0.09581989049911503,0
assertj-core,17345,0,0.09581989049911503,0
assertj-core,14167,0,0.09581989049911503,0
assertj-core,16859,0,0.09581989049911503,0
assertj-core,12647,0,0.09581989049911503,0
assertj-core,11397,0,0.09581989049911503,0
assertj-core,16585,0,0.09581989049911503,0
assertj-core,13977,0,0.09581989049911503,0
assertj-core,12367,0,0.09581989049911503,0
assertj-core,14805,0,0.09581989049911503,0
assertj-core,15414,0,0.09581989049911503,0
assertj-core,12024,0,0.09581989049911503,0
assertj-core,17267,0,0.09581989049911503,0
assertj-core,16774,0,0.09581989049911503,0
assertj-core,11750,0,0.09581989049911503,0
assertj-core,14350,0,0.09581989049911503,0
assertj-core,14656,0,0.09581989049911503,0
assertj-core,15923,0,0.09581989049911503,0
assertj-core,14457,0,0.09581989049911503,0
assertj-core,15139,0,0.09581989049911503,0
assertj-core,13433,0,0.09581989049911503,0
assertj-core,13704,0,0.09581989049911503,0
assertj-core,14527,0,0.09581989049911503,0
assertj-core,16287,0,0.09581989049911503,0
assertj-core,12645,0,0.09581989049911503,0
assertj-core,15690,0,0.09581989049911503,0
assertj-core,12211,0,0.09581989049911503,0
assertj-core,12762,0,0.09581989049911503,0
assertj-core,12424,0,0.09581989049911503,0
assertj-core,15660,0,0.09581989049911503,0
assertj-core,13580,0,0.09581989049911503,0
assertj-core,13733,0,0.09581989049911503,0
assertj-core,15851,0,0.09581989049911503,0
assertj-core,11187,0,0.09581989049911503,0
assertj-core,12031,0,0.09581989049911503,0
assertj-core,13912,0,0.09581989049911503,0
assertj-core,15165,0,0.09581989049911503,0
assertj-core,12693,0,0.09581989049911503,0
assertj-core,16390,0,0.09581989049911503,0
assertj-core,11708,0,0.09581989049911503,0
assertj-core,12372,0,0.09581989049911503,0
assertj-core,13274,0,0.09581989049911503,0
assertj-core,12476,0,0.09581989049911503,0
assertj-core,16974,0,0.09581989049911503,0
assertj-core,16653,0,0.09581989049911503,0
assertj-core,11869,0,0.09581989049911503,0
assertj-core,12347,0,0.09581989049911503,0
assertj-core,12478,0,0.09581989049911503,0
assertj-core,14684,0,0.09581989049911503,0
assertj-core,11174,0,0.09581989049911503,0
assertj-core,16885,0,0.09581989049911503,0
assertj-core,14999,0,0.09581989049911503,0
assertj-core,16800,0,0.09581989049911503,0
assertj-core,11513,0,0.09581989049911503,0
assertj-core,15906,0,0.09581989049911503,0
assertj-core,15839,0,0.09581989049911503,0
assertj-core,13579,0,0.09581989049911503,0
assertj-core,11714,0,0.09581989049911503,0
assertj-core,14645,0,0.09581989049911503,0
assertj-core,15349,0,0.09581989049911503,0
assertj-core,16509,0,0.09581989049911503,0
assertj-core,15579,0,0.09581989049911503,0
assertj-core,16611,0,0.09581989049911503,0
assertj-core,17119,0,0.09581989049911503,0
assertj-core,13323,0,0.09581989049911503,0
assertj-core,11789,0,0.09581989049911503,0
assertj-core,11631,0,0.09581989049911503,0
assertj-core,15477,0,0.09581989049911503,0
assertj-core,15258,0,0.09581989049911503,0
assertj-core,11640,0,0.09581989049911503,0
assertj-core,11324,0,0.09581989049911503,0
assertj-core,15075,0,0.09581989049911503,0
assertj-core,17329,0,0.09581989049911503,0
assertj-core,12167,0,0.09581989049911503,0
assertj-core,15688,0,0.09581989049911503,0
assertj-core,12370,0,0.09581989049911503,0
assertj-core,12908,0,0.09581989049911503,0
assertj-core,13748,0,0.09581989049911503,0
assertj-core,13154,0,0.09581989049911503,0
assertj-core,14792,0,0.09581989049911503,0
assertj-core,12108,0,0.09581989049911503,0
assertj-core,16122,0,0.09581989049911503,0
assertj-core,13510,0,0.09581989049911503,0
assertj-core,14787,0,0.09581989049911503,0
assertj-core,13237,0,0.09581989049911503,0
assertj-core,13325,0,0.09581989049911503,0
assertj-core,15096,0,0.09581989049911503,0
assertj-core,14516,0,0.09581989049911503,0
assertj-core,16729,0,0.09581989049911503,0
assertj-core,15539,0,0.09581989049911503,0
assertj-core,11237,0,0.09581989049911503,0
assertj-core,14860,0,0.09581989049911503,0
assertj-core,11996,0,0.09581989049911503,0
assertj-core,14125,0,0.09581989049911503,0
assertj-core,17314,0,0.09581989049911503,0
assertj-core,14374,0,0.09581989049911503,0
assertj-core,15329,0,0.09581989049911503,0
assertj-core,15006,0,0.09581989049911503,0
assertj-core,11583,0,0.09581989049911503,0
assertj-core,16227,0,0.09581989049911503,0
assertj-core,16978,0,0.09581989049911503,0
assertj-core,15295,0,0.09581989049911503,0
assertj-core,11871,0,0.09581989049911503,0
assertj-core,12674,0,0.09581989049911503,0
assertj-core,11448,0,0.09581989049911503,0
assertj-core,13883,0,0.09581989049911503,0
assertj-core,12395,0,0.09581989049911503,0
assertj-core,14089,0,0.09581989049911503,0
assertj-core,12096,0,0.09581989049911503,0
assertj-core,11146,0,0.09581989049911503,0
assertj-core,15476,0,0.09581989049911503,0
assertj-core,14917,0,0.09581989049911503,0
assertj-core,13932,0,0.09581989049911503,0
assertj-core,12275,0,0.09581989049911503,0
assertj-core,13069,0,0.09581989049911503,0
assertj-core,14339,0,0.09581989049911503,0
assertj-core,14910,0,0.09581989049911503,0
assertj-core,15066,0,0.09581989049911503,0
assertj-core,16008,0,0.09581989049911503,0
assertj-core,16878,0,0.09581989049911503,0
assertj-core,12272,0,0.09581989049911503,0
assertj-core,17225,0,0.09581989049911503,0
assertj-core,12642,0,0.09581989049911503,0
assertj-core,15282,0,0.09581989049911503,0
assertj-core,12545,0,0.09581989049911503,0
assertj-core,13194,0,0.09581989049911503,0
assertj-core,13635,0,0.09581989049911503,0
assertj-core,14271,0,0.09581989049911503,0
assertj-core,13404,0,0.09581989049911503,0
assertj-core,15561,0,0.09581989049911503,0
assertj-core,12633,0,0.09581989049911503,0
assertj-core,11965,0,0.09581989049911503,0
assertj-core,16381,0,0.09581989049911503,0
assertj-core,16987,0,0.09581989049911503,0
assertj-core,12405,0,0.09581989049911503,0
assertj-core,12904,0,0.09581989049911503,0
assertj-core,12132,0,0.09581989049911503,0
assertj-core,16472,0,0.09581989049911503,0
assertj-core,11490,0,0.09581989049911503,0
assertj-core,13104,0,0.09581989049911503,0
assertj-core,12439,0,0.09581989049911503,0
assertj-core,13634,0,0.09581989049911503,0
assertj-core,13552,0,0.09581989049911503,0
assertj-core,15721,0,0.09581989049911503,0
assertj-core,16391,0,0.09581989049911503,0
assertj-core,12122,0,0.09581989049911503,0
assertj-core,16425,0,0.09581989049911503,0
assertj-core,13384,0,0.09581989049911503,0
assertj-core,11183,0,0.09581989049911503,0
assertj-core,16680,0,0.09581989049911503,0
assertj-core,15136,0,0.09581989049911503,0
assertj-core,13816,0,0.09581989049911503,0
assertj-core,14059,0,0.09581989049911503,0
assertj-core,15104,0,0.09581989049911503,0
assertj-core,11913,0,0.09581989049911503,0
assertj-core,14823,0,0.09581989049911503,0
assertj-core,12930,0,0.09581989049911503,0
assertj-core,11593,0,0.09581989049911503,0
assertj-core,11834,0,0.09581989049911503,0
assertj-core,17359,0,0.09581989049911503,0
assertj-core,13071,0,0.09581989049911503,0
assertj-core,16639,0,0.09581989049911503,0
assertj-core,11747,0,0.09581989049911503,0
assertj-core,13424,0,0.09581989049911503,0
assertj-core,11190,0,0.09581989049911503,0
assertj-core,12276,0,0.09581989049911503,0
assertj-core,12306,0,0.09581989049911503,0
assertj-core,12571,0,0.09581989049911503,0
assertj-core,14301,0,0.09581989049911503,0
assertj-core,17342,0,0.09581989049911503,0
assertj-core,16319,0,0.09581989049911503,0
assertj-core,12085,0,0.09581989049911503,0
assertj-core,16969,0,0.09581989049911503,0
assertj-core,12022,0,0.09581989049911503,0
assertj-core,16559,0,0.09581989049911503,0
assertj-core,15587,0,0.09581989049911503,0
assertj-core,12763,0,0.09581989049911503,0
assertj-core,11315,0,0.09581989049911503,0
assertj-core,14097,0,0.09581989049911503,0
assertj-core,16497,0,0.09581989049911503,0
assertj-core,12157,0,0.09581989049911503,0
assertj-core,16112,0,0.09581989049911503,0
assertj-core,12112,0,0.09581989049911503,0
assertj-core,14091,0,0.09581989049911503,0
assertj-core,16282,0,0.09581989049911503,0
assertj-core,14018,0,0.09581989049911503,0
assertj-core,16220,0,0.09581989049911503,0
assertj-core,12964,0,0.09581989049911503,0
assertj-core,14237,0,0.09581989049911503,0
assertj-core,11986,0,0.09581989049911503,0
assertj-core,16865,0,0.09581989049911503,0
assertj-core,15531,0,0.09581989049911503,0
assertj-core,11505,0,0.09581989049911503,0
assertj-core,16051,0,0.09581989049911503,0
assertj-core,11352,0,0.09581989049911503,0
assertj-core,16378,0,0.09581989049911503,0
assertj-core,15505,0,0.09581989049911503,0
assertj-core,13686,0,0.09581989049911503,0
assertj-core,12221,0,0.09581989049911503,0
assertj-core,13901,0,0.09581989049911503,0
assertj-core,16030,0,0.09581989049911503,0
assertj-core,14366,0,0.09581989049911503,0
assertj-core,12957,0,0.09581989049911503,0
assertj-core,14867,0,0.09581989049911503,0
assertj-core,12495,0,0.09581989049911503,0
assertj-core,12919,0,0.09581989049911503,0
assertj-core,15130,0,0.09581989049911503,0
assertj-core,13602,0,0.09581989049911503,0
assertj-core,14026,0,0.09581989049911503,0
assertj-core,14511,0,0.09581989049911503,0
assertj-core,11819,0,0.09581989049911503,0
assertj-core,13327,0,0.09581989049911503,0
assertj-core,16443,0,0.09581989049911503,0
assertj-core,17036,0,0.09581989049911503,0
assertj-core,14058,0,0.09581989049911503,0
assertj-core,16020,0,0.09581989049911503,0
assertj-core,12332,0,0.09581989049911503,0
assertj-core,14270,0,0.09581989049911503,0
assertj-core,15590,0,0.09581989049911503,0
assertj-core,13606,0,0.09581989049911503,0
assertj-core,15055,0,0.09581989049911503,0
assertj-core,12494,0,0.09581989049911503,0
assertj-core,16144,0,0.09581989049911503,0
assertj-core,11230,0,0.09581989049911503,0
assertj-core,12916,0,0.09581989049911503,0
assertj-core,15653,0,0.09581989049911503,0
assertj-core,13825,0,0.09581989049911503,0
assertj-core,16448,0,0.09581989049911503,0
assertj-core,14621,0,0.09581989049911503,0
assertj-core,15762,0,0.09581989049911503,0
assertj-core,17057,0,0.09581989049911503,0
assertj-core,14663,0,0.09581989049911503,0
assertj-core,14213,0,0.09581989049911503,0
assertj-core,17094,0,0.09581989049911503,0
assertj-core,14338,0,0.09581989049911503,0
assertj-core,11679,0,0.09581989049911503,0
assertj-core,14222,0,0.09581989049911503,0
assertj-core,15273,0,0.09581989049911503,0
assertj-core,13491,0,0.09581989049911503,0
assertj-core,15246,0,0.09581989049911503,0
assertj-core,14799,0,0.09581989049911503,0
assertj-core,13432,0,0.09581989049911503,0
assertj-core,15548,0,0.09581989049911503,0
assertj-core,15961,0,0.09581989049911503,0
assertj-core,13599,0,0.09581989049911503,0
assertj-core,11889,0,0.09581989049911503,0
assertj-core,17389,0,0.09581989049911503,0
assertj-core,14795,0,0.09581989049911503,0
assertj-core,16756,0,0.09581989049911503,0
assertj-core,12753,0,0.09581989049911503,0
assertj-core,16749,0,0.09581989049911503,0
assertj-core,13662,0,0.09581989049911503,0
assertj-core,13537,0,0.09581989049911503,0
assertj-core,13790,0,0.09581989049911503,0
assertj-core,13367,0,0.09581989049911503,0
assertj-core,16660,0,0.09581989049911503,0
assertj-core,14912,0,0.09581989049911503,0
assertj-core,15232,0,0.09581989049911503,0
assertj-core,13488,0,0.09581989049911503,0
assertj-core,17037,0,0.09581989049911503,0
assertj-core,12615,0,0.09581989049911503,0
assertj-core,16167,0,0.09581989049911503,0
assertj-core,16134,0,0.09581989049911503,0
assertj-core,13616,0,0.09581989049911503,0
assertj-core,14231,0,0.09581989049911503,0
assertj-core,14164,0,0.09581989049911503,0
assertj-core,15504,0,0.09581989049911503,0
assertj-core,13201,0,0.09581989049911503,0
assertj-core,11805,0,0.09581989049911503,0
assertj-core,12350,0,0.09581989049911503,0
assertj-core,16389,0,0.09581989049911503,0
assertj-core,12893,0,0.09581989049911503,0
assertj-core,11976,0,0.09581989049911503,0
assertj-core,15462,0,0.09581989049911503,0
assertj-core,12768,0,0.09581989049911503,0
assertj-core,16340,0,0.09581989049911503,0
assertj-core,16099,0,0.09581989049911503,0
assertj-core,13103,0,0.09581989049911503,0
assertj-core,16895,0,0.09581989049911503,0
assertj-core,12945,0,0.09581989049911503,0
assertj-core,16081,0,0.09581989049911503,0
assertj-core,13725,0,0.09581989049911503,0
assertj-core,16075,0,0.09581989049911503,0
assertj-core,15300,0,0.09581989049911503,0
assertj-core,13287,0,0.09581989049911503,0
assertj-core,16138,0,0.09581989049911503,0
assertj-core,11971,0,0.09581989049911503,0
assertj-core,13685,0,0.09581989049911503,0
assertj-core,15661,0,0.09581989049911503,0
assertj-core,13693,0,0.09581989049911503,0
assertj-core,13097,0,0.09581989049911503,0
assertj-core,14886,0,0.09581989049911503,0
assertj-core,16208,0,0.09581989049911503,0
assertj-core,12580,0,0.09581989049911503,0
assertj-core,11196,0,0.09581989049911503,0
assertj-core,12583,0,0.09581989049911503,0
assertj-core,11431,0,0.09581989049911503,0
assertj-core,13716,0,0.09581989049911503,0
assertj-core,15456,0,0.09581989049911503,0
assertj-core,16235,0,0.09581989049911503,0
assertj-core,15285,0,0.09581989049911503,0
assertj-core,12279,0,0.09581989049911503,0
assertj-core,17236,0,0.09581989049911503,0
assertj-core,14312,0,0.09581989049911503,0
assertj-core,16000,0,0.09581989049911503,0
assertj-core,12294,0,0.09581989049911503,0
assertj-core,11974,0,0.09581989049911503,0
assertj-core,13761,0,0.09581989049911503,0
assertj-core,12771,0,0.09581989049911503,0
assertj-core,16242,0,0.09581989049911503,0
assertj-core,15576,0,0.09581989049911503,0
assertj-core,13834,0,0.09581989049911503,0
assertj-core,16450,0,0.09581989049911503,0
assertj-core,15048,0,0.09581989049911503,0
assertj-core,15999,0,0.09581989049911503,0
assertj-core,11926,0,0.09581989049911503,0
assertj-core,15829,0,0.09581989049911503,0
assertj-core,15189,0,0.09581989049911503,0
assertj-core,14437,0,0.09581989049911503,0
assertj-core,17022,0,0.09581989049911503,0
assertj-core,13268,0,0.09581989049911503,0
assertj-core,13014,0,0.09581989049911503,0
assertj-core,16737,0,0.09581989049911503,0
assertj-core,15073,0,0.09581989049911503,0
assertj-core,12077,0,0.09581989049911503,0
assertj-core,16153,0,0.09581989049911503,0
assertj-core,14078,0,0.09581989049911503,0
assertj-core,12066,0,0.09581989049911503,0
assertj-core,15428,0,0.09581989049911503,0
assertj-core,13847,0,0.09581989049911503,0
assertj-core,15984,0,0.09581989049911503,0
assertj-core,11924,0,0.09581989049911503,0
assertj-core,11688,0,0.09581989049911503,0
assertj-core,15737,0,0.09581989049911503,0
assertj-core,14968,0,0.09581989049911503,0
assertj-core,12481,0,0.09581989049911503,0
assertj-core,15287,0,0.09581989049911503,0
assertj-core,16083,0,0.09581989049911503,0
assertj-core,15563,0,0.09581989049911503,0
assertj-core,14714,0,0.09581989049911503,0
assertj-core,14050,0,0.09581989049911503,0
assertj-core,14187,0,0.09581989049911503,0
assertj-core,13051,0,0.09581989049911503,0
assertj-core,13283,0,0.09581989049911503,0
assertj-core,13670,0,0.09581989049911503,0
assertj-core,11580,0,0.09581989049911503,0
assertj-core,11800,0,0.09581989049911503,0
assertj-core,12846,0,0.09581989049911503,0
assertj-core,14658,0,0.09581989049911503,0
assertj-core,15317,0,0.09581989049911503,0
assertj-core,12679,0,0.09581989049911503,0
assertj-core,15478,0,0.09581989049911503,0
assertj-core,15449,0,0.09581989049911503,0
assertj-core,12244,0,0.09581989049911503,0
assertj-core,11572,0,0.09581989049911503,0
assertj-core,14451,0,0.09581989049911503,0
assertj-core,16068,0,0.09581989049911503,0
assertj-core,13119,0,0.09581989049911503,0
assertj-core,11912,0,0.09581989049911503,0
assertj-core,16765,0,0.09581989049911503,0
assertj-core,13654,0,0.09581989049911503,0
assertj-core,16720,0,0.09581989049911503,0
assertj-core,11173,0,0.09581989049911503,0
assertj-core,15359,0,0.09581989049911503,0
assertj-core,11786,0,0.09581989049911503,0
assertj-core,13782,0,0.09581989049911503,0
assertj-core,12844,0,0.09581989049911503,0
assertj-core,14653,0,0.09581989049911503,0
assertj-core,14572,0,0.09581989049911503,0
assertj-core,17090,0,0.09581989049911503,0
assertj-core,16910,0,0.09581989049911503,0
assertj-core,16939,0,0.09581989049911503,0
assertj-core,14825,0,0.09581989049911503,0
assertj-core,15945,0,0.09581989049911503,0
assertj-core,13555,0,0.09581989049911503,0
assertj-core,14725,0,0.09581989049911503,0
assertj-core,11717,0,0.09581989049911503,0
assertj-core,15090,0,0.09581989049911503,0
assertj-core,16696,0,0.09581989049911503,0
assertj-core,15582,0,0.09581989049911503,0
assertj-core,16793,0,0.09581989049911503,0
assertj-core,16686,0,0.09581989049911503,0
assertj-core,11751,0,0.09581989049911503,0
assertj-core,11438,0,0.09581989049911503,0
assertj-core,11658,0,0.09581989049911503,0
assertj-core,16595,0,0.09581989049911503,0
assertj-core,15666,0,0.09581989049911503,0
assertj-core,12939,0,0.09581989049911503,0
assertj-core,14087,0,0.09581989049911503,0
assertj-core,12299,0,0.09581989049911503,0
assertj-core,11984,0,0.09581989049911503,0
assertj-core,16473,0,0.09581989049911503,0
assertj-core,12786,0,0.09581989049911503,0
assertj-core,15581,0,0.09581989049911503,0
assertj-core,14747,0,0.09581989049911503,0
assertj-core,14948,0,0.09581989049911503,0
assertj-core,11641,0,0.09581989049911503,0
assertj-core,14248,0,0.09581989049911503,0
assertj-core,14851,0,0.09581989049911503,0
assertj-core,16113,0,0.09581989049911503,0
assertj-core,15761,0,0.09581989049911503,0
assertj-core,15341,0,0.09581989049911503,0
assertj-core,11161,0,0.09581989049911503,0
assertj-core,17307,0,0.09581989049911503,0
assertj-core,11451,0,0.09581989049911503,0
assertj-core,13919,0,0.09581989049911503,0
assertj-core,11498,0,0.09581989049911503,0
assertj-core,12924,0,0.09581989049911503,0
assertj-core,13106,0,0.09581989049911503,0
assertj-core,15283,0,0.09581989049911503,0
assertj-core,11982,0,0.09581989049911503,0
assertj-core,14651,0,0.09581989049911503,0
assertj-core,17048,0,0.09581989049911503,0
assertj-core,13700,0,0.09581989049911503,0
assertj-core,11332,0,0.09581989049911503,0
assertj-core,16991,0,0.09581989049911503,0
assertj-core,13679,0,0.09581989049911503,0
assertj-core,14710,0,0.09581989049911503,0
assertj-core,11894,0,0.09581989049911503,0
assertj-core,15747,0,0.09581989049911503,0
assertj-core,15458,0,0.09581989049911503,0
assertj-core,12873,0,0.09581989049911503,0
assertj-core,16407,0,0.09581989049911503,0
assertj-core,16912,0,0.09581989049911503,0
assertj-core,16687,0,0.09581989049911503,0
assertj-core,12878,0,0.09581989049911503,0
assertj-core,11299,0,0.09581989049911503,0
assertj-core,14362,0,0.09581989049911503,0
assertj-core,14208,0,0.09581989049911503,0
assertj-core,15673,0,0.09581989049911503,0
assertj-core,16237,0,0.09581989049911503,0
assertj-core,16663,0,0.09581989049911503,0
assertj-core,15120,0,0.09581989049911503,0
assertj-core,12587,0,0.09581989049911503,0
assertj-core,11264,0,0.09581989049911503,0
assertj-core,16520,0,0.09581989049911503,0
assertj-core,16188,0,0.09581989049911503,0
assertj-core,13467,0,0.09581989049911503,0
assertj-core,14446,0,0.09581989049911503,0
assertj-core,12049,0,0.09581989049911503,0
assertj-core,16482,0,0.09581989049911503,0
assertj-core,11977,0,0.09581989049911503,0
assertj-core,14525,0,0.09581989049911503,0
assertj-core,13891,0,0.09581989049911503,0
assertj-core,11675,0,0.09581989049911503,0
assertj-core,12364,0,0.09581989049911503,0
assertj-core,15898,0,0.09581989049911503,0
assertj-core,12091,0,0.09581989049911503,0
assertj-core,15448,0,0.09581989049911503,0
assertj-core,16398,0,0.09581989049911503,0
assertj-core,12673,0,0.09581989049911503,0
assertj-core,16874,0,0.09581989049911503,0
assertj-core,16808,0,0.09581989049911503,0
assertj-core,13453,0,0.09581989049911503,0
assertj-core,15292,0,0.09581989049911503,0
assertj-core,13820,0,0.09581989049911503,0
assertj-core,15896,0,0.09581989049911503,0
assertj-core,15907,0,0.09581989049911503,0
assertj-core,14558,0,0.09581989049911503,0
assertj-core,12404,0,0.09581989049911503,0
assertj-core,14171,0,0.09581989049911503,0
assertj-core,15358,0,0.09581989049911503,0
assertj-core,11677,0,0.09581989049911503,0
assertj-core,12511,0,0.09581989049911503,0
assertj-core,16414,0,0.09581989049911503,0
assertj-core,14992,0,0.09581989049911503,0
assertj-core,12653,0,0.09581989049911503,0
assertj-core,16727,0,0.09581989049911503,0
assertj-core,16199,0,0.09581989049911503,0
assertj-core,13001,0,0.09581989049911503,0
assertj-core,12198,0,0.09581989049911503,0
assertj-core,16563,0,0.09581989049911503,0
assertj-core,15473,0,0.09581989049911503,0
assertj-core,13650,0,0.09581989049911503,0
assertj-core,17292,0,0.09581989049911503,0
assertj-core,16965,0,0.09581989049911503,0
assertj-core,15208,0,0.09581989049911503,0
assertj-core,14676,0,0.09581989049911503,0
assertj-core,14636,0,0.09581989049911503,0
assertj-core,15220,0,0.09581989049911503,0
assertj-core,12594,0,0.09581989049911503,0
assertj-core,13136,0,0.09581989049911503,0
assertj-core,11217,0,0.09581989049911503,0
assertj-core,12552,0,0.09581989049911503,0
assertj-core,16953,0,0.09581989049911503,0
assertj-core,14224,0,0.09581989049911503,0
assertj-core,11794,0,0.09581989049911503,0
assertj-core,11350,0,0.09581989049911503,0
assertj-core,13947,0,0.09581989049911503,0
assertj-core,14261,0,0.09581989049911503,0
assertj-core,14827,0,0.09581989049911503,0
assertj-core,17216,0,0.09581989049911503,0
assertj-core,11916,0,0.09581989049911503,0
assertj-core,14299,0,0.09581989049911503,0
assertj-core,11156,0,0.09581989049911503,0
assertj-core,17212,0,0.09581989049911503,0
assertj-core,12104,0,0.09581989049911503,0
assertj-core,17112,0,0.09581989049911503,0
assertj-core,13611,0,0.09581989049911503,0
assertj-core,15616,0,0.09581989049911503,0
assertj-core,15659,0,0.09581989049911503,0
assertj-core,15987,0,0.09581989049911503,0
assertj-core,14772,0,0.09581989049911503,0
assertj-core,14057,0,0.09581989049911503,0
assertj-core,11660,0,0.09581989049911503,0
assertj-core,15617,0,0.09581989049911503,0
assertj-core,14227,0,0.09581989049911503,0
assertj-core,14514,0,0.09581989049911503,0
assertj-core,11587,0,0.09581989049911503,0
assertj-core,16656,0,0.09581989049911503,0
assertj-core,11701,0,0.09581989049911503,0
assertj-core,15067,0,0.09581989049911503,0
assertj-core,13982,0,0.09581989049911503,0
assertj-core,13642,0,0.09581989049911503,0
assertj-core,14605,0,0.09581989049911503,0
assertj-core,14021,0,0.09581989049911503,0
assertj-core,16278,0,0.09581989049911503,0
assertj-core,16742,0,0.09581989049911503,0
assertj-core,13486,0,0.09581989049911503,0
assertj-core,16860,0,0.09581989049911503,0
assertj-core,15768,0,0.09581989049911503,0
assertj-core,14122,0,0.09581989049911503,0
assertj-core,15193,0,0.09581989049911503,0
assertj-core,13520,0,0.09581989049911503,0
assertj-core,16035,0,0.09581989049911503,0
assertj-core,12831,0,0.09581989049911503,0
assertj-core,14609,0,0.09581989049911503,0
assertj-core,13037,0,0.09581989049911503,0
assertj-core,15654,0,0.09581989049911503,0
assertj-core,14460,0,0.09581989049911503,0
assertj-core,15819,0,0.09581989049911503,0
assertj-core,15727,0,0.09581989049911503,0
assertj-core,17260,0,0.09581989049911503,0
assertj-core,16252,0,0.09581989049911503,0
assertj-core,16532,0,0.09581989049911503,0
assertj-core,12755,0,0.09581989049911503,0
assertj-core,15929,0,0.09581989049911503,0
assertj-core,13262,0,0.09581989049911503,0
assertj-core,12089,0,0.09581989049911503,0
assertj-core,15405,0,0.09581989049911503,0
assertj-core,14641,0,0.09581989049911503,0
assertj-core,16662,0,0.09581989049911503,0
assertj-core,13968,0,0.09581989049911503,0
assertj-core,15053,0,0.09581989049911503,0
assertj-core,14943,0,0.09581989049911503,0
assertj-core,11337,0,0.09581989049911503,0
assertj-core,15874,0,0.09581989049911503,0
assertj-core,13446,0,0.09581989049911503,0
assertj-core,14358,0,0.09581989049911503,0
assertj-core,13271,0,0.09581989049911503,0
assertj-core,12070,0,0.09581989049911503,0
assertj-core,14727,0,0.09581989049911503,0
assertj-core,14681,0,0.09581989049911503,0
assertj-core,13056,0,0.09581989049911503,0
assertj-core,17266,0,0.09581989049911503,0
assertj-core,12388,0,0.09581989049911503,0
assertj-core,11283,0,0.09581989049911503,0
assertj-core,15025,0,0.09581989049911503,0
assertj-core,15267,0,0.09581989049911503,0
assertj-core,12322,0,0.09581989049911503,0
assertj-core,14504,0,0.09581989049911503,0
assertj-core,12492,0,0.09581989049911503,0
assertj-core,12382,0,0.09581989049911503,0
assertj-core,13953,0,0.09581989049911503,0
assertj-core,14962,0,0.09581989049911503,0
assertj-core,14076,0,0.09581989049911503,0
assertj-core,15335,0,0.09581989049911503,0
assertj-core,11716,0,0.09581989049911503,0
assertj-core,15789,0,0.09581989049911503,0
assertj-core,17253,0,0.09581989049911503,0
assertj-core,14230,0,0.09581989049911503,0
assertj-core,15669,0,0.09581989049911503,0
assertj-core,14126,0,0.09581989049911503,0
assertj-core,11516,0,0.09581989049911503,0
assertj-core,16700,0,0.09581989049911503,0
assertj-core,11787,0,0.09581989049911503,0
assertj-core,15102,0,0.09581989049911503,0
assertj-core,11532,0,0.09581989049911503,0
assertj-core,15708,0,0.09581989049911503,0
assertj-core,12988,0,0.09581989049911503,0
assertj-core,12901,0,0.09581989049911503,0
assertj-core,13087,0,0.09581989049911503,0
assertj-core,11743,0,0.09581989049911503,0
assertj-core,14189,0,0.09581989049911503,0
assertj-core,13607,0,0.09581989049911503,0
assertj-core,11136,0,0.09581989049911503,0
assertj-core,14876,0,0.09581989049911503,0
assertj-core,15632,0,0.09581989049911503,0
assertj-core,17148,0,0.09581989049911503,0
assertj-core,16289,0,0.09581989049911503,0
assertj-core,14652,0,0.09581989049911503,0
assertj-core,13188,0,0.09581989049911503,0
assertj-core,12826,0,0.09581989049911503,0
assertj-core,16655,0,0.09581989049911503,0
assertj-core,15962,0,0.09581989049911503,0
assertj-core,17246,0,0.09581989049911503,0
assertj-core,13005,0,0.09581989049911503,0
assertj-core,15572,0,0.09581989049911503,0
assertj-core,16090,0,0.09581989049911503,0
assertj-core,16149,0,0.09581989049911503,0
assertj-core,14156,0,0.09581989049911503,0
assertj-core,17214,0,0.09581989049911503,0
assertj-core,15433,0,0.09581989049911503,0
assertj-core,11228,0,0.09581989049911503,0
assertj-core,14743,0,0.09581989049911503,0
assertj-core,14463,0,0.09581989049911503,0
assertj-core,12038,0,0.09581989049911503,0
assertj-core,12378,0,0.09581989049911503,0
assertj-core,17098,0,0.09581989049911503,0
assertj-core,11709,0,0.09581989049911503,0
assertj-core,12970,0,0.09581989049911503,0
assertj-core,16019,0,0.09581989049911503,0
assertj-core,14039,0,0.09581989049911503,0
assertj-core,11758,0,0.09581989049911503,0
assertj-core,15370,0,0.09581989049911503,0
assertj-core,11604,0,0.09581989049911503,0
assertj-core,11521,0,0.09581989049911503,0
assertj-core,14315,0,0.09581989049911503,0
assertj-core,12632,0,0.09581989049911503,0
assertj-core,11727,0,0.09581989049911503,0
assertj-core,16023,0,0.09581989049911503,0
assertj-core,11400,0,0.09581989049911503,0
assertj-core,11442,0,0.09581989049911503,0
assertj-core,17264,0,0.09581989049911503,0
assertj-core,15697,0,0.09581989049911503,0
assertj-core,13383,0,0.09581989049911503,0
assertj-core,13451,0,0.09581989049911503,0
assertj-core,11569,0,0.09581989049911503,0
assertj-core,11160,0,0.09581989049911503,0
assertj-core,15973,0,0.09581989049911503,0
assertj-core,16814,0,0.09581989049911503,0
assertj-core,15007,0,0.09581989049911503,0
assertj-core,13070,0,0.09581989049911503,0
assertj-core,14420,0,0.09581989049911503,0
assertj-core,11270,0,0.09581989049911503,0
assertj-core,13296,0,0.09581989049911503,0
assertj-core,14210,0,0.09581989049911503,0
assertj-core,16205,0,0.09581989049911503,0
assertj-core,13429,0,0.09581989049911503,0
assertj-core,14442,0,0.09581989049911503,0
assertj-core,13724,0,0.09581989049911503,0
assertj-core,11841,0,0.09581989049911503,0
assertj-core,11440,0,0.09581989049911503,0
assertj-core,13587,0,0.09581989049911503,0
assertj-core,11238,0,0.09581989049911503,0
assertj-core,11823,0,0.09581989049911503,0
assertj-core,15683,0,0.09581989049911503,0
assertj-core,14311,0,0.09581989049911503,0
assertj-core,16173,0,0.09581989049911503,0
assertj-core,15525,0,0.09581989049911503,0
assertj-core,15872,0,0.09581989049911503,0
assertj-core,14219,0,0.09581989049911503,0
assertj-core,13420,0,0.09581989049911503,0
assertj-core,14544,0,0.09581989049911503,0
assertj-core,15565,0,0.09581989049911503,0
assertj-core,15364,0,0.09581989049911503,0
assertj-core,16689,0,0.09581989049911503,0
assertj-core,13798,0,0.09581989049911503,0
assertj-core,17324,0,0.09581989049911503,0
assertj-core,16338,0,0.09581989049911503,0
assertj-core,14904,0,0.09581989049911503,0
assertj-core,12835,0,0.09581989049911503,0
assertj-core,13855,0,0.09581989049911503,0
assertj-core,11396,0,0.09581989049911503,0
assertj-core,13356,0,0.09581989049911503,0
assertj-core,11729,0,0.09581989049911503,0
assertj-core,15441,0,0.09581989049911503,0
assertj-core,15440,0,0.09581989049911503,0
assertj-core,14096,0,0.09581989049911503,0
assertj-core,13377,0,0.09581989049911503,0
assertj-core,14983,0,0.09581989049911503,0
assertj-core,12623,0,0.09581989049911503,0
assertj-core,12789,0,0.09581989049911503,0
assertj-core,15951,0,0.09581989049911503,0
assertj-core,13892,0,0.09581989049911503,0
assertj-core,11968,0,0.09581989049911503,0
assertj-core,12564,0,0.09581989049911503,0
assertj-core,15171,0,0.09581989049911503,0
assertj-core,14878,0,0.09581989049911503,0
assertj-core,15840,0,0.09581989049911503,0
assertj-core,15425,0,0.09581989049911503,0
assertj-core,11799,0,0.09581989049911503,0
assertj-core,11712,0,0.09581989049911503,0
assertj-core,12677,0,0.09581989049911503,0
assertj-core,14901,0,0.09581989049911503,0
assertj-core,11188,0,0.09581989049911503,0
assertj-core,11933,0,0.09581989049911503,0
assertj-core,15064,0,0.09581989049911503,0
assertj-core,16079,0,0.09581989049911503,0
assertj-core,14501,0,0.09581989049911503,0
assertj-core,16010,0,0.09581989049911503,0
assertj-core,12309,0,0.09581989049911503,0
assertj-core,16617,0,0.09581989049911503,0
assertj-core,15621,0,0.09581989049911503,0
assertj-core,12943,0,0.09581989049911503,0
assertj-core,11354,0,0.09581989049911503,0
assertj-core,13583,0,0.09581989049911503,0
assertj-core,13886,0,0.09581989049911503,0
assertj-core,14329,0,0.09581989049911503,0
assertj-core,13022,0,0.09581989049911503,0
assertj-core,13099,0,0.09581989049911503,0
assertj-core,13370,0,0.09581989049911503,0
assertj-core,11254,0,0.09581989049911503,0
assertj-core,14324,0,0.09581989049911503,0
assertj-core,12046,0,0.09581989049911503,0
assertj-core,16403,0,0.09581989049911503,0
assertj-core,12174,0,0.09581989049911503,0
assertj-core,12209,0,0.09581989049911503,0
assertj-core,15724,0,0.09581989049911503,0
assertj-core,11689,0,0.09581989049911503,0
assertj-core,12214,0,0.09581989049911503,0
assertj-core,12116,0,0.09581989049911503,0
assertj-core,15060,0,0.09581989049911503,0
assertj-core,16024,0,0.09581989049911503,0
assertj-core,12127,0,0.09581989049911503,0
assertj-core,12590,0,0.09581989049911503,0
assertj-core,13086,0,0.09581989049911503,0
assertj-core,16805,0,0.09581989049911503,0
assertj-core,12796,0,0.09581989049911503,0
assertj-core,15084,0,0.09581989049911503,0
assertj-core,15696,0,0.09581989049911503,0
assertj-core,13171,0,0.09581989049911503,0
assertj-core,17012,0,0.09581989049911503,0
assertj-core,13701,0,0.09581989049911503,0
assertj-core,15667,0,0.09581989049911503,0
assertj-core,13504,0,0.09581989049911503,0
assertj-core,12044,0,0.09581989049911503,0
assertj-core,13498,0,0.09581989049911503,0
assertj-core,13833,0,0.09581989049911503,0
assertj-core,11941,0,0.09581989049911503,0
assertj-core,11561,0,0.09581989049911503,0
assertj-core,12757,0,0.09581989049911503,0
assertj-core,17303,0,0.09581989049911503,0
assertj-core,14628,0,0.09581989049911503,0
assertj-core,17006,0,0.09581989049911503,0
assertj-core,16787,0,0.09581989049911503,0
assertj-core,14009,0,0.09581989049911503,0
assertj-core,11306,0,0.09581989049911503,0
assertj-core,14140,0,0.09581989049911503,0
assertj-core,16773,0,0.09581989049911503,0
assertj-core,16210,0,0.09581989049911503,0
assertj-core,13970,0,0.09581989049911503,0
assertj-core,16624,0,0.09581989049911503,0
assertj-core,15005,0,0.09581989049911503,0
assertj-core,15880,0,0.09581989049911503,0
assertj-core,15371,0,0.09581989049911503,0
assertj-core,16795,0,0.09581989049911503,0
assertj-core,13576,0,0.09581989049911503,0
assertj-core,13112,0,0.09581989049911503,0
assertj-core,11201,0,0.09581989049911503,0
assertj-core,14841,0,0.09581989049911503,0
assertj-core,12862,0,0.09581989049911503,0
assertj-core,13477,0,0.09581989049911503,0
assertj-core,16231,0,0.09581989049911503,0
assertj-core,15154,0,0.09581989049911503,0
assertj-core,12787,0,0.09581989049911503,0
assertj-core,16688,0,0.09581989049911503,0
assertj-core,14178,0,0.09581989049911503,0
assertj-core,17221,0,0.09581989049911503,0
assertj-core,11821,0,0.09581989049911503,0
assertj-core,16901,0,0.09581989049911503,0
assertj-core,14907,0,0.09581989049911503,0
assertj-core,15706,0,0.09581989049911503,0
assertj-core,15892,0,0.09581989049911503,0
assertj-core,12170,0,0.09581989049911503,0
assertj-core,12711,0,0.09581989049911503,0
assertj-core,17157,0,0.09581989049911503,0
assertj-core,11534,0,0.09581989049911503,0
assertj-core,14421,0,0.09581989049911503,0
assertj-core,14649,0,0.09581989049911503,0
assertj-core,15516,0,0.09581989049911503,0
assertj-core,11591,0,0.09581989049911503,0
assertj-core,12063,0,0.09581989049911503,0
assertj-core,12721,0,0.09581989049911503,0
assertj-core,15294,0,0.09581989049911503,0
assertj-core,14396,0,0.09581989049911503,0
assertj-core,14308,0,0.09581989049911503,0
assertj-core,16256,0,0.09581989049911503,0
assertj-core,14303,0,0.09581989049911503,0
assertj-core,16771,0,0.09581989049911503,0
assertj-core,11872,0,0.09581989049911503,0
assertj-core,14455,0,0.09581989049911503,0
assertj-core,11754,0,0.09581989049911503,0
assertj-core,11770,0,0.09581989049911503,0
assertj-core,14740,0,0.09581989049911503,0
assertj-core,16481,0,0.09581989049911503,0
assertj-core,12907,0,0.09581989049911503,0
assertj-core,15141,0,0.09581989049911503,0
assertj-core,14413,0,0.09581989049911503,0
assertj-core,11520,0,0.09581989049911503,0
assertj-core,17167,0,0.09581989049911503,0
assertj-core,15093,0,0.09581989049911503,0
assertj-core,11425,0,0.09581989049911503,0
assertj-core,11441,0,0.09581989049911503,0
assertj-core,15340,0,0.09581989049911503,0
assertj-core,15376,0,0.09581989049911503,0
assertj-core,12351,0,0.09581989049911503,0
assertj-core,13328,0,0.09581989049911503,0
assertj-core,16201,0,0.09581989049911503,0
assertj-core,16283,0,0.09581989049911503,0
assertj-core,15810,0,0.09581989049911503,0
assertj-core,11629,0,0.09581989049911503,0
assertj-core,12588,0,0.09581989049911503,0
assertj-core,12403,0,0.09581989049911503,0
assertj-core,16888,0,0.09581989049911503,0
assertj-core,14561,0,0.09581989049911503,0
assertj-core,14859,0,0.09581989049911503,0
assertj-core,12906,0,0.09581989049911503,0
assertj-core,11663,0,0.09581989049911503,0
assertj-core,12454,0,0.09581989049911503,0
assertj-core,17383,0,0.09581989049911503,0
assertj-core,15920,0,0.09581989049911503,0
assertj-core,11458,0,0.09581989049911503,0
assertj-core,11582,0,0.09581989049911503,0
assertj-core,12236,0,0.09581989049911503,0
assertj-core,11325,0,0.09581989049911503,0
assertj-core,11351,0,0.09581989049911503,0
assertj-core,15862,0,0.09581989049911503,0
assertj-core,11782,0,0.09581989049911503,0
assertj-core,13357,0,0.09581989049911503,0
assertj-core,11618,0,0.09581989049911503,0
assertj-core,14804,0,0.09581989049911503,0
assertj-core,15245,0,0.09581989049911503,0
assertj-core,14929,0,0.09581989049911503,0
assertj-core,13105,0,0.09581989049911503,0
assertj-core,15199,0,0.09581989049911503,0
assertj-core,15350,0,0.09581989049911503,0
assertj-core,12245,0,0.09581989049911503,0
assertj-core,11983,0,0.09581989049911503,0
assertj-core,12668,0,0.09581989049911503,0
assertj-core,13530,0,0.09581989049911503,0
assertj-core,14606,0,0.09581989049911503,0
assertj-core,16471,0,0.09581989049911503,0
assertj-core,14265,0,0.09581989049911503,0
assertj-core,12068,0,0.09581989049911503,0
assertj-core,13472,0,0.09581989049911503,0
assertj-core,11744,0,0.09581989049911503,0
assertj-core,12111,0,0.09581989049911503,0
assertj-core,12732,0,0.09581989049911503,0
assertj-core,14228,0,0.09581989049911503,0
assertj-core,14978,0,0.09581989049911503,0
assertj-core,11863,0,0.09581989049911503,0
assertj-core,12696,0,0.09581989049911503,0
assertj-core,13884,0,0.09581989049911503,0
assertj-core,13067,0,0.09581989049911503,0
assertj-core,12861,0,0.09581989049911503,0
assertj-core,15181,0,0.09581989049911503,0
assertj-core,15164,0,0.09581989049911503,0
assertj-core,15723,0,0.09581989049911503,0
assertj-core,15574,0,0.09581989049911503,0
assertj-core,11430,0,0.09581989049911503,0
assertj-core,13749,0,0.09581989049911503,0
assertj-core,13284,0,0.09581989049911503,0
assertj-core,15773,0,0.09581989049911503,0
assertj-core,14674,0,0.09581989049911503,0
assertj-core,11280,0,0.09581989049911503,0
assertj-core,16431,0,0.09581989049911503,0
assertj-core,16105,0,0.09581989049911503,0
assertj-core,13330,0,0.09581989049911503,0
assertj-core,13285,0,0.09581989049911503,0
assertj-core,12690,0,0.09581989049911503,0
assertj-core,11144,0,0.09581989049911503,0
assertj-core,16127,0,0.09581989049911503,0
assertj-core,14756,0,0.09581989049911503,0
assertj-core,14357,0,0.09581989049911503,0
assertj-core,13406,0,0.09581989049911503,0
assertj-core,13191,0,0.09581989049911503,0
assertj-core,12914,0,0.09581989049911503,0
assertj-core,13914,0,0.09581989049911503,0
assertj-core,11930,0,0.09581989049911503,0
assertj-core,12152,0,0.09581989049911503,0
assertj-core,11549,0,0.09581989049911503,0
assertj-core,12837,0,0.09581989049911503,0
assertj-core,12616,0,0.09581989049911503,0
assertj-core,13264,0,0.09581989049911503,0
assertj-core,15455,0,0.09581989049911503,0
assertj-core,15397,0,0.09581989049911503,0
assertj-core,14942,0,0.09581989049911503,0
assertj-core,13076,0,0.09581989049911503,0
assertj-core,16333,0,0.09581989049911503,0
assertj-core,13084,0,0.09581989049911503,0
assertj-core,14941,0,0.09581989049911503,0
assertj-core,15701,0,0.09581989049911503,0
assertj-core,13843,0,0.09581989049911503,0
assertj-core,16758,0,0.09581989049911503,0
assertj-core,16801,0,0.09581989049911503,0
assertj-core,17138,0,0.09581989049911503,0
assertj-core,16344,0,0.09581989049911503,0
assertj-core,14597,0,0.09581989049911503,0
assertj-core,16967,0,0.09581989049911503,0
assertj-core,12532,0,0.09581989049911503,0
assertj-core,11781,0,0.09581989049911503,0
assertj-core,11302,0,0.09581989049911503,0
assertj-core,11969,0,0.09581989049911503,0
assertj-core,13590,0,0.09581989049911503,0
assertj-core,17135,0,0.09581989049911503,0
assertj-core,14705,0,0.09581989049911503,0
assertj-core,12188,0,0.09581989049911503,0
assertj-core,14627,0,0.09581989049911503,0
assertj-core,12779,0,0.09581989049911503,0
assertj-core,16305,0,0.09581989049911503,0
assertj-core,14466,0,0.09581989049911503,0
assertj-core,15083,0,0.09581989049911503,0
assertj-core,13639,0,0.09581989049911503,0
assertj-core,11148,0,0.09581989049911503,0
assertj-core,16784,0,0.09581989049911503,0
assertj-core,15905,0,0.09581989049911503,0
assertj-core,14318,0,0.09581989049911503,0
assertj-core,11953,0,0.09581989049911503,0
assertj-core,12917,0,0.09581989049911503,0
assertj-core,13152,0,0.09581989049911503,0
assertj-core,14736,0,0.09581989049911503,0
assertj-core,16074,0,0.09581989049911503,0
assertj-core,13207,0,0.09581989049911503,0
assertj-core,12184,0,0.09581989049911503,0
assertj-core,15597,0,0.09581989049911503,0
assertj-core,12444,0,0.09581989049911503,0
assertj-core,15947,0,0.09581989049911503,0
assertj-core,11960,0,0.09581989049911503,0
assertj-core,15254,0,0.09581989049911503,0
assertj-core,16193,0,0.09581989049911503,0
assertj-core,12213,0,0.09581989049911503,0
assertj-core,16625,0,0.09581989049911503,0
assertj-core,16301,0,0.09581989049911503,0
assertj-core,11624,0,0.09581989049911503,0
assertj-core,16948,0,0.09581989049911503,0
assertj-core,15728,0,0.09581989049911503,0
assertj-core,15655,0,0.09581989049911503,0
assertj-core,14073,0,0.09581989049911503,0
assertj-core,14545,0,0.09581989049911503,0
assertj-core,16675,0,0.09581989049911503,0
assertj-core,13500,0,0.09581989049911503,0
assertj-core,14622,0,0.09581989049911503,0
assertj-core,13930,0,0.09581989049911503,0
assertj-core,16766,0,0.09581989049911503,0
assertj-core,12654,0,0.09581989049911503,0
assertj-core,17013,0,0.09581989049911503,0
assertj-core,17051,0,0.09581989049911503,0
assertj-core,16828,0,0.09581989049911503,0
assertj-core,12274,0,0.09581989049911503,0
assertj-core,17263,0,0.09581989049911503,0
assertj-core,16346,0,0.09581989049911503,0
assertj-core,15082,0,0.09581989049911503,0
assertj-core,15833,0,0.09581989049911503,0
assertj-core,14040,0,0.09581989049911503,0
assertj-core,17001,0,0.09581989049911503,0
assertj-core,14255,0,0.09581989049911503,0
assertj-core,16588,0,0.09581989049911503,0
assertj-core,16643,0,0.09581989049911503,0
assertj-core,13117,0,0.09581989049911503,0
assertj-core,17194,0,0.09581989049911503,0
assertj-core,12251,0,0.09581989049911503,0
assertj-core,14785,0,0.09581989049911503,0
assertj-core,17173,0,0.09581989049911503,0
assertj-core,15796,0,0.09581989049911503,0
assertj-core,15834,0,0.09581989049911503,0
assertj-core,16239,0,0.09581989049911503,0
assertj-core,11828,0,0.09581989049911503,0
assertj-core,15236,0,0.09581989049911503,0
assertj-core,17222,0,0.09581989049911503,0
assertj-core,16269,0,0.09581989049911503,0
assertj-core,16280,0,0.09581989049911503,0
assertj-core,15151,0,0.09581989049911503,0
assertj-core,11992,0,0.09581989049911503,0
assertj-core,14014,0,0.09581989049911503,0
assertj-core,12513,0,0.09581989049911503,0
assertj-core,15159,0,0.09581989049911503,0
assertj-core,14061,0,0.09581989049911503,0
assertj-core,11568,0,0.09581989049911503,0
assertj-core,15330,0,0.09581989049911503,0
assertj-core,12577,0,0.09581989049911503,0
assertj-core,13253,0,0.09581989049911503,0
assertj-core,14538,0,0.09581989049911503,0
assertj-core,11371,0,0.09581989049911503,0
assertj-core,14268,0,0.09581989049911503,0
assertj-core,16852,0,0.09581989049911503,0
assertj-core,15534,0,0.09581989049911503,0
assertj-core,14441,0,0.09581989049911503,0
assertj-core,15400,0,0.09581989049911503,0
assertj-core,14789,0,0.09581989049911503,0
assertj-core,16651,0,0.09581989049911503,0
assertj-core,12359,0,0.09581989049911503,0
assertj-core,15739,0,0.09581989049911503,0
assertj-core,11376,0,0.09581989049911503,0
assertj-core,14873,0,0.09581989049911503,0
assertj-core,16551,0,0.09581989049911503,0
assertj-core,13585,0,0.09581989049911503,0
assertj-core,13186,0,0.09581989049911503,0
assertj-core,12958,0,0.09581989049911503,0
assertj-core,16876,0,0.09581989049911503,0
assertj-core,17169,0,0.09581989049911503,0
assertj-core,17031,0,0.09581989049911503,0
assertj-core,15931,0,0.09581989049911503,0
assertj-core,13248,0,0.09581989049911503,0
assertj-core,16855,0,0.09581989049911503,0
assertj-core,13848,0,0.09581989049911503,0
assertj-core,12141,0,0.09581989049911503,0
assertj-core,14996,0,0.09581989049911503,0
assertj-core,15230,0,0.09581989049911503,0
assertj-core,17282,0,0.09581989049911503,0
assertj-core,16196,0,0.09581989049911503,0
assertj-core,16284,0,0.09581989049911503,0
assertj-core,15766,0,0.09581989049911503,0
assertj-core,16767,0,0.09581989049911503,0
assertj-core,12572,0,0.09581989049911503,0
assertj-core,15662,0,0.09581989049911503,0
assertj-core,14344,0,0.09581989049911503,0
assertj-core,17265,0,0.09581989049911503,0
assertj-core,14934,0,0.09581989049911503,0
assertj-core,11284,0,0.09581989049911503,0
assertj-core,13480,0,0.09581989049911503,0
assertj-core,11737,0,0.09581989049911503,0
assertj-core,15170,0,0.09581989049911503,0
assertj-core,15753,0,0.09581989049911503,0
assertj-core,13303,0,0.09581989049911503,0
assertj-core,11192,0,0.09581989049911503,0
assertj-core,14426,0,0.09581989049911503,0
assertj-core,16424,0,0.09581989049911503,0
assertj-core,15178,0,0.09581989049911503,0
assertj-core,12691,0,0.09581989049911503,0
assertj-core,12035,0,0.09581989049911503,0
assertj-core,16652,0,0.09581989049911503,0
assertj-core,14017,0,0.09581989049911503,0
assertj-core,16658,0,0.09581989049911503,0
assertj-core,12521,0,0.09581989049911503,0
assertj-core,14633,0,0.09581989049911503,0
assertj-core,16816,0,0.09581989049911503,0
assertj-core,12408,0,0.09581989049911503,0
assertj-core,13466,0,0.09581989049911503,0
assertj-core,15132,0,0.09581989049911503,0
assertj-core,12361,0,0.09581989049911503,0
assertj-core,17070,0,0.09581989049911503,0
assertj-core,12435,0,0.09581989049911503,0
assertj-core,17262,0,0.09581989049911503,0
assertj-core,11608,0,0.09581989049911503,0
assertj-core,16174,0,0.09581989049911503,0
assertj-core,17137,0,0.09581989049911503,0
assertj-core,12467,0,0.09581989049911503,0
assertj-core,15609,0,0.09581989049911503,0
assertj-core,11615,0,0.09581989049911503,0
assertj-core,13738,0,0.09581989049911503,0
assertj-core,17333,0,0.09581989049911503,0
assertj-core,14670,0,0.09581989049911503,0
assertj-core,11693,0,0.09581989049911503,0
assertj-core,15306,0,0.09581989049911503,0
assertj-core,17304,0,0.09581989049911503,0
assertj-core,15215,0,0.09581989049911503,0
assertj-core,15303,0,0.09581989049911503,0
assertj-core,14612,0,0.09581989049911503,0
assertj-core,11979,0,0.09581989049911503,0
assertj-core,15052,0,0.09581989049911503,0
assertj-core,12055,0,0.09581989049911503,0
assertj-core,17143,0,0.09581989049911503,0
assertj-core,11672,0,0.09581989049911503,0
assertj-core,15496,0,0.09581989049911503,0
assertj-core,16837,0,0.09581989049911503,0
assertj-core,12297,0,0.09581989049911503,0
assertj-core,12235,0,0.09581989049911503,0
assertj-core,12933,0,0.09581989049911503,0
assertj-core,14277,0,0.09581989049911503,0
assertj-core,12045,0,0.09581989049911503,0
assertj-core,13518,0,0.09581989049911503,0
assertj-core,14086,0,0.09581989049911503,0
assertj-core,13456,0,0.09581989049911503,0
assertj-core,15678,0,0.09581989049911503,0
assertj-core,11158,0,0.09581989049911503,0
assertj-core,14162,0,0.09581989049911503,0
assertj-core,15807,0,0.09581989049911503,0
assertj-core,13956,0,0.09581989049911503,0
assertj-core,11301,0,0.09581989049911503,0
assertj-core,12460,0,0.09581989049911503,0
assertj-core,14326,0,0.09581989049911503,0
assertj-core,14489,0,0.09581989049911503,0
assertj-core,15430,0,0.09581989049911503,0
assertj-core,16148,0,0.09581989049911503,0
assertj-core,14928,0,0.09581989049911503,0
assertj-core,15620,0,0.09581989049911503,0
assertj-core,13392,0,0.09581989049911503,0
assertj-core,12202,0,0.09581989049911503,0
assertj-core,16614,0,0.09581989049911503,0
assertj-core,12220,0,0.09581989049911503,0
assertj-core,16792,0,0.09581989049911503,0
assertj-core,11681,0,0.09581989049911503,0
assertj-core,14491,0,0.09581989049911503,0
assertj-core,17318,0,0.09581989049911503,0
assertj-core,13291,0,0.09581989049911503,0
assertj-core,13257,0,0.09581989049911503,0
assertj-core,14386,0,0.09581989049911503,0
assertj-core,15387,0,0.09581989049911503,0
assertj-core,13726,0,0.09581989049911503,0
assertj-core,16139,0,0.09581989049911503,0
assertj-core,15972,0,0.09581989049911503,0
assertj-core,13236,0,0.09581989049911503,0
assertj-core,14782,0,0.09581989049911503,0
assertj-core,12258,0,0.09581989049911503,0
assertj-core,11732,0,0.09581989049911503,0
assertj-core,16178,0,0.09581989049911503,0
assertj-core,12286,0,0.09581989049911503,0
assertj-core,14819,0,0.09581989049911503,0
assertj-core,15883,0,0.09581989049911503,0
assertj-core,16716,0,0.09581989049911503,0
assertj-core,17127,0,0.09581989049911503,0
assertj-core,12165,0,0.09581989049911503,0
assertj-core,12186,0,0.09581989049911503,0
assertj-core,12563,0,0.09581989049911503,0
assertj-core,14279,0,0.09581989049911503,0
assertj-core,14029,0,0.09581989049911503,0
assertj-core,15298,0,0.09581989049911503,0
assertj-core,15169,0,0.09581989049911503,0
assertj-core,14347,0,0.09581989049911503,0
assertj-core,13511,0,0.09581989049911503,0
assertj-core,17293,0,0.09581989049911503,0
assertj-core,13378,0,0.09581989049911503,0
assertj-core,12019,0,0.09581989049911503,0
assertj-core,13176,0,0.09581989049911503,0
assertj-core,12527,0,0.09581989049911503,0
assertj-core,15061,0,0.09581989049911503,0
assertj-core,16466,0,0.09581989049911503,0
assertj-core,11833,0,0.09581989049911503,0
assertj-core,17076,0,0.09581989049911503,0
assertj-core,14433,0,0.09581989049911503,0
assertj-core,14041,0,0.09581989049911503,0
assertj-core,13563,0,0.09581989049911503,0
assertj-core,16616,0,0.09581989049911503,0
assertj-core,16950,0,0.09581989049911503,0
assertj-core,15758,0,0.09581989049911503,0
assertj-core,15748,0,0.09581989049911503,0
assertj-core,15016,0,0.09581989049911503,0
assertj-core,11429,0,0.09581989049911503,0
assertj-core,12037,0,0.09581989049911503,0
assertj-core,11223,0,0.09581989049911503,0
assertj-core,11802,0,0.09581989049911503,0
assertj-core,14949,0,0.09581989049911503,0
assertj-core,15982,0,0.09581989049911503,0
assertj-core,16370,0,0.09581989049911503,0
assertj-core,12242,0,0.09581989049911503,0
assertj-core,14106,0,0.09581989049911503,0
assertj-core,15657,0,0.09581989049911503,0
assertj-core,13247,0,0.09581989049911503,0
assertj-core,15603,0,0.09581989049911503,0
assertj-core,11562,0,0.09581989049911503,0
assertj-core,15934,0,0.09581989049911503,0
assertj-core,15521,0,0.09581989049911503,0
assertj-core,13449,0,0.09581989049911503,0
assertj-core,15553,0,0.09581989049911503,0
assertj-core,14273,0,0.09581989049911503,0
assertj-core,15012,0,0.09581989049911503,0
assertj-core,16943,0,0.09581989049911503,0
assertj-core,12436,0,0.09581989049911503,0
assertj-core,11617,0,0.09581989049911503,0
assertj-core,11408,0,0.09581989049911503,0
assertj-core,12103,0,0.09581989049911503,0
assertj-core,16650,0,0.09581989049911503,0
assertj-core,11661,0,0.09581989049911503,0
assertj-core,13072,0,0.09581989049911503,0
assertj-core,16490,0,0.09581989049911503,0
assertj-core,16545,0,0.09581989049911503,0
assertj-core,16743,0,0.09581989049911503,0
assertj-core,14982,0,0.09581989049911503,0
assertj-core,14746,0,0.09581989049911503,0
assertj-core,12700,0,0.09581989049911503,0
assertj-core,16050,0,0.09581989049911503,0
assertj-core,13444,0,0.09581989049911503,0
assertj-core,12533,0,0.09581989049911503,0
assertj-core,13368,0,0.09581989049911503,0
assertj-core,11605,0,0.09581989049911503,0
assertj-core,14120,0,0.09581989049911503,0
assertj-core,15439,0,0.09581989049911503,0
assertj-core,15536,0,0.09581989049911503,0
assertj-core,11445,0,0.09581989049911503,0
assertj-core,13774,0,0.09581989049911503,0
assertj-core,16047,0,0.09581989049911503,0
assertj-core,14540,0,0.09581989049911503,0
assertj-core,15310,0,0.09581989049911503,0
assertj-core,11826,0,0.09581989049911503,0
assertj-core,15421,0,0.09581989049911503,0
assertj-core,13682,0,0.09581989049911503,0
assertj-core,17170,0,0.09581989049911503,0
assertj-core,14417,0,0.09581989049911503,0
assertj-core,11806,0,0.09581989049911503,0
assertj-core,12051,0,0.09581989049911503,0
assertj-core,16015,0,0.09581989049911503,0
assertj-core,12764,0,0.09581989049911503,0
assertj-core,16308,0,0.09581989049911503,0
assertj-core,12176,0,0.09581989049911503,0
assertj-core,16483,0,0.09581989049911503,0
assertj-core,13387,0,0.09581989049911503,0
assertj-core,15488,0,0.09581989049911503,0
assertj-core,13024,0,0.09581989049911503,0
assertj-core,13263,0,0.09581989049911503,0
assertj-core,16781,0,0.09581989049911503,0
assertj-core,12025,0,0.09581989049911503,0
assertj-core,17223,0,0.09581989049911503,0
assertj-core,13481,0,0.09581989049911503,0
assertj-core,17054,0,0.09581989049911503,0
assertj-core,14760,0,0.09581989049911503,0
assertj-core,16929,0,0.09581989049911503,0
assertj-core,11715,0,0.09581989049911503,0
assertj-core,13993,0,0.09581989049911503,0
assertj-core,12570,0,0.09581989049911503,0
assertj-core,11491,0,0.09581989049911503,0
assertj-core,13053,0,0.09581989049911503,0
assertj-core,16892,0,0.09581989049911503,0
assertj-core,13818,0,0.09581989049911503,0
assertj-core,15729,0,0.09581989049911503,0
assertj-core,11870,0,0.09581989049911503,0
assertj-core,16567,0,0.09581989049911503,0
assertj-core,13419,0,0.09581989049911503,0
assertj-core,16369,0,0.09581989049911503,0
assertj-core,14113,0,0.09581989049911503,0
assertj-core,12311,0,0.09581989049911503,0
assertj-core,11296,0,0.09581989049911503,0
assertj-core,14354,0,0.09581989049911503,0
assertj-core,15450,0,0.09581989049911503,0
assertj-core,16918,0,0.09581989049911503,0
assertj-core,17241,0,0.09581989049911503,0
assertj-core,15650,0,0.09581989049911503,0
assertj-core,12362,0,0.09581989049911503,0
assertj-core,15755,0,0.09581989049911503,0
assertj-core,13780,0,0.09581989049911503,0
assertj-core,12983,0,0.09581989049911503,0
assertj-core,15559,0,0.09581989049911503,0
assertj-core,12688,0,0.09581989049911503,0
assertj-core,14938,0,0.09581989049911503,0
assertj-core,11880,0,0.09581989049911503,0
assertj-core,13666,0,0.09581989049911503,0
assertj-core,12123,0,0.09581989049911503,0
assertj-core,13223,0,0.09581989049911503,0
assertj-core,11232,0,0.09581989049911503,0
assertj-core,15522,0,0.09581989049911503,0
assertj-core,16419,0,0.09581989049911503,0
assertj-core,13436,0,0.09581989049911503,0
assertj-core,12707,0,0.09581989049911503,0
assertj-core,14758,0,0.09581989049911503,0
assertj-core,14169,0,0.09581989049911503,0
assertj-core,16299,0,0.09581989049911503,0
assertj-core,14383,0,0.09581989049911503,0
assertj-core,16952,0,0.09581989049911503,0
assertj-core,15123,0,0.09581989049911503,0
assertj-core,17072,0,0.09581989049911503,0
assertj-core,16941,0,0.09581989049911503,0
assertj-core,15019,0,0.09581989049911503,0
assertj-core,16623,0,0.09581989049911503,0
assertj-core,16234,0,0.09581989049911503,0
assertj-core,12371,0,0.09581989049911503,0
assertj-core,11885,0,0.09581989049911503,0
assertj-core,14117,0,0.09581989049911503,0
assertj-core,11868,1,0.09581989049911503,0
assertj-core,16434,0,0.09581989049911503,0
assertj-core,14218,0,0.09581989049911503,0
assertj-core,13269,0,0.09581989049911503,0
assertj-core,14180,0,0.09581989049911503,0
assertj-core,14706,0,0.09581989049911503,0
assertj-core,14666,0,0.09581989049911503,0
assertj-core,14381,0,0.09581989049911503,0
assertj-core,16119,0,0.09581989049911503,0
assertj-core,11159,0,0.09581989049911503,0
assertj-core,17087,0,0.09581989049911503,0
assertj-core,17121,0,0.09581989049911503,0
assertj-core,14112,0,0.09581989049911503,0
assertj-core,13913,0,0.09581989049911503,0
assertj-core,15286,0,0.09581989049911503,0
assertj-core,12071,0,0.09581989049911503,0
assertj-core,16310,0,0.09581989049911503,0
assertj-core,17088,0,0.09581989049911503,0
assertj-core,15420,0,0.09581989049911503,0
assertj-core,13206,0,0.09581989049911503,0
assertj-core,14931,0,0.09581989049911503,0
assertj-core,14205,0,0.09581989049911503,0
assertj-core,11633,0,0.09581989049911503,0
assertj-core,15564,0,0.09581989049911503,0
assertj-core,14952,0,0.09581989049911503,0
assertj-core,14288,0,0.09581989049911503,0
assertj-core,13225,0,0.09581989049911503,0
assertj-core,16423,0,0.09581989049911503,0
assertj-core,11460,0,0.09581989049911503,0
assertj-core,13442,0,0.09581989049911503,0
assertj-core,11259,0,0.09581989049911503,0
assertj-core,14732,0,0.09581989049911503,0
assertj-core,14313,0,0.09581989049911503,0
assertj-core,11565,0,0.09581989049911503,0
assertj-core,13889,0,0.09581989049911503,0
assertj-core,13231,0,0.09581989049911503,0
assertj-core,16195,0,0.09581989049911503,0
assertj-core,11824,0,0.09581989049911503,0
assertj-core,11590,0,0.09581989049911503,0
assertj-core,12437,0,0.09581989049911503,0
assertj-core,16869,0,0.09581989049911503,0
assertj-core,16228,0,0.09581989049911503,0
assertj-core,11634,0,0.09581989049911503,0
assertj-core,17077,0,0.09581989049911503,0
assertj-core,14403,0,0.09581989049911503,0
assertj-core,12333,0,0.09581989049911503,0
assertj-core,11978,0,0.09581989049911503,0
assertj-core,16827,0,0.09581989049911503,0
assertj-core,13697,0,0.09581989049911503,0
assertj-core,14148,0,0.09581989049911503,0
assertj-core,15162,0,0.09581989049911503,0
assertj-core,17356,0,0.09581989049911503,0
assertj-core,12466,0,0.09581989049911503,0
assertj-core,16637,0,0.09581989049911503,0
assertj-core,15256,0,0.09581989049911503,0
assertj-core,11488,0,0.09581989049911503,0
assertj-core,11134,0,0.09581989049911503,0
assertj-core,12620,0,0.09581989049911503,0
assertj-core,16335,0,0.09581989049911503,0
assertj-core,15010,0,0.09581989049911503,0
assertj-core,14173,0,0.09581989049911503,0
assertj-core,13212,0,0.09581989049911503,0
assertj-core,17242,0,0.09581989049911503,0
assertj-core,11989,0,0.09581989049911503,0
assertj-core,11525,0,0.09581989049911503,0
assertj-core,12665,0,0.09581989049911503,0
assertj-core,14701,0,0.09581989049911503,0
assertj-core,15552,0,0.09581989049911503,0
assertj-core,12329,0,0.09581989049911503,0
assertj-core,13949,0,0.09581989049911503,0
assertj-core,14405,0,0.09581989049911503,0
assertj-core,12730,0,0.09581989049911503,0
assertj-core,15628,0,0.09581989049911503,0
assertj-core,17228,0,0.09581989049911503,0
assertj-core,16213,0,0.09581989049911503,0
assertj-core,13610,0,0.09581989049911503,0
assertj-core,14245,0,0.09581989049911503,0
assertj-core,17312,0,0.09581989049911503,0
assertj-core,11546,0,0.09581989049911503,0
assertj-core,11399,0,0.09581989049911503,0
assertj-core,17067,0,0.09581989049911503,0
assertj-core,11755,0,0.09581989049911503,0
assertj-core,12905,0,0.09581989049911503,0
assertj-core,12002,0,0.09581989049911503,0
assertj-core,12727,0,0.09581989049911503,0
assertj-core,16033,0,0.09581989049911503,0
assertj-core,12498,0,0.09581989049911503,0
assertj-core,15423,0,0.09581989049911503,0
assertj-core,11519,0,0.09581989049911503,0
assertj-core,11527,0,0.09581989049911503,0
assertj-core,12239,0,0.09581989049911503,0
assertj-core,14407,0,0.09581989049911503,0
assertj-core,15968,0,0.09581989049911503,0
assertj-core,14832,0,0.09581989049911503,0
assertj-core,13617,0,0.09581989049911503,0
assertj-core,16397,0,0.09581989049911503,0
assertj-core,16251,0,0.09581989049911503,0
assertj-core,12523,0,0.09581989049911503,0
assertj-core,13651,0,0.09581989049911503,0
assertj-core,13921,0,0.09581989049911503,0
assertj-core,15881,0,0.09581989049911503,0
assertj-core,14839,0,0.09581989049911503,0
assertj-core,16323,0,0.09581989049911503,0
assertj-core,13778,0,0.09581989049911503,0
assertj-core,15782,0,0.09581989049911503,0
assertj-core,12084,0,0.09581989049911503,0
assertj-core,14104,0,0.09581989049911503,0
assertj-core,14188,0,0.09581989049911503,0
assertj-core,13917,0,0.09581989049911503,0
assertj-core,13464,0,0.09581989049911503,0
assertj-core,13727,0,0.09581989049911503,0
assertj-core,16304,0,0.09581989049911503,0
assertj-core,17226,0,0.09581989049911503,0
assertj-core,12489,0,0.09581989049911503,0
assertj-core,13031,0,0.09581989049911503,0
assertj-core,12847,0,0.09581989049911503,0
assertj-core,13927,0,0.09581989049911503,0
assertj-core,13990,0,0.09581989049911503,0
assertj-core,16994,0,0.09581989049911503,0
assertj-core,17123,0,0.09581989049911503,0
assertj-core,13077,0,0.09581989049911503,0
assertj-core,16464,0,0.09581989049911503,0
assertj-core,17374,0,0.09581989049911503,0
assertj-core,11655,0,0.09581989049911503,0
assertj-core,15307,0,0.09581989049911503,0
assertj-core,16317,0,0.09581989049911503,0
assertj-core,14918,0,0.09581989049911503,0
assertj-core,14629,0,0.09581989049911503,0
assertj-core,16851,0,0.09581989049911503,0
assertj-core,13963,0,0.09581989049911503,0
assertj-core,11637,0,0.09581989049911503,0
assertj-core,11153,0,0.09581989049911503,0
assertj-core,16708,0,0.09581989049911503,0
assertj-core,14505,0,0.09581989049911503,0
assertj-core,12624,0,0.09581989049911503,0
assertj-core,14128,0,0.09581989049911503,0
assertj-core,11847,0,0.09581989049911503,0
assertj-core,13352,0,0.09581989049911503,0
assertj-core,17066,0,0.09581989049911503,0
assertj-core,14100,0,0.09581989049911503,0
assertj-core,14105,0,0.09581989049911503,0
assertj-core,14766,0,0.09581989049911503,0
assertj-core,15925,0,0.09581989049911503,0
assertj-core,11890,0,0.09581989049911503,0
assertj-core,13185,0,0.09581989049911503,0
assertj-core,13574,0,0.09581989049911503,0
assertj-core,15965,0,0.09581989049911503,0
assertj-core,15518,0,0.09581989049911503,0
assertj-core,15532,0,0.09581989049911503,0
assertj-core,11602,0,0.09581989049911503,0
assertj-core,13791,0,0.09581989049911503,0
assertj-core,12064,0,0.09581989049911503,0
assertj-core,15976,0,0.09581989049911503,0
assertj-core,13900,0,0.09581989049911503,0
assertj-core,15502,0,0.09581989049911503,0
assertj-core,16887,0,0.09581989049911503,0
assertj-core,14251,0,0.09581989049911503,0
assertj-core,16898,0,0.09581989049911503,0
assertj-core,15290,0,0.09581989049911503,0
assertj-core,16480,0,0.09581989049911503,0
assertj-core,13694,0,0.09581989049911503,0
assertj-core,16971,0,0.09581989049911503,0
assertj-core,14686,0,0.09581989049911503,0
assertj-core,11258,0,0.09581989049911503,0
assertj-core,13164,0,0.09581989049911503,0
assertj-core,14914,0,0.09581989049911503,0
assertj-core,13669,0,0.09581989049911503,0
assertj-core,15639,0,0.09581989049911503,0
assertj-core,11780,0,0.09581989049911503,0
assertj-core,16968,0,0.09581989049911503,0
assertj-core,13967,0,0.09581989049911503,0
assertj-core,12526,0,0.09581989049911503,0
assertj-core,11752,0,0.09581989049911503,0
assertj-core,12811,0,0.09581989049911503,0
assertj-core,12767,0,0.09581989049911503,0
assertj-core,11261,0,0.09581989049911503,0
assertj-core,12400,0,0.09581989049911503,0
assertj-core,12626,0,0.09581989049911503,0
assertj-core,16884,0,0.09581989049911503,0
assertj-core,12375,0,0.09581989049911503,0
assertj-core,15384,0,0.09581989049911503,0
assertj-core,14131,0,0.09581989049911503,0
assertj-core,16676,0,0.09581989049911503,0
assertj-core,16647,0,0.09581989049911503,0
assertj-core,13723,0,0.09581989049911503,0
assertj-core,11791,0,0.09581989049911503,0
assertj-core,15949,0,0.09581989049911503,0
assertj-core,14987,0,0.09581989049911503,0
assertj-core,11180,0,0.09581989049911503,0
assertj-core,13831,0,0.09581989049911503,0
assertj-core,16343,0,0.09581989049911503,0
assertj-core,14055,0,0.09581989049911503,0
assertj-core,16348,0,0.09581989049911503,0
assertj-core,13229,0,0.09581989049911503,0
assertj-core,12717,0,0.09581989049911503,0
assertj-core,17187,0,0.09581989049911503,0
assertj-core,14392,0,0.09581989049911503,0
assertj-core,15757,0,0.09581989049911503,0
assertj-core,15314,0,0.09581989049911503,0
assertj-core,15336,0,0.09581989049911503,0
assertj-core,12582,0,0.09581989049911503,0
assertj-core,15618,0,0.09581989049911503,0
assertj-core,11205,0,0.09581989049911503,0
assertj-core,16612,0,0.09581989049911503,0
assertj-core,11724,0,0.09581989049911503,0
assertj-core,11453,0,0.09581989049911503,0
assertj-core,16347,0,0.09581989049911503,0
assertj-core,17224,0,0.09581989049911503,0
assertj-core,13012,0,0.09581989049911503,0
assertj-core,12072,0,0.09581989049911503,0
assertj-core,11827,0,0.09581989049911503,0
assertj-core,11954,0,0.09581989049911503,0
assertj-core,11295,0,0.09581989049911503,0
assertj-core,16458,0,0.09581989049911503,0
assertj-core,11389,0,0.09581989049911503,0
assertj-core,16006,0,0.09581989049911503,0
assertj-core,11435,0,0.09581989049911503,0
assertj-core,15902,0,0.09581989049911503,0
assertj-core,14479,0,0.09581989049911503,0
assertj-core,17295,0,0.09581989049911503,0
assertj-core,13815,0,0.09581989049911503,0
assertj-core,13107,0,0.09581989049911503,0
assertj-core,12925,0,0.09581989049911503,0
assertj-core,13659,0,0.09581989049911503,0
assertj-core,17061,0,0.09581989049911503,0
assertj-core,14848,0,0.09581989049911503,0
assertj-core,13620,0,0.09581989049911503,0
assertj-core,15351,0,0.09581989049911503,0
assertj-core,16165,0,0.09581989049911503,0
assertj-core,13473,0,0.09581989049911503,0
assertj-core,11504,0,0.09581989049911503,0
assertj-core,14616,0,0.09581989049911503,0
assertj-core,14377,0,0.09581989049911503,0
assertj-core,13991,0,0.09581989049911503,0
assertj-core,16649,0,0.09581989049911503,0
assertj-core,17317,0,0.09581989049911503,0
assertj-core,13110,0,0.09581989049911503,0
assertj-core,13094,0,0.09581989049911503,0
assertj-core,13337,0,0.09581989049911503,0
assertj-core,15203,0,0.09581989049911503,0
assertj-core,17248,0,0.09581989049911503,0
assertj-core,11398,0,0.09581989049911503,0
assertj-core,16191,0,0.09581989049911503,0
assertj-core,16550,0,0.09581989049911503,0
assertj-core,11439,0,0.09581989049911503,0
assertj-core,12183,0,0.09581989049911503,0
assertj-core,13918,0,0.09581989049911503,0
assertj-core,15679,0,0.09581989049911503,0
assertj-core,16036,0,0.09581989049911503,0
assertj-core,11452,0,0.09581989049911503,0
assertj-core,15821,0,0.09581989049911503,0
assertj-core,17296,0,0.09581989049911503,0
assertj-core,11875,0,0.09581989049911503,0
assertj-core,12756,0,0.09581989049911503,0
assertj-core,13345,0,0.09581989049911503,0
assertj-core,16216,0,0.09581989049911503,0
assertj-core,11286,0,0.09581989049911503,0
assertj-core,17039,0,0.09581989049911503,0
assertj-core,11570,0,0.09581989049911503,0
assertj-core,12593,0,0.09581989049911503,0
assertj-core,17046,0,0.09581989049911503,0
assertj-core,12923,0,0.09581989049911503,0
assertj-core,15345,0,0.09581989049911503,0
assertj-core,12780,0,0.09581989049911503,0
assertj-core,15915,0,0.09581989049911503,0
assertj-core,15495,0,0.09581989049911503,0
assertj-core,13695,0,0.09581989049911503,0
assertj-core,14495,0,0.09581989049911503,0
assertj-core,15353,0,0.09581989049911503,0
assertj-core,13646,0,0.09581989049911503,0
assertj-core,12802,0,0.09581989049911503,0
assertj-core,14638,0,0.09581989049911503,0
assertj-core,15028,0,0.09581989049911503,0
assertj-core,11531,0,0.09581989049911503,0
assertj-core,12687,0,0.09581989049911503,0
assertj-core,12783,0,0.09581989049911503,0
assertj-core,15228,0,0.09581989049911503,0
assertj-core,15210,0,0.09581989049911503,0
assertj-core,13200,0,0.09581989049911503,0
assertj-core,12760,0,0.09581989049911503,0
assertj-core,16352,0,0.09581989049911503,0
assertj-core,13455,0,0.09581989049911503,0
assertj-core,12976,0,0.09581989049911503,0
assertj-core,11317,0,0.09581989049911503,0
assertj-core,13282,0,0.09581989049911503,0
assertj-core,17079,0,0.09581989049911503,0
assertj-core,15269,0,0.09581989049911503,0
assertj-core,13047,0,0.09581989049911503,0
assertj-core,15469,0,0.09581989049911503,0
assertj-core,12566,0,0.09581989049911503,0
assertj-core,14958,0,0.09581989049911503,0
assertj-core,15887,0,0.09581989049911503,0
assertj-core,12814,0,0.09581989049911503,0
assertj-core,12145,0,0.09581989049911503,0
assertj-core,14414,0,0.09581989049911503,0
assertj-core,13224,0,0.09581989049911503,0
assertj-core,16032,0,0.09581989049911503,0
assertj-core,17232,0,0.09581989049911503,0
assertj-core,13877,0,0.09581989049911503,0
assertj-core,14192,0,0.09581989049911503,0
assertj-core,11414,0,0.09581989049911503,0
assertj-core,17080,0,0.09581989049911503,0
assertj-core,14398,0,0.09581989049911503,0
assertj-core,14332,0,0.09581989049911503,0
assertj-core,13232,0,0.09581989049911503,0
assertj-core,15806,0,0.09581989049911503,0
assertj-core,17147,0,0.09581989049911503,0
assertj-core,14935,0,0.09581989049911503,0
assertj-core,12617,0,0.09581989049911503,0
assertj-core,16972,0,0.09581989049911503,0
assertj-core,11813,0,0.09581989049911503,0
assertj-core,13100,0,0.09581989049911503,0
assertj-core,14429,0,0.09581989049911503,0
assertj-core,15812,0,0.09581989049911503,0
assertj-core,13308,0,0.09581989049911503,0
assertj-core,14522,0,0.09581989049911503,0
assertj-core,14373,0,0.09581989049911503,0
assertj-core,12449,0,0.09581989049911503,0
assertj-core,14506,0,0.09581989049911503,0
assertj-core,15910,0,0.09581989049911503,0
assertj-core,16315,0,0.09581989049911503,0
assertj-core,13052,0,0.09581989049911503,0
assertj-core,12189,0,0.09581989049911503,0
assertj-core,14813,0,0.09581989049911503,0
assertj-core,17024,0,0.09581989049911503,0
assertj-core,17239,0,0.09581989049911503,0
assertj-core,16456,0,0.09581989049911503,0
assertj-core,16037,0,0.09581989049911503,0
assertj-core,14956,0,0.09581989049911503,0
assertj-core,16844,0,0.09581989049911503,0
assertj-core,14342,0,0.09581989049911503,0
assertj-core,12249,0,0.09581989049911503,0
assertj-core,11771,0,0.09581989049911503,0
assertj-core,16691,0,0.09581989049911503,0
assertj-core,12248,0,0.09581989049911503,0
assertj-core,15849,0,0.09581989049911503,0
assertj-core,15288,0,0.09581989049911503,0
assertj-core,14263,0,0.09581989049911503,0
assertj-core,13714,0,0.09581989049911503,0
assertj-core,16180,0,0.09581989049911503,0
assertj-core,13281,0,0.09581989049911503,0
assertj-core,12589,0,0.09581989049911503,0
assertj-core,14333,0,0.09581989049911503,0
assertj-core,15004,0,0.09581989049911503,0
assertj-core,11432,0,0.09581989049911503,0
assertj-core,11908,0,0.09581989049911503,0
assertj-core,16810,0,0.09581989049911503,0
assertj-core,16797,0,0.09581989049911503,0
assertj-core,13922,0,0.09581989049911503,0
assertj-core,16667,0,0.09581989049911503,0
assertj-core,14598,0,0.09581989049911503,0
assertj-core,13573,0,0.09581989049911503,0
assertj-core,13019,0,0.09581989049911503,0
assertj-core,14699,0,0.09581989049911503,0
assertj-core,14723,0,0.09581989049911503,0
assertj-core,14542,0,0.09581989049911503,0
assertj-core,14115,0,0.09581989049911503,0
assertj-core,14697,0,0.09581989049911503,0
assertj-core,12885,0,0.09581989049911503,0
assertj-core,13240,0,0.09581989049911503,0
assertj-core,15182,0,0.09581989049911503,0
assertj-core,12785,0,0.09581989049911503,0
assertj-core,13767,0,0.09581989049911503,0
assertj-core,12298,0,0.09581989049911503,0
assertj-core,12949,0,0.09581989049911503,0
assertj-core,15865,0,0.09581989049911503,0
assertj-core,11162,0,0.09581989049911503,0
assertj-core,12657,0,0.09581989049911503,0
assertj-core,16076,0,0.09581989049911503,0
assertj-core,11697,0,0.09581989049911503,0
assertj-core,15114,0,0.09581989049911503,0
assertj-core,14535,0,0.09581989049911503,0
assertj-core,12557,0,0.09581989049911503,0
assertj-core,14850,0,0.09581989049911503,0
assertj-core,16807,0,0.09581989049911503,0
assertj-core,13545,0,0.09581989049911503,0
assertj-core,11822,0,0.09581989049911503,0
assertj-core,14510,0,0.09581989049911503,0
assertj-core,14450,0,0.09581989049911503,0
assertj-core,16636,0,0.09581989049911503,0
assertj-core,13622,0,0.09581989049911503,0
assertj-core,13153,0,0.09581989049911503,0
assertj-core,12303,0,0.09581989049911503,0
assertj-core,16141,0,0.09581989049911503,0
assertj-core,16590,0,0.09581989049911503,0
assertj-core,17002,0,0.09581989049911503,0
assertj-core,15209,0,0.09581989049911503,0
assertj-core,11973,0,0.09581989049911503,0
assertj-core,15247,0,0.09581989049911503,0
assertj-core,15065,0,0.09581989049911503,0
assertj-core,17030,0,0.09581989049911503,0
assertj-core,11209,0,0.09581989049911503,0
assertj-core,16883,0,0.09581989049911503,0
assertj-core,15692,0,0.09581989049911503,0
assertj-core,14153,0,0.09581989049911503,0
assertj-core,16441,0,0.09581989049911503,0
assertj-core,16635,0,0.09581989049911503,0
assertj-core,11349,0,0.09581989049911503,0
assertj-core,14056,0,0.09581989049911503,0
assertj-core,15097,0,0.09581989049911503,0
assertj-core,15367,0,0.09581989049911503,0
assertj-core,16117,0,0.09581989049911503,0
assertj-core,16932,0,0.09581989049911503,0
assertj-core,11638,0,0.09581989049911503,0
assertj-core,14776,0,0.09581989049911503,0
assertj-core,13148,0,0.09581989049911503,0
assertj-core,13184,0,0.09581989049911503,0
assertj-core,11382,0,0.09581989049911503,0
assertj-core,11760,0,0.09581989049911503,0
assertj-core,13360,0,0.09581989049911503,0
assertj-core,13310,0,0.09581989049911503,0
assertj-core,12080,0,0.09581989049911503,0
assertj-core,15948,0,0.09581989049911503,0
assertj-core,15234,0,0.09581989049911503,0
assertj-core,13895,0,0.09581989049911503,0
assertj-core,16770,0,0.09581989049911503,0
assertj-core,12119,0,0.09581989049911503,0
assertj-core,14445,0,0.09581989049911503,0
assertj-core,11419,0,0.09581989049911503,0
assertj-core,16400,0,0.09581989049911503,0
assertj-core,13490,0,0.09581989049911503,0
assertj-core,16038,0,0.09581989049911503,0
assertj-core,12067,0,0.09581989049911503,0
assertj-core,11415,0,0.09581989049911503,0
assertj-core,15185,0,0.09581989049911503,0
assertj-core,11150,0,0.09581989049911503,0
assertj-core,15385,0,0.09581989049911503,0
assertj-core,12491,0,0.09581989049911503,0
assertj-core,12289,0,0.09581989049911503,0
assertj-core,16042,0,0.09581989049911503,0
assertj-core,15619,0,0.09581989049911503,0
assertj-core,13450,0,0.09581989049911503,0
assertj-core,12205,0,0.09581989049911503,0
assertj-core,11478,0,0.09581989049911503,0
assertj-core,15474,0,0.09581989049911503,0
assertj-core,16393,0,0.09581989049911503,0
assertj-core,15823,0,0.09581989049911503,0
assertj-core,16157,0,0.09581989049911503,0
assertj-core,13307,0,0.09581989049911503,0
assertj-core,14539,0,0.09581989049911503,0
assertj-core,14749,0,0.09581989049911503,0
assertj-core,16561,0,0.09581989049911503,0
assertj-core,16255,0,0.09581989049911503,0
assertj-core,14343,0,0.09581989049911503,0
assertj-core,14470,0,0.09581989049911503,0
assertj-core,11553,0,0.09581989049911503,0
assertj-core,15072,0,0.09581989049911503,0
assertj-core,16437,0,0.09581989049911503,0
assertj-core,11226,0,0.09581989049911503,0
assertj-core,11370,0,0.09581989049911503,0
assertj-core,12032,0,0.09581989049911503,0
assertj-core,15321,0,0.09581989049911503,0
assertj-core,13861,0,0.09581989049911503,0
assertj-core,14163,0,0.09581989049911503,0
assertj-core,16522,0,0.09581989049911503,0
assertj-core,12548,0,0.09581989049911503,0
assertj-core,13475,0,0.09581989049911503,0
assertj-core,14650,0,0.09581989049911503,0
assertj-core,17116,0,0.09581989049911503,0
assertj-core,17291,0,0.09581989049911503,0
assertj-core,16790,0,0.09581989049911503,0
assertj-core,12360,0,0.09581989049911503,0
assertj-core,12651,0,0.09581989049911503,0
assertj-core,12187,0,0.09581989049911503,0
assertj-core,13130,0,0.09581989049911503,0
assertj-core,14161,0,0.09581989049911503,0
assertj-core,15177,0,0.09581989049911503,0
assertj-core,12778,0,0.09581989049911503,0
assertj-core,14027,0,0.09581989049911503,0
assertj-core,13198,0,0.09581989049911503,0
assertj-core,15313,0,0.09581989049911503,0
assertj-core,15606,0,0.09581989049911503,0
assertj-core,16152,0,0.09581989049911503,0
assertj-core,15180,0,0.09581989049911503,0
assertj-core,17174,0,0.09581989049911503,0
assertj-core,15322,0,0.09581989049911503,0
assertj-core,11853,0,0.09581989049911503,0
assertj-core,11139,0,0.09581989049911503,0
assertj-core,13678,0,0.09581989049911503,0
assertj-core,14440,0,0.09581989049911503,0
assertj-core,16194,0,0.09581989049911503,0
assertj-core,13766,0,0.09581989049911503,0
assertj-core,13441,0,0.09581989049911503,0
assertj-core,15918,0,0.09581989049911503,0
assertj-core,16017,0,0.09581989049911503,0
assertj-core,13329,0,0.09581989049911503,0
assertj-core,16954,0,0.09581989049911503,0
assertj-core,12832,0,0.09581989049911503,0
assertj-core,14549,0,0.09581989049911503,0
assertj-core,15078,0,0.09581989049911503,0
assertj-core,16253,0,0.09581989049911503,0
assertj-core,15826,0,0.09581989049911503,0
assertj-core,13593,0,0.09581989049911503,0
assertj-core,16915,0,0.09581989049911503,0
assertj-core,11165,0,0.09581989049911503,0
assertj-core,16530,0,0.09581989049911503,0
assertj-core,12078,0,0.09581989049911503,0
assertj-core,13938,0,0.09581989049911503,0
assertj-core,13162,0,0.09581989049911503,0
assertj-core,14382,0,0.09581989049911503,0
assertj-core,12561,0,0.09581989049911503,0
assertj-core,13391,0,0.09581989049911503,0
assertj-core,15730,0,0.09581989049911503,0
assertj-core,12393,0,0.09581989049911503,0
assertj-core,13660,0,0.09581989049911503,0
assertj-core,15356,0,0.09581989049911503,0
assertj-core,11476,0,0.09581989049911503,0
assertj-core,13879,0,0.09581989049911503,0
assertj-core,12556,0,0.09581989049911503,0
assertj-core,11154,0,0.09581989049911503,0
assertj-core,15392,0,0.09581989049911503,0
assertj-core,16776,0,0.09581989049911503,0
assertj-core,16533,0,0.09581989049911503,0
assertj-core,14464,0,0.09581989049911503,0
assertj-core,13344,0,0.09581989049911503,0
assertj-core,11950,0,0.09581989049911503,0
assertj-core,12899,0,0.09581989049911503,0
assertj-core,15459,0,0.09581989049911503,0
assertj-core,15971,0,0.09581989049911503,0
assertj-core,16257,0,0.09581989049911503,0
assertj-core,14088,0,0.09581989049911503,0
assertj-core,13565,0,0.09581989049911503,0
assertj-core,13159,0,0.09581989049911503,0
assertj-core,12317,0,0.09581989049911503,0
assertj-core,16182,0,0.09581989049911503,0
assertj-core,13812,0,0.09581989049911503,0
assertj-core,11257,0,0.09581989049911503,0
assertj-core,15014,0,0.09581989049911503,0
assertj-core,15513,0,0.09581989049911503,0
assertj-core,16336,0,0.09581989049911503,0
assertj-core,17208,0,0.09581989049911503,0
assertj-core,14262,0,0.09581989049911503,0
assertj-core,15893,0,0.09581989049911503,0
assertj-core,13375,0,0.09581989049911503,0
assertj-core,15105,0,0.09581989049911503,0
assertj-core,12682,0,0.09581989049911503,0
assertj-core,13595,0,0.09581989049911503,0
assertj-core,14047,0,0.09581989049911503,0
assertj-core,13234,0,0.09581989049911503,0
assertj-core,13111,0,0.09581989049911503,0
assertj-core,13758,0,0.09581989049911503,0
assertj-core,12247,0,0.09581989049911503,0
assertj-core,12739,0,0.09581989049911503,0
assertj-core,13288,0,0.09581989049911503,0
assertj-core,14751,0,0.09581989049911503,0
assertj-core,16129,0,0.09581989049911503,0
assertj-core,16293,0,0.09581989049911503,0
assertj-core,12944,0,0.09581989049911503,0
assertj-core,15671,0,0.09581989049911503,0
assertj-core,14568,0,0.09581989049911503,0
assertj-core,16582,0,0.09581989049911503,0
assertj-core,14283,0,0.09581989049911503,0
assertj-core,12039,0,0.09581989049911503,0
assertj-core,16768,0,0.09581989049911503,0
assertj-core,12254,0,0.09581989049911503,0
assertj-core,15556,0,0.09581989049911503,0
assertj-core,13542,0,0.09581989049911503,0
assertj-core,17074,0,0.09581989049911503,0
assertj-core,17176,0,0.09581989049911503,0
assertj-core,13529,0,0.09581989049911503,0
assertj-core,12568,0,0.09581989049911503,0
assertj-core,15368,0,0.09581989049911503,0
assertj-core,12158,0,0.09581989049911503,0
assertj-core,14817,0,0.09581989049911503,0
assertj-core,15250,0,0.09581989049911503,0
assertj-core,16493,0,0.09581989049911503,0
assertj-core,12718,0,0.09581989049911503,0
assertj-core,14080,0,0.09581989049911503,0
assertj-core,16223,0,0.09581989049911503,0
assertj-core,13744,0,0.09581989049911503,0
assertj-core,12631,0,0.09581989049911503,0
assertj-core,14079,0,0.09581989049911503,0
assertj-core,15955,0,0.09581989049911503,0
assertj-core,17000,0,0.09581989049911503,0
assertj-core,17300,0,0.09581989049911503,0
assertj-core,12574,0,0.09581989049911503,0
assertj-core,14847,0,0.09581989049911503,0
assertj-core,11163,0,0.09581989049911503,0
assertj-core,11251,0,0.09581989049911503,0
assertj-core,15545,0,0.09581989049911503,0
assertj-core,13514,0,0.09581989049911503,0
assertj-core,16698,0,0.09581989049911503,0
assertj-core,11428,0,0.09581989049911503,0
assertj-core,11189,0,0.09581989049911503,0
assertj-core,13002,0,0.09581989049911503,0
assertj-core,14601,0,0.09581989049911503,0
assertj-core,16995,0,0.09581989049911503,0
assertj-core,15186,0,0.09581989049911503,0
assertj-core,11767,0,0.09581989049911503,0
assertj-core,11539,0,0.09581989049911503,0
assertj-core,12283,0,0.09581989049911503,0
assertj-core,13252,0,0.09581989049911503,0
assertj-core,11548,0,0.09581989049911503,0
assertj-core,16275,0,0.09581989049911503,0
assertj-core,13987,0,0.09581989049911503,0
assertj-core,15670,0,0.09581989049911503,0
assertj-core,16914,0,0.09581989049911503,0
assertj-core,14849,0,0.09581989049911503,0
assertj-core,16760,0,0.09581989049911503,0
assertj-core,15781,0,0.09581989049911503,0
assertj-core,15453,0,0.09581989049911503,0
assertj-core,16411,0,0.09581989049911503,0
assertj-core,15355,0,0.09581989049911503,0
assertj-core,16672,0,0.09581989049911503,0
assertj-core,14276,0,0.09581989049911503,0
assertj-core,13414,0,0.09581989049911503,0
assertj-core,15994,0,0.09581989049911503,0
assertj-core,15593,0,0.09581989049911503,0
assertj-core,12502,0,0.09581989049911503,0
assertj-core,16485,0,0.09581989049911503,0
assertj-core,14509,0,0.09581989049911503,0
assertj-core,12854,0,0.09581989049911503,0
assertj-core,14944,0,0.09581989049911503,0
assertj-core,15939,0,0.09581989049911503,0
assertj-core,15131,0,0.09581989049911503,0
assertj-core,14419,0,0.09581989049911503,0
assertj-core,11511,0,0.09581989049911503,0
assertj-core,14032,0,0.09581989049911503,0
assertj-core,13787,0,0.09581989049911503,0
assertj-core,13905,0,0.09581989049911503,0
assertj-core,14371,0,0.09581989049911503,0
assertj-core,11297,0,0.09581989049911503,0
assertj-core,12982,0,0.09581989049911503,0
assertj-core,16430,0,0.09581989049911503,0
assertj-core,11236,0,0.09581989049911503,0
assertj-core,13753,0,0.09581989049911503,0
assertj-core,14197,0,0.09581989049911503,0
assertj-core,13822,0,0.09581989049911503,0
assertj-core,14600,0,0.09581989049911503,0
assertj-core,12065,0,0.09581989049911503,0
assertj-core,12860,0,0.09581989049911503,0
assertj-core,16147,0,0.09581989049911503,0
assertj-core,16780,0,0.09581989049911503,0
assertj-core,16646,0,0.09581989049911503,0
assertj-core,16026,0,0.09581989049911503,0
assertj-core,11420,0,0.09581989049911503,0
assertj-core,12412,0,0.09581989049911503,0
assertj-core,11999,0,0.09581989049911503,0
assertj-core,11380,0,0.09581989049911503,0
assertj-core,15226,0,0.09581989049911503,0
assertj-core,13559,0,0.09581989049911503,0
assertj-core,11907,0,0.09581989049911503,0
assertj-core,15832,0,0.09581989049911503,0
assertj-core,14767,0,0.09581989049911503,0
assertj-core,11906,0,0.09581989049911503,0
assertj-core,12331,0,0.09581989049911503,0
assertj-core,13478,0,0.09581989049911503,0
assertj-core,13462,0,0.09581989049911503,0
assertj-core,13301,0,0.09581989049911503,0
assertj-core,12658,0,0.09581989049911503,0
assertj-core,16812,0,0.09581989049911503,0
assertj-core,11269,0,0.09581989049911503,0
assertj-core,11480,0,0.09581989049911503,0
assertj-core,12433,0,0.09581989049911503,0
assertj-core,14198,0,0.09581989049911503,0
assertj-core,16040,0,0.09581989049911503,0
assertj-core,13340,0,0.09581989049911503,0
assertj-core,13135,0,0.09581989049911503,0
assertj-core,14278,0,0.09581989049911503,0
assertj-core,15363,0,0.09581989049911503,0
assertj-core,14498,0,0.09581989049911503,0
assertj-core,11576,0,0.09581989049911503,0
assertj-core,14260,0,0.09581989049911503,0
assertj-core,14518,0,0.09581989049911503,0
assertj-core,17247,0,0.09581989049911503,0
assertj-core,14532,0,0.09581989049911503,0
assertj-core,14703,0,0.09581989049911503,0
assertj-core,12175,0,0.09581989049911503,0
assertj-core,13170,0,0.09581989049911503,0
assertj-core,15109,0,0.09581989049911503,0
assertj-core,14175,0,0.09581989049911503,0
assertj-core,14272,0,0.09581989049911503,0
assertj-core,13681,0,0.09581989049911503,0
assertj-core,13438,0,0.09581989049911503,0
assertj-core,14352,0,0.09581989049911503,0
assertj-core,12864,0,0.09581989049911503,0
assertj-core,16791,0,0.09581989049911503,0
assertj-core,12772,0,0.09581989049911503,0
assertj-core,17100,0,0.09581989049911503,0
assertj-core,12181,0,0.09581989049911503,0
assertj-core,13496,0,0.09581989049911503,0
assertj-core,13601,0,0.09581989049911503,0
assertj-core,11864,0,0.09581989049911503,0
assertj-core,12277,0,0.09581989049911503,0
assertj-core,16627,0,0.09581989049911503,0
assertj-core,11360,0,0.09581989049911503,0
assertj-core,13719,0,0.09581989049911503,0
assertj-core,11542,0,0.09581989049911503,0
assertj-core,15675,0,0.09581989049911503,0
assertj-core,13632,0,0.09581989049911503,0
assertj-core,16830,0,0.09581989049911503,0
assertj-core,15940,0,0.09581989049911503,0
assertj-core,16091,0,0.09581989049911503,0
assertj-core,15051,0,0.09581989049911503,0
assertj-core,16739,0,0.09581989049911503,0
assertj-core,13125,0,0.09581989049911503,0
assertj-core,16863,0,0.09581989049911503,0
assertj-core,13145,0,0.09581989049911503,0
assertj-core,11367,0,0.09581989049911503,0
assertj-core,15775,0,0.09581989049911503,0
assertj-core,16292,0,0.09581989049911503,0
assertj-core,11500,0,0.09581989049911503,0
assertj-core,15966,0,0.09581989049911503,0
assertj-core,12142,0,0.09581989049911503,0
assertj-core,16782,0,0.09581989049911503,0
assertj-core,12312,0,0.09581989049911503,0
assertj-core,14102,0,0.09581989049911503,0
assertj-core,17341,0,0.09581989049911503,0
assertj-core,11383,0,0.09581989049911503,0
assertj-core,13532,0,0.09581989049911503,0
assertj-core,14004,0,0.09581989049911503,0
assertj-core,12228,0,0.09581989049911503,0
assertj-core,12838,0,0.09581989049911503,0
assertj-core,14835,0,0.09581989049911503,0
assertj-core,13245,0,0.09581989049911503,0
assertj-core,11788,0,0.09581989049911503,0
assertj-core,14842,0,0.09581989049911503,0
assertj-core,12865,0,0.09581989049911503,0
assertj-core,12385,0,0.09581989049911503,0
assertj-core,15094,0,0.09581989049911503,0
assertj-core,13095,0,0.09581989049911503,0
assertj-core,13081,0,0.09581989049911503,0
assertj-core,14158,0,0.09581989049911503,0
assertj-core,13944,0,0.09581989049911503,0
assertj-core,14588,0,0.09581989049911503,0
assertj-core,16843,0,0.09581989049911503,0
assertj-core,11804,0,0.09581989049911503,0
assertj-core,11240,0,0.09581989049911503,0
assertj-core,12701,0,0.09581989049911503,0
assertj-core,17105,0,0.09581989049911503,0
assertj-core,15756,0,0.09581989049911503,0
assertj-core,12667,0,0.09581989049911503,0
assertj-core,11676,0,0.09581989049911503,0
assertj-core,12098,0,0.09581989049911503,0
assertj-core,17309,0,0.09581989049911503,0
assertj-core,16523,0,0.09581989049911503,0
assertj-core,12913,0,0.09581989049911503,0
assertj-core,16496,0,0.09581989049911503,0
assertj-core,12479,0,0.09581989049911503,0
assertj-core,11817,0,0.09581989049911503,0
assertj-core,17227,0,0.09581989049911503,0
assertj-core,13075,0,0.09581989049911503,0
assertj-core,12457,0,0.09581989049911503,0
assertj-core,13479,0,0.09581989049911503,0
assertj-core,15411,0,0.09581989049911503,0
assertj-core,11172,0,0.09581989049911503,0
assertj-core,14118,0,0.09581989049911503,0
assertj-core,15200,0,0.09581989049911503,0
assertj-core,16230,0,0.09581989049911503,0
assertj-core,12708,0,0.09581989049911503,0
assertj-core,15825,0,0.09581989049911503,0
assertj-core,12879,0,0.09581989049911503,0
assertj-core,14694,0,0.09581989049911503,0
assertj-core,15457,0,0.09581989049911503,0
assertj-core,16085,0,0.09581989049911503,0
assertj-core,15852,0,0.09581989049911503,0
assertj-core,13058,0,0.09581989049911503,0
assertj-core,16130,0,0.09581989049911503,0
assertj-core,16824,0,0.09581989049911503,0
assertj-core,12028,0,0.09581989049911503,0
assertj-core,11748,0,0.09581989049911503,0
assertj-core,15041,0,0.09581989049911503,0
assertj-core,13180,0,0.09581989049911503,0
assertj-core,12669,0,0.09581989049911503,0
assertj-core,15824,0,0.09581989049911503,0
assertj-core,13256,0,0.09581989049911503,0
assertj-core,12836,0,0.09581989049911503,0
assertj-core,13382,0,0.09581989049911503,0
assertj-core,16702,0,0.09581989049911503,0
assertj-core,13976,0,0.09581989049911503,0
assertj-core,11369,0,0.09581989049911503,0
assertj-core,17327,0,0.09581989049911503,0
assertj-core,16535,0,0.09581989049911503,0
assertj-core,14887,0,0.09581989049911503,0
assertj-core,13222,0,0.09581989049911503,0
assertj-core,15578,0,0.09581989049911503,0
assertj-core,15814,0,0.09581989049911503,0
assertj-core,11245,0,0.09581989049911503,0
assertj-core,13874,0,0.09581989049911503,0
assertj-core,13828,0,0.09581989049911503,0
assertj-core,17103,0,0.09581989049911503,0
assertj-core,13731,0,0.09581989049911503,0
assertj-core,14726,0,0.09581989049911503,0
assertj-core,13458,0,0.09581989049911503,0
assertj-core,16762,0,0.09581989049911503,0
assertj-core,15978,0,0.09581989049911503,0
assertj-core,17391,0,0.09581989049911503,0
assertj-core,13811,0,0.09581989049911503,0
assertj-core,11673,0,0.09581989049911503,0
assertj-core,11345,0,0.09581989049911503,0
assertj-core,14023,0,0.09581989049911503,0
assertj-core,11558,0,0.09581989049911503,0
assertj-core,15595,0,0.09581989049911503,0
assertj-core,15238,0,0.09581989049911503,0
assertj-core,14243,0,0.09581989049911503,0
assertj-core,11980,0,0.09581989049911503,0
assertj-core,17075,0,0.09581989049911503,0
assertj-core,12172,0,0.09581989049911503,0
assertj-core,16233,0,0.09581989049911503,0
assertj-core,12052,0,0.09581989049911503,0
assertj-core,13603,0,0.09581989049911503,0
assertj-core,13463,0,0.09581989049911503,0
assertj-core,12603,0,0.09581989049911503,0
assertj-core,14814,0,0.09581989049911503,0
assertj-core,15769,0,0.09581989049911503,0
assertj-core,14586,0,0.09581989049911503,0
assertj-core,15202,0,0.09581989049911503,0
assertj-core,16984,0,0.09581989049911503,0
assertj-core,15877,0,0.09581989049911503,0
assertj-core,17204,0,0.09581989049911503,0
assertj-core,15674,0,0.09581989049911503,0
assertj-core,11947,0,0.09581989049911503,0
assertj-core,11567,0,0.09581989049911503,0
assertj-core,17134,0,0.09581989049911503,0
assertj-core,16886,0,0.09581989049911503,0
assertj-core,11596,0,0.09581989049911503,0
assertj-core,13050,0,0.09581989049911503,0
assertj-core,15844,0,0.09581989049911503,0
assertj-core,14042,0,0.09581989049911503,0
assertj-core,12042,0,0.09581989049911503,0
assertj-core,11814,0,0.09581989049911503,0
assertj-core,13369,0,0.09581989049911503,0
assertj-core,16985,0,0.09581989049911503,0
assertj-core,13515,0,0.09581989049911503,0
assertj-core,15157,0,0.09581989049911503,0
assertj-core,16476,0,0.09581989049911503,0
assertj-core,14794,0,0.09581989049911503,0
assertj-core,17237,0,0.09581989049911503,0
assertj-core,13598,0,0.09581989049911503,0
assertj-core,14734,0,0.09581989049911503,0
assertj-core,15735,0,0.09581989049911503,0
assertj-core,14557,0,0.09581989049911503,0
assertj-core,16386,0,0.09581989049911503,0
assertj-core,17325,0,0.09581989049911503,0
assertj-core,12754,0,0.09581989049911503,0
assertj-core,13536,0,0.09581989049911503,0
assertj-core,12751,0,0.09581989049911503,0
assertj-core,14687,0,0.09581989049911503,0
assertj-core,15967,0,0.09581989049911503,0
assertj-core,15092,0,0.09581989049911503,0
assertj-core,16387,0,0.09581989049911503,0
assertj-core,13078,0,0.09581989049911503,0
assertj-core,14024,0,0.09581989049911503,0
assertj-core,11368,0,0.09581989049911503,0
assertj-core,13187,0,0.09581989049911503,0
assertj-core,13856,0,0.09581989049911503,0
assertj-core,16048,0,0.09581989049911503,0
assertj-core,12729,0,0.09581989049911503,0
assertj-core,12562,0,0.09581989049911503,0
assertj-core,12630,0,0.09581989049911503,0
assertj-core,14415,0,0.09581989049911503,0
assertj-core,12692,0,0.09581989049911503,0
assertj-core,11942,0,0.09581989049911503,0
assertj-core,11262,0,0.09581989049911503,0
assertj-core,14071,0,0.09581989049911503,0
assertj-core,11456,0,0.09581989049911503,0
assertj-core,11319,0,0.09581989049911503,0
assertj-core,13893,0,0.09581989049911503,0
assertj-core,11848,0,0.09581989049911503,0
assertj-core,16140,0,0.09581989049911503,0
assertj-core,11536,0,0.09581989049911503,0
assertj-core,11530,0,0.09581989049911503,0
assertj-core,13028,0,0.09581989049911503,0
assertj-core,11522,0,0.09581989049911503,0
assertj-core,16514,0,0.09581989049911503,0
assertj-core,16583,0,0.09581989049911503,0
assertj-core,16218,0,0.09581989049911503,0
assertj-core,16399,0,0.09581989049911503,0
assertj-core,11685,0,0.09581989049911503,0
assertj-core,14423,0,0.09581989049911503,0
assertj-core,16648,0,0.09581989049911503,0
assertj-core,14868,0,0.09581989049911503,0
assertj-core,13672,0,0.09581989049911503,0
assertj-core,16848,0,0.09581989049911503,0
assertj-core,14204,0,0.09581989049911503,0
assertj-core,15725,0,0.09581989049911503,0
assertj-core,11311,0,0.09581989049911503,0
assertj-core,14986,0,0.09581989049911503,0
assertj-core,12791,0,0.09581989049911503,0
assertj-core,14154,0,0.09581989049911503,0
assertj-core,13121,0,0.09581989049911503,0
assertj-core,15389,0,0.09581989049911503,0
assertj-core,11224,0,0.09581989049911503,0
assertj-core,11731,0,0.09581989049911503,0
assertj-core,14790,0,0.09581989049911503,0
assertj-core,12232,0,0.09581989049911503,0
assertj-core,14159,0,0.09581989049911503,0
assertj-core,11518,0,0.09581989049911503,0
assertj-core,16641,0,0.09581989049911503,0
assertj-core,11355,0,0.09581989049911503,0
assertj-core,16197,0,0.09581989049911503,0
assertj-core,11423,0,0.09581989049911503,0
assertj-core,11353,0,0.09581989049911503,0
assertj-core,12058,0,0.09581989049911503,0
assertj-core,15631,0,0.09581989049911503,0
assertj-core,15161,0,0.09581989049911503,0
assertj-core,13311,0,0.09581989049911503,0
assertj-core,12053,0,0.09581989049911503,0
assertj-core,12538,0,0.09581989049911503,0
assertj-core,13661,0,0.09581989049911503,0
assertj-core,17196,0,0.09581989049911503,0
assertj-core,16170,0,0.09581989049911503,0
assertj-core,16558,0,0.09581989049911503,0
assertj-core,12099,0,0.09581989049911503,0
assertj-core,11157,0,0.09581989049911503,0
assertj-core,13000,0,0.09581989049911503,0
assertj-core,13189,0,0.09581989049911503,0
assertj-core,12621,0,0.09581989049911503,0
assertj-core,14469,0,0.09581989049911503,0
assertj-core,15155,0,0.09581989049911503,0
assertj-core,16798,0,0.09581989049911503,0
assertj-core,13806,0,0.09581989049911503,0
assertj-core,12074,0,0.09581989049911503,0
assertj-core,13770,0,0.09581989049911503,0
assertj-core,13857,0,0.09581989049911503,0
assertj-core,15357,0,0.09581989049911503,0
assertj-core,15112,0,0.09581989049911503,0
assertj-core,15190,0,0.09581989049911503,0
assertj-core,14379,0,0.09581989049911503,0
assertj-core,13092,0,0.09581989049911503,0
assertj-core,14157,0,0.09581989049911503,0
assertj-core,15013,0,0.09581989049911503,0
assertj-core,13454,0,0.09581989049911503,0
assertj-core,11745,0,0.09581989049911503,0
assertj-core,11459,0,0.09581989049911503,0
assertj-core,13279,0,0.09581989049911503,0
assertj-core,11577,0,0.09581989049911503,0
assertj-core,12941,0,0.09581989049911503,0
assertj-core,12365,0,0.09581989049911503,0
assertj-core,16087,0,0.09581989049911503,0
assertj-core,13215,0,0.09581989049911503,0
assertj-core,16703,0,0.09581989049911503,0
assertj-core,14691,0,0.09581989049911503,0
assertj-core,14757,0,0.09581989049911503,0
assertj-core,13217,0,0.09581989049911503,0
assertj-core,12959,0,0.09581989049911503,0
assertj-core,17213,0,0.09581989049911503,0
assertj-core,16465,0,0.09581989049911503,0
assertj-core,13057,0,0.09581989049911503,0
assertj-core,11578,0,0.09581989049911503,0
assertj-core,14957,0,0.09581989049911503,0
assertj-core,16285,0,0.09581989049911503,0
assertj-core,12723,0,0.09581989049911503,0
assertj-core,15101,0,0.09581989049911503,0
assertj-core,11135,0,0.09581989049911503,0
assertj-core,13347,0,0.09581989049911503,0
assertj-core,12005,0,0.09581989049911503,0
assertj-core,11628,0,0.09581989049911503,0
assertj-core,11931,0,0.09581989049911503,0
assertj-core,12386,0,0.09581989049911503,0
assertj-core,13126,0,0.09581989049911503,0
assertj-core,12643,0,0.09581989049911503,0
assertj-core,14103,0,0.09581989049911503,0
assertj-core,16579,0,0.09581989049911503,0
assertj-core,15499,0,0.09581989049911503,0
assertj-core,12994,0,0.09581989049911503,0
assertj-core,11225,0,0.09581989049911503,0
assertj-core,16052,0,0.09581989049911503,0
assertj-core,13042,0,0.09581989049911503,0
assertj-core,17375,0,0.09581989049911503,0
assertj-core,14947,0,0.09581989049911503,0
assertj-core,17083,0,0.09581989049911503,0
assertj-core,16713,0,0.09581989049911503,0
assertj-core,16203,0,0.09581989049911503,0
assertj-core,11556,0,0.09581989049911503,0
assertj-core,15850,0,0.09581989049911503,0
assertj-core,13278,0,0.09581989049911503,0
assertj-core,17086,0,0.09581989049911503,0
assertj-core,14675,0,0.09581989049911503,0
assertj-core,12777,0,0.09581989049911503,0
assertj-core,12974,0,0.09581989049911503,0
assertj-core,14712,0,0.09581989049911503,0
assertj-core,12464,0,0.09581989049911503,0
assertj-core,12021,0,0.09581989049911503,0
assertj-core,13398,0,0.09581989049911503,0
assertj-core,13376,0,0.09581989049911503,0
assertj-core,15021,0,0.09581989049911503,0
assertj-core,11601,0,0.09581989049911503,0
assertj-core,13122,0,0.09581989049911503,0
assertj-core,13048,0,0.09581989049911503,0
assertj-core,11393,0,0.09581989049911503,0
assertj-core,17132,0,0.09581989049911503,0
assertj-core,17142,0,0.09581989049911503,0
assertj-core,14685,0,0.09581989049911503,0
assertj-core,12030,0,0.09581989049911503,0
assertj-core,13763,0,0.09581989049911503,0
assertj-core,13358,0,0.09581989049911503,0
assertj-core,11424,0,0.09581989049911503,0
assertj-core,13556,0,0.09581989049911503,0
assertj-core,11719,0,0.09581989049911503,0
assertj-core,17354,0,0.09581989049911503,0
assertj-core,17349,0,0.09581989049911503,0
assertj-core,16326,0,0.09581989049911503,0
assertj-core,13902,0,0.09581989049911503,0
assertj-core,12163,0,0.09581989049911503,0
assertj-core,12648,0,0.09581989049911503,0
assertj-core,13570,0,0.09581989049911503,0
assertj-core,15490,0,0.09581989049911503,0
assertj-core,15944,0,0.09581989049911503,0
assertj-core,14066,0,0.09581989049911503,0
assertj-core,14290,0,0.09581989049911503,0
assertj-core,17286,0,0.09581989049911503,0
assertj-core,15787,0,0.09581989049911503,0
assertj-core,11952,0,0.09581989049911503,0
assertj-core,13299,0,0.09581989049911503,0
assertj-core,12698,0,0.09581989049911503,0
assertj-core,12952,0,0.09581989049911503,0
assertj-core,11665,0,0.09581989049911503,0
assertj-core,13011,0,0.09581989049911503,0
assertj-core,11537,0,0.09581989049911503,0
assertj-core,12316,0,0.09581989049911503,0
assertj-core,16894,0,0.09581989049911503,0
assertj-core,16755,0,0.09581989049911503,0
assertj-core,14295,0,0.09581989049911503,0
assertj-core,14908,0,0.09581989049911503,0
assertj-core,16453,0,0.09581989049911503,0
assertj-core,13899,0,0.09581989049911503,0
assertj-core,17038,0,0.09581989049911503,0
assertj-core,16761,0,0.09581989049911503,0
assertj-core,13582,0,0.09581989049911503,0
assertj-core,16840,0,0.09581989049911503,0
assertj-core,12018,0,0.09581989049911503,0
assertj-core,14810,0,0.09581989049911503,0
assertj-core,11285,0,0.09581989049911503,0
assertj-core,13452,0,0.09581989049911503,0
assertj-core,14439,0,0.09581989049911503,0
assertj-core,16377,0,0.09581989049911503,0
assertj-core,12057,0,0.09581989049911503,0
assertj-core,17347,0,0.09581989049911503,0
assertj-core,16831,0,0.09581989049911503,0
assertj-core,15344,0,0.09581989049911503,0
assertj-core,17183,0,0.09581989049911503,0
assertj-core,12355,0,0.09581989049911503,0
assertj-core,14008,0,0.09581989049911503,0
assertj-core,11213,0,0.09581989049911503,0
assertj-core,12043,0,0.09581989049911503,0
assertj-core,13007,0,0.09581989049911503,0
assertj-core,13915,0,0.09581989049911503,0
assertj-core,13305,0,0.09581989049911503,0
assertj-core,15765,0,0.09581989049911503,0
assertj-core,14784,0,0.09581989049911503,0
assertj-core,14816,0,0.09581989049911503,0
assertj-core,16938,0,0.09581989049911503,0
assertj-core,11742,0,0.09581989049911503,0
assertj-core,17198,0,0.09581989049911503,0
assertj-core,15637,0,0.09581989049911503,0
assertj-core,12675,0,0.09581989049911503,0
assertj-core,15279,0,0.09581989049911503,0
assertj-core,14001,0,0.09581989049911503,0
assertj-core,11377,0,0.09581989049911503,0
assertj-core,16491,0,0.09581989049911503,0
assertj-core,17231,0,0.09581989049911503,0
assertj-core,12855,0,0.09581989049911503,0
assertj-core,16547,0,0.09581989049911503,0
assertj-core,14647,0,0.09581989049911503,0
assertj-core,13800,0,0.09581989049911503,0
assertj-core,15342,0,0.09581989049911503,0
assertj-core,16802,0,0.09581989049911503,0
assertj-core,16302,0,0.09581989049911503,0
assertj-core,16428,0,0.09581989049911503,0
assertj-core,12261,0,0.09581989049911503,0
assertj-core,12726,0,0.09581989049911503,0
assertj-core,13113,0,0.09581989049911503,0
assertj-core,15039,0,0.09581989049911503,0
assertj-core,16361,0,0.09581989049911503,0
assertj-core,11437,0,0.09581989049911503,0
assertj-core,15861,0,0.09581989049911503,0
assertj-core,14468,0,0.09581989049911503,0
assertj-core,15957,0,0.09581989049911503,0
assertj-core,11614,0,0.09581989049911503,0
assertj-core,14229,0,0.09581989049911503,0
assertj-core,16746,0,0.09581989049911503,0
assertj-core,11684,0,0.09581989049911503,0
assertj-core,13564,0,0.09581989049911503,0
assertj-core,15158,0,0.09581989049911503,0
assertj-core,11650,0,0.09581989049911503,0
assertj-core,17131,0,0.09581989049911503,0
assertj-core,11855,0,0.09581989049911503,0
assertj-core,14752,0,0.09581989049911503,0
assertj-core,16608,0,0.09581989049911503,0
assertj-core,15811,0,0.09581989049911503,0
assertj-core,14508,0,0.09581989049911503,0
assertj-core,13804,0,0.09581989049911503,0
assertj-core,15118,0,0.09581989049911503,0
assertj-core,12050,0,0.09581989049911503,0
assertj-core,12243,0,0.09581989049911503,0
assertj-core,14512,0,0.09581989049911503,0
assertj-core,11219,0,0.09581989049911503,0
assertj-core,11723,0,0.09581989049911503,0
assertj-core,15713,0,0.09581989049911503,0
assertj-core,16499,0,0.09581989049911503,0
assertj-core,16820,0,0.09581989049911503,0
assertj-core,13343,0,0.09581989049911503,0
assertj-core,15917,0,0.09581989049911503,0
assertj-core,15554,0,0.09581989049911503,0
assertj-core,15124,0,0.09581989049911503,0
assertj-core,14707,0,0.09581989049911503,0
assertj-core,13741,0,0.09581989049911503,0
assertj-core,16073,0,0.09581989049911503,0
assertj-core,13341,0,0.09581989049911503,0
assertj-core,15027,0,0.09581989049911503,0
assertj-core,14786,0,0.09581989049911503,0
assertj-core,12415,0,0.09581989049911503,0
assertj-core,13482,0,0.09581989049911503,0
assertj-core,11718,0,0.09581989049911503,0
assertj-core,12354,0,0.09581989049911503,0
assertj-core,11492,0,0.09581989049911503,0
assertj-core,15665,0,0.09581989049911503,0
assertj-core,17287,0,0.09581989049911503,0
assertj-core,14969,0,0.09581989049911503,0
assertj-core,13230,0,0.09581989049911503,0
assertj-core,13295,0,0.09581989049911503,0
assertj-core,13474,0,0.09581989049911503,0
assertj-core,17377,0,0.09581989049911503,0
assertj-core,13684,0,0.09581989049911503,0
assertj-core,14662,0,0.09581989049911503,0
assertj-core,14225,0,0.09581989049911503,0
assertj-core,12346,0,0.09581989049911503,0
assertj-core,12735,0,0.09581989049911503,0
assertj-core,16166,0,0.09581989049911503,0
assertj-core,12117,0,0.09581989049911503,0
assertj-core,12423,0,0.09581989049911503,0
assertj-core,13534,0,0.09581989049911503,0
assertj-core,11326,0,0.09581989049911503,0
assertj-core,14459,0,0.09581989049911503,0
assertj-core,13320,0,0.09581989049911503,0
assertj-core,14085,0,0.09581989049911503,0
assertj-core,15577,0,0.09581989049911503,0
assertj-core,15988,0,0.09581989049911503,0
assertj-core,14331,0,0.09581989049911503,0
assertj-core,14926,0,0.09581989049911503,0
assertj-core,16867,0,0.09581989049911503,0
assertj-core,14575,0,0.09581989049911503,0
assertj-core,15607,0,0.09581989049911503,0
assertj-core,16944,0,0.09581989049911503,0
assertj-core,11338,0,0.09581989049911503,0
assertj-core,14624,0,0.09581989049911503,0
assertj-core,16175,0,0.09581989049911503,0
assertj-core,16136,0,0.09581989049911503,0
assertj-core,17190,0,0.09581989049911503,0
assertj-core,14011,0,0.09581989049911503,0
assertj-core,14836,0,0.09581989049911503,0
assertj-core,15645,0,0.09581989049911503,0
assertj-core,14834,0,0.09581989049911503,0
assertj-core,16467,0,0.09581989049911503,0
assertj-core,14209,0,0.09581989049911503,0
assertj-core,16375,0,0.09581989049911503,0
assertj-core,15541,0,0.09581989049911503,0
assertj-core,15489,0,0.09581989049911503,0
assertj-core,15693,0,0.09581989049911503,0
assertj-core,15958,0,0.09581989049911503,0
assertj-core,17297,0,0.09581989049911503,0
assertj-core,11362,0,0.09581989049911503,0
assertj-core,13265,0,0.09581989049911503,0
assertj-core,12853,0,0.09581989049911503,0
assertj-core,12079,0,0.09581989049911503,0
assertj-core,14797,0,0.09581989049911503,0
assertj-core,11175,0,0.09581989049911503,0
assertj-core,14427,0,0.09581989049911503,0
assertj-core,16058,0,0.09581989049911503,0
assertj-core,14773,0,0.09581989049911503,0
assertj-core,16634,0,0.09581989049911503,0
assertj-core,15687,0,0.09581989049911503,0
assertj-core,12407,0,0.09581989049911503,0
assertj-core,11905,0,0.09581989049911503,0
assertj-core,14375,0,0.09581989049911503,0
assertj-core,11206,0,0.09581989049911503,0
assertj-core,12597,0,0.09581989049911503,0
assertj-core,15365,0,0.09581989049911503,0
assertj-core,14302,0,0.09581989049911503,0
assertj-core,14494,0,0.09581989049911503,0
assertj-core,14543,0,0.09581989049911503,0
assertj-core,11413,0,0.09581989049911503,0
assertj-core,13757,0,0.09581989049911503,0
assertj-core,15970,0,0.09581989049911503,0
assertj-core,15183,0,0.09581989049911503,0
assertj-core,17045,0,0.09581989049911503,0
assertj-core,15447,0,0.09581989049911503,0
assertj-core,13243,0,0.09581989049911503,0
assertj-core,11268,0,0.09581989049911503,0
assertj-core,16247,0,0.09581989049911503,0
assertj-core,13331,0,0.09581989049911503,0
assertj-core,15859,0,0.09581989049911503,0
assertj-core,16385,0,0.09581989049911503,0
assertj-core,12744,0,0.09581989049911503,0
assertj-core,14863,0,0.09581989049911503,0
assertj-core,13258,0,0.09581989049911503,0
assertj-core,15115,0,0.09581989049911503,0
assertj-core,14894,0,0.09581989049911503,0
assertj-core,11776,0,0.09581989049911503,0
assertj-core,16420,0,0.09581989049911503,0
assertj-core,16128,0,0.09581989049911503,0
assertj-core,13505,0,0.09581989049911503,0
assertj-core,14452,0,0.09581989049911503,0
assertj-core,13734,0,0.09581989049911503,0
assertj-core,13396,0,0.09581989049911503,0
assertj-core,17145,0,0.09581989049911503,0
assertj-core,15404,0,0.09581989049911503,0
assertj-core,12264,0,0.09581989049911503,0
assertj-core,11202,0,0.09581989049911503,0
assertj-core,17340,0,0.09581989049911503,0
assertj-core,12965,0,0.09581989049911503,0
assertj-core,15069,0,0.09581989049911503,0
assertj-core,13068,0,0.09581989049911503,0
assertj-core,16444,0,0.09581989049911503,0
assertj-core,16098,0,0.09581989049911503,0
assertj-core,13531,0,0.09581989049911503,0
assertj-core,17294,0,0.09581989049911503,0
assertj-core,14127,0,0.09581989049911503,0
assertj-core,15225,0,0.09581989049911503,0
assertj-core,12684,0,0.09581989049911503,0
assertj-core,11970,0,0.09581989049911503,0
assertj-core,14151,0,0.09581989049911503,0
assertj-core,17271,0,0.09581989049911503,0
assertj-core,14718,0,0.09581989049911503,0
assertj-core,12171,0,0.09581989049911503,0
assertj-core,14693,0,0.09581989049911503,0
assertj-core,11533,0,0.09581989049911503,0
assertj-core,14879,0,0.09581989049911503,0
assertj-core,16088,0,0.09581989049911503,0
assertj-core,16732,0,0.09581989049911503,0
assertj-core,15062,0,0.09581989049911503,0
assertj-core,14590,0,0.09581989049911503,0
assertj-core,11143,0,0.09581989049911503,0
assertj-core,15964,0,0.09581989049911503,0
assertj-core,11421,0,0.09581989049911503,0
assertj-core,12788,0,0.09581989049911503,0
assertj-core,12553,0,0.09581989049911503,0
assertj-core,12327,0,0.09581989049911503,0
assertj-core,17305,0,0.09581989049911503,0
assertj-core,14434,0,0.09581989049911503,0
assertj-core,11407,0,0.09581989049911503,0
assertj-core,16714,0,0.09581989049911503,0
assertj-core,11772,0,0.09581989049911503,0
assertj-core,16492,0,0.09581989049911503,0
assertj-core,12601,0,0.09581989049911503,0
assertj-core,13547,0,0.09581989049911503,0
assertj-core,11651,0,0.09581989049911503,0
assertj-core,13934,0,0.09581989049911503,0
assertj-core,11300,0,0.09581989049911503,0
assertj-core,11619,0,0.09581989049911503,0
assertj-core,15600,0,0.09581989049911503,0
assertj-core,15242,0,0.09581989049911503,0
assertj-core,12984,0,0.09581989049911503,0
assertj-core,16882,0,0.09581989049911503,0
assertj-core,15255,0,0.09581989049911503,0
assertj-core,11911,0,0.09581989049911503,0
assertj-core,11686,0,0.09581989049911503,0
assertj-core,17164,0,0.09581989049911503,0
assertj-core,15542,0,0.09581989049911503,0
assertj-core,11929,0,0.09581989049911503,0
assertj-core,15551,0,0.09581989049911503,0
assertj-core,13775,0,0.09581989049911503,0
assertj-core,15099,0,0.09581989049911503,0
assertj-core,11277,0,0.09581989049911503,0
assertj-core,11427,0,0.09581989049911503,0
assertj-core,14976,0,0.09581989049911503,0
assertj-core,14646,0,0.09581989049911503,0
assertj-core,12560,0,0.09581989049911503,0
assertj-core,12240,0,0.09581989049911503,0
assertj-core,15343,0,0.09581989049911503,0
assertj-core,14012,0,0.09581989049911503,0
assertj-core,15422,0,0.09581989049911503,0
assertj-core,12578,0,0.09581989049911503,0
assertj-core,11923,0,0.09581989049911503,0
assertj-core,16415,0,0.09581989049911503,0
assertj-core,15261,0,0.09581989049911503,0
assertj-core,11706,0,0.09581989049911503,0
assertj-core,15036,0,0.09581989049911503,0
assertj-core,16786,0,0.09581989049911503,0
assertj-core,16408,0,0.09581989049911503,0
assertj-core,14408,0,0.09581989049911503,0
assertj-core,13568,0,0.09581989049911503,0
assertj-core,17151,0,0.09581989049911503,0
assertj-core,11642,0,0.09581989049911503,0
assertj-core,12900,0,0.09581989049911503,0
assertj-core,16297,0,0.09581989049911503,0
assertj-core,12307,0,0.09581989049911503,0
assertj-core,17141,0,0.09581989049911503,0
assertj-core,15885,0,0.09581989049911503,0
assertj-core,16531,0,0.09581989049911503,0
assertj-core,16135,0,0.09581989049911503,0
assertj-core,16931,0,0.09581989049911503,0
assertj-core,13487,0,0.09581989049911503,0
assertj-core,16783,0,0.09581989049911503,0
assertj-core,12625,0,0.09581989049911503,0
assertj-core,15570,0,0.09581989049911503,0
assertj-core,15022,0,0.09581989049911503,0
assertj-core,14388,0,0.09581989049911503,0
assertj-core,13876,0,0.09581989049911503,0
assertj-core,15843,0,0.09581989049911503,0
assertj-core,13954,0,0.09581989049911503,0
assertj-core,11341,0,0.09581989049911503,0
assertj-core,14049,0,0.09581989049911503,0
assertj-core,16288,0,0.09581989049911503,0
assertj-core,15173,0,0.09581989049911503,0
assertj-core,15143,0,0.09581989049911503,0
assertj-core,11935,0,0.09581989049911503,0
assertj-core,16564,0,0.09581989049911503,0
assertj-core,14700,0,0.09581989049911503,0
assertj-core,17366,0,0.09581989049911503,0
assertj-core,11344,0,0.09581989049911503,0
assertj-core,12712,0,0.09581989049911503,0
assertj-core,15192,0,0.09581989049911503,0
assertj-core,12954,0,0.09581989049911503,0
assertj-core,12217,0,0.09581989049911503,0
assertj-core,17175,0,0.09581989049911503,0
assertj-core,13386,0,0.09581989049911503,0
assertj-core,17104,0,0.09581989049911503,0
assertj-core,16244,0,0.09581989049911503,0
assertj-core,12287,0,0.09581989049911503,0
assertj-core,12185,0,0.09581989049911503,0
assertj-core,16470,0,0.09581989049911503,0
assertj-core,16096,0,0.09581989049911503,0
assertj-core,14556,0,0.09581989049911503,0
assertj-core,13179,0,0.09581989049911503,0
assertj-core,13904,0,0.09581989049911503,0
assertj-core,16111,0,0.09581989049911503,0
assertj-core,12462,0,0.09581989049911503,0
assertj-core,14314,0,0.09581989049911503,0
assertj-core,13041,0,0.09581989049911503,0
assertj-core,17316,0,0.09581989049911503,0
assertj-core,13803,0,0.09581989049911503,0
assertj-core,11939,0,0.09581989049911503,0
assertj-core,14206,0,0.09581989049911503,0
assertj-core,15098,0,0.09581989049911503,0
assertj-core,14869,0,0.09581989049911503,0
assertj-core,13394,0,0.09581989049911503,0
assertj-core,17371,0,0.09581989049911503,0
assertj-core,16619,0,0.09581989049911503,0
assertj-core,11401,0,0.09581989049911503,0
assertj-core,16004,0,0.09581989049911503,0
assertj-core,15936,0,0.09581989049911503,0
assertj-core,11141,0,0.09581989049911503,0
assertj-core,11797,0,0.09581989049911503,0
assertj-core,14753,0,0.09581989049911503,0
assertj-core,17052,0,0.09581989049911503,0
assertj-core,13664,0,0.09581989049911503,0
assertj-core,12932,0,0.09581989049911503,0
assertj-core,14587,0,0.09581989049911503,0
assertj-core,12465,0,0.09581989049911503,0
assertj-core,14672,0,0.09581989049911503,0
assertj-core,13986,0,0.09581989049911503,0
assertj-core,11664,0,0.09581989049911503,0
assertj-core,12461,0,0.09581989049911503,0
assertj-core,17243,0,0.09581989049911503,0
assertj-core,14031,0,0.09581989049911503,0
assertj-core,13096,0,0.09581989049911503,0
assertj-core,11379,0,0.09581989049911503,0
assertj-core,14355,0,0.09581989049911503,0
assertj-core,12488,0,0.09581989049911503,0
assertj-core,14975,0,0.09581989049911503,0
assertj-core,11584,0,0.09581989049911503,0
assertj-core,15836,0,0.09581989049911503,0
assertj-core,15378,0,0.09581989049911503,0
assertj-core,12937,0,0.09581989049911503,0
assertj-core,14082,0,0.09581989049911503,0
assertj-core,14654,0,0.09581989049911503,0
assertj-core,16937,0,0.09581989049911503,0
assertj-core,15050,0,0.09581989049911503,0
assertj-core,16209,0,0.09581989049911503,0
assertj-core,17184,0,0.09581989049911503,0
assertj-core,11858,0,0.09581989049911503,0
assertj-core,17205,0,0.09581989049911503,0
assertj-core,15071,0,0.09581989049911503,0
assertj-core,12102,0,0.09581989049911503,0
assertj-core,13777,0,0.09581989049911503,0
assertj-core,16109,0,0.09581989049911503,0
assertj-core,13784,0,0.09581989049911503,0
assertj-core,16682,0,0.09581989049911503,0
assertj-core,13696,0,0.09581989049911503,0
assertj-core,12006,0,0.09581989049911503,0
assertj-core,17019,0,0.09581989049911503,0
assertj-core,13254,0,0.09581989049911503,0
assertj-core,17023,0,0.09581989049911503,0
assertj-core,12534,0,0.09581989049911503,0
assertj-core,16909,0,0.09581989049911503,0
assertj-core,14124,0,0.09581989049911503,0
assertj-core,11272,0,0.09581989049911503,0
assertj-core,12033,0,0.09581989049911503,0
assertj-core,13300,0,0.09581989049911503,0
assertj-core,14657,0,0.09581989049911503,0
assertj-core,14108,0,0.09581989049911503,0
assertj-core,17268,0,0.09581989049911503,0
assertj-core,16697,0,0.09581989049911503,0
assertj-core,11566,0,0.09581989049911503,0
assertj-core,11357,0,0.09581989049911503,0
assertj-core,16357,0,0.09581989049911503,0
assertj-core,16417,0,0.09581989049911503,0
assertj-core,15996,0,0.09581989049911503,0
assertj-core,16845,0,0.09581989049911503,0
assertj-core,14257,0,0.09581989049911503,0
assertj-core,14984,0,0.09581989049911503,0
assertj-core,12514,0,0.09581989049911503,0
assertj-core,13407,0,0.09581989049911503,0
assertj-core,13431,0,0.09581989049911503,0
assertj-core,14345,0,0.09581989049911503,0
assertj-core,15528,0,0.09581989049911503,0
assertj-core,14698,0,0.09581989049911503,0
assertj-core,11809,0,0.09581989049911503,0
assertj-core,11854,0,0.09581989049911503,0
assertj-core,14890,0,0.09581989049911503,0
assertj-core,12627,0,0.09581989049911503,0
assertj-core,13507,0,0.09581989049911503,0
assertj-core,14069,0,0.09581989049911503,0
assertj-core,14351,0,0.09581989049911503,0
assertj-core,13584,0,0.09581989049911503,0
assertj-core,15589,0,0.09581989049911503,0
assertj-core,14247,0,0.09581989049911503,0
assertj-core,15876,0,0.09581989049911503,0
assertj-core,11598,0,0.09581989049911503,0
assertj-core,12115,0,0.09581989049911503,0
assertj-core,17323,0,0.09581989049911503,0
assertj-core,11940,0,0.09581989049911503,0
assertj-core,11759,0,0.09581989049911503,0
assertj-core,14763,0,0.09581989049911503,0
assertj-core,14741,0,0.09581989049911503,0
assertj-core,16823,0,0.09581989049911503,0
assertj-core,13898,0,0.09581989049911503,0
assertj-core,17102,0,0.09581989049911503,0
assertj-core,15375,0,0.09581989049911503,0
assertj-core,15079,0,0.09581989049911503,0
assertj-core,12013,0,0.09581989049911503,0
assertj-core,16815,0,0.09581989049911503,0
assertj-core,17301,0,0.09581989049911503,0
assertj-core,16621,0,0.09581989049911503,0
assertj-core,17200,0,0.09581989049911503,0
assertj-core,12516,0,0.09581989049911503,0
assertj-core,12870,0,0.09581989049911503,0
assertj-core,12591,0,0.09581989049911503,0
assertj-core,17130,0,0.09581989049911503,0
assertj-core,12697,0,0.09581989049911503,0
assertj-core,14239,0,0.09581989049911503,0
assertj-core,12238,0,0.09581989049911503,0
assertj-core,12427,0,0.09581989049911503,0
assertj-core,17178,0,0.09581989049911503,0
assertj-core,14583,0,0.09581989049911503,0
assertj-core,16318,0,0.09581989049911503,0
assertj-core,12208,0,0.09581989049911503,0
assertj-core,12001,0,0.09581989049911503,0
assertj-core,11873,0,0.09581989049911503,0
assertj-core,15426,0,0.09581989049911503,0
assertj-core,12335,0,0.09581989049911503,0
assertj-core,12380,0,0.09581989049911503,0
assertj-core,12379,0,0.09581989049911503,0
assertj-core,17207,0,0.09581989049911503,0
assertj-core,12259,0,0.09581989049911503,0
assertj-core,15924,0,0.09581989049911503,0
assertj-core,16622,0,0.09581989049911503,0
assertj-core,15362,0,0.09581989049911503,0
assertj-core,14845,0,0.09581989049911503,0
assertj-core,11462,0,0.09581989049911503,0
assertj-core,12446,0,0.09581989049911503,0
assertj-core,12610,0,0.09581989049911503,0
assertj-core,13426,0,0.09581989049911503,0
assertj-core,15749,0,0.09581989049911503,0
assertj-core,13783,0,0.09581989049911503,0
assertj-core,14359,0,0.09581989049911503,0
assertj-core,13762,0,0.09581989049911503,0
assertj-core,13380,0,0.09581989049911503,0
assertj-core,15786,0,0.09581989049911503,0
assertj-core,15634,0,0.09581989049911503,0
assertj-core,11851,0,0.09581989049911503,0
assertj-core,17269,0,0.09581989049911503,0
assertj-core,11691,0,0.09581989049911503,0
assertj-core,16331,0,0.09581989049911503,0
assertj-core,15326,0,0.09581989049911503,0
assertj-core,16960,0,0.09581989049911503,0
assertj-core,15517,0,0.09581989049911503,0
assertj-core,11497,0,0.09581989049911503,0
assertj-core,13423,0,0.09581989049911503,0
assertj-core,12402,0,0.09581989049911503,0
assertj-core,16328,0,0.09581989049911503,0
assertj-core,14677,0,0.09581989049911503,0
assertj-core,16422,0,0.09581989049911503,0
assertj-core,13008,0,0.09581989049911503,0
assertj-core,14492,0,0.09581989049911503,0
assertj-core,16679,0,0.09581989049911503,0
assertj-core,15492,0,0.09581989049911503,0
assertj-core,17096,0,0.09581989049911503,0
assertj-core,16657,0,0.09581989049911503,0
assertj-core,13049,0,0.09581989049911503,0
assertj-core,15366,0,0.09581989049911503,0
assertj-core,16404,0,0.09581989049911503,0
assertj-core,13016,0,0.09581989049911503,0
assertj-core,16966,0,0.09581989049911503,0
assertj-core,17234,0,0.09581989049911503,0
assertj-core,11957,0,0.09581989049911503,0
assertj-core,15382,0,0.09581989049911503,0
assertj-core,14995,0,0.09581989049911503,0
assertj-core,12293,0,0.09581989049911503,0
assertj-core,13220,0,0.09581989049911503,0
assertj-core,12237,0,0.09581989049911503,0
assertj-core,12061,0,0.09581989049911503,0
assertj-core,12638,0,0.09581989049911503,0
assertj-core,12613,0,0.09581989049911503,0
assertj-core,16314,0,0.09581989049911503,0
assertj-core,13027,0,0.09581989049911503,0
assertj-core,13540,0,0.09581989049911503,0
assertj-core,11489,0,0.09581989049911503,0
assertj-core,14074,0,0.09581989049911503,0
assertj-core,13146,0,0.09581989049911503,0
assertj-core,12262,0,0.09581989049911503,0
assertj-core,16142,0,0.09581989049911503,0
assertj-core,14875,0,0.09581989049911503,0
assertj-core,17373,0,0.09581989049911503,0
assertj-core,13495,0,0.09581989049911503,0
assertj-core,13124,0,0.09581989049911503,0
assertj-core,11990,0,0.09581989049911503,0
assertj-core,16214,0,0.09581989049911503,0
assertj-core,15533,0,0.09581989049911503,0
assertj-core,11347,0,0.09581989049911503,0
assertj-core,11807,0,0.09581989049911503,0
assertj-core,14883,0,0.09581989049911503,0
assertj-core,16303,0,0.09581989049911503,0
assertj-core,11945,0,0.09581989049911503,0
assertj-core,15312,0,0.09581989049911503,0
assertj-core,13539,0,0.09581989049911503,0
assertj-core,16721,0,0.09581989049911503,0
assertj-core,11290,0,0.09581989049911503,0
assertj-core,16546,0,0.09581989049911503,0
assertj-core,12569,0,0.09581989049911503,0
assertj-core,14412,0,0.09581989049911503,0
assertj-core,13764,0,0.09581989049911503,0
assertj-core,16200,0,0.09581989049911503,0
assertj-core,14762,0,0.09581989049911503,0
assertj-core,12428,0,0.09581989049911503,0
assertj-core,14013,0,0.09581989049911503,0
assertj-core,12047,0,0.09581989049911503,0
assertj-core,13523,0,0.09581989049911503,0
assertj-core,14722,0,0.09581989049911503,0
assertj-core,16659,0,0.09581989049911503,0
assertj-core,13040,0,0.09581989049911503,0
assertj-core,14728,0,0.09581989049911503,0
assertj-core,11694,0,0.09581989049911503,0
assertj-core,11475,0,0.09581989049911503,0
assertj-core,12269,0,0.09581989049911503,0
assertj-core,12670,0,0.09581989049911503,0
assertj-core,15882,0,0.09581989049911503,0
assertj-core,12153,0,0.09581989049911503,0
assertj-core,15571,0,0.09581989049911503,0
assertj-core,12017,0,0.09581989049911503,0
assertj-core,13842,0,0.09581989049911503,0
assertj-core,11308,0,0.09581989049911503,0
assertj-core,12784,0,0.09581989049911503,0
assertj-core,13821,0,0.09581989049911503,0
assertj-core,13705,0,0.09581989049911503,0
assertj-core,12406,0,0.09581989049911503,0
assertj-core,14297,0,0.09581989049911503,0
assertj-core,14721,0,0.09581989049911503,0
assertj-core,12559,0,0.09581989049911503,0
assertj-core,17254,0,0.09581989049911503,0
assertj-core,14750,0,0.09581989049911503,0
assertj-core,14742,0,0.09581989049911503,0
assertj-core,12341,0,0.09581989049911503,0
assertj-core,13575,0,0.09581989049911503,0
assertj-core,16796,0,0.09581989049911503,0
assertj-core,14966,0,0.09581989049911503,0
assertj-core,16219,0,0.09581989049911503,0
assertj-core,15142,0,0.09581989049911503,0
assertj-core,15740,0,0.09581989049911503,0
assertj-core,13004,0,0.09581989049911503,0
assertj-core,13627,0,0.09581989049911503,0
assertj-core,13259,0,0.09581989049911503,0
assertj-core,14854,0,0.09581989049911503,0
assertj-core,11203,0,0.09581989049911503,0
assertj-core,12383,0,0.09581989049911503,0
assertj-core,13677,0,0.09581989049911503,0
assertj-core,16028,0,0.09581989049911503,0
assertj-core,11364,0,0.09581989049911503,0
assertj-core,13612,0,0.09581989049911503,0
assertj-core,15412,0,0.09581989049911503,0
assertj-core,15438,0,0.09581989049911503,0
assertj-core,12473,0,0.09581989049911503,0
assertj-core,14496,0,0.09581989049911503,0
assertj-core,11778,0,0.09581989049911503,0
assertj-core,16249,0,0.09581989049911503,0
assertj-core,11208,0,0.09581989049911503,0
assertj-core,15759,0,0.09581989049911503,0
assertj-core,12305,0,0.09581989049911503,0
assertj-core,12581,0,0.09581989049911503,0
assertj-core,15033,0,0.09581989049911503,0
assertj-core,16942,0,0.09581989049911503,0
assertj-core,12486,0,0.09581989049911503,0
assertj-core,12608,0,0.09581989049911503,0
assertj-core,16982,0,0.09581989049911503,0
assertj-core,11674,0,0.09581989049911503,0
assertj-core,13979,0,0.09581989049911503,0
assertj-core,12605,0,0.09581989049911503,0
assertj-core,13621,0,0.09581989049911503,0
assertj-core,13349,0,0.09581989049911503,0
assertj-core,15172,0,0.09581989049911503,0
assertj-core,11538,0,0.09581989049911503,0
assertj-core,11725,0,0.09581989049911503,0
assertj-core,15573,0,0.09581989049911503,0
assertj-core,14623,0,0.09581989049911503,0
assertj-core,13760,0,0.09581989049911503,0
assertj-core,15612,0,0.09581989049911503,0
assertj-core,16503,0,0.09581989049911503,0
assertj-core,11465,0,0.09581989049911503,0
assertj-core,13562,0,0.09581989049911503,0
assertj-core,11667,0,0.09581989049911503,0
assertj-core,12794,0,0.09581989049911503,0
assertj-core,13931,0,0.09581989049911503,0
assertj-core,13729,0,0.09581989049911503,0
assertj-core,16685,0,0.09581989049911503,0
assertj-core,16508,0,0.09581989049911503,0
assertj-core,17230,0,0.09581989049911503,0
assertj-core,12218,0,0.09581989049911503,0
assertj-core,12334,0,0.09581989049911503,0
assertj-core,16904,0,0.09581989049911503,0
assertj-core,12736,0,0.09581989049911503,0
assertj-core,14764,0,0.09581989049911503,0
assertj-core,12368,0,0.09581989049911503,0
assertj-core,14808,0,0.09581989049911503,0
assertj-core,13413,0,0.09581989049911503,0
assertj-core,15038,0,0.09581989049911503,0
assertj-core,12308,0,0.09581989049911503,0
assertj-core,14387,0,0.09581989049911503,0
assertj-core,12703,0,0.09581989049911503,0
assertj-core,14919,0,0.09581989049911503,0
assertj-core,15107,0,0.09581989049911503,0
assertj-core,13332,0,0.09581989049911503,0
assertj-core,11210,0,0.09581989049911503,0
assertj-core,11678,0,0.09581989049911503,0
assertj-core,11215,0,0.09581989049911503,0
assertj-core,12008,0,0.09581989049911503,0
assertj-core,13712,0,0.09581989049911503,0
assertj-core,16701,0,0.09581989049911503,0
assertj-core,14822,0,0.09581989049911503,0
assertj-core,14972,0,0.09581989049911503,0
assertj-core,13656,0,0.09581989049911503,0
assertj-core,12573,0,0.09581989049911503,0
assertj-core,15591,0,0.09581989049911503,0
assertj-core,15709,0,0.09581989049911503,0
assertj-core,12678,0,0.09581989049911503,0
assertj-core,17033,0,0.09581989049911503,0
assertj-core,12877,0,0.09581989049911503,0
assertj-core,14559,0,0.09581989049911503,0
assertj-core,14416,0,0.09581989049911503,0
assertj-core,12567,0,0.09581989049911503,0
assertj-core,14456,0,0.09581989049911503,0
assertj-core,13006,0,0.09581989049911503,0
assertj-core,16272,0,0.09581989049911503,0
assertj-core,12926,0,0.09581989049911503,0
assertj-core,11810,0,0.09581989049911503,0
assertj-core,12602,0,0.09581989049911503,0
assertj-core,11384,0,0.09581989049911503,0
assertj-core,16540,0,0.09581989049911503,0
assertj-core,12922,0,0.09581989049911503,0
assertj-core,11623,0,0.09581989049911503,0
assertj-core,12927,0,0.09581989049911503,0
assertj-core,15403,0,0.09581989049911503,0
assertj-core,13509,0,0.09581989049911503,0
assertj-core,15848,0,0.09581989049911503,0
assertj-core,15614,0,0.09581989049911503,0
assertj-core,15116,0,0.09581989049911503,0
assertj-core,15044,0,0.09581989049911503,0
assertj-core,16014,0,0.09581989049911503,0
assertj-core,11597,0,0.09581989049911503,0
assertj-core,11856,0,0.09581989049911503,0
assertj-core,16832,0,0.09581989049911503,0
assertj-core,12518,0,0.09581989049911503,0
assertj-core,13952,0,0.09581989049911503,0
assertj-core,12453,0,0.09581989049911503,0
assertj-core,15791,0,0.09581989049911503,0
assertj-core,15822,0,0.09581989049911503,0
assertj-core,16276,0,0.09581989049911503,0
assertj-core,13353,0,0.09581989049911503,0
assertj-core,16629,0,0.09581989049911503,0
assertj-core,15997,0,0.09581989049911503,0
assertj-core,16350,0,0.09581989049911503,0
assertj-core,11552,0,0.09581989049911503,0
assertj-core,12296,0,0.09581989049911503,0
assertj-core,17101,0,0.09581989049911503,0
assertj-core,12659,0,0.09581989049911503,0
assertj-core,12069,0,0.09581989049911503,0
assertj-core,12807,0,0.09581989049911503,0
assertj-core,16578,0,0.09581989049911503,0
assertj-core,14250,0,0.09581989049911503,0
assertj-core,16594,0,0.09581989049911503,0
assertj-core,11904,0,0.09581989049911503,0
assertj-core,14973,0,0.09581989049911503,0
assertj-core,15549,0,0.09581989049911503,0
assertj-core,13641,0,0.09581989049911503,0
assertj-core,15568,0,0.09581989049911503,0
assertj-core,13948,0,0.09581989049911503,0
assertj-core,12036,0,0.09581989049911503,0
assertj-core,12336,0,0.09581989049911503,0
assertj-core,14589,0,0.09581989049911503,0
assertj-core,15205,0,0.09581989049911503,0
assertj-core,11948,0,0.09581989049911503,0
assertj-core,11233,0,0.09581989049911503,0
assertj-core,12315,0,0.09581989049911503,0
assertj-core,13586,0,0.09581989049911503,0
assertj-core,12991,0,0.09581989049911503,0
assertj-core,15712,0,0.09581989049911503,0
assertj-core,15145,0,0.09581989049911503,0
assertj-core,11142,0,0.09581989049911503,0
assertj-core,12857,0,0.09581989049911503,0
assertj-core,13571,0,0.09581989049911503,0
assertj-core,15253,0,0.09581989049911503,0
assertj-core,12120,0,0.09581989049911503,0
assertj-core,16970,0,0.09581989049911503,0
assertj-core,13549,0,0.09581989049911503,0
assertj-core,15485,0,0.09581989049911503,0
assertj-core,14472,0,0.09581989049911503,0
assertj-core,14933,0,0.09581989049911503,0
assertj-core,17299,0,0.09581989049911503,0
assertj-core,13063,0,0.09581989049911503,0
assertj-core,16265,0,0.09581989049911503,0
assertj-core,14341,0,0.09581989049911503,0
assertj-core,13937,0,0.09581989049911503,0
assertj-core,14212,0,0.09581989049911503,0
assertj-core,16367,0,0.09581989049911503,0
assertj-core,11746,0,0.09581989049911503,0
assertj-core,12314,0,0.09581989049911503,0
assertj-core,11798,0,0.09581989049911503,0
assertj-core,13034,0,0.09581989049911503,0
assertj-core,16710,0,0.09581989049911503,0
assertj-core,15095,0,0.09581989049911503,0
assertj-core,15524,0,0.09581989049911503,0
assertj-core,12413,0,0.09581989049911503,0
assertj-core,12253,0,0.09581989049911503,0
assertj-core,14195,0,0.09581989049911503,0
assertj-core,13844,0,0.09581989049911503,0
assertj-core,15569,0,0.09581989049911503,0
assertj-core,14418,0,0.09581989049911503,0
assertj-core,12733,0,0.09581989049911503,0
assertj-core,13213,0,0.09581989049911503,0
assertj-core,15252,0,0.09581989049911503,0
assertj-core,11493,0,0.09581989049911503,0
assertj-core,14571,0,0.09581989049911503,0
assertj-core,14892,0,0.09581989049911503,0
assertj-core,15647,0,0.09581989049911503,0
assertj-core,17043,0,0.09581989049911503,0
assertj-core,11830,0,0.09581989049911503,0
assertj-core,14264,0,0.09581989049911503,0
assertj-core,14807,0,0.09581989049911503,0
assertj-core,12224,0,0.09581989049911503,0
assertj-core,15744,0,0.09581989049911503,0
assertj-core,11278,0,0.09581989049911503,0
assertj-core,11243,0,0.09581989049911503,0
assertj-core,13054,0,0.09581989049911503,0
assertj-core,14150,0,0.09581989049911503,0
assertj-core,14909,0,0.09581989049911503,0
assertj-core,15374,0,0.09581989049911503,0
assertj-core,13709,0,0.09581989049911503,0
assertj-core,17122,0,0.09581989049911503,0
assertj-core,12358,0,0.09581989049911503,0
assertj-core,14961,0,0.09581989049911503,0
assertj-core,12106,0,0.09581989049911503,0
assertj-core,11235,0,0.09581989049911503,0
assertj-core,11951,0,0.09581989049911503,0
assertj-core,14515,0,0.09581989049911503,0
assertj-core,14898,0,0.09581989049911503,0
assertj-core,11461,0,0.09581989049911503,0
assertj-core,17259,0,0.09581989049911503,0
assertj-core,14639,0,0.09581989049911503,0
assertj-core,12995,0,0.09581989049911503,0
assertj-core,16733,0,0.09581989049911503,0
assertj-core,14946,0,0.09581989049911503,0
assertj-core,15646,0,0.09581989049911503,0
assertj-core,13597,0,0.09581989049911503,0
assertj-core,12366,0,0.09581989049911503,0
assertj-core,14569,0,0.09581989049911503,0
assertj-core,16740,0,0.09581989049911503,0
assertj-core,14493,0,0.09581989049911503,0
assertj-core,11343,0,0.09581989049911503,0
assertj-core,13102,0,0.09581989049911503,0
assertj-core,11790,0,0.09581989049911503,0
assertj-core,12344,0,0.09581989049911503,0
assertj-core,11632,0,0.09581989049911503,0
assertj-core,14307,0,0.09581989049911503,0
assertj-core,13640,0,0.09581989049911503,0
assertj-core,11639,0,0.09581989049911503,0
assertj-core,16986,0,0.09581989049911503,0
assertj-core,17128,0,0.09581989049911503,0
assertj-core,15719,0,0.09581989049911503,0
assertj-core,13364,0,0.09581989049911503,0
assertj-core,14937,0,0.09581989049911503,0
assertj-core,13544,0,0.09581989049911503,0
assertj-core,14951,0,0.09581989049911503,0
assertj-core,14713,0,0.09581989049911503,0
assertj-core,16631,0,0.09581989049911503,0
assertj-core,12530,0,0.09581989049911503,0
assertj-core,13202,0,0.09581989049911503,0
assertj-core,17154,0,0.09581989049911503,0
assertj-core,12824,0,0.09581989049911503,0
assertj-core,13073,0,0.09581989049911503,0
assertj-core,14921,0,0.09581989049911503,0
assertj-core,15379,0,0.09581989049911503,0
assertj-core,17139,0,0.09581989049911503,0
assertj-core,13318,0,0.09581989049911503,0
assertj-core,12295,0,0.09581989049911503,0
assertj-core,15100,0,0.09581989049911503,0
assertj-core,11784,0,0.09581989049911503,0
assertj-core,14244,0,0.09581989049911503,0
assertj-core,15778,0,0.09581989049911503,0
assertj-core,13962,0,0.09581989049911503,0
assertj-core,15742,0,0.09581989049911503,0
assertj-core,15243,0,0.09581989049911503,0
assertj-core,12501,0,0.09581989049911503,0
assertj-core,16435,0,0.09581989049911503,0
assertj-core,15424,0,0.09581989049911503,0
assertj-core,16549,0,0.09581989049911503,0
assertj-core,12980,0,0.09581989049911503,0
assertj-core,14402,0,0.09581989049911503,0
assertj-core,13174,0,0.09581989049911503,0
assertj-core,11946,0,0.09581989049911503,0
assertj-core,16118,0,0.09581989049911503,0
assertj-core,11620,0,0.09581989049911503,0
assertj-core,15391,0,0.09581989049911503,0
assertj-core,12432,0,0.09581989049911503,0
assertj-core,16351,0,0.09581989049911503,0
assertj-core,12531,0,0.09581989049911503,0
assertj-core,15797,0,0.09581989049911503,0
assertj-core,11563,0,0.09581989049911503,0
assertj-core,15943,0,0.09581989049911503,0
assertj-core,14111,0,0.09581989049911503,0
assertj-core,11740,0,0.09581989049911503,0
assertj-core,17203,0,0.09581989049911503,0
assertj-core,14550,0,0.09581989049911503,0
assertj-core,15809,0,0.09581989049911503,0
assertj-core,15402,0,0.09581989049911503,0
assertj-core,12420,0,0.09581989049911503,0
assertj-core,16373,0,0.09581989049911503,0
assertj-core,14444,0,0.09581989049911503,0
assertj-core,16106,0,0.09581989049911503,0
assertj-core,13209,0,0.09581989049911503,0
assertj-core,15140,0,0.09581989049911503,0
assertj-core,17229,0,0.09581989049911503,0
assertj-core,16332,0,0.09581989049911503,0
assertj-core,15257,0,0.09581989049911503,0
assertj-core,14818,0,0.09581989049911503,0
assertj-core,16980,0,0.09581989049911503,0
assertj-core,16395,0,0.09581989049911503,0
assertj-core,16618,0,0.09581989049911503,0
assertj-core,16246,0,0.09581989049911503,0
assertj-core,13321,0,0.09581989049911503,0
assertj-core,14467,0,0.09581989049911503,0
assertj-core,12890,0,0.09581989049911503,0
assertj-core,15754,0,0.09581989049911503,0
assertj-core,13178,0,0.09581989049911503,0
assertj-core,14970,0,0.09581989049911503,0
assertj-core,11443,0,0.09581989049911503,0
assertj-core,15543,0,0.09581989049911503,0
assertj-core,13167,0,0.09581989049911503,0
assertj-core,12076,0,0.09581989049911503,0
assertj-core,11594,0,0.09581989049911503,0
assertj-core,11342,0,0.09581989049911503,0
assertj-core,16192,0,0.09581989049911503,0
assertj-core,14796,0,0.09581989049911503,0
assertj-core,11404,0,0.09581989049911503,0
assertj-core,17040,0,0.09581989049911503,0
assertj-core,16628,0,0.09581989049911503,0
assertj-core,12159,0,0.09581989049911503,0
assertj-core,16897,0,0.09581989049911503,0
assertj-core,16184,0,0.09581989049911503,0
assertj-core,13689,0,0.09581989049911503,0
assertj-core,13633,0,0.09581989049911503,0
assertj-core,14960,0,0.09581989049911503,0
assertj-core,15248,0,0.09581989049911503,0
assertj-core,15432,0,0.09581989049911503,0
assertj-core,16267,0,0.09581989049911503,0
assertj-core,11365,0,0.09581989049911503,0
assertj-core,14659,0,0.09581989049911503,0
assertj-core,12313,0,0.09581989049911503,0
assertj-core,16495,0,0.09581989049911503,0
assertj-core,17055,0,0.09581989049911503,0
assertj-core,13717,0,0.09581989049911503,0
assertj-core,14083,0,0.09581989049911503,0
assertj-core,16341,0,0.09581989049911503,0
assertj-core,14044,0,0.09581989049911503,0
assertj-core,17332,0,0.09581989049911503,0
assertj-core,17082,0,0.09581989049911503,0
assertj-core,16108,0,0.09581989049911503,0
assertj-core,15417,0,0.09581989049911503,0
assertj-core,17197,0,0.09581989049911503,0
assertj-core,13906,0,0.09581989049911503,0
assertj-core,12666,0,0.09581989049911503,0
assertj-core,16644,0,0.09581989049911503,0
assertj-core,14611,0,0.09581989049911503,0
assertj-core,11682,0,0.09581989049911503,0
assertj-core,14223,0,0.09581989049911503,0
assertj-core,12431,0,0.09581989049911503,0
assertj-core,15831,0,0.09581989049911503,0
assertj-core,11897,0,0.09581989049911503,0
assertj-core,15407,0,0.09581989049911503,0
assertj-core,13802,0,0.09581989049911503,0
assertj-core,16007,0,0.09581989049911503,0
assertj-core,16777,0,0.09581989049911503,0
assertj-core,15801,0,0.09581989049911503,0
assertj-core,17199,0,0.09581989049911503,0
assertj-core,16330,0,0.09581989049911503,0
assertj-core,15419,0,0.09581989049911503,0
assertj-core,15240,0,0.09581989049911503,0
assertj-core,16121,0,0.09581989049911503,0
assertj-core,15334,0,0.09581989049911503,0
assertj-core,16298,0,0.09581989049911503,0
assertj-core,14292,0,0.09581989049911503,0
assertj-core,15316,0,0.09581989049911503,0
assertj-core,13114,0,0.09581989049911503,0
assertj-core,17091,0,0.09581989049911503,0
assertj-core,16461,0,0.09581989049911503,0
assertj-core,16055,0,0.09581989049911503,0
assertj-core,15909,0,0.09581989049911503,0
assertj-core,14661,0,0.09581989049911503,0
assertj-core,13854,0,0.09581989049911503,0
assertj-core,11289,0,0.09581989049911503,0
assertj-core,17117,0,0.09581989049911503,0
assertj-core,11966,0,0.09581989049911503,0
assertj-core,13830,0,0.09581989049911503,0
assertj-core,15451,0,0.09581989049911503,0
assertj-core,16501,0,0.09581989049911503,0
assertj-core,12485,0,0.09581989049911503,0
assertj-core,14346,0,0.09581989049911503,0
assertj-core,13521,0,0.09581989049911503,0
assertj-core,14844,0,0.09581989049911503,0
assertj-core,12614,0,0.09581989049911503,0
assertj-core,15373,0,0.09581989049911503,0
assertj-core,16041,0,0.09581989049911503,0
assertj-core,13297,0,0.09581989049911503,0
assertj-core,13448,0,0.09581989049911503,0
assertj-core,13647,0,0.09581989049911503,0
assertj-core,12656,0,0.09581989049911503,0
assertj-core,13728,0,0.09581989049911503,0
assertj-core,13227,0,0.09581989049911503,0
assertj-core,13838,0,0.09581989049911503,0
assertj-core,13416,0,0.09581989049911503,0
assertj-core,15137,0,0.09581989049911503,0
assertj-core,13819,0,0.09581989049911503,0
assertj-core,16587,0,0.09581989049911503,0
assertj-core,12212,0,0.09581989049911503,0
assertj-core,12092,0,0.09581989049911503,0
assertj-core,15281,0,0.09581989049911503,0
assertj-core,16097,0,0.09581989049911503,0
assertj-core,12468,0,0.09581989049911503,0
assertj-core,13142,0,0.09581989049911503,0
assertj-core,12781,0,0.09581989049911503,0
assertj-core,11411,0,0.09581989049911503,0
assertj-core,11914,0,0.09581989049911503,0
assertj-core,14483,0,0.09581989049911503,0
assertj-core,17140,0,0.09581989049911503,0
assertj-core,15396,0,0.09581989049911503,0
assertj-core,11571,0,0.09581989049911503,0
assertj-core,15398,0,0.09581989049911503,0
assertj-core,15557,0,0.09581989049911503,0
assertj-core,16016,0,0.09581989049911503,0
assertj-core,15956,0,0.09581989049911503,0
assertj-core,11314,0,0.09581989049911503,0
assertj-core,17156,0,0.09581989049911503,0
assertj-core,17364,0,0.09581989049911503,0
assertj-core,12177,0,0.09581989049911503,0
assertj-core,12967,0,0.09581989049911503,0
assertj-core,13928,0,0.09581989049911503,0
assertj-core,12448,0,0.09581989049911503,0
assertj-core,14034,0,0.09581989049911503,0
assertj-core,16525,0,0.09581989049911503,0
assertj-core,17257,0,0.09581989049911503,0
assertj-core,16462,0,0.09581989049911503,0
assertj-core,14191,0,0.09581989049911503,0
assertj-core,15741,0,0.09581989049911503,0
assertj-core,13312,0,0.09581989049911503,0
assertj-core,12128,0,0.09581989049911503,0
assertj-core,11961,0,0.09581989049911503,0
assertj-core,11305,0,0.09581989049911503,0
assertj-core,13535,0,0.09581989049911503,0
assertj-core,16529,0,0.09581989049911503,0
assertj-core,14617,0,0.09581989049911503,0
assertj-core,15520,0,0.09581989049911503,0
assertj-core,11472,0,0.09581989049911503,0
assertj-core,15023,0,0.09581989049911503,0
assertj-core,15529,0,0.09581989049911503,0
assertj-core,11647,0,0.09581989049911503,0
assertj-core,15935,0,0.09581989049911503,0
assertj-core,13437,0,0.09581989049911503,0
assertj-core,13836,0,0.09581989049911503,0
assertj-core,12192,0,0.09581989049911503,0
assertj-core,14541,0,0.09581989049911503,0
assertj-core,14950,0,0.09581989049911503,0
assertj-core,12758,0,0.09581989049911503,0
assertj-core,12644,0,0.09581989049911503,0
assertj-core,14199,0,0.09581989049911503,0
assertj-core,17062,0,0.09581989049911503,0
assertj-core,13293,0,0.09581989049911503,0
assertj-core,16077,0,0.09581989049911503,0
assertj-core,16254,0,0.09581989049911503,0
assertj-core,11825,0,0.09581989049911503,0
assertj-core,16069,0,0.09581989049911503,0
assertj-core,12881,0,0.09581989049911503,0
assertj-core,17010,0,0.09581989049911503,0
assertj-core,12471,0,0.09581989049911503,0
assertj-core,12810,0,0.09581989049911503,0
assertj-core,16633,0,0.09581989049911503,0
assertj-core,11204,0,0.09581989049911503,0
assertj-core,15270,0,0.09581989049911503,0
assertj-core,12743,0,0.09581989049911503,0
assertj-core,16412,0,0.09581989049911503,0
assertj-core,16264,0,0.09581989049911503,0
assertj-core,13045,0,0.09581989049911503,0
assertj-core,14166,0,0.09581989049911503,0
assertj-core,16574,0,0.09581989049911503,0
assertj-core,15386,0,0.09581989049911503,0
assertj-core,11836,0,0.09581989049911503,0
assertj-core,13839,0,0.09581989049911503,0
assertj-core,17078,0,0.09581989049911503,0
assertj-core,15156,0,0.09581989049911503,0
assertj-core,13840,0,0.09581989049911503,0
assertj-core,15491,0,0.09581989049911503,0
assertj-core,13903,0,0.09581989049911503,0
assertj-core,16169,0,0.09581989049911503,0
assertj-core,11761,0,0.09581989049911503,0
assertj-core,17235,0,0.09581989049911503,0
assertj-core,15802,0,0.09581989049911503,0
assertj-core,13203,0,0.09581989049911503,0
assertj-core,15894,0,0.09581989049911503,0
assertj-core,16498,0,0.09581989049911503,0
assertj-core,11288,0,0.09581989049911503,0
assertj-core,13797,0,0.09581989049911503,0
assertj-core,15460,0,0.09581989049911503,0
assertj-core,11592,0,0.09581989049911503,0
assertj-core,15217,0,0.09581989049911503,0
assertj-core,13471,0,0.09581989049911503,0
assertj-core,11775,0,0.09581989049911503,0
assertj-core,15444,0,0.09581989049911503,0
assertj-core,14793,0,0.09581989049911503,0
assertj-core,17028,0,0.09581989049911503,0
assertj-core,15550,0,0.09581989049911503,0
assertj-core,12747,0,0.09581989049911503,0
assertj-core,12504,0,0.09581989049911503,0
assertj-core,17192,0,0.09581989049911503,0
assertj-core,16555,0,0.09581989049911503,0
assertj-core,14846,0,0.09581989049911503,0
assertj-core,14683,0,0.09581989049911503,0
assertj-core,11540,0,0.09581989049911503,0
assertj-core,15015,0,0.09581989049911503,0
assertj-core,14704,0,0.09581989049911503,0
assertj-core,11450,0,0.09581989049911503,0
assertj-core,16372,0,0.09581989049911503,0
assertj-core,12060,0,0.09581989049911503,0
assertj-core,14499,0,0.09581989049911503,0
assertj-core,16156,0,0.09581989049911503,0
assertj-core,17368,0,0.09581989049911503,0
assertj-core,14592,0,0.09581989049911503,0
assertj-core,14135,0,0.09581989049911503,0
assertj-core,16215,0,0.09581989049911503,0
assertj-core,11274,0,0.09581989049911503,0
assertj-core,14016,0,0.09581989049911503,0
assertj-core,15308,0,0.09581989049911503,0
assertj-core,13966,0,0.09581989049911503,0
assertj-core,11239,0,0.09581989049911503,0
assertj-core,16072,0,0.09581989049911503,0
assertj-core,13745,0,0.09581989049911503,0
assertj-core,16598,0,0.09581989049911503,0
assertj-core,13020,0,0.09581989049911503,0
assertj-core,12265,0,0.09581989049911503,0
assertj-core,11654,0,0.09581989049911503,0
assertj-core,14724,0,0.09581989049911503,0
assertj-core,12792,0,0.09581989049911503,0
assertj-core,15702,0,0.09581989049911503,0
assertj-core,13197,0,0.09581989049911503,0
assertj-core,12749,0,0.09581989049911503,0
assertj-core,11487,0,0.09581989049911503,0
assertj-core,14618,0,0.09581989049911503,0
assertj-core,13322,0,0.09581989049911503,0
assertj-core,11636,0,0.09581989049911503,0
assertj-core,11600,0,0.09581989049911503,0
assertj-core,17166,0,0.09581989049911503,0
assertj-core,13074,0,0.09581989049911503,0
assertj-core,15640,0,0.09581989049911503,0
assertj-core,11463,0,0.09581989049911503,0
assertj-core,16552,0,0.09581989049911503,0
assertj-core,17302,0,0.09581989049911503,0
assertj-core,12083,0,0.09581989049911503,0
assertj-core,11927,0,0.09581989049911503,0
assertj-core,16519,0,0.09581989049911503,0
assertj-core,16705,0,0.09581989049911503,0
assertj-core,11551,0,0.09581989049911503,0
assertj-core,14316,0,0.09581989049911503,0
assertj-core,11846,0,0.09581989049911503,0
assertj-core,13036,0,0.09581989049911503,0
assertj-core,13118,0,0.09581989049911503,0
assertj-core,14826,0,0.09581989049911503,0
assertj-core,11766,0,0.09581989049911503,0
assertj-core,13082,0,0.09581989049911503,0
assertj-core,11738,0,0.09581989049911503,0
assertj-core,12041,0,0.09581989049911503,0
assertj-core,14465,0,0.09581989049911503,0
assertj-core,13591,0,0.09581989049911503,0
assertj-core,11910,0,0.09581989049911503,0
assertj-core,14922,0,0.09581989049911503,0
assertj-core,15259,0,0.09581989049911503,0
assertj-core,15128,0,0.09581989049911503,0
assertj-core,12748,0,0.09581989049911503,0
assertj-core,15042,0,0.09581989049911503,0
assertj-core,11244,0,0.09581989049911503,0
assertj-core,16606,0,0.09581989049911503,0
assertj-core,16794,0,0.09581989049911503,0
assertj-core,11879,0,0.09581989049911503,0
assertj-core,15983,0,0.09581989049911503,0
assertj-core,14340,0,0.09581989049911503,0
assertj-core,12219,0,0.09581989049911503,0
assertj-core,15535,0,0.09581989049911503,0
assertj-core,13849,0,0.09581989049911503,0
assertj-core,16959,0,0.09581989049911503,0
assertj-core,15311,0,0.09581989049911503,0
assertj-core,16902,0,0.09581989049911503,0
assertj-core,16632,0,0.09581989049911503,0
assertj-core,13896,0,0.09581989049911503,0
assertj-core,13813,0,0.09581989049911503,0
assertj-core,12493,0,0.09581989049911503,0
assertj-core,12903,0,0.09581989049911503,0
assertj-core,15537,0,0.09581989049911503,0
assertj-core,16856,0,0.09581989049911503,0
assertj-core,13810,0,0.09581989049911503,0
assertj-core,14994,0,0.09581989049911503,0
assertj-core,14708,0,0.09581989049911503,0
assertj-core,11417,0,0.09581989049911503,0
assertj-core,14447,0,0.09581989049911503,0
assertj-core,11612,0,0.09581989049911503,0
assertj-core,11962,0,0.09581989049911503,0
assertj-core,16920,0,0.09581989049911503,0
assertj-core,17165,0,0.09581989049911503,0
assertj-core,15895,0,0.09581989049911503,0
assertj-core,14217,0,0.09581989049911503,0
assertj-core,15508,0,0.09581989049911503,0
assertj-core,16262,0,0.09581989049911503,0
assertj-core,11313,0,0.09581989049911503,0
assertj-core,16363,0,0.09581989049911503,0
assertj-core,13023,0,0.09581989049911503,0
assertj-core,12357,0,0.09581989049911503,0
assertj-core,17326,0,0.09581989049911503,0
assertj-core,14266,0,0.09581989049911503,0
assertj-core,17384,0,0.09581989049911503,0
assertj-core,14077,0,0.09581989049911503,0
assertj-core,15472,0,0.09581989049911503,0
assertj-core,13624,0,0.09581989049911503,0
assertj-core,16224,0,0.09581989049911503,0
assertj-core,16719,0,0.09581989049911503,0
assertj-core,16838,0,0.09581989049911503,0
assertj-core,16536,0,0.09581989049911503,0
assertj-core,15963,0,0.09581989049911503,0
assertj-core,16078,0,0.09581989049911503,0
assertj-core,16706,0,0.09581989049911503,0
assertj-core,12094,0,0.09581989049911503,0
assertj-core,13715,0,0.09581989049911503,0
assertj-core,15507,0,0.09581989049911503,0
assertj-core,12442,0,0.09581989049911503,0
assertj-core,12971,0,0.09581989049911503,0
assertj-core,12715,0,0.09581989049911503,0
assertj-core,13998,0,0.09581989049911503,0
assertj-core,12340,0,0.09581989049911503,0
assertj-core,12938,0,0.09581989049911503,0
assertj-core,11644,0,0.09581989049911503,0
assertj-core,16070,0,0.09581989049911503,0
assertj-core,17097,0,0.09581989049911503,0
assertj-core,15409,0,0.09581989049911503,0
assertj-core,12537,0,0.09581989049911503,0
assertj-core,11133,0,0.09581989049911503,0
assertj-core,16684,0,0.09581989049911503,0
assertj-core,15827,0,0.09581989049911503,0
assertj-core,12714,0,0.09581989049911503,0
assertj-core,13018,0,0.09581989049911503,0
assertj-core,14094,0,0.09581989049911503,0
assertj-core,14655,0,0.09581989049911503,0
assertj-core,11282,0,0.09581989049911503,0
assertj-core,16562,0,0.09581989049911503,0
assertj-core,12931,0,0.09581989049911503,0
assertj-core,14660,0,0.09581989049911503,0
assertj-core,16518,0,0.09581989049911503,0
assertj-core,14365,0,0.09581989049911503,0
assertj-core,13793,0,0.09581989049911503,0
assertj-core,14294,0,0.09581989049911503,0
assertj-core,16291,0,0.09581989049911503,0
assertj-core,11595,0,0.09581989049911503,0
assertj-core,11656,0,0.09581989049911503,0
assertj-core,11700,0,0.09581989049911503,0
assertj-core,12776,0,0.09581989049911503,0
assertj-core,16131,0,0.09581989049911503,0
assertj-core,14134,0,0.09581989049911503,0
assertj-core,13489,0,0.09581989049911503,0
assertj-core,15664,0,0.09581989049911503,0
assertj-core,11845,0,0.09581989049911503,0
assertj-core,11275,0,0.09581989049911503,0
assertj-core,13926,0,0.09581989049911503,0
assertj-core,15985,0,0.09581989049911503,0
assertj-core,16005,0,0.09581989049911503,0
assertj-core,16553,0,0.09581989049911503,0
assertj-core,11455,0,0.09581989049911503,0
assertj-core,16137,0,0.09581989049911503,0
assertj-core,14184,0,0.09581989049911503,0
assertj-core,13735,0,0.09581989049911503,0
assertj-core,13858,0,0.09581989049911503,0
assertj-core,15011,0,0.09581989049911503,0
assertj-core,16379,0,0.09581989049911503,0
assertj-core,12391,0,0.09581989049911503,0
assertj-core,11200,0,0.09581989049911503,0
assertj-core,13546,0,0.09581989049911503,0
assertj-core,15540,0,0.09581989049911503,0
assertj-core,17315,0,0.09581989049911503,0
assertj-core,12973,0,0.09581989049911503,0
assertj-core,13795,0,0.09581989049911503,0
assertj-core,11866,0,0.09581989049911503,0
assertj-core,12823,0,0.09581989049911503,0
assertj-core,15212,0,0.09581989049911503,0
assertj-core,16826,0,0.09581989049911503,0
assertj-core,15408,0,0.09581989049911503,0
assertj-core,11859,0,0.09581989049911503,0
assertj-core,13469,0,0.09581989049911503,0
assertj-core,14564,0,0.09581989049911503,0
assertj-core,15017,0,0.09581989049911503,0
assertj-core,17195,0,0.09581989049911503,0
assertj-core,15663,0,0.09581989049911503,0
assertj-core,12851,0,0.09581989049911503,0
assertj-core,16556,0,0.09581989049911503,0
assertj-core,13875,0,0.09581989049911503,0
assertj-core,15846,0,0.09581989049911503,0
assertj-core,14604,0,0.09581989049911503,0
assertj-core,13306,0,0.09581989049911503,0
assertj-core,11510,0,0.09581989049911503,0
assertj-core,12652,0,0.09581989049911503,0
assertj-core,13533,0,0.09581989049911503,0
assertj-core,14259,0,0.09581989049911503,0
assertj-core,17361,0,0.09581989049911503,0
assertj-core,17337,0,0.09581989049911503,0
assertj-core,11416,0,0.09581989049911503,0
assertj-core,16494,0,0.09581989049911503,0
assertj-core,16402,0,0.09581989049911503,0
assertj-core,15074,0,0.09581989049911503,0
assertj-core,14581,0,0.09581989049911503,0
assertj-core,13792,0,0.09581989049911503,0
assertj-core,16775,0,0.09581989049911503,0
assertj-core,15320,0,0.09581989049911503,0
assertj-core,11575,0,0.09581989049911503,0
assertj-core,11147,0,0.09581989049911503,0
assertj-core,12584,0,0.09581989049911503,0
assertj-core,11543,0,0.09581989049911503,0
assertj-core,14739,0,0.09581989049911503,0
assertj-core,12510,0,0.09581989049911503,0
assertj-core,16260,0,0.09581989049911503,0
assertj-core,11241,0,0.09581989049911503,0
assertj-core,12507,0,0.09581989049911503,0
assertj-core,12935,0,0.09581989049911503,0
assertj-core,14183,0,0.09581989049911503,0
assertj-core,17095,0,0.09581989049911503,0
assertj-core,11378,0,0.09581989049911503,0
assertj-core,11216,0,0.09581989049911503,0
assertj-core,14998,0,0.09581989049911503,0
assertj-core,14812,0,0.09581989049911503,0
assertj-core,14486,0,0.09581989049911503,0
assertj-core,14033,0,0.09581989049911503,0
assertj-core,12948,0,0.09581989049911503,0
assertj-core,15174,0,0.09581989049911503,0
assertj-core,12716,0,0.09581989049911503,0
assertj-core,12793,0,0.09581989049911503,0
assertj-core,15899,0,0.09581989049911503,0
assertj-core,16409,0,0.09581989049911503,0
assertj-core,12542,0,0.09581989049911503,0
assertj-core,15150,0,0.09581989049911503,0
assertj-core,13675,0,0.09581989049911503,0
assertj-core,15260,0,0.09581989049911503,0
assertj-core,15875,0,0.09581989049911503,0
assertj-core,11687,0,0.09581989049911503,0
assertj-core,14798,0,0.09581989049911503,0
assertj-core,15527,0,0.09581989049911503,0
assertj-core,13955,0,0.09581989049911503,0
assertj-core,11372,0,0.09581989049911503,0
assertj-core,11917,0,0.09581989049911503,0
assertj-core,16059,0,0.09581989049911503,0
assertj-core,13980,0,0.09581989049911503,0
assertj-core,16365,0,0.09581989049911503,0
assertj-core,12278,0,0.09581989049911503,0
assertj-core,12445,0,0.09581989049911503,0
assertj-core,15783,0,0.09581989049911503,0
assertj-core,11298,0,0.09581989049911503,0
assertj-core,11643,0,0.09581989049911503,0
assertj-core,12384,0,0.09581989049911503,0
assertj-core,16189,0,0.09581989049911503,0
assertj-core,14075,0,0.09581989049911503,0
assertj-core,14220,0,0.09581989049911503,0
assertj-core,14768,0,0.09581989049911503,0
assertj-core,11267,0,0.09581989049911503,0
assertj-core,16277,0,0.09581989049911503,0
assertj-core,13244,0,0.09581989049911503,0
assertj-core,16599,0,0.09581989049911503,0
assertj-core,13059,0,0.09581989049911503,0
assertj-core,13366,0,0.09581989049911503,0
assertj-core,12710,0,0.09581989049911503,0
assertj-core,12426,0,0.09581989049911503,0
assertj-core,13085,0,0.09581989049911503,0
assertj-core,14828,0,0.09581989049911503,0
assertj-core,12804,0,0.09581989049911503,0
assertj-core,15784,0,0.09581989049911503,0
assertj-core,15388,0,0.09581989049911503,0
assertj-core,15860,0,0.09581989049911503,0
assertj-core,17071,0,0.09581989049911503,0
assertj-core,14824,0,0.09581989049911503,0
assertj-core,12801,0,0.09581989049911503,0
assertj-core,13030,0,0.09581989049911503,0
assertj-core,12151,0,0.09581989049911503,0
assertj-core,14778,0,0.09581989049911503,0
assertj-core,17065,0,0.09581989049911503,0
assertj-core,11255,0,0.09581989049911503,0
assertj-core,16548,0,0.09581989049911503,0
assertj-core,17218,0,0.09581989049911503,0
assertj-core,15395,0,0.09581989049911503,0
assertj-core,16176,0,0.09581989049911503,0
assertj-core,17275,0,0.09581989049911503,0
assertj-core,16571,0,0.09581989049911503,0
assertj-core,13468,0,0.09581989049911503,0
assertj-core,14114,0,0.09581989049911503,0
assertj-core,14321,0,0.09581989049911503,0
assertj-core,15903,0,0.09581989049911503,0
assertj-core,12929,0,0.09581989049911503,0
assertj-core,11801,0,0.09581989049911503,0
assertj-core,14915,0,0.09581989049911503,0
assertj-core,11668,0,0.09581989049911503,0
assertj-core,16354,0,0.09581989049911503,0
assertj-core,14552,0,0.09581989049911503,0
assertj-core,14634,0,0.09581989049911503,0
assertj-core,11891,0,0.09581989049911503,0
assertj-core,14936,0,0.09581989049911503,0
assertj-core,13943,0,0.09581989049911503,0
assertj-core,14755,0,0.09581989049911503,0
assertj-core,12894,0,0.09581989049911503,0
assertj-core,15926,0,0.09581989049911503,0
assertj-core,13365,0,0.09581989049911503,0
assertj-core,16002,0,0.09581989049911503,0
assertj-core,17376,0,0.09581989049911503,0
assertj-core,15149,0,0.09581989049911503,0
assertj-core,13492,0,0.09581989049911503,0
assertj-core,16125,0,0.09581989049911503,0
assertj-core,14642,0,0.09581989049911503,0
assertj-core,12161,0,0.09581989049911503,0
assertj-core,12540,0,0.09581989049911503,0
assertj-core,13604,0,0.09581989049911503,0
assertj-core,16813,0,0.09581989049911503,0
assertj-core,16168,0,0.09581989049911503,0
assertj-core,15868,0,0.09581989049911503,0
assertj-core,14989,0,0.09581989049911503,0
assertj-core,11764,0,0.09581989049911503,0
assertj-core,12095,0,0.09581989049911503,0
assertj-core,11184,0,0.09581989049911503,0
assertj-core,14145,0,0.09581989049911503,0
assertj-core,12822,0,0.09581989049911503,0
assertj-core,11444,0,0.09581989049911503,0
assertj-core,11155,0,0.09581989049911503,0
assertj-core,16506,0,0.09581989049911503,0
assertj-core,14866,0,0.09581989049911503,0
assertj-core,15446,0,0.09581989049911503,0
assertj-core,12452,0,0.09581989049911503,0
assertj-core,12887,0,0.09581989049911503,0
assertj-core,12207,0,0.09581989049911503,0
assertj-core,16609,0,0.09581989049911503,0
assertj-core,12260,0,0.09581989049911503,0
assertj-core,13381,0,0.09581989049911503,0
assertj-core,13826,0,0.09581989049911503,0
assertj-core,11501,0,0.09581989049911503,0
assertj-core,13465,0,0.09581989049911503,0
assertj-core,14060,0,0.09581989049911503,0
assertj-core,15858,0,0.09581989049911503,0
assertj-core,13644,0,0.09581989049911503,0
assertj-core,13374,0,0.09581989049911503,0
assertj-core,13873,0,0.09581989049911503,0
assertj-core,11734,0,0.09581989049911503,0
assertj-core,12622,0,0.09581989049911503,0
assertj-core,17281,0,0.09581989049911503,0
assertj-core,17114,0,0.09581989049911503,0
assertj-core,11820,0,0.09581989049911503,0
assertj-core,12266,0,0.09581989049911503,0
assertj-core,14138,0,0.09581989049911503,0
assertj-core,15710,0,0.09581989049911503,0
assertj-core,12506,0,0.09581989049911503,0
assertj-core,16510,0,0.09581989049911503,0
assertj-core,15596,0,0.09581989049911503,0
assertj-core,15318,0,0.09581989049911503,0
assertj-core,11559,0,0.09581989049911503,0
assertj-core,12026,0,0.09581989049911503,0
assertj-core,13974,0,0.09581989049911503,0
assertj-core,15153,0,0.09581989049911503,0
assertj-core,15324,0,0.09581989049911503,0
assertj-core,17250,0,0.09581989049911503,0
assertj-core,13397,0,0.09581989049911503,0
assertj-core,11211,0,0.09581989049911503,0
assertj-core,13755,0,0.09581989049911503,0
assertj-core,16704,0,0.09581989049911503,0
assertj-core,13663,0,0.09581989049911503,0
assertj-core,15218,0,0.09581989049911503,0
assertj-core,17186,0,0.09581989049911503,0
assertj-core,17244,0,0.09581989049911503,0
assertj-core,14190,0,0.09581989049911503,0
assertj-core,13317,0,0.09581989049911503,0
assertj-core,12725,0,0.09581989049911503,0
assertj-core,12981,0,0.09581989049911503,0
assertj-core,11860,0,0.09581989049911503,0
assertj-core,13501,0,0.09581989049911503,0
assertj-core,11281,0,0.09581989049911503,0
assertj-core,15244,0,0.09581989049911503,0
assertj-core,11704,0,0.09581989049911503,0
assertj-core,15049,0,0.09581989049911503,0
assertj-core,13862,0,0.09581989049911503,0
assertj-core,11603,0,0.09581989049911503,0
assertj-core,15315,0,0.09581989049911503,0
assertj-core,14520,0,0.09581989049911503,0
assertj-core,12056,0,0.09581989049911503,0
assertj-core,17014,0,0.09581989049911503,0
assertj-core,15598,0,0.09581989049911503,0
assertj-core,13090,0,0.09581989049911503,0
assertj-core,14487,0,0.09581989049911503,0
assertj-core,16053,0,0.09581989049911503,0
assertj-core,14432,0,0.09581989049911503,0
assertj-core,14730,0,0.09581989049911503,0
assertj-core,16324,0,0.09581989049911503,0
assertj-core,13025,0,0.09581989049911503,0
assertj-core,12686,0,0.09581989049911503,0
assertj-core,14399,0,0.09581989049911503,0
assertj-core,13657,0,0.09581989049911503,0
assertj-core,15184,0,0.09581989049911503,0
assertj-core,14296,0,0.09581989049911503,0
assertj-core,16596,0,0.09581989049911503,0
assertj-core,12525,0,0.09581989049911503,0
assertj-core,15360,0,0.09581989049911503,0
assertj-core,11934,0,0.09581989049911503,0
assertj-core,13888,0,0.09581989049911503,0
assertj-core,15798,0,0.09581989049911503,0
assertj-core,17290,0,0.09581989049911503,0
assertj-core,14801,0,0.09581989049911503,0
assertj-core,11611,0,0.09581989049911503,0
assertj-core,11523,0,0.09581989049911503,0
assertj-core,16866,0,0.09581989049911503,0
assertj-core,12321,0,0.09581989049911503,0
assertj-core,17193,0,0.09581989049911503,0
assertj-core,11447,0,0.09581989049911503,0
assertj-core,11234,0,0.09581989049911503,0
assertj-core,13393,0,0.09581989049911503,0
assertj-core,15952,0,0.09581989049911503,0
assertj-core,16905,0,0.09581989049911503,0
assertj-core,17350,0,0.09581989049911503,0
assertj-core,14404,0,0.09581989049911503,0
assertj-core,12641,0,0.09581989049911503,0
assertj-core,15175,0,0.09581989049911503,0
assertj-core,17279,0,0.09581989049911503,0
assertj-core,13440,0,0.09581989049911503,0
assertj-core,14176,0,0.09581989049911503,0
assertj-core,13316,0,0.09581989049911503,0
assertj-core,16779,0,0.09581989049911503,0
assertj-core,17034,0,0.09581989049911503,0
assertj-core,13013,0,0.09581989049911503,0
assertj-core,12343,0,0.09581989049911503,0
assertj-core,15515,0,0.09581989049911503,0
assertj-core,15442,0,0.09581989049911503,0
assertj-core,12323,0,0.09581989049911503,0
assertj-core,12902,0,0.09581989049911503,0
assertj-core,13988,0,0.09581989049911503,0
assertj-core,13390,0,0.09581989049911503,0
assertj-core,13508,0,0.09581989049911503,0
assertj-core,16474,0,0.09581989049911503,0
assertj-core,14006,0,0.09581989049911503,0
assertj-core,13995,0,0.09581989049911503,0
assertj-core,11152,0,0.09581989049911503,0
assertj-core,12250,0,0.09581989049911503,0
assertj-core,12790,0,0.09581989049911503,0
assertj-core,12394,0,0.09581989049911503,0
assertj-core,12257,0,0.09581989049911503,0
assertj-core,17310,0,0.09581989049911503,0
assertj-core,16992,0,0.09581989049911503,0
assertj-core,12606,0,0.09581989049911503,0
assertj-core,13038,0,0.09581989049911503,0
assertj-core,14142,0,0.09581989049911503,0
assertj-core,15278,0,0.09581989049911503,0
assertj-core,13242,0,0.09581989049911503,0
assertj-core,15681,0,0.09581989049911503,0
assertj-core,12808,0,0.09581989049911503,0
assertj-core,14249,0,0.09581989049911503,0
assertj-core,16711,0,0.09581989049911503,0
assertj-core,13131,0,0.09581989049911503,0
assertj-core,12291,0,0.09581989049911503,0
assertj-core,15715,0,0.09581989049911503,0
assertj-core,16979,0,0.09581989049911503,0
assertj-core,15284,0,0.09581989049911503,0
assertj-core,13754,0,0.09581989049911503,0
assertj-core,15031,0,0.09581989049911503,0
assertj-core,14673,0,0.09581989049911503,0
assertj-core,14791,0,0.09581989049911503,0
assertj-core,13015,0,0.09581989049911503,0
assertj-core,13401,0,0.09581989049911503,0
assertj-core,14172,0,0.09581989049911503,0
assertj-core,12872,0,0.09581989049911503,0
assertj-core,11922,0,0.09581989049911503,0
assertj-core,14363,0,0.09581989049911503,0
assertj-core,16240,0,0.09581989049911503,0
assertj-core,11482,0,0.09581989049911503,0
assertj-core,13009,0,0.09581989049911503,0
assertj-core,12720,0,0.09581989049911503,0
assertj-core,14051,0,0.09581989049911503,0
assertj-core,11726,0,0.09581989049911503,0
assertj-core,11168,0,0.09581989049911503,0
assertj-core,14993,0,0.09581989049911503,0
assertj-core,16484,0,0.09581989049911503,0
assertj-core,11514,0,0.09581989049911503,0
assertj-core,17159,0,0.09581989049911503,0
assertj-core,12421,0,0.09581989049911503,0
assertj-core,13165,0,0.09581989049911503,0
assertj-core,14524,0,0.09581989049911503,0
assertj-core,17015,0,0.09581989049911503,0
assertj-core,16095,0,0.09581989049911503,0
assertj-core,15106,0,0.09581989049911503,0
assertj-core,13062,0,0.09581989049911503,0
assertj-core,12752,0,0.09581989049911503,0
assertj-core,12469,0,0.09581989049911503,0
assertj-core,11554,0,0.09581989049911503,0
assertj-core,15110,0,0.09581989049911503,0
assertj-core,16956,0,0.09581989049911503,0
assertj-core,13425,0,0.09581989049911503,0
assertj-core,14613,0,0.09581989049911503,0
assertj-core,14141,0,0.09581989049911503,0
assertj-core,13512,0,0.09581989049911503,0
assertj-core,15500,0,0.09581989049911503,0
assertj-core,16313,0,0.09581989049911503,0
assertj-core,16515,0,0.09581989049911503,0
assertj-core,16573,0,0.09581989049911503,0
assertj-core,16694,0,0.09581989049911503,0
assertj-core,11886,0,0.09581989049911503,0
assertj-core,14282,0,0.09581989049911503,0
assertj-core,15900,0,0.09581989049911503,0
assertj-core,17181,0,0.09581989049911503,0
assertj-core,13985,0,0.09581989049911503,0
assertj-core,11214,0,0.09581989049911503,0
assertj-core,14306,0,0.09581989049911503,0
assertj-core,13978,0,0.09581989049911503,0
assertj-core,16554,0,0.09581989049911503,0
assertj-core,16438,0,0.09581989049911503,0
assertj-core,14884,0,0.09581989049911503,0
assertj-core,15030,0,0.09581989049911503,0
assertj-core,12818,0,0.09581989049911503,0
assertj-core,17162,0,0.09581989049911503,0
assertj-core,16339,0,0.09581989049911503,0
assertj-core,15197,0,0.09581989049911503,0
assertj-core,17189,0,0.09581989049911503,0
assertj-core,15111,0,0.09581989049911503,0
assertj-core,11762,0,0.09581989049911503,0
assertj-core,17219,0,0.09581989049911503,0
assertj-core,12637,0,0.09581989049911503,0
assertj-core,14815,0,0.09581989049911503,0
assertj-core,12062,0,0.09581989049911503,0
assertj-core,16817,0,0.09581989049911503,0
assertj-core,12611,0,0.09581989049911503,0
assertj-core,12942,0,0.09581989049911503,0
assertj-core,16926,0,0.09581989049911503,0
assertj-core,15032,0,0.09581989049911503,0
assertj-core,15912,0,0.09581989049911503,0
assertj-core,11753,0,0.09581989049911503,0
assertj-core,16674,0,0.09581989049911503,0
assertj-core,14144,0,0.09581989049911503,0
assertj-core,16489,0,0.09581989049911503,0
assertj-core,16229,0,0.09581989049911503,0
assertj-core,15229,0,0.09581989049911503,0
assertj-core,15381,0,0.09581989049911503,0
assertj-core,16082,0,0.09581989049911503,0
assertj-core,16591,0,0.09581989049911503,0
assertj-core,16071,0,0.09581989049911503,0
assertj-core,12828,0,0.09581989049911503,0
assertj-core,12639,0,0.09581989049911503,0
assertj-core,15652,0,0.09581989049911503,0
assertj-core,12456,0,0.09581989049911503,0
assertj-core,16447,0,0.09581989049911503,0
assertj-core,16803,0,0.09581989049911503,0
assertj-core,13558,0,0.09581989049911503,0
assertj-core,14348,0,0.09581989049911503,0
assertj-core,13722,0,0.09581989049911503,0
assertj-core,13177,0,0.09581989049911503,0
assertj-core,14052,0,0.09581989049911503,0
assertj-core,15937,0,0.09581989049911503,0
assertj-core,12825,0,0.09581989049911503,0
assertj-core,14963,0,0.09581989049911503,0
assertj-core,12664,0,0.09581989049911503,0
assertj-core,12292,0,0.09581989049911503,0
assertj-core,16693,0,0.09581989049911503,0
assertj-core,11503,0,0.09581989049911503,0
assertj-core,16046,0,0.09581989049911503,0
assertj-core,16601,0,0.09581989049911503,0
assertj-core,14858,0,0.09581989049911503,0
assertj-core,11409,0,0.09581989049911503,0
assertj-core,17252,0,0.09581989049911503,0
assertj-core,14980,0,0.09581989049911503,0
assertj-core,14378,0,0.09581989049911503,0
assertj-core,14330,0,0.09581989049911503,0
assertj-core,15680,0,0.09581989049911503,0
assertj-core,11181,0,0.09581989049911503,0
assertj-core,12990,0,0.09581989049911503,0
assertj-core,16922,0,0.09581989049911503,0
assertj-core,12113,0,0.09581989049911503,0
assertj-core,13233,0,0.09581989049911503,0
assertj-core,13088,0,0.09581989049911503,0
assertj-core,14090,0,0.09581989049911503,0
assertj-core,16013,0,0.09581989049911503,0
assertj-core,16586,0,0.09581989049911503,0
assertj-core,13548,0,0.09581989049911503,0
assertj-core,13255,0,0.09581989049911503,0
assertj-core,16271,0,0.09581989049911503,0
assertj-core,16488,0,0.09581989049911503,0
assertj-core,17035,0,0.09581989049911503,0
assertj-core,17129,0,0.09581989049911503,0
assertj-core,12549,0,0.09581989049911503,0
assertj-core,15904,0,0.09581989049911503,0
assertj-core,14019,0,0.09581989049911503,0
assertj-core,13971,0,0.09581989049911503,0
assertj-core,11381,0,0.09581989049911503,0
assertj-core,15526,0,0.09581989049911503,0
assertj-core,16789,0,0.09581989049911503,0
assertj-core,16857,0,0.09581989049911503,0
assertj-core,12173,0,0.09581989049911503,0
assertj-core,16502,0,0.09581989049911503,0
assertj-core,14179,0,0.09581989049911503,0
assertj-core,14256,0,0.09581989049911503,0
assertj-core,15602,0,0.09581989049911503,0
assertj-core,12204,0,0.09581989049911503,0
assertj-core,13313,0,0.09581989049911503,0
assertj-core,15497,0,0.09581989049911503,0
assertj-core,11218,0,0.09581989049911503,0
assertj-core,11176,0,0.09581989049911503,0
assertj-core,15676,0,0.09581989049911503,0
assertj-core,11652,0,0.09581989049911503,0
assertj-core,17233,0,0.09581989049911503,0
assertj-core,13711,0,0.09581989049911503,0
assertj-core,14181,0,0.09581989049911503,0
assertj-core,17202,0,0.09581989049911503,0
assertj-core,13526,0,0.09581989049911503,0
assertj-core,13864,0,0.09581989049911503,0
assertj-core,15615,0,0.09581989049911503,0
assertj-core,15575,0,0.09581989049911503,0
assertj-core,12320,0,0.09581989049911503,0
assertj-core,13894,0,0.09581989049911503,0
assertj-core,15277,0,0.09581989049911503,0
assertj-core,16217,0,0.09581989049911503,0
assertj-core,16923,0,0.09581989049911503,0
assertj-core,13936,0,0.09581989049911503,0
assertj-core,16478,0,0.09581989049911503,0
assertj-core,12598,0,0.09581989049911503,0
assertj-core,13522,0,0.09581989049911503,0
assertj-core,16842,0,0.09581989049911503,0
assertj-core,13698,0,0.09581989049911503,0
assertj-core,13273,0,0.09581989049911503,0
assertj-core,13108,0,0.09581989049911503,0
assertj-core,12234,0,0.09581989049911503,0
assertj-core,11653,0,0.09581989049911503,0
assertj-core,15705,0,0.09581989049911503,0
assertj-core,13214,0,0.09581989049911503,0
assertj-core,15795,0,0.09581989049911503,0
assertj-core,11405,0,0.09581989049911503,0
assertj-core,16839,0,0.09581989049911503,0
assertj-core,11499,0,0.09581989049911503,0
assertj-core,17387,0,0.09581989049911503,0
assertj-core,16221,0,0.09581989049911503,0
assertj-core,14899,0,0.09581989049911503,0
assertj-core,12418,0,0.09581989049911503,0
assertj-core,15718,0,0.09581989049911503,0
assertj-core,16133,0,0.09581989049911503,0
assertj-core,14310,0,0.09581989049911503,0
assertj-core,12724,0,0.09581989049911503,0
assertj-core,12843,0,0.09581989049911503,0
assertj-core,16100,0,0.09581989049911503,0
assertj-core,14390,0,0.09581989049911503,0
assertj-core,15975,0,0.09581989049911503,0
assertj-core,16212,0,0.09581989049911503,0
assertj-core,17068,0,0.09581989049911503,0
assertj-core,12397,0,0.09581989049911503,0
assertj-core,11195,0,0.09581989049911503,0
assertj-core,13517,0,0.09581989049911503,0
assertj-core,13941,0,0.09581989049911503,0
assertj-core,15751,0,0.09581989049911503,0
assertj-core,13044,0,0.09581989049911503,0
assertj-core,11271,0,0.09581989049911503,0
assertj-core,14391,0,0.09581989049911503,0
assertj-core,16949,0,0.09581989049911503,0
assertj-core,14648,0,0.09581989049911503,0
assertj-core,14843,0,0.09581989049911503,0
assertj-core,16753,0,0.09581989049911503,0
assertj-core,15658,0,0.09581989049911503,0
assertj-core,14678,0,0.09581989049911503,0
assertj-core,16054,0,0.09581989049911503,0
assertj-core,11348,0,0.09581989049911503,0
assertj-core,15720,0,0.09581989049911503,0
assertj-core,17133,0,0.09581989049911503,0
assertj-core,16717,0,0.09581989049911503,0
assertj-core,13961,0,0.09581989049911503,0
assertj-core,15091,0,0.09581989049911503,0
assertj-core,17056,0,0.09581989049911503,0
assertj-core,16592,0,0.09581989049911503,0
assertj-core,12898,0,0.09581989049911503,0
assertj-core,15921,0,0.09581989049911503,0
assertj-core,11483,0,0.09581989049911503,0
assertj-core,12270,0,0.09581989049911503,0
assertj-core,14216,0,0.09581989049911503,0
assertj-core,12660,0,0.09581989049911503,0
assertj-core,13721,0,0.09581989049911503,0
assertj-core,13363,0,0.09581989049911503,0
assertj-core,13410,0,0.09581989049911503,0
assertj-core,13061,0,0.09581989049911503,0
assertj-core,12487,0,0.09581989049911503,0
assertj-core,15470,0,0.09581989049911503,0
assertj-core,16274,0,0.09581989049911503,0
assertj-core,17380,0,0.09581989049911503,0
assertj-core,11164,0,0.09581989049911503,0
assertj-core,16162,0,0.09581989049911503,0
assertj-core,13193,0,0.09581989049911503,0
assertj-core,11469,0,0.09581989049911503,0
assertj-core,13408,0,0.09581989049911503,0
assertj-core,12585,0,0.09581989049911503,0
assertj-core,13039,0,0.09581989049911503,0
assertj-core,12681,0,0.09581989049911503,0
assertj-core,16211,0,0.09581989049911503,0
assertj-core,16406,0,0.09581989049911503,0
assertj-core,17177,0,0.09581989049911503,0
assertj-core,15503,0,0.09581989049911503,0
assertj-core,15649,0,0.09581989049911503,0
assertj-core,13133,0,0.09581989049911503,0
assertj-core,12477,0,0.09581989049911503,0
assertj-core,14422,0,0.09581989049911503,0
assertj-core,11486,0,0.09581989049911503,0
assertj-core,13445,0,0.09581989049911503,0
assertj-core,16092,0,0.09581989049911503,0
assertj-core,16744,0,0.09581989049911503,0
assertj-core,15891,0,0.09581989049911503,0
assertj-core,11630,0,0.09581989049911503,0
assertj-core,14005,0,0.09581989049911503,0
assertj-core,16580,0,0.09581989049911503,0
assertj-core,11610,0,0.09581989049911503,0
assertj-core,17238,0,0.09581989049911503,0
assertj-core,15788,0,0.09581989049911503,0
assertj-core,11773,0,0.09581989049911503,0
assertj-core,11544,0,0.09581989049911503,0
assertj-core,12136,0,0.09581989049911503,0
assertj-core,13799,0,0.09581989049911503,0
assertj-core,12806,0,0.09581989049911503,0
assertj-core,16516,0,0.09581989049911503,0
assertj-core,13557,0,0.09581989049911503,0
assertj-core,16877,0,0.09581989049911503,0
assertj-core,14174,0,0.09581989049911503,0
assertj-core,16057,0,0.09581989049911503,0
assertj-core,11893,0,0.09581989049911503,0
assertj-core,13079,0,0.09581989049911503,0
assertj-core,13127,0,0.09581989049911503,0
assertj-core,11586,0,0.09581989049911503,0
assertj-core,11312,0,0.09581989049911503,0
assertj-core,12815,0,0.09581989049911503,0
assertj-core,12326,0,0.09581989049911503,0
assertj-core,11557,0,0.09581989049911503,0
assertj-core,13554,0,0.09581989049911503,0
assertj-core,12410,0,0.09581989049911503,0
assertj-core,11857,0,0.09581989049911503,0
assertj-core,15346,0,0.09581989049911503,0
assertj-core,11721,0,0.09581989049911503,0
assertj-core,13270,0,0.09581989049911503,0
assertj-core,14043,0,0.09581989049911503,0
assertj-core,15486,0,0.09581989049911503,0
assertj-core,13168,0,0.09581989049911503,0
assertj-core,15981,0,0.09581989049911503,0
assertj-core,12962,0,0.09581989049911503,0
assertj-core,12876,0,0.09581989049911503,0
assertj-core,15113,0,0.09581989049911503,0
assertj-core,14939,0,0.09581989049911503,0
assertj-core,13572,0,0.09581989049911503,0
assertj-core,13192,0,0.09581989049911503,0
assertj-core,11484,0,0.09581989049911503,0
assertj-core,14833,0,0.09581989049911503,0
assertj-core,13925,0,0.09581989049911503,0
assertj-core,13885,0,0.09581989049911503,0
assertj-core,17118,0,0.09581989049911503,0
assertj-core,15487,0,0.09581989049911503,0
assertj-core,12607,0,0.09581989049911503,0
assertj-core,15691,0,0.09581989049911503,0
assertj-core,12223,0,0.09581989049911503,0
assertj-core,16179,0,0.09581989049911503,0
assertj-core,13600,0,0.09581989049911503,0
assertj-core,13960,0,0.09581989049911503,0
assertj-core,13238,0,0.09581989049911503,0
assertj-core,11250,0,0.09581989049911503,0
assertj-core,11309,0,0.09581989049911503,0
assertj-core,12226,0,0.09581989049911503,0
assertj-core,16396,0,0.09581989049911503,0
assertj-core,11340,0,0.09581989049911503,0
assertj-core,15700,0,0.09581989049911503,0
assertj-core,17217,0,0.09581989049911503,0
assertj-core,15406,0,0.09581989049911503,0
assertj-core,11735,0,0.09581989049911503,0
assertj-core,13667,0,0.09581989049911503,0
assertj-core,13683,0,0.09581989049911503,0
assertj-core,13935,0,0.09581989049911503,0
assertj-core,12592,0,0.09581989049911503,0
assertj-core,11307,0,0.09581989049911503,0
assertj-core,16171,0,0.09581989049911503,0
assertj-core,16900,0,0.09581989049911503,0
assertj-core,15089,0,0.09581989049911503,0
assertj-core,12989,0,0.09581989049911503,0
assertj-core,12414,0,0.09581989049911503,0
assertj-core,13017,0,0.09581989049911503,0
assertj-core,15815,0,0.09581989049911503,0
assertj-core,16143,0,0.09581989049911503,0
assertj-core,16300,0,0.09581989049911503,0
assertj-core,17020,0,0.09581989049911503,0
assertj-core,15354,0,0.09581989049911503,0
assertj-core,13655,0,0.09581989049911503,0
assertj-core,14582,0,0.09581989049911503,0
assertj-core,14155,0,0.09581989049911503,0
assertj-core,12107,0,0.09581989049911503,0
assertj-core,15750,0,0.09581989049911503,0
assertj-core,12773,0,0.09581989049911503,0
assertj-core,15390,0,0.09581989049911503,0
assertj-core,12144,0,0.09581989049911503,0
assertj-core,15733,0,0.09581989049911503,0
assertj-core,17108,0,0.09581989049911503,0
assertj-core,11199,0,0.09581989049911503,0
assertj-core,15216,0,0.09581989049911503,0
assertj-core,14667,0,0.09581989049911503,0
assertj-core,13348,0,0.09581989049911503,0
assertj-core,16183,0,0.09581989049911503,0
assertj-core,12996,0,0.09581989049911503,0
assertj-core,16236,0,0.09581989049911503,0
assertj-core,16243,0,0.09581989049911503,0
assertj-core,15026,0,0.09581989049911503,0
assertj-core,16158,0,0.09581989049911503,0
assertj-core,12324,0,0.09581989049911503,0
assertj-core,16560,0,0.09581989049911503,0
assertj-core,12978,0,0.09581989049911503,0
assertj-core,15842,0,0.09581989049911503,0
assertj-core,11705,0,0.09581989049911503,0
assertj-core,15297,0,0.09581989049911503,0
assertj-core,16543,0,0.09581989049911503,0
assertj-core,12230,0,0.09581989049911503,0
assertj-core,15117,0,0.09581989049911503,0
assertj-core,11895,0,0.09581989049911503,0
assertj-core,14293,0,0.09581989049911503,0
assertj-core,15731,0,0.09581989049911503,0
assertj-core,16337,0,0.09581989049911503,0
assertj-core,11140,0,0.09581989049911503,0
assertj-core,11769,0,0.09581989049911503,0
assertj-core,16975,0,0.09581989049911503,0
assertj-core,15558,0,0.09581989049911503,0
assertj-core,14888,0,0.09581989049911503,0
assertj-core,16270,0,0.09581989049911503,0
assertj-core,16879,0,0.09581989049911503,0
assertj-core,16875,0,0.09581989049911503,0
assertj-core,14497,0,0.09581989049911503,0
assertj-core,13260,0,0.09581989049911503,0
assertj-core,15262,0,0.09581989049911503,0
assertj-core,14625,0,0.09581989049911503,0
assertj-core,14774,0,0.09581989049911503,0
assertj-core,11816,0,0.09581989049911503,0
assertj-core,16022,0,0.09581989049911503,0
assertj-core,14200,0,0.09581989049911503,0
assertj-core,13499,0,0.09581989049911503,0
assertj-core,12470,0,0.09581989049911503,0
assertj-core,16683,0,0.09581989049911503,0
assertj-core,14513,0,0.09581989049911503,0
assertj-core,13228,0,0.09581989049911503,0
assertj-core,16146,0,0.09581989049911503,0
assertj-core,12101,0,0.09581989049911503,0
assertj-core,16906,0,0.09581989049911503,0
assertj-core,14300,0,0.09581989049911503,0
assertj-core,15746,0,0.09581989049911503,0
assertj-core,12547,0,0.09581989049911503,0
assertj-core,15291,0,0.09581989049911503,0
assertj-core,16245,0,0.09581989049911503,0
assertj-core,15990,0,0.09581989049911503,0
assertj-core,15063,0,0.09581989049911503,0
assertj-core,15986,0,0.09581989049911503,0
assertj-core,13516,0,0.09581989049911503,0
assertj-core,15034,0,0.09581989049911503,0
assertj-core,15959,0,0.09581989049911503,0
assertj-core,13628,0,0.09581989049911503,0
assertj-core,11993,0,0.09581989049911503,0
assertj-core,17358,0,0.09581989049911503,0
assertj-core,13315,0,0.09581989049911503,0
assertj-core,14067,0,0.09581989049911503,0
assertj-core,12398,0,0.09581989049911503,0
assertj-core,11671,0,0.09581989049911503,0
assertj-core,11573,0,0.09581989049911503,0
assertj-core,12888,0,0.09581989049911503,0
assertj-core,11191,0,0.09581989049911503,0
assertj-core,11783,0,0.09581989049911503,0
assertj-core,16507,0,0.09581989049911503,0
assertj-core,15087,0,0.09581989049911503,0
assertj-core,15785,0,0.09581989049911503,0
assertj-core,15328,0,0.09581989049911503,0
assertj-core,16993,0,0.09581989049911503,0
assertj-core,12544,0,0.09581989049911503,0
assertj-core,12741,0,0.09581989049911503,0
assertj-core,13276,0,0.09581989049911503,0
assertj-core,14781,0,0.09581989049911503,0
assertj-core,14902,0,0.09581989049911503,0
assertj-core,13596,0,0.09581989049911503,0
assertj-core,17041,0,0.09581989049911503,0
assertj-core,15465,0,0.09581989049911503,0
assertj-core,15974,0,0.09581989049911503,0
assertj-core,13150,0,0.09581989049911503,0
assertj-core,13405,0,0.09581989049911503,0
assertj-core,13756,0,0.09581989049911503,0
assertj-core,12833,0,0.09581989049911503,0
assertj-core,14411,0,0.09581989049911503,0
assertj-core,14453,0,0.09581989049911503,0
assertj-core,15463,0,0.09581989049911503,0
assertj-core,15867,0,0.09581989049911503,0
assertj-core,12880,0,0.09581989049911503,0
assertj-core,15272,0,0.09581989049911503,0
assertj-core,12834,0,0.09581989049911503,0
assertj-core,14971,0,0.09581989049911503,0
assertj-core,15995,0,0.09581989049911503,0
assertj-core,15738,0,0.09581989049911503,0
assertj-core,15135,0,0.09581989049911503,0
assertj-core,17149,0,0.09581989049911503,0
assertj-core,12034,0,0.09581989049911503,0
assertj-core,12972,0,0.09581989049911503,0
assertj-core,12490,0,0.09581989049911503,0
assertj-core,12745,0,0.09581989049911503,0
assertj-core,15413,0,0.09581989049911503,0
assertj-core,15711,0,0.09581989049911503,0
assertj-core,13984,0,0.09581989049911503,0
assertj-core,14410,0,0.09581989049911503,0
assertj-core,12399,0,0.09581989049911503,0
assertj-core,15056,0,0.09581989049911503,0
assertj-core,14500,0,0.09581989049911503,0
assertj-core,16001,0,0.09581989049911503,0
assertj-core,14319,0,0.09581989049911503,0
assertj-core,16273,0,0.09581989049911503,0
assertj-core,13140,0,0.09581989049911503,0
assertj-core,12164,0,0.09581989049911503,0
assertj-core,14462,0,0.09581989049911503,0
assertj-core,12348,0,0.09581989049911503,0
assertj-core,13771,0,0.09581989049911503,0
assertj-core,15584,0,0.09581989049911503,0
assertj-core,12166,0,0.09581989049911503,0
assertj-core,14323,0,0.09581989049911503,0
assertj-core,15043,0,0.09581989049911503,0
assertj-core,11193,0,0.09581989049911503,0
assertj-core,11373,0,0.09581989049911503,0
assertj-core,12882,0,0.09581989049911503,0
assertj-core,13430,0,0.09581989049911503,0
assertj-core,15772,0,0.09581989049911503,0
assertj-core,13032,0,0.09581989049911503,0
assertj-core,11303,0,0.09581989049911503,0
assertj-core,16258,0,0.09581989049911503,0
assertj-core,14862,0,0.09581989049911503,0
assertj-core,16259,0,0.09581989049911503,0
assertj-core,12349,0,0.09581989049911503,0
assertj-core,16034,0,0.09581989049911503,0
assertj-core,15767,0,0.09581989049911503,0
assertj-core,14099,0,0.09581989049911503,0
assertj-core,12896,0,0.09581989049911503,0
assertj-core,13674,0,0.09581989049911503,0
assertj-core,16440,0,0.09581989049911503,0
assertj-core,12740,0,0.09581989049911503,0
assertj-core,17201,0,0.09581989049911503,0
assertj-core,14780,0,0.09581989049911503,0
assertj-core,14553,0,0.09581989049911503,0
assertj-core,15037,0,0.09581989049911503,0
assertj-core,14119,0,0.09581989049911503,0
assertj-core,16163,0,0.09581989049911503,0
assertj-core,14370,0,0.09581989049911503,0
assertj-core,12558,0,0.09581989049911503,0
assertj-core,12541,0,0.09581989049911503,0
assertj-core,12554,0,0.09581989049911503,0
assertj-core,15009,0,0.09581989049911503,0
assertj-core,13157,0,0.09581989049911503,0
assertj-core,15800,0,0.09581989049911503,0
assertj-core,14327,0,0.09581989049911503,0
assertj-core,17171,0,0.09581989049911503,0
assertj-core,13994,0,0.09581989049911503,0
assertj-core,11207,0,0.09581989049911503,0
assertj-core,15695,0,0.09581989049911503,0
assertj-core,14328,0,0.09581989049911503,0
assertj-core,11446,0,0.09581989049911503,0
assertj-core,16947,0,0.09581989049911503,0
assertj-core,14637,0,0.09581989049911503,0
assertj-core,14802,0,0.09581989049911503,0
assertj-core,13897,0,0.09581989049911503,0
assertj-core,13946,0,0.09581989049911503,0
assertj-core,13346,0,0.09581989049911503,0
assertj-core,15399,0,0.09581989049911503,0
assertj-core,15922,0,0.09581989049911503,0
assertj-core,12040,0,0.09581989049911503,0
assertj-core,16469,0,0.09581989049911503,0
assertj-core,15160,0,0.09581989049911503,0
assertj-core,11170,0,0.09581989049911503,0
assertj-core,16039,0,0.09581989049911503,0
assertj-core,16896,0,0.09581989049911503,0
assertj-core,12023,0,0.09581989049911503,0
assertj-core,16958,0,0.09581989049911503,0
assertj-core,12180,0,0.09581989049911503,0
assertj-core,14322,0,0.09581989049911503,0
assertj-core,12839,0,0.09581989049911503,0
assertj-core,15927,0,0.09581989049911503,0
assertj-core,12027,0,0.09581989049911503,0
assertj-core,14759,0,0.09581989049911503,0
assertj-core,13841,0,0.09581989049911503,0
assertj-core,15953,0,0.09581989049911503,0
assertj-core,12799,0,0.09581989049911503,0
assertj-core,13026,0,0.09581989049911503,0
assertj-core,12178,0,0.09581989049911503,0
assertj-core,12330,0,0.09581989049911503,0
assertj-core,15223,0,0.09581989049911503,0
assertj-core,15263,0,0.09581989049911503,0
assertj-core,15029,0,0.09581989049911503,0
assertj-core,13776,0,0.09581989049911503,0
assertj-core,14837,0,0.09581989049911503,0
assertj-core,11515,0,0.09581989049911503,0
assertj-core,16460,0,0.09581989049911503,0
assertj-core,14635,0,0.09581989049911503,0
assertj-core,16804,0,0.09581989049911503,0
assertj-core,16977,0,0.09581989049911503,0
assertj-core,15820,0,0.09581989049911503,0
assertj-core,15401,0,0.09581989049911503,0
assertj-core,13314,0,0.09581989049911503,0
assertj-core,12672,0,0.09581989049911503,0
assertj-core,12722,0,0.09581989049911503,0
assertj-core,16312,0,0.09581989049911503,0
assertj-core,11899,0,0.09581989049911503,0
assertj-core,12883,0,0.09581989049911503,0
assertj-core,14671,0,0.09581989049911503,0
assertj-core,17120,0,0.09581989049911503,0
assertj-core,16011,0,0.09581989049911503,0
assertj-core,13418,0,0.09581989049911503,0
assertj-core,13342,0,0.09581989049911503,0
assertj-core,16500,0,0.09581989049911503,0
assertj-core,12515,0,0.09581989049911503,0
assertj-core,15771,0,0.09581989049911503,0
assertj-core,15946,0,0.09581989049911503,0
assertj-core,17276,0,0.09581989049911503,0
assertj-core,15445,0,0.09581989049911503,0
assertj-core,11963,0,0.09581989049911503,0
assertj-core,11840,0,0.09581989049911503,0
assertj-core,11613,0,0.09581989049911503,0
assertj-core,13541,0,0.09581989049911503,0
assertj-core,12858,0,0.09581989049911503,0
assertj-core,17179,0,0.09581989049911503,0
assertj-core,16368,0,0.09581989049911503,0
assertj-core,11246,0,0.09581989049911503,0
assertj-core,16919,0,0.09581989049911503,0
assertj-core,12143,0,0.09581989049911503,0
assertj-core,16849,0,0.09581989049911503,0
assertj-core,11928,0,0.09581989049911503,0
assertj-core,16997,0,0.09581989049911503,0
assertj-core,16206,0,0.09581989049911503,0
assertj-core,11474,0,0.09581989049911503,0
assertj-core,14596,0,0.09581989049911503,0
assertj-core,11622,0,0.09581989049911503,0
assertj-core,13147,0,0.09581989049911503,0
assertj-core,16718,0,0.09581989049911503,0
assertj-core,17136,0,0.09581989049911503,0
assertj-core,14965,0,0.09581989049911503,0
assertj-core,11956,0,0.09581989049911503,0
assertj-core,14168,0,0.09581989049911503,0
assertj-core,14954,0,0.09581989049911503,0
assertj-core,13737,0,0.09581989049911503,0
assertj-core,14367,0,0.09581989049911503,0
assertj-core,11318,0,0.09581989049911503,0
assertj-core,16725,0,0.09581989049911503,0
assertj-core,13708,0,0.09581989049911503,0
assertj-core,16940,0,0.09581989049911503,0
assertj-core,11346,0,0.09581989049911503,0
assertj-core,11392,0,0.09581989049911503,0
assertj-core,12396,0,0.09581989049911503,0
assertj-core,14253,0,0.09581989049911503,0
assertj-core,12353,0,0.09581989049911503,0
assertj-core,13241,0,0.09581989049911503,0
assertj-core,15686,0,0.09581989049911503,0
assertj-core,15889,0,0.09581989049911503,0
assertj-core,16459,0,0.09581989049911503,0
assertj-core,14953,0,0.09581989049911503,0
assertj-core,16593,0,0.09581989049911503,0
assertj-core,17146,0,0.09581989049911503,0
assertj-core,11394,0,0.09581989049911503,0
assertj-core,12536,0,0.09581989049911503,0
assertj-core,13609,0,0.09581989049911503,0
assertj-core,12886,0,0.09581989049911503,0
assertj-core,14020,0,0.09581989049911503,0
assertj-core,15636,0,0.09581989049911503,0
assertj-core,17392,0,0.09581989049911503,0
assertj-core,11785,0,0.09581989049911503,0
assertj-core,12884,0,0.09581989049911503,0
assertj-core,14132,0,0.09581989049911503,0
assertj-core,17393,0,0.09581989049911503,0
assertj-core,17382,0,0.09581989049911503,0
assertj-core,17005,0,0.09581989049911503,0
assertj-core,12430,0,0.09581989049911503,0
assertj-core,16610,0,0.09581989049911503,0
assertj-core,12649,0,0.09581989049911503,0
assertj-core,15790,0,0.09581989049911503,0
assertj-core,16101,0,0.09581989049911503,0
assertj-core,11710,0,0.09581989049911503,0
assertj-core,15008,0,0.09581989049911503,0
assertj-core,14431,0,0.09581989049911503,0
assertj-core,11388,0,0.09581989049911503,0
assertj-core,14643,0,0.09581989049911503,0
assertj-core,12082,0,0.09581989049911503,0
assertj-core,13649,0,0.09581989049911503,0
assertj-core,13910,0,0.09581989049911503,0
assertj-core,14930,0,0.09581989049911503,0
assertj-core,11507,0,0.09581989049911503,0
assertj-core,17283,0,0.09581989049911503,0
assertj-core,15853,0,0.09581989049911503,0
assertj-core,14240,0,0.09581989049911503,0
assertj-core,12135,0,0.09581989049911503,0
assertj-core,13427,0,0.09581989049911503,0
assertj-core,11795,0,0.09581989049911503,0
assertj-core,16031,0,0.09581989049911503,0
assertj-core,11730,0,0.09581989049911503,0
assertj-core,13964,0,0.09581989049911503,0
assertj-core,16862,0,0.09581989049911503,0
assertj-core,11496,0,0.09581989049911503,0
assertj-core,16164,0,0.09581989049911503,0
assertj-core,15461,0,0.09581989049911503,0
assertj-core,16577,0,0.09581989049911503,0
assertj-core,12451,0,0.09581989049911503,0
assertj-core,13718,0,0.09581989049911503,0
assertj-core,15196,0,0.09581989049911503,0
assertj-core,17388,0,0.09581989049911503,0
assertj-core,11975,0,0.09581989049911503,0
assertj-core,16433,0,0.09581989049911503,0
assertj-core,13801,0,0.09581989049911503,0
assertj-core,14335,0,0.09581989049911503,0
assertj-core,11304,0,0.09581989049911503,0
assertj-core,12979,0,0.09581989049911503,0
assertj-core,14364,0,0.09581989049911503,0
assertj-core,12154,0,0.09581989049911503,0
assertj-core,15979,0,0.09581989049911503,0
assertj-core,11449,0,0.09581989049911503,0
assertj-core,15841,0,0.09581989049911503,0
assertj-core,11477,0,0.09581989049911503,0
assertj-core,11844,0,0.09581989049911503,0
assertj-core,16261,0,0.09581989049911503,0
assertj-core,14593,0,0.09581989049911503,0
assertj-core,12241,0,0.09581989049911503,0
assertj-core,15506,0,0.09581989049911503,0
assertj-core,11410,0,0.09581989049911503,0
assertj-core,15237,0,0.09581989049911503,0
assertj-core,15147,0,0.09581989049911503,0
assertj-core,13372,0,0.09581989049911503,0
assertj-core,12915,0,0.09581989049911503,0
assertj-core,17251,0,0.09581989049911503,0
assertj-core,12419,0,0.09581989049911503,0
assertj-core,16155,0,0.09581989049911503,0
assertj-core,17280,0,0.09581989049911503,0
assertj-core,12500,0,0.09581989049911503,0
assertj-core,11361,0,0.09581989049911503,0
assertj-core,14068,0,0.09581989049911503,0
assertj-core,11722,0,0.09581989049911503,0
assertj-core,15562,0,0.09581989049911503,0
assertj-core,14619,0,0.09581989049911503,0
assertj-core,14137,0,0.09581989049911503,0
assertj-core,15684,0,0.09581989049911503,0
assertj-core,11535,0,0.09581989049911503,0
assertj-core,15045,0,0.09581989049911503,0
assertj-core,14893,0,0.09581989049911503,0
assertj-core,15808,0,0.09581989049911503,0
assertj-core,13805,0,0.09581989049911503,0
assertj-core,16432,0,0.09581989049911503,0
assertj-core,15837,0,0.09581989049911503,0
assertj-core,15818,0,0.09581989049911503,0
assertj-core,15167,0,0.09581989049911503,0
assertj-core,11560,0,0.09581989049911503,0
assertj-core,14214,0,0.09581989049911503,0
assertj-core,14829,0,0.09581989049911503,0
assertj-core,14092,0,0.09581989049911503,0
assertj-core,11253,0,0.09581989049911503,0
assertj-core,16204,0,0.09581989049911503,0
assertj-core,16384,0,0.09581989049911503,0
assertj-core,13503,0,0.09581989049911503,0
assertj-core,14566,0,0.09581989049911503,0
assertj-core,11943,0,0.09581989049911503,0
assertj-core,13402,0,0.09581989049911503,0
assertj-core,12222,0,0.09581989049911503,0
assertj-core,12519,0,0.09581989049911503,0
assertj-core,14630,0,0.09581989049911503,0
assertj-core,14744,0,0.09581989049911503,0
assertj-core,16769,0,0.09581989049911503,0
assertj-core,12619,0,0.09581989049911503,0
assertj-core,16060,0,0.09581989049911503,0
assertj-core,16836,0,0.09581989049911503,0
assertj-core,14298,0,0.09581989049911503,0
assertj-core,13577,0,0.09581989049911503,0
assertj-core,11958,0,0.09581989049911503,0
assertj-core,16853,0,0.09581989049911503,0
assertj-core,16933,0,0.09581989049911503,0
assertj-core,12520,0,0.09581989049911503,0
assertj-core,11457,0,0.09581989049911503,0
assertj-core,16907,0,0.09581989049911503,0
assertj-core,15046,0,0.09581989049911503,0
assertj-core,12528,0,0.09581989049911503,0
assertj-core,13457,0,0.09581989049911503,0
assertj-core,13808,0,0.09581989049911503,0
assertj-core,11177,0,0.09581989049911503,0
assertj-core,14211,0,0.09581989049911503,0
assertj-core,16870,0,0.09581989049911503,0
assertj-core,13713,0,0.09581989049911503,0
assertj-core,17053,0,0.09581989049911503,0
assertj-core,11837,0,0.09581989049911503,0
assertj-core,16677,0,0.09581989049911503,0
assertj-core,13205,0,0.09581989049911503,0
assertj-core,14523,0,0.09581989049911503,0
assertj-core,13996,0,0.09581989049911503,0
assertj-core,15239,0,0.09581989049911503,0
assertj-core,16665,0,0.09581989049911503,0
assertj-core,13707,0,0.09581989049911503,0
assertj-core,16477,0,0.09581989049911503,0
assertj-core,14861,0,0.09581989049911503,0
assertj-core,15480,0,0.09581989049911503,0
assertj-core,13859,0,0.09581989049911503,0
assertj-core,13208,0,0.09581989049911503,0
assertj-core,15501,0,0.09581989049911503,0
assertj-core,17059,0,0.09581989049911503,0
assertj-core,14748,0,0.09581989049911503,0
assertj-core,11902,0,0.09581989049911503,0
assertj-core,11736,0,0.09581989049911503,0
assertj-core,17367,0,0.09581989049911503,0
assertj-core,15415,0,0.09581989049911503,0
assertj-core,15076,0,0.09581989049911503,0
assertj-core,11464,0,0.09581989049911503,0
assertj-core,14614,0,0.09581989049911503,0
assertj-core,15393,0,0.09581989049911503,0
assertj-core,16177,0,0.09581989049911503,0
assertj-core,12734,0,0.09581989049911503,0
assertj-core,16570,0,0.09581989049911503,0
assertj-core,14916,0,0.09581989049911503,0
assertj-core,16565,0,0.09581989049911503,0
assertj-core,16505,0,0.09581989049911503,0
assertj-core,12871,0,0.09581989049911503,0
assertj-core,14840,0,0.09581989049911503,0
assertj-core,13470,0,0.09581989049911503,0
assertj-core,14147,0,0.09581989049911503,0
assertj-core,13706,0,0.09581989049911503,0
assertj-core,15604,0,0.09581989049911503,0
assertj-core,12086,0,0.09581989049911503,0
assertj-core,14400,0,0.09581989049911503,0
assertj-core,16161,0,0.09581989049911503,0
assertj-core,12817,0,0.09581989049911503,0
assertj-core,17152,0,0.09581989049911503,0
assertj-core,11765,0,0.09581989049911503,0
assertj-core,15337,0,0.09581989049911503,0
assertj-core,13688,0,0.09581989049911503,0
assertj-core,16654,0,0.09581989049911503,0
assertj-core,11849,0,0.09581989049911503,0
assertj-core,13752,0,0.09581989049911503,0
assertj-core,13304,0,0.09581989049911503,0
assertj-core,13665,0,0.09581989049911503,0
assertj-core,13807,0,0.09581989049911503,0
assertj-core,16846,0,0.09581989049911503,0
assertj-core,17270,0,0.09581989049911503,0
assertj-core,12829,0,0.09581989049911503,0
assertj-core,14337,0,0.09581989049911503,0
assertj-core,11273,0,0.09581989049911503,0
assertj-core,11229,0,0.09581989049911503,0
assertj-core,16642,0,0.09581989049911503,0
assertj-core,16049,0,0.09581989049911503,0
assertj-core,15436,0,0.09581989049911503,0
assertj-core,14269,0,0.09581989049911503,0
assertj-core,15594,0,0.09581989049911503,0
assertj-core,15583,0,0.09581989049911503,0
assertj-core,13324,0,0.09581989049911503,0
assertj-core,13219,0,0.09581989049911503,0
assertj-core,13338,0,0.09581989049911503,0
assertj-core,11171,0,0.09581989049911503,0
assertj-core,16123,0,0.09581989049911503,0
assertj-core,14788,0,0.09581989049911503,0
assertj-core,14820,0,0.09581989049911503,0
assertj-core,12960,0,0.09581989049911503,0
assertj-core,15830,0,0.09581989049911503,0
assertj-core,14991,0,0.09581989049911503,0
assertj-core,12628,0,0.09581989049911503,0
assertj-core,11649,0,0.09581989049911503,0
assertj-core,14534,0,0.09581989049911503,0
assertj-core,16486,0,0.09581989049911503,0
assertj-core,12671,0,0.09581989049911503,0
assertj-core,15206,0,0.09581989049911503,0
assertj-core,12389,0,0.09581989049911503,0
assertj-core,17188,0,0.09581989049911503,0
assertj-core,15605,0,0.09581989049911503,0
assertj-core,14123,0,0.09581989049911503,0
assertj-core,17386,0,0.09581989049911503,0
assertj-core,14889,0,0.09581989049911503,0
assertj-core,16145,0,0.09581989049911503,0
assertj-core,17064,0,0.09581989049911503,0
assertj-core,13333,0,0.09581989049911503,0
assertj-core,12246,0,0.09581989049911503,0
assertj-core,12147,0,0.09581989049911503,0
assertj-core,17084,0,0.09581989049911503,0
assertj-core,14037,0,0.09581989049911503,0
assertj-core,16603,0,0.09581989049911503,0
assertj-core,14526,0,0.09581989049911503,0
assertj-core,13852,0,0.09581989049911503,0
assertj-core,13439,0,0.09581989049911503,0
assertj-core,14577,0,0.09581989049911503,0
assertj-core,11972,0,0.09581989049911503,0
assertj-core,15856,0,0.09581989049911503,0
assertj-core,12955,0,0.09581989049911503,0
assertj-core,11852,0,0.09581989049911503,0
assertj-core,12874,0,0.09581989049911503,0
assertj-core,12054,0,0.09581989049911503,0
assertj-core,11955,0,0.09581989049911503,0
assertj-core,12190,0,0.09581989049911503,0
assertj-core,15227,0,0.09581989049911503,0
assertj-core,12126,0,0.09581989049911503,0
assertj-core,15235,0,0.09581989049911503,0
assertj-core,16996,0,0.09581989049911503,0
assertj-core,11878,0,0.09581989049911503,0
assertj-core,13637,0,0.09581989049911503,0
assertj-core,12512,0,0.09581989049911503,0
assertj-core,14449,0,0.09581989049911503,0
assertj-core,13354,0,0.09581989049911503,0
assertj-core,14990,0,0.09581989049911503,0
assertj-core,12636,0,0.09581989049911503,0
assertj-core,11485,0,0.09581989049911503,0
assertj-core,13786,0,0.09581989049911503,0
assertj-core,11574,0,0.09581989049911503,0
assertj-core,11363,0,0.09581989049911503,0
assertj-core,12565,0,0.09581989049911503,0
assertj-core,14000,0,0.09581989049911503,0
assertj-core,14885,0,0.09581989049911503,0
assertj-core,15763,0,0.09581989049911503,0
assertj-core,11666,0,0.09581989049911503,0
assertj-core,12551,0,0.09581989049911503,0
assertj-core,16512,0,0.09581989049911503,0
assertj-core,16871,0,0.09581989049911503,0
assertj-core,13447,0,0.09581989049911503,0
assertj-core,13151,0,0.09581989049911503,0
assertj-core,15264,0,0.09581989049911503,0
assertj-core,12484,0,0.09581989049911503,0
assertj-core,12339,0,0.09581989049911503,0
assertj-core,11698,0,0.09581989049911503,0
assertj-core,15211,0,0.09581989049911503,0
assertj-core,15817,0,0.09581989049911503,0
assertj-core,13629,0,0.09581989049911503,0
assertj-core,13091,0,0.09581989049911503,0
assertj-core,12640,0,0.09581989049911503,0
assertj-core,12014,0,0.09581989049911503,0
assertj-core,13137,0,0.09581989049911503,0
assertj-core,16504,0,0.09581989049911503,0
assertj-core,15941,0,0.09581989049911503,0
assertj-core,16094,0,0.09581989049911503,0
assertj-core,14202,0,0.09581989049911503,0
assertj-core,13851,0,0.09581989049911503,0
assertj-core,13421,0,0.09581989049911503,0
assertj-core,12709,0,0.09581989049911503,0
assertj-core,12263,0,0.09581989049911503,0
assertj-core,14380,0,0.09581989049911503,0
assertj-core,14920,0,0.09581989049911503,0
assertj-core,13543,0,0.09581989049911503,0
assertj-core,13742,0,0.09581989049911503,0
assertj-core,15000,0,0.09581989049911503,0
assertj-core,17163,0,0.09581989049911503,0
assertj-core,14682,0,0.09581989049911503,0
assertj-core,16401,0,0.09581989049911503,0
assertj-core,13046,0,0.09581989049911503,0
assertj-core,13740,0,0.09581989049911503,0
assertj-core,13959,0,0.09581989049911503,0
assertj-core,15219,0,0.09581989049911503,0
assertj-core,16286,0,0.09581989049911503,0
assertj-core,15866,0,0.09581989049911503,0
assertj-core,12429,0,0.09581989049911503,0
assertj-core,13267,0,0.09581989049911503,0
assertj-core,14905,0,0.09581989049911503,0
assertj-core,12934,0,0.09581989049911503,0
assertj-core,15588,0,0.09581989049911503,0
assertj-core,12986,0,0.09581989049911503,0
assertj-core,15369,0,0.09581989049911503,0
assertj-core,15707,0,0.09581989049911503,0
assertj-core,16566,0,0.09581989049911503,0
assertj-core,13581,0,0.09581989049911503,0
assertj-core,17160,0,0.09581989049911503,0
assertj-core,14955,0,0.09581989049911503,0
assertj-core,11892,0,0.09581989049911503,0
assertj-core,16426,0,0.09581989049911503,0
assertj-core,14170,0,0.09581989049911503,0
assertj-core,13335,0,0.09581989049911503,0
assertj-core,12342,0,0.09581989049911503,0
assertj-core,13138,0,0.09581989049911503,0
assertj-core,13319,0,0.09581989049911503,0
assertj-core,15080,0,0.09581989049911503,0
assertj-core,14443,0,0.09581989049911503,0
assertj-core,14585,0,0.09581989049911503,0
assertj-core,11877,0,0.09581989049911503,0
assertj-core,16342,0,0.09581989049911503,0
assertj-core,11627,0,0.09581989049911503,0
assertj-core,13415,0,0.09581989049911503,0
assertj-core,14896,0,0.09581989049911503,0
assertj-core,14384,0,0.09581989049911503,0
assertj-core,13156,0,0.09581989049911503,0
assertj-core,14775,0,0.09581989049911503,0
assertj-core,13551,0,0.09581989049911503,0
assertj-core,12897,0,0.09581989049911503,0
assertj-core,16364,0,0.09581989049911503,0
assertj-core,14547,0,0.09581989049911503,0
assertj-core,12459,0,0.09581989049911503,0
assertj-core,16290,0,0.09581989049911503,0
assertj-core,14369,0,0.09581989049911503,0
assertj-core,16962,0,0.09581989049911503,0
assertj-core,15930,0,0.09581989049911503,0
assertj-core,15538,0,0.09581989049911503,0
assertj-core,12910,0,0.09581989049911503,0
assertj-core,12227,0,0.09581989049911503,0
assertj-core,13739,0,0.09581989049911503,0
assertj-core,13326,0,0.09581989049911503,0
assertj-core,13736,0,0.09581989049911503,0
assertj-core,14186,0,0.09581989049911503,0
assertj-core,11517,0,0.09581989049911503,0
assertj-core,15743,0,0.09581989049911503,0
assertj-core,16908,0,0.09581989049911503,0
assertj-core,16678,0,0.09581989049911503,0
assertj-core,15271,0,0.09581989049911503,0
assertj-core,16889,0,0.09581989049911503,0
assertj-core,12895,0,0.09581989049911503,0
assertj-core,11529,0,0.09581989049911503,0
assertj-core,13035,0,0.09581989049911503,0
assertj-core,14754,0,0.09581989049911503,0
assertj-core,16266,0,0.09581989049911503,0
assertj-core,13528,0,0.09581989049911503,0
assertj-core,12999,0,0.09581989049911503,0
assertj-core,16626,0,0.09581989049911503,0
assertj-core,16569,0,0.09581989049911503,0
assertj-core,15348,0,0.09581989049911503,0
assertj-core,16513,0,0.09581989049911503,0
assertj-core,12100,0,0.09581989049911503,0
assertj-core,14196,0,0.09581989049911503,0
assertj-core,14803,0,0.09581989049911503,0
assertj-core,12206,0,0.09581989049911503,0
assertj-core,13355,0,0.09581989049911503,0
assertj-core,16198,0,0.09581989049911503,0
assertj-core,16064,0,0.09581989049911503,0
assertj-core,16736,0,0.09581989049911503,0
assertj-core,17338,0,0.09581989049911503,0
assertj-core,11256,0,0.09581989049911503,0
assertj-core,14852,0,0.09581989049911503,0
assertj-core,14320,0,0.09581989049911503,0
assertj-core,15301,0,0.09581989049911503,0
assertj-core,12131,0,0.09581989049911503,0
assertj-core,12766,0,0.09581989049911503,0
assertj-core,17273,0,0.09581989049911503,0
assertj-core,12918,0,0.09581989049911503,0
assertj-core,14160,0,0.09581989049911503,0
assertj-core,16757,0,0.09581989049911503,0
assertj-core,13975,0,0.09581989049911503,0
assertj-core,16451,0,0.09581989049911503,0
assertj-core,15339,0,0.09581989049911503,0
assertj-core,16604,0,0.09581989049911503,0
assertj-core,11426,0,0.09581989049911503,0
assertj-core,13043,0,0.09581989049911503,0
assertj-core,11829,0,0.09581989049911503,0
assertj-core,12555,0,0.09581989049911503,0
assertj-core,13021,0,0.09581989049911503,0
assertj-core,11227,0,0.09581989049911503,0
assertj-core,12233,0,0.09581989049911503,0
assertj-core,15752,0,0.09581989049911503,0
assertj-core,13781,0,0.09581989049911503,0
assertj-core,12121,0,0.09581989049911503,0
assertj-core,16279,0,0.09581989049911503,0
assertj-core,13292,0,0.09581989049911503,0
assertj-core,12390,0,0.09581989049911503,0
assertj-core,15698,0,0.09581989049911503,0
assertj-core,11662,0,0.09581989049911503,0
assertj-core,13608,0,0.09581989049911503,0
assertj-core,12576,0,0.09581989049911503,0
assertj-core,11555,0,0.09581989049911503,0
assertj-core,15610,0,0.09581989049911503,0
assertj-core,14064,0,0.09581989049911503,0
assertj-core,15804,0,0.09581989049911503,0
assertj-core,13730,0,0.09581989049911503,0
assertj-core,11151,0,0.09581989049911503,0
assertj-core,11711,0,0.09581989049911503,0
assertj-core,16681,0,0.09581989049911503,0
assertj-core,17256,0,0.09581989049911503,0
assertj-core,12968,0,0.09581989049911503,0
assertj-core,14831,0,0.09581989049911503,0
assertj-core,15327,0,0.09581989049911503,0
assertj-core,11186,0,0.09581989049911503,0
assertj-core,17206,0,0.09581989049911503,0
assertj-core,12011,0,0.09581989049911503,0
assertj-core,12921,0,0.09581989049911503,0
assertj-core,16690,0,0.09581989049911503,0
assertj-core,11581,0,0.09581989049911503,0
assertj-core,15835,0,0.09581989049911503,0
assertj-core,12859,0,0.09581989049911503,0
assertj-core,11606,0,0.09581989049911503,0
assertj-core,14360,0,0.09581989049911503,0
assertj-core,16955,0,0.09581989049911503,0
assertj-core,15635,0,0.09581989049911503,0
assertj-core,14821,0,0.09581989049911503,0
assertj-core,15510,0,0.09581989049911503,0
assertj-core,12993,0,0.09581989049911503,0
assertj-core,13923,0,0.09581989049911503,0
assertj-core,17363,0,0.09581989049911503,0
assertj-core,15299,0,0.09581989049911503,0
assertj-core,13280,0,0.09581989049911503,0
assertj-core,14098,0,0.09581989049911503,0
assertj-core,13687,0,0.09581989049911503,0
assertj-core,15207,0,0.09581989049911503,0
assertj-core,11811,0,0.09581989049911503,0
assertj-core,17150,0,0.09581989049911503,0
assertj-core,13796,0,0.09581989049911503,0
assertj-core,11646,0,0.09581989049911503,0
assertj-core,12356,0,0.09581989049911503,0
assertj-core,12803,0,0.09581989049911503,0
assertj-core,13080,0,0.09581989049911503,0
assertj-core,15890,0,0.09581989049911503,0
assertj-core,16946,0,0.09581989049911503,0
assertj-core,12889,0,0.09581989049911503,0
assertj-core,13336,0,0.09581989049911503,0
assertj-core,11585,0,0.09581989049911503,0
assertj-core,11616,0,0.09581989049911503,0
assertj-core,15611,0,0.09581989049911503,0
assertj-core,17009,0,0.09581989049911503,0
assertj-core,17113,0,0.09581989049911503,0
assertj-core,13351,0,0.09581989049911503,0
assertj-core,16044,0,0.09581989049911503,0
assertj-core,16723,0,0.09581989049911503,0
assertj-core,15694,0,0.09581989049911503,0
assertj-core,13226,0,0.09581989049911503,0
assertj-core,14964,0,0.09581989049911503,0
assertj-core,11898,0,0.09581989049911503,0
assertj-core,16061,0,0.09581989049911503,0
assertj-core,12345,0,0.09581989049911503,0
assertj-core,13538,0,0.09581989049911503,0
assertj-core,11391,0,0.09581989049911503,0
assertj-core,17107,0,0.09581989049911503,0
assertj-core,12961,0,0.09581989049911503,0
assertj-core,12595,0,0.09581989049911503,0
assertj-core,14481,0,0.09581989049911503,0
assertj-core,12956,0,0.09581989049911503,0
assertj-core,12139,0,0.09581989049911503,0
assertj-core,11757,0,0.09581989049911503,0
assertj-core,15377,0,0.09581989049911503,0
assertj-core,14967,0,0.09581989049911503,0
assertj-core,15566,0,0.09581989049911503,0
assertj-core,14454,0,0.09581989049911503,0
assertj-core,17180,0,0.09581989049911503,0
assertj-core,13743,0,0.09581989049911503,0
assertj-core,15704,0,0.09581989049911503,0
assertj-core,15434,0,0.09581989049911503,0
assertj-core,12635,0,0.09581989049911503,0
assertj-core,14130,0,0.09581989049911503,0
assertj-core,14853,0,0.09581989049911503,0
assertj-core,11547,0,0.09581989049911503,0
assertj-core,15774,0,0.09581989049911503,0
assertj-core,14584,0,0.09581989049911503,0
assertj-core,12966,0,0.09581989049911503,0
assertj-core,17352,0,0.09581989049911503,0
assertj-core,13141,0,0.09581989049911503,0
assertj-core,12458,0,0.09581989049911503,0
assertj-core,12020,0,0.09581989049911503,0
assertj-core,12774,0,0.09581989049911503,0
assertj-core,12508,0,0.09581989049911503,0
assertj-core,12706,0,0.09581989049911503,0
assertj-core,12325,0,0.09581989049911503,0
assertj-core,14430,0,0.09581989049911503,0
assertj-core,11471,0,0.09581989049911503,0
assertj-core,11212,0,0.09581989049911503,0
assertj-core,12892,0,0.09581989049911503,0
assertj-core,14424,0,0.09581989049911503,0
assertj-core,14536,0,0.09581989049911503,0
assertj-core,12411,0,0.09581989049911503,0
assertj-core,11194,0,0.09581989049911503,0
assertj-core,17016,0,0.09581989049911503,0
assertj-core,13785,0,0.09581989049911503,0
assertj-core,14070,0,0.09581989049911503,0
assertj-core,11944,0,0.09581989049911503,0
assertj-core,14275,0,0.09581989049911503,0
assertj-core,13149,0,0.09581989049911503,0
assertj-core,15938,0,0.09581989049911503,0
assertj-core,12845,0,0.09581989049911503,0
assertj-core,14165,0,0.09581989049911503,0
assertj-core,15777,0,0.09581989049911503,0
assertj-core,16600,0,0.09581989049911503,0
assertj-core,12852,0,0.09581989049911503,0
assertj-core,13373,0,0.09581989049911503,0
assertj-core,13837,0,0.09581989049911503,0
assertj-core,14129,0,0.09581989049911503,0
assertj-core,11356,0,0.09581989049911503,0
assertj-core,16316,0,0.09581989049911503,0
assertj-core,14895,0,0.09581989049911503,0
assertj-core,12517,0,0.09581989049911503,0
assertj-core,17008,0,0.09581989049911503,0
assertj-core,16056,0,0.09581989049911503,0
assertj-core,12137,0,0.09581989049911503,0
assertj-core,11494,0,0.09581989049911503,0
assertj-core,15530,0,0.09581989049911503,0
assertj-core,13309,0,0.09581989049911503,0
assertj-core,14028,0,0.09581989049911503,0
assertj-core,17018,0,0.09581989049911503,0
assertj-core,17343,0,0.09581989049911503,0
assertj-core,12535,0,0.09581989049911503,0
assertj-core,15546,0,0.09581989049911503,0
assertj-core,13379,0,0.09581989049911503,0
assertj-core,17058,0,0.09581989049911503,0
assertj-core,12869,0,0.09581989049911503,0
assertj-core,17249,0,0.09581989049911503,0
assertj-core,16517,0,0.09581989049911503,0
assertj-core,13648,0,0.09581989049911503,0
assertj-core,15864,0,0.09581989049911503,0
assertj-core,16018,0,0.09581989049911503,0
assertj-core,15452,0,0.09581989049911503,0
assertj-core,13403,0,0.09581989049911503,0
assertj-core,13123,0,0.09581989049911503,0
assertj-core,16899,0,0.09581989049911503,0
assertj-core,12285,0,0.09581989049911503,0
assertj-core,14891,0,0.09581989049911503,0
assertj-core,15332,0,0.09581989049911503,0
assertj-core,14615,0,0.09581989049911503,0
assertj-core,17357,0,0.09581989049911503,0
assertj-core,13890,0,0.09581989049911503,0
assertj-core,11862,0,0.09581989049911503,0
assertj-core,15372,0,0.09581989049911503,0
assertj-core,16748,0,0.09581989049911503,0
assertj-core,12911,0,0.09581989049911503,0
assertj-core,17308,0,0.09581989049911503,0
assertj-core,12909,0,0.09581989049911503,0
assertj-core,13965,0,0.09581989049911503,0
assertj-core,16086,0,0.09581989049911503,0
assertj-core,14537,0,0.09581989049911503,0
assertj-core,17155,0,0.09581989049911503,0
assertj-core,11901,0,0.09581989049911503,0
assertj-core,14594,0,0.09581989049911503,0
assertj-core,14521,0,0.09581989049911503,0
assertj-core,12522,0,0.09581989049911503,0
assertj-core,14529,0,0.09581989049911503,0
assertj-core,13566,0,0.09581989049911503,0
assertj-core,15656,0,0.09581989049911503,0
assertj-core,12695,0,0.09581989049911503,0
assertj-core,16602,0,0.09581989049911503,0
assertj-core,11991,0,0.09581989049911503,0
assertj-core,13443,0,0.09581989049911503,0
assertj-core,16735,0,0.09581989049911503,0
assertj-core,12231,0,0.09581989049911503,0
assertj-core,16728,0,0.09581989049911503,0
assertj-core,14573,0,0.09581989049911503,0
assertj-core,14689,0,0.09581989049911503,0
assertj-core,14924,0,0.09581989049911503,0
assertj-core,14855,0,0.09581989049911503,0
assertj-core,15989,0,0.09581989049911503,0
assertj-core,11981,0,0.09581989049911503,0
assertj-core,14769,0,0.09581989049911503,0
assertj-core,12081,0,0.09581989049911503,0
assertj-core,12963,0,0.09581989049911503,0
assertj-core,15813,0,0.09581989049911503,0
assertj-core,16821,0,0.09581989049911503,0
assertj-core,12168,0,0.09581989049911503,0
assertj-core,13751,0,0.09581989049911503,0
assertj-core,13506,0,0.09581989049911503,0
assertj-core,15214,0,0.09581989049911503,0
assertj-core,12169,0,0.09581989049911503,0
assertj-core,13832,0,0.09581989049911503,0
assertj-core,14054,0,0.09581989049911503,0
assertj-core,14485,0,0.09581989049911503,0
assertj-core,17272,0,0.09581989049911503,0
assertj-core,15838,0,0.09581989049911503,0
assertj-core,17003,0,0.09581989049911503,0
assertj-core,13845,0,0.09581989049911503,0
assertj-core,11937,0,0.09581989049911503,0
assertj-core,12271,0,0.09581989049911503,0
assertj-core,12998,0,0.09581989049911503,0
assertj-core,13250,0,0.09581989049911503,0
assertj-core,14664,0,0.09581989049911503,0
assertj-core,11720,0,0.09581989049911503,0
assertj-core,11774,0,0.09581989049911503,0
assertj-core,11169,0,0.09581989049911503,0
assertj-core,11589,0,0.09581989049911503,0
assertj-core,17215,0,0.09581989049911503,0
assertj-core,11506,0,0.09581989049911503,0
assertj-core,15309,0,0.09581989049911503,0
assertj-core,16699,0,0.09581989049911503,0
assertj-core,14720,0,0.09581989049911503,0
assertj-core,15166,0,0.09581989049911503,0
assertj-core,12225,0,0.09581989049911503,0
assertj-core,16880,0,0.09581989049911503,0
assertj-core,12455,0,0.09581989049911503,0
assertj-core,14881,0,0.09581989049911503,0
assertj-core,16353,0,0.09581989049911503,0
assertj-core,12199,0,0.09581989049911503,0
assertj-core,12007,0,0.09581989049911503,0
assertj-core,17261,0,0.09581989049911503,0
assertj-core,16454,0,0.09581989049911503,0
assertj-core,17321,0,0.09581989049911503,0
assertj-core,11915,0,0.09581989049911503,0
assertj-core,15928,0,0.09581989049911503,0
assertj-core,11881,0,0.09581989049911503,0
assertj-core,14979,0,0.09581989049911503,0
assertj-core,16785,0,0.09581989049911503,0
assertj-core,15734,0,0.09581989049911503,0
assertj-core,14702,0,0.09581989049911503,0
assertj-core,16241,0,0.09581989049911503,0
assertj-core,14234,0,0.09581989049911503,0
assertj-core,15466,0,0.09581989049911503,0
assertj-core,11418,0,0.09581989049911503,0
assertj-core,12124,0,0.09581989049911503,0
assertj-core,13143,0,0.09581989049911503,0
assertj-core,16511,0,0.09581989049911503,0
assertj-core,12133,0,0.09581989049911503,0
assertj-core,16446,0,0.09581989049911503,0
assertj-core,17172,0,0.09581989049911503,0
assertj-core,15221,0,0.09581989049911503,0
assertj-core,17285,0,0.09581989049911503,0
assertj-core,12463,0,0.09581989049911503,0
assertj-core,14771,0,0.09581989049911503,0
assertj-core,11266,0,0.09581989049911503,0
assertj-core,16568,0,0.09581989049911503,0
assertj-core,16572,0,0.09581989049911503,0
assertj-core,16539,0,0.09581989049911503,0
assertj-core,11292,0,0.09581989049911503,0
assertj-core,16538,0,0.09581989049911503,0
assertj-core,12875,0,0.09581989049911503,0
assertj-core,12685,0,0.09581989049911503,0
assertj-core,12809,0,0.09581989049911503,0
assertj-core,12110,0,0.09581989049911503,0
assertj-core,16104,0,0.09581989049911503,0
assertj-core,16537,0,0.09581989049911503,0
assertj-core,13160,0,0.09581989049911503,0
assertj-core,12369,0,0.09581989049911503,0
assertj-core,14289,0,0.09581989049911503,0
assertj-core,15950,0,0.09581989049911503,0
assertj-core,13929,0,0.09581989049911503,0
assertj-core,16154,0,0.09581989049911503,0
assertj-core,13951,0,0.09581989049911503,0
assertj-core,11669,0,0.09581989049911503,0
assertj-core,15323,0,0.09581989049911503,0
assertj-core,11248,0,0.09581989049911503,0
assertj-core,15088,0,0.09581989049911503,0
assertj-core,12338,0,0.09581989049911503,0
assertj-core,14551,0,0.09581989049911503,0
assertj-core,14471,0,0.09581989049911503,0
assertj-core,11291,0,0.09581989049911503,0
assertj-core,15168,0,0.09581989049911503,0
assertj-core,11888,0,0.09581989049911503,0
assertj-core,16763,0,0.09581989049911503,0
assertj-core,12840,0,0.09581989049911503,0
assertj-core,15638,0,0.09581989049911503,0
assertj-core,11185,0,0.09581989049911503,0
assertj-core,16029,0,0.09581989049911503,0
assertj-core,12472,0,0.09581989049911503,0
assertj-core,11815,0,0.09581989049911503,0
assertj-core,12280,0,0.09581989049911503,0
assertj-core,12509,0,0.09581989049911503,0
assertj-core,12417,0,0.09581989049911503,0
assertj-core,15884,0,0.09581989049911503,0
assertj-core,11659,0,0.09581989049911503,0
assertj-core,16084,0,0.09581989049911503,0
assertj-core,15479,0,0.09581989049911503,0
assertj-core,11526,0,0.09581989049911503,0
assertj-core,14284,0,0.09581989049911503,0
assertj-core,16640,0,0.09581989049911503,0
assertj-core,12775,0,0.09581989049911503,0
assertj-core,12575,0,0.09581989049911503,0
assertj-core,14729,0,0.09581989049911503,0
assertj-core,11921,0,0.09581989049911503,0
assertj-core,14811,0,0.09581989049911503,0
assertj-core,12992,0,0.09581989049911503,0
assertj-core,15138,0,0.09581989049911503,0
assertj-core,16692,0,0.09581989049911503,0
assertj-core,13769,0,0.09581989049911503,0
assertj-core,15992,0,0.09581989049911503,0
assertj-core,13732,0,0.09581989049911503,0
assertj-core,16329,0,0.09581989049911503,0
assertj-core,11502,0,0.09581989049911503,0
assertj-core,11812,0,0.09581989049911503,0
assertj-core,15919,0,0.09581989049911503,0
assertj-core,13422,0,0.09581989049911503,0
assertj-core,13211,0,0.09581989049911503,0
assertj-core,12600,0,0.09581989049911503,0
assertj-core,15347,0,0.09581989049911503,0
assertj-core,17209,0,0.09581989049911503,0
assertj-core,12969,0,0.09581989049911503,0
assertj-core,15146,0,0.09581989049911503,0
assertj-core,15467,0,0.09581989049911503,0
assertj-core,13003,0,0.09581989049911503,0
assertj-core,12328,0,0.09581989049911503,0
assertj-core,13459,0,0.09581989049911503,0
assertj-core,11222,0,0.09581989049911503,0
assertj-core,13882,0,0.09581989049911503,0
assertj-core,17344,0,0.09581989049911503,0
assertj-core,12015,0,0.09581989049911503,0
assertj-core,15081,0,0.09581989049911503,0
assertj-core,13524,0,0.09581989049911503,0
assertj-core,12310,0,0.09581989049911503,0
assertj-core,16416,0,0.09581989049911503,0
assertj-core,12059,0,0.09581989049911503,0
assertj-core,15644,0,0.09581989049911503,0
assertj-core,14731,0,0.09581989049911503,0
assertj-core,14874,0,0.09581989049911503,0
assertj-core,15070,0,0.09581989049911503,0
assertj-core,14136,0,0.09581989049911503,0
assertj-core,16151,0,0.09581989049911503,0
assertj-core,16911,0,0.09581989049911503,0
assertj-core,16225,0,0.09581989049911503,0
assertj-core,14546,0,0.09581989049911503,0
assertj-core,15085,0,0.09581989049911503,0
assertj-core,13933,0,0.09581989049911503,0
assertj-core,11835,0,0.09581989049911503,0
assertj-core,16741,0,0.09581989049911503,0
assertj-core,13411,0,0.09581989049911503,0
assertj-core,14267,0,0.09581989049911503,0
assertj-core,13182,0,0.09581989049911503,0
assertj-core,17336,0,0.09581989049911503,0
assertj-core,16921,0,0.09581989049911503,0
assertj-core,14856,0,0.09581989049911503,0
assertj-core,11777,0,0.09581989049911503,0
assertj-core,13272,0,0.09581989049911503,0
assertj-core,14871,0,0.09581989049911503,0
assertj-core,16394,0,0.09581989049911503,0
assertj-core,11541,0,0.09581989049911503,0
assertj-core,16963,0,0.09581989049911503,0
assertj-core,16374,0,0.09581989049911503,0
assertj-core,15289,0,0.09581989049911503,0
assertj-core,15187,0,0.09581989049911503,0
assertj-core,13350,0,0.09581989049911503,0
assertj-core,14783,0,0.09581989049911503,0
assertj-core,14475,0,0.09581989049911503,0
assertj-core,13359,0,0.09581989049911503,0
assertj-core,12337,0,0.09581989049911503,0
assertj-core,14533,0,0.09581989049911503,0
assertj-core,11896,0,0.09581989049911503,0
assertj-core,15511,0,0.09581989049911503,0
assertj-core,12447,0,0.09581989049911503,0
assertj-core,11331,0,0.09581989049911503,0
assertj-core,11967,0,0.09581989049911503,0
assertj-core,15512,0,0.09581989049911503,0
assertj-core,17277,0,0.09581989049911503,0
assertj-core,15394,0,0.09581989049911503,0
assertj-core,14800,0,0.09581989049911503,0
assertj-core,16181,0,0.09581989049911503,0
assertj-core,15642,0,0.09581989049911503,0
assertj-core,17319,0,0.09581989049911503,0
assertj-core,17346,0,0.09581989049911503,0
assertj-core,12182,0,0.09581989049911503,0
assertj-core,14865,0,0.09581989049911503,0
assertj-core,13083,0,0.09581989049911503,0
assertj-core,11882,0,0.09581989049911503,0
assertj-core,15198,0,0.09581989049911503,0
assertj-core,11375,0,0.09581989049911503,0
assertj-core,14063,0,0.09581989049911503,0
assertj-core,14620,0,0.09581989049911503,0
assertj-core,15736,0,0.09581989049911503,0
assertj-core,15828,0,0.09581989049911503,0
assertj-core,13605,0,0.09581989049911503,0
assertj-core,17011,0,0.09581989049911503,0
assertj-core,16248,0,0.09581989049911503,0
assertj-core,11626,0,0.09581989049911503,0
assertj-core,14182,0,0.09581989049911503,0
assertj-core,13239,0,0.09581989049911503,0
assertj-core,13773,0,0.09581989049911503,0
assertj-core,16961,0,0.09581989049911503,0
assertj-core,16890,0,0.09581989049911503,0
assertj-core,15613,0,0.09581989049911503,0
assertj-core,17353,0,0.09581989049911503,0
assertj-core,13779,0,0.09581989049911503,0
assertj-core,15845,0,0.09581989049911503,0
assertj-core,16309,0,0.09581989049911503,0
assertj-core,11436,0,0.09581989049911503,0
commons-exec,7766,0,0.09581989049911503,0
commons-exec,7800,0,0.09581989049911503,0
commons-exec,7787,0,0.09581989049911503,0
commons-exec,7778,0,0.09581989049911503,0
commons-exec,7784,0,0.09581989049911503,0
commons-exec,7767,0,0.09581989049911503,0
commons-exec,7785,0,0.09581989049911503,0
commons-exec,7797,0,0.09581989049911503,0
commons-exec,7801,0,0.09581989049911503,0
commons-exec,7794,0,0.09581989049911503,0
commons-exec,7786,0,0.09581989049911503,0
commons-exec,7805,0,0.09581989049911503,0
commons-exec,7762,0,0.09581989049911503,0
commons-exec,7763,0,0.09581989049911503,0
commons-exec,7772,0,0.09581989049911503,0
commons-exec,7777,0,0.09581989049911503,0
commons-exec,7783,0,0.09581989049911503,0
commons-exec,7814,0,0.09581989049911503,0
commons-exec,7780,0,0.09581989049911503,0
commons-exec,7764,0,0.09581989049911503,0
commons-exec,7793,0,0.09581989049911503,0
commons-exec,7798,0,0.09581989049911503,0
commons-exec,7791,0,0.09581989049911503,0
commons-exec,7807,0,0.09581989049911503,0
commons-exec,7792,0,0.09581989049911503,0
commons-exec,7779,0,0.09581989049911503,0
commons-exec,7782,0,0.09581989049911503,0
commons-exec,7771,0,0.09581989049911503,0
commons-exec,7790,0,0.09581989049911503,0
commons-exec,7765,0,0.09581989049911503,0
commons-exec,7808,0,0.09581989049911503,0
commons-exec,7768,0,0.09581989049911503,0
commons-exec,7781,0,0.09581989049911503,0
commons-exec,7810,0,0.09581989049911503,0
commons-exec,7775,0,0.09581989049911503,0
commons-exec,7809,0,0.09581989049911503,0
commons-exec,7770,0,0.09581989049911503,0
commons-exec,7761,0,0.09581989049911503,0
commons-exec,7776,0,0.09581989049911503,0
commons-exec,7796,0,0.09581989049911503,0
commons-exec,7773,0,0.09581989049911503,0
commons-exec,7769,0,0.09581989049911503,0
commons-exec,7806,0,0.09581989049911503,0
commons-exec,7789,1,0.09581989049911503,0
commons-exec,7811,0,0.09581989049911503,0
commons-exec,7813,0,0.09581989049911503,0
commons-exec,7804,0,0.09581989049911503,0
commons-exec,7795,0,0.09581989049911503,0
commons-exec,7760,0,0.09581989049911503,0
commons-exec,7802,0,0.09581989049911503,0
elastic-job-lite,4255,0,0.09581989049911502,0
elastic-job-lite,4481,0,0.09581989049911502,0
elastic-job-lite,4280,0,0.09581989049911502,0
elastic-job-lite,4669,0,0.09581989049911502,0
elastic-job-lite,4124,0,0.09581989049911502,0
elastic-job-lite,4322,0,0.09581989049911502,0
elastic-job-lite,4504,0,0.09581989049911502,0
elastic-job-lite,4461,0,0.09581989049911502,0
elastic-job-lite,4455,0,0.09581989049911502,0
elastic-job-lite,4314,0,0.09581989049911502,0
elastic-job-lite,4316,0,0.09581989049911502,0
elastic-job-lite,4317,0,0.09581989049911502,0
elastic-job-lite,4605,0,0.09581989049911502,0
elastic-job-lite,4519,0,0.09581989049911502,0
elastic-job-lite,4244,0,0.09581989049911502,0
elastic-job-lite,4190,1,0.09581989049911502,0
elastic-job-lite,4157,0,0.09581989049911502,0
elastic-job-lite,4171,0,0.09581989049911502,0
elastic-job-lite,4559,0,0.09581989049911502,0
elastic-job-lite,4200,0,0.09581989049911502,0
elastic-job-lite,4221,0,0.09581989049911502,0
elastic-job-lite,4281,0,0.09581989049911502,0
elastic-job-lite,4421,0,0.09581989049911502,0
elastic-job-lite,4378,0,0.09581989049911502,0
elastic-job-lite,4585,0,0.09581989049911502,0
elastic-job-lite,4370,0,0.09581989049911502,0
elastic-job-lite,4353,0,0.09581989049911502,0
elastic-job-lite,4599,0,0.09581989049911502,0
elastic-job-lite,4183,1,0.09581989049911502,0
elastic-job-lite,4390,0,0.09581989049911502,0
elastic-job-lite,4423,0,0.09581989049911502,0
elastic-job-lite,4403,0,0.09581989049911502,0
elastic-job-lite,4374,0,0.09581989049911502,0
elastic-job-lite,4557,0,0.09581989049911502,0
elastic-job-lite,4392,0,0.09581989049911502,0
elastic-job-lite,4641,0,0.09581989049911502,0
elastic-job-lite,4368,0,0.09581989049911502,0
elastic-job-lite,4169,0,0.09581989049911502,0
elastic-job-lite,4663,0,0.09581989049911502,0
elastic-job-lite,4412,0,0.09581989049911502,0
elastic-job-lite,4256,0,0.09581989049911502,0
elastic-job-lite,4295,0,0.09581989049911502,0
elastic-job-lite,4308,0,0.09581989049911502,0
elastic-job-lite,4470,0,0.09581989049911502,0
elastic-job-lite,4587,0,0.09581989049911502,0
elastic-job-lite,4509,0,0.09581989049911502,0
elastic-job-lite,4658,0,0.09581989049911502,0
elastic-job-lite,4437,0,0.09581989049911502,0
elastic-job-lite,4260,0,0.09581989049911502,0
elastic-job-lite,4534,0,0.09581989049911502,0
elastic-job-lite,4661,0,0.09581989049911502,0
elastic-job-lite,4214,0,0.09581989049911502,0
elastic-job-lite,4225,0,0.09581989049911502,0
elastic-job-lite,4324,0,0.09581989049911502,0
elastic-job-lite,4588,0,0.09581989049911502,0
elastic-job-lite,4234,0,0.09581989049911502,0
elastic-job-lite,4173,0,0.09581989049911502,0
elastic-job-lite,4306,0,0.09581989049911502,0
elastic-job-lite,4554,0,0.09581989049911502,0
elastic-job-lite,4130,0,0.09581989049911502,0
elastic-job-lite,4389,0,0.09581989049911502,0
elastic-job-lite,4589,0,0.09581989049911502,0
elastic-job-lite,4580,0,0.09581989049911502,0
elastic-job-lite,4241,0,0.09581989049911502,0
elastic-job-lite,4335,0,0.09581989049911502,0
elastic-job-lite,4166,0,0.09581989049911502,0
elastic-job-lite,4311,0,0.09581989049911502,0
elastic-job-lite,4429,0,0.09581989049911502,0
elastic-job-lite,4601,0,0.09581989049911502,0
elastic-job-lite,4411,0,0.09581989049911502,0
elastic-job-lite,4609,0,0.09581989049911502,0
elastic-job-lite,4177,0,0.09581989049911502,0
elastic-job-lite,4148,0,0.09581989049911502,0
elastic-job-lite,4339,0,0.09581989049911502,0
elastic-job-lite,4318,0,0.09581989049911502,0
elastic-job-lite,4212,0,0.09581989049911502,0
elastic-job-lite,4237,0,0.09581989049911502,0
elastic-job-lite,4182,0,0.09581989049911502,0
elastic-job-lite,4208,0,0.09581989049911502,0
elastic-job-lite,4417,0,0.09581989049911502,0
elastic-job-lite,4158,0,0.09581989049911502,0
elastic-job-lite,4361,0,0.09581989049911502,0
elastic-job-lite,4321,0,0.09581989049911502,0
elastic-job-lite,4445,0,0.09581989049911502,0
elastic-job-lite,4614,0,0.09581989049911502,0
elastic-job-lite,4250,0,0.09581989049911502,0
elastic-job-lite,4121,0,0.09581989049911502,0
elastic-job-lite,4664,0,0.09581989049911502,0
elastic-job-lite,4382,0,0.09581989049911502,0
elastic-job-lite,4258,0,0.09581989049911502,0
elastic-job-lite,4205,0,0.09581989049911502,0
elastic-job-lite,4617,0,0.09581989049911502,0
elastic-job-lite,4452,0,0.09581989049911502,0
elastic-job-lite,4615,1,0.09581989049911502,0
elastic-job-lite,4473,0,0.09581989049911502,0
elastic-job-lite,4358,0,0.09581989049911502,0
elastic-job-lite,4446,0,0.09581989049911502,0
elastic-job-lite,4636,0,0.09581989049911502,0
elastic-job-lite,4269,0,0.09581989049911502,0
elastic-job-lite,4312,0,0.09581989049911502,0
elastic-job-lite,4114,0,0.09581989049911502,0
elastic-job-lite,4175,0,0.09581989049911502,0
elastic-job-lite,4594,0,0.09581989049911502,0
elastic-job-lite,4556,0,0.09581989049911502,0
elastic-job-lite,4132,0,0.09581989049911502,0
elastic-job-lite,4336,0,0.09581989049911502,0
elastic-job-lite,4253,0,0.09581989049911502,0
elastic-job-lite,4407,0,0.09581989049911502,0
elastic-job-lite,4647,0,0.09581989049911502,0
elastic-job-lite,4267,0,0.09581989049911502,0
elastic-job-lite,4548,0,0.09581989049911502,0
elastic-job-lite,4497,0,0.09581989049911502,0
elastic-job-lite,4257,0,0.09581989049911502,0
elastic-job-lite,4456,0,0.09581989049911502,0
elastic-job-lite,4426,0,0.09581989049911502,0
elastic-job-lite,4583,0,0.09581989049911502,0
elastic-job-lite,4307,0,0.09581989049911502,0
elastic-job-lite,4259,0,0.09581989049911502,0
elastic-job-lite,4477,0,0.09581989049911502,0
elastic-job-lite,4427,0,0.09581989049911502,0
elastic-job-lite,4262,0,0.09581989049911502,0
elastic-job-lite,4279,0,0.09581989049911502,0
elastic-job-lite,4249,0,0.09581989049911502,0
elastic-job-lite,4409,0,0.09581989049911502,0
elastic-job-lite,4240,0,0.09581989049911502,0
elastic-job-lite,4366,0,0.09581989049911502,0
elastic-job-lite,4300,0,0.09581989049911502,0
elastic-job-lite,4438,0,0.09581989049911502,0
elastic-job-lite,4430,0,0.09581989049911502,0
elastic-job-lite,4400,0,0.09581989049911502,0
elastic-job-lite,4170,0,0.09581989049911502,0
elastic-job-lite,4118,0,0.09581989049911502,0
elastic-job-lite,4272,0,0.09581989049911502,0
elastic-job-lite,4665,0,0.09581989049911502,0
elastic-job-lite,4460,0,0.09581989049911502,0
elastic-job-lite,4553,0,0.09581989049911502,0
elastic-job-lite,4538,0,0.09581989049911502,0
elastic-job-lite,4301,0,0.09581989049911502,0
elastic-job-lite,4332,0,0.09581989049911502,0
elastic-job-lite,4573,0,0.09581989049911502,0
elastic-job-lite,4362,0,0.09581989049911502,0
elastic-job-lite,4420,0,0.09581989049911502,0
elastic-job-lite,4561,0,0.09581989049911502,0
elastic-job-lite,4347,0,0.09581989049911502,0
elastic-job-lite,4133,0,0.09581989049911502,0
elastic-job-lite,4576,0,0.09581989049911502,0
elastic-job-lite,4232,0,0.09581989049911502,0
elastic-job-lite,4468,0,0.09581989049911502,0
elastic-job-lite,4495,0,0.09581989049911502,0
elastic-job-lite,4383,0,0.09581989049911502,0
elastic-job-lite,4490,0,0.09581989049911502,0
elastic-job-lite,4482,0,0.09581989049911502,0
elastic-job-lite,4415,0,0.09581989049911502,0
elastic-job-lite,4632,0,0.09581989049911502,0
elastic-job-lite,4522,0,0.09581989049911502,0
elastic-job-lite,4226,0,0.09581989049911502,0
elastic-job-lite,4480,0,0.09581989049911502,0
elastic-job-lite,4584,0,0.09581989049911502,0
elastic-job-lite,4524,0,0.09581989049911502,0
elastic-job-lite,4364,0,0.09581989049911502,0
elastic-job-lite,4582,0,0.09581989049911502,0
elastic-job-lite,4299,0,0.09581989049911502,0
elastic-job-lite,4377,0,0.09581989049911502,0
elastic-job-lite,4505,0,0.09581989049911502,0
elastic-job-lite,4425,0,0.09581989049911502,0
elastic-job-lite,4520,0,0.09581989049911502,0
elastic-job-lite,4569,0,0.09581989049911502,0
elastic-job-lite,4568,0,0.09581989049911502,0
elastic-job-lite,4627,0,0.09581989049911502,0
elastic-job-lite,4393,0,0.09581989049911502,0
elastic-job-lite,4349,0,0.09581989049911502,0
elastic-job-lite,4285,0,0.09581989049911502,0
elastic-job-lite,4127,0,0.09581989049911502,0
elastic-job-lite,4581,0,0.09581989049911502,0
elastic-job-lite,4537,0,0.09581989049911502,0
elastic-job-lite,4611,0,0.09581989049911502,0
elastic-job-lite,4261,0,0.09581989049911502,0
elastic-job-lite,4634,0,0.09581989049911502,0
elastic-job-lite,4387,0,0.09581989049911502,0
elastic-job-lite,4371,0,0.09581989049911502,0
elastic-job-lite,4140,0,0.09581989049911502,0
elastic-job-lite,4603,0,0.09581989049911502,0
elastic-job-lite,4348,0,0.09581989049911502,0
elastic-job-lite,4303,0,0.09581989049911502,0
elastic-job-lite,4150,0,0.09581989049911502,0
elastic-job-lite,4586,0,0.09581989049911502,0
elastic-job-lite,4141,0,0.09581989049911502,0
elastic-job-lite,4197,0,0.09581989049911502,0
elastic-job-lite,4424,0,0.09581989049911502,0
elastic-job-lite,4450,0,0.09581989049911502,0
elastic-job-lite,4451,0,0.09581989049911502,0
elastic-job-lite,4194,0,0.09581989049911502,0
elastic-job-lite,4163,0,0.09581989049911502,0
elastic-job-lite,4391,0,0.09581989049911502,0
elastic-job-lite,4447,0,0.09581989049911502,0
elastic-job-lite,4341,0,0.09581989049911502,0
elastic-job-lite,4367,0,0.09581989049911502,0
elastic-job-lite,4440,0,0.09581989049911502,0
elastic-job-lite,4463,0,0.09581989049911502,0
elastic-job-lite,4360,0,0.09581989049911502,0
elastic-job-lite,4122,0,0.09581989049911502,0
elastic-job-lite,4598,0,0.09581989049911502,0
elastic-job-lite,4271,0,0.09581989049911502,0
elastic-job-lite,4604,0,0.09581989049911502,0
elastic-job-lite,4479,0,0.09581989049911502,0
elastic-job-lite,4185,0,0.09581989049911502,0
elastic-job-lite,4616,0,0.09581989049911502,0
elastic-job-lite,4578,0,0.09581989049911502,0
elastic-job-lite,4344,0,0.09581989049911502,0
elastic-job-lite,4188,0,0.09581989049911502,0
elastic-job-lite,4248,0,0.09581989049911502,0
elastic-job-lite,4501,0,0.09581989049911502,0
elastic-job-lite,4646,0,0.09581989049911502,0
elastic-job-lite,4313,0,0.09581989049911502,0
elastic-job-lite,4147,0,0.09581989049911502,0
elastic-job-lite,4351,0,0.09581989049911502,0
elastic-job-lite,4213,0,0.09581989049911502,0
elastic-job-lite,4653,0,0.09581989049911502,0
elastic-job-lite,4439,0,0.09581989049911502,0
elastic-job-lite,4536,0,0.09581989049911502,0
elastic-job-lite,4625,0,0.09581989049911502,0
elastic-job-lite,4340,0,0.09581989049911502,0
elastic-job-lite,4466,0,0.09581989049911502,0
elastic-job-lite,4623,0,0.09581989049911502,0
elastic-job-lite,4577,0,0.09581989049911502,0
elastic-job-lite,4432,0,0.09581989049911502,0
elastic-job-lite,4189,0,0.09581989049911502,0
elastic-job-lite,4533,0,0.09581989049911502,0
elastic-job-lite,4542,0,0.09581989049911502,0
elastic-job-lite,4160,0,0.09581989049911502,0
elastic-job-lite,4146,0,0.09581989049911502,0
elastic-job-lite,4507,0,0.09581989049911502,0
elastic-job-lite,4566,0,0.09581989049911502,0
elastic-job-lite,4239,0,0.09581989049911502,0
elastic-job-lite,4592,0,0.09581989049911502,0
elastic-job-lite,4218,0,0.09581989049911502,0
elastic-job-lite,4405,0,0.09581989049911502,0
elastic-job-lite,4410,0,0.09581989049911502,0
elastic-job-lite,4224,0,0.09581989049911502,0
elastic-job-lite,4167,0,0.09581989049911502,0
elastic-job-lite,4471,0,0.09581989049911502,0
elastic-job-lite,4203,0,0.09581989049911502,0
elastic-job-lite,4648,0,0.09581989049911502,0
elastic-job-lite,4125,0,0.09581989049911502,0
elastic-job-lite,4571,0,0.09581989049911502,0
elastic-job-lite,4397,0,0.09581989049911502,0
elastic-job-lite,4442,0,0.09581989049911502,0
elastic-job-lite,4243,0,0.09581989049911502,0
elastic-job-lite,4302,0,0.09581989049911502,0
elastic-job-lite,4327,0,0.09581989049911502,0
elastic-job-lite,4398,0,0.09581989049911502,0
elastic-job-lite,4304,0,0.09581989049911502,0
elastic-job-lite,4626,0,0.09581989049911502,0
elastic-job-lite,4276,0,0.09581989049911502,0
elastic-job-lite,4380,0,0.09581989049911502,0
elastic-job-lite,4579,0,0.09581989049911502,0
elastic-job-lite,4217,0,0.09581989049911502,0
elastic-job-lite,4414,0,0.09581989049911502,0
elastic-job-lite,4613,0,0.09581989049911502,0
elastic-job-lite,4523,0,0.09581989049911502,0
elastic-job-lite,4441,0,0.09581989049911502,0
elastic-job-lite,4270,0,0.09581989049911502,0
elastic-job-lite,4305,0,0.09581989049911502,0
elastic-job-lite,4406,0,0.09581989049911502,0
elastic-job-lite,4136,0,0.09581989049911502,0
elastic-job-lite,4512,0,0.09581989049911502,0
elastic-job-lite,4419,0,0.09581989049911502,0
elastic-job-lite,4469,0,0.09581989049911502,0
elastic-job-lite,4459,0,0.09581989049911502,0
elastic-job-lite,4284,0,0.09581989049911502,0
elastic-job-lite,4120,0,0.09581989049911502,0
elastic-job-lite,4209,0,0.09581989049911502,0
elastic-job-lite,4535,0,0.09581989049911502,0
elastic-job-lite,4652,0,0.09581989049911502,0
elastic-job-lite,4315,0,0.09581989049911502,0
elastic-job-lite,4263,0,0.09581989049911502,0
elastic-job-lite,4655,0,0.09581989049911502,0
elastic-job-lite,4454,0,0.09581989049911502,0
elastic-job-lite,4428,0,0.09581989049911502,0
elastic-job-lite,4575,0,0.09581989049911502,0
elastic-job-lite,4298,0,0.09581989049911502,0
elastic-job-lite,4178,0,0.09581989049911502,0
elastic-job-lite,4282,0,0.09581989049911502,0
elastic-job-lite,4338,0,0.09581989049911502,0
elastic-job-lite,4296,0,0.09581989049911502,0
elastic-job-lite,4413,0,0.09581989049911502,0
elastic-job-lite,4544,0,0.09581989049911502,0
elastic-job-lite,4210,0,0.09581989049911502,0
elastic-job-lite,4527,0,0.09581989049911502,0
elastic-job-lite,4564,0,0.09581989049911502,0
elastic-job-lite,4359,0,0.09581989049911502,0
elastic-job-lite,4660,0,0.09581989049911502,0
elastic-job-lite,4508,0,0.09581989049911502,0
elastic-job-lite,4343,0,0.09581989049911502,0
elastic-job-lite,4472,0,0.09581989049911502,0
elastic-job-lite,4286,0,0.09581989049911502,0
elastic-job-lite,4502,0,0.09581989049911502,0
elastic-job-lite,4266,0,0.09581989049911502,0
elastic-job-lite,4565,0,0.09581989049911502,0
elastic-job-lite,4418,0,0.09581989049911502,0
elastic-job-lite,4375,0,0.09581989049911502,0
elastic-job-lite,4363,0,0.09581989049911502,0
elastic-job-lite,4159,0,0.09581989049911502,0
elastic-job-lite,4395,0,0.09581989049911502,0
elastic-job-lite,4668,0,0.09581989049911502,0
elastic-job-lite,4555,0,0.09581989049911502,0
elastic-job-lite,4162,0,0.09581989049911502,0
elastic-job-lite,4354,0,0.09581989049911502,0
elastic-job-lite,4402,0,0.09581989049911502,0
elastic-job-lite,4656,0,0.09581989049911502,0
elastic-job-lite,4529,0,0.09581989049911502,0
elastic-job-lite,4416,0,0.09581989049911502,0
elastic-job-lite,4394,0,0.09581989049911502,0
elastic-job-lite,4464,0,0.09581989049911502,0
elastic-job-lite,4235,0,0.09581989049911502,0
elastic-job-lite,4528,0,0.09581989049911502,0
elastic-job-lite,4138,0,0.09581989049911502,0
elastic-job-lite,4638,0,0.09581989049911502,0
elastic-job-lite,4448,0,0.09581989049911502,0
elastic-job-lite,4207,0,0.09581989049911502,0
elastic-job-lite,4126,0,0.09581989049911502,0
elastic-job-lite,4152,0,0.09581989049911502,0
elastic-job-lite,4514,0,0.09581989049911502,0
elastic-job-lite,4297,0,0.09581989049911502,0
elastic-job-lite,4227,0,0.09581989049911502,0
elastic-job-lite,4525,0,0.09581989049911502,0
elastic-job-lite,4283,0,0.09581989049911502,0
elastic-job-lite,4516,0,0.09581989049911502,0
elastic-job-lite,4113,0,0.09581989049911502,0
elastic-job-lite,4474,0,0.09581989049911502,0
elastic-job-lite,4511,0,0.09581989049911502,0
elastic-job-lite,4515,0,0.09581989049911502,0
elastic-job-lite,4345,0,0.09581989049911502,0
elastic-job-lite,4633,0,0.09581989049911502,0
elastic-job-lite,4388,0,0.09581989049911502,0
elastic-job-lite,4458,0,0.09581989049911502,0
elastic-job-lite,4396,0,0.09581989049911502,0
elastic-job-lite,4657,0,0.09581989049911502,0
elastic-job-lite,4331,0,0.09581989049911502,0
elastic-job-lite,4144,0,0.09581989049911502,0
elastic-job-lite,4174,0,0.09581989049911502,0
elastic-job-lite,4630,0,0.09581989049911502,0
elastic-job-lite,4462,0,0.09581989049911502,0
elastic-job-lite,4552,0,0.09581989049911502,0
elastic-job-lite,4404,0,0.09581989049911502,0
elastic-job-lite,4365,0,0.09581989049911502,0
elastic-job-lite,4369,0,0.09581989049911502,0
elastic-job-lite,4202,0,0.09581989049911502,0
elastic-job-lite,4622,0,0.09581989049911502,0
elastic-job-lite,4275,0,0.09581989049911502,0
elastic-job-lite,4134,0,0.09581989049911502,0
elastic-job-lite,4264,0,0.09581989049911502,0
elastic-job-lite,4530,0,0.09581989049911502,0
elastic-job-lite,4164,0,0.09581989049911502,0
elastic-job-lite,4526,0,0.09581989049911502,0
elastic-job-lite,4422,0,0.09581989049911502,0
elastic-job-lite,4265,0,0.09581989049911502,0
elastic-job-lite,4550,0,0.09581989049911502,0
elastic-job-lite,4476,0,0.09581989049911502,0
elastic-job-lite,4131,0,0.09581989049911502,0
elastic-job-lite,4294,0,0.09581989049911502,0
elastic-job-lite,4492,0,0.09581989049911502,0
elastic-job-lite,4245,0,0.09581989049911502,0
elastic-job-lite,4238,0,0.09581989049911502,0
elastic-job-lite,4165,0,0.09581989049911502,0
elastic-job-lite,4510,0,0.09581989049911502,0
elastic-job-lite,4631,0,0.09581989049911502,0
elastic-job-lite,4337,0,0.09581989049911502,0
elastic-job-lite,4156,0,0.09581989049911502,0
elastic-job-lite,4290,0,0.09581989049911502,0
elastic-job-lite,4434,0,0.09581989049911502,0
elastic-job-lite,4521,0,0.09581989049911502,0
elastic-job-lite,4486,0,0.09581989049911502,0
elastic-job-lite,4385,0,0.09581989049911502,0
elastic-job-lite,4287,0,0.09581989049911502,0
elastic-job-lite,4342,0,0.09581989049911502,0
elastic-job-lite,4381,0,0.09581989049911502,0
elastic-job-lite,4277,0,0.09581989049911502,0
elastic-job-lite,4531,0,0.09581989049911502,0
elastic-job-lite,4309,0,0.09581989049911502,0
elastic-job-lite,4574,0,0.09581989049911502,0
elastic-job-lite,4233,0,0.09581989049911502,0
elastic-job-lite,4435,0,0.09581989049911502,0
elastic-job-lite,4176,0,0.09581989049911502,0
elastic-job-lite,4597,0,0.09581989049911502,0
elastic-job-lite,4651,0,0.09581989049911502,0
elastic-job-lite,4649,0,0.09581989049911502,0
elastic-job-lite,4142,0,0.09581989049911502,0
elastic-job-lite,4596,0,0.09581989049911502,0
elastic-job-lite,4223,0,0.09581989049911502,0
elastic-job-lite,4500,0,0.09581989049911502,0
elastic-job-lite,4444,0,0.09581989049911502,0
elastic-job-lite,4570,0,0.09581989049911502,0
elastic-job-lite,4320,0,0.09581989049911502,0
elastic-job-lite,4487,0,0.09581989049911502,0
elastic-job-lite,4478,0,0.09581989049911502,0
elastic-job-lite,4624,0,0.09581989049911502,0
elastic-job-lite,4488,0,0.09581989049911502,0
elastic-job-lite,4117,0,0.09581989049911502,0
elastic-job-lite,4467,0,0.09581989049911502,0
elastic-job-lite,4567,0,0.09581989049911502,0
elastic-job-lite,4274,0,0.09581989049911502,0
elastic-job-lite,4219,0,0.09581989049911502,0
elastic-job-lite,4179,0,0.09581989049911502,0
elastic-job-lite,4408,0,0.09581989049911502,0
elastic-job-lite,4560,0,0.09581989049911502,0
elastic-job-lite,4135,0,0.09581989049911502,0
elastic-job-lite,4145,0,0.09581989049911502,0
elastic-job-lite,4620,0,0.09581989049911502,0
elastic-job-lite,4484,0,0.09581989049911502,0
elastic-job-lite,4186,0,0.09581989049911502,0
elastic-job-lite,4230,0,0.09581989049911502,0
elastic-job-lite,4172,0,0.09581989049911502,0
elastic-job-lite,4518,0,0.09581989049911502,0
elastic-job-lite,4494,0,0.09581989049911502,0
elastic-job-lite,4644,0,0.09581989049911502,0
elastic-job-lite,4635,0,0.09581989049911502,0
elastic-job-lite,4563,0,0.09581989049911502,0
elastic-job-lite,4129,0,0.09581989049911502,0
elastic-job-lite,4149,0,0.09581989049911502,0
elastic-job-lite,4590,0,0.09581989049911502,0
elastic-job-lite,4180,0,0.09581989049911502,0
elastic-job-lite,4483,0,0.09581989049911502,0
elastic-job-lite,4532,0,0.09581989049911502,0
elastic-job-lite,4670,0,0.09581989049911502,0
elastic-job-lite,4572,0,0.09581989049911502,0
elastic-job-lite,4373,0,0.09581989049911502,0
elastic-job-lite,4558,0,0.09581989049911502,0
elastic-job-lite,4591,0,0.09581989049911502,0
elastic-job-lite,4231,0,0.09581989049911502,0
elastic-job-lite,4379,0,0.09581989049911502,0
elastic-job-lite,4562,0,0.09581989049911502,0
elastic-job-lite,4621,0,0.09581989049911502,0
elastic-job-lite,4228,0,0.09581989049911502,0
elastic-job-lite,4319,0,0.09581989049911502,0
elastic-job-lite,4606,0,0.09581989049911502,0
elastic-job-lite,4662,0,0.09581989049911502,0
elastic-job-lite,4242,0,0.09581989049911502,0
elastic-job-lite,4637,0,0.09581989049911502,0
elastic-job-lite,4330,0,0.09581989049911502,0
elastic-job-lite,4645,0,0.09581989049911502,0
elastic-job-lite,4352,0,0.09581989049911502,0
elastic-job-lite,4154,0,0.09581989049911502,0
elastic-job-lite,4506,0,0.09581989049911502,0
elastic-job-lite,4350,0,0.09581989049911502,0
elastic-job-lite,4384,0,0.09581989049911502,0
elastic-job-lite,4215,0,0.09581989049911502,0
elastic-job-lite,4493,0,0.09581989049911502,0
elastic-job-lite,4222,0,0.09581989049911502,0
elastic-job-lite,4386,0,0.09581989049911502,0
elastic-job-lite,4204,0,0.09581989049911502,0
elastic-job-lite,4356,0,0.09581989049911502,0
elastic-job-lite,4443,0,0.09581989049911502,0
elastic-job-lite,4151,0,0.09581989049911502,0
elastic-job-lite,4236,0,0.09581989049911502,0
elastic-job-lite,4498,0,0.09581989049911502,0
elastic-job-lite,4206,0,0.09581989049911502,0
elastic-job-lite,4333,0,0.09581989049911502,0
elastic-job-lite,4181,0,0.09581989049911502,0
elastic-job-lite,4247,0,0.09581989049911502,0
elastic-job-lite,4293,0,0.09581989049911502,0
elastic-job-lite,4547,0,0.09581989049911502,0
elastic-job-lite,4602,0,0.09581989049911502,0
elastic-job-lite,4543,0,0.09581989049911502,0
elastic-job-lite,4139,0,0.09581989049911502,0
elastic-job-lite,4328,0,0.09581989049911502,0
elastic-job-lite,4545,0,0.09581989049911502,0
elastic-job-lite,4334,0,0.09581989049911502,0
elastic-job-lite,4639,0,0.09581989049911502,0
elastic-job-lite,4546,0,0.09581989049911502,0
elastic-job-lite,4128,0,0.09581989049911502,0
elastic-job-lite,4499,0,0.09581989049911502,0
elastic-job-lite,4289,0,0.09581989049911502,0
elastic-job-lite,4251,0,0.09581989049911502,0
elastic-job-lite,4610,0,0.09581989049911502,0
elastic-job-lite,4357,0,0.09581989049911502,0
elastic-job-lite,4640,0,0.09581989049911502,0
elastic-job-lite,4355,0,0.09581989049911502,0
elastic-job-lite,4539,0,0.09581989049911502,0
elastic-job-lite,4608,0,0.09581989049911502,0
elastic-job-lite,4288,0,0.09581989049911502,0
elastic-job-lite,4607,0,0.09581989049911502,0
elastic-job-lite,4465,0,0.09581989049911502,0
elastic-job-lite,4161,0,0.09581989049911502,0
elastic-job-lite,4192,0,0.09581989049911502,0
elastic-job-lite,4401,0,0.09581989049911502,0
elastic-job-lite,4229,0,0.09581989049911502,0
elastic-job-lite,4155,0,0.09581989049911502,0
elastic-job-lite,4457,0,0.09581989049911502,0
elastic-job-lite,4220,0,0.09581989049911502,0
elastic-job-lite,4654,0,0.09581989049911502,0
elastic-job-lite,4541,0,0.09581989049911502,0
elastic-job-lite,4116,0,0.09581989049911502,0
elastic-job-lite,4137,0,0.09581989049911502,0
elastic-job-lite,4650,0,0.09581989049911502,0
elastic-job-lite,4216,0,0.09581989049911502,0
elastic-job-lite,4254,0,0.09581989049911502,0
elastic-job-lite,4211,0,0.09581989049911502,0
elastic-job-lite,4153,0,0.09581989049911502,0
elastic-job-lite,4329,0,0.09581989049911502,0
elastic-job-lite,4195,0,0.09581989049911502,0
elastic-job-lite,4436,0,0.09581989049911502,0
elastic-job-lite,4198,0,0.09581989049911502,0
handlebars.java,1249,0,0.09581989049911503,0
handlebars.java,1149,0,0.09581989049911503,0
handlebars.java,941,0,0.09581989049911503,0
handlebars.java,2758,0,0.09581989049911503,0
handlebars.java,1205,0,0.09581989049911503,0
handlebars.java,1085,0,0.09581989049911503,0
handlebars.java,2786,0,0.09581989049911503,0
handlebars.java,951,0,0.09581989049911503,0
handlebars.java,940,0,0.09581989049911503,0
handlebars.java,1183,0,0.09581989049911503,0
handlebars.java,961,0,0.09581989049911503,0
handlebars.java,1139,0,0.09581989049911503,0
handlebars.java,2772,0,0.09581989049911503,0
handlebars.java,1230,0,0.09581989049911503,0
handlebars.java,1243,0,0.09581989049911503,0
handlebars.java,1257,0,0.09581989049911503,0
handlebars.java,2739,0,0.09581989049911503,0
handlebars.java,1122,0,0.09581989049911503,0
handlebars.java,1066,0,0.09581989049911503,0
handlebars.java,1239,0,0.09581989049911503,0
handlebars.java,1121,0,0.09581989049911503,0
handlebars.java,2726,0,0.09581989049911503,0
handlebars.java,2715,0,0.09581989049911503,0
handlebars.java,1131,0,0.09581989049911503,0
handlebars.java,1146,0,0.09581989049911503,0
handlebars.java,1051,0,0.09581989049911503,0
handlebars.java,1032,0,0.09581989049911503,0
handlebars.java,979,0,0.09581989049911503,0
handlebars.java,999,0,0.09581989049911503,0
handlebars.java,1126,0,0.09581989049911503,0
handlebars.java,2775,0,0.09581989049911503,0
handlebars.java,1105,0,0.09581989049911503,0
handlebars.java,1063,0,0.09581989049911503,0
handlebars.java,2791,0,0.09581989049911503,0
handlebars.java,1208,0,0.09581989049911503,0
handlebars.java,1059,0,0.09581989049911503,0
handlebars.java,1174,0,0.09581989049911503,0
handlebars.java,2779,0,0.09581989049911503,0
handlebars.java,930,0,0.09581989049911503,0
handlebars.java,1173,0,0.09581989049911503,0
handlebars.java,938,0,0.09581989049911503,0
handlebars.java,1124,0,0.09581989049911503,0
handlebars.java,1076,0,0.09581989049911503,0
handlebars.java,1199,0,0.09581989049911503,0
handlebars.java,1040,0,0.09581989049911503,0
handlebars.java,1054,0,0.09581989049911503,0
handlebars.java,2788,0,0.09581989049911503,0
handlebars.java,1217,0,0.09581989049911503,0
handlebars.java,1018,0,0.09581989049911503,0
handlebars.java,2771,0,0.09581989049911503,0
handlebars.java,953,0,0.09581989049911503,0
handlebars.java,2716,0,0.09581989049911503,0
handlebars.java,1128,0,0.09581989049911503,0
handlebars.java,1255,0,0.09581989049911503,0
handlebars.java,1000,0,0.09581989049911503,0
handlebars.java,937,0,0.09581989049911503,0
handlebars.java,1219,0,0.09581989049911503,0
handlebars.java,1179,0,0.09581989049911503,0
handlebars.java,2754,0,0.09581989049911503,0
handlebars.java,1214,0,0.09581989049911503,0
handlebars.java,1235,0,0.09581989049911503,0
handlebars.java,2781,0,0.09581989049911503,0
handlebars.java,1118,0,0.09581989049911503,0
handlebars.java,2776,0,0.09581989049911503,0
handlebars.java,1178,0,0.09581989049911503,0
handlebars.java,2745,0,0.09581989049911503,0
handlebars.java,1161,0,0.09581989049911503,0
handlebars.java,993,0,0.09581989049911503,0
handlebars.java,1157,0,0.09581989049911503,0
handlebars.java,986,0,0.09581989049911503,0
handlebars.java,2755,0,0.09581989049911503,0
handlebars.java,2757,0,0.09581989049911503,0
handlebars.java,2790,0,0.09581989049911503,0
handlebars.java,1216,0,0.09581989049911503,0
handlebars.java,990,0,0.09581989049911503,0
handlebars.java,1144,0,0.09581989049911503,0
handlebars.java,2714,0,0.09581989049911503,0
handlebars.java,2764,0,0.09581989049911503,0
handlebars.java,964,0,0.09581989049911503,0
handlebars.java,1025,0,0.09581989049911503,0
handlebars.java,1202,0,0.09581989049911503,0
handlebars.java,980,0,0.09581989049911503,0
handlebars.java,2735,0,0.09581989049911503,0
handlebars.java,973,0,0.09581989049911503,0
handlebars.java,1147,0,0.09581989049911503,0
handlebars.java,932,0,0.09581989049911503,0
handlebars.java,936,0,0.09581989049911503,0
handlebars.java,2792,0,0.09581989049911503,0
handlebars.java,976,0,0.09581989049911503,0
handlebars.java,1181,0,0.09581989049911503,0
handlebars.java,963,0,0.09581989049911503,0
handlebars.java,1261,0,0.09581989049911503,0
handlebars.java,1164,0,0.09581989049911503,0
handlebars.java,967,0,0.09581989049911503,0
handlebars.java,1067,0,0.09581989049911503,0
handlebars.java,1232,0,0.09581989049911503,0
handlebars.java,988,0,0.09581989049911503,0
handlebars.java,1263,0,0.09581989049911503,0
handlebars.java,2732,0,0.09581989049911503,0
handlebars.java,1169,0,0.09581989049911503,0
handlebars.java,1015,0,0.09581989049911503,0
handlebars.java,1094,0,0.09581989049911503,0
handlebars.java,1187,0,0.09581989049911503,0
handlebars.java,1207,0,0.09581989049911503,0
handlebars.java,1172,0,0.09581989049911503,0
handlebars.java,1096,0,0.09581989049911503,0
handlebars.java,982,0,0.09581989049911503,0
handlebars.java,1041,0,0.09581989049911503,0
handlebars.java,2717,0,0.09581989049911503,0
handlebars.java,1068,0,0.09581989049911503,0
handlebars.java,2753,0,0.09581989049911503,0
handlebars.java,1213,0,0.09581989049911503,0
handlebars.java,1112,0,0.09581989049911503,0
handlebars.java,1203,0,0.09581989049911503,0
handlebars.java,1234,0,0.09581989049911503,0
handlebars.java,2752,0,0.09581989049911503,0
handlebars.java,2731,0,0.09581989049911503,0
handlebars.java,1023,0,0.09581989049911503,0
handlebars.java,933,0,0.09581989049911503,0
handlebars.java,1007,0,0.09581989049911503,0
handlebars.java,934,0,0.09581989049911503,0
handlebars.java,1043,0,0.09581989049911503,0
handlebars.java,1072,0,0.09581989049911503,0
handlebars.java,2782,0,0.09581989049911503,0
handlebars.java,2738,0,0.09581989049911503,0
handlebars.java,2784,0,0.09581989049911503,0
handlebars.java,931,0,0.09581989049911503,0
handlebars.java,1193,0,0.09581989049911503,0
handlebars.java,1037,0,0.09581989049911503,0
handlebars.java,968,0,0.09581989049911503,0
handlebars.java,1052,0,0.09581989049911503,0
handlebars.java,1087,0,0.09581989049911503,0
handlebars.java,1233,0,0.09581989049911503,0
handlebars.java,1162,0,0.09581989049911503,0
handlebars.java,2742,0,0.09581989049911503,0
handlebars.java,1009,0,0.09581989049911503,0
handlebars.java,1038,0,0.09581989049911503,0
handlebars.java,955,0,0.09581989049911503,0
handlebars.java,1132,0,0.09581989049911503,0
handlebars.java,1012,0,0.09581989049911503,0
handlebars.java,1188,0,0.09581989049911503,0
handlebars.java,997,0,0.09581989049911503,0
handlebars.java,1167,0,0.09581989049911503,0
handlebars.java,1229,0,0.09581989049911503,0
handlebars.java,2728,0,0.09581989049911503,0
handlebars.java,1140,0,0.09581989049911503,0
handlebars.java,1244,0,0.09581989049911503,0
handlebars.java,1133,0,0.09581989049911503,0
handlebars.java,1248,0,0.09581989049911503,0
handlebars.java,1137,0,0.09581989049911503,0
handlebars.java,1190,0,0.09581989049911503,0
handlebars.java,2785,0,0.09581989049911503,0
handlebars.java,1008,0,0.09581989049911503,0
handlebars.java,1001,0,0.09581989049911503,0
handlebars.java,1225,0,0.09581989049911503,0
handlebars.java,2756,0,0.09581989049911503,0
handlebars.java,1200,0,0.09581989049911503,0
handlebars.java,1029,0,0.09581989049911503,0
handlebars.java,1069,0,0.09581989049911503,0
handlebars.java,1259,0,0.09581989049911503,0
handlebars.java,1168,0,0.09581989049911503,0
handlebars.java,2718,0,0.09581989049911503,0
handlebars.java,1141,0,0.09581989049911503,0
handlebars.java,2748,0,0.09581989049911503,0
handlebars.java,1153,0,0.09581989049911503,0
handlebars.java,966,0,0.09581989049911503,0
handlebars.java,1010,0,0.09581989049911503,0
handlebars.java,1036,0,0.09581989049911503,0
handlebars.java,969,0,0.09581989049911503,0
handlebars.java,2763,0,0.09581989049911503,0
handlebars.java,994,0,0.09581989049911503,0
handlebars.java,1195,0,0.09581989049911503,0
handlebars.java,1028,0,0.09581989049911503,0
handlebars.java,1071,0,0.09581989049911503,0
handlebars.java,956,0,0.09581989049911503,0
handlebars.java,1246,0,0.09581989049911503,0
handlebars.java,935,0,0.09581989049911503,0
handlebars.java,958,0,0.09581989049911503,0
handlebars.java,1090,0,0.09581989049911503,0
handlebars.java,1062,0,0.09581989049911503,0
handlebars.java,2759,0,0.09581989049911503,0
handlebars.java,1057,0,0.09581989049911503,0
handlebars.java,978,0,0.09581989049911503,0
handlebars.java,2766,0,0.09581989049911503,0
handlebars.java,1107,0,0.09581989049911503,0
handlebars.java,962,0,0.09581989049911503,0
handlebars.java,1024,0,0.09581989049911503,0
handlebars.java,2769,0,0.09581989049911503,0
handlebars.java,1042,0,0.09581989049911503,0
handlebars.java,1093,0,0.09581989049911503,0
handlebars.java,1021,0,0.09581989049911503,0
handlebars.java,2774,0,0.09581989049911503,0
handlebars.java,1260,0,0.09581989049911503,0
handlebars.java,2746,0,0.09581989049911503,0
handlebars.java,1194,0,0.09581989049911503,0
handlebars.java,2770,0,0.09581989049911503,0
handlebars.java,1064,0,0.09581989049911503,0
handlebars.java,1127,0,0.09581989049911503,0
handlebars.java,1166,0,0.09581989049911503,0
handlebars.java,1171,0,0.09581989049911503,0
handlebars.java,1192,0,0.09581989049911503,0
handlebars.java,992,0,0.09581989049911503,0
handlebars.java,2760,0,0.09581989049911503,0
handlebars.java,1039,0,0.09581989049911503,0
handlebars.java,965,0,0.09581989049911503,0
handlebars.java,1136,0,0.09581989049911503,0
handlebars.java,2734,0,0.09581989049911503,0
handlebars.java,1186,0,0.09581989049911503,0
handlebars.java,1138,0,0.09581989049911503,0
handlebars.java,1256,0,0.09581989049911503,0
handlebars.java,1100,0,0.09581989049911503,0
handlebars.java,1050,0,0.09581989049911503,0
handlebars.java,1240,0,0.09581989049911503,0
handlebars.java,2730,0,0.09581989049911503,0
handlebars.java,1013,0,0.09581989049911503,0
handlebars.java,983,0,0.09581989049911503,0
handlebars.java,1065,0,0.09581989049911503,0
handlebars.java,1106,0,0.09581989049911503,0
handlebars.java,1155,0,0.09581989049911503,0
handlebars.java,1184,0,0.09581989049911503,0
handlebars.java,991,0,0.09581989049911503,0
handlebars.java,2768,0,0.09581989049911503,0
handlebars.java,949,0,0.09581989049911503,0
handlebars.java,1026,0,0.09581989049911503,0
handlebars.java,1006,0,0.09581989049911503,0
handlebars.java,944,0,0.09581989049911503,0
handlebars.java,2750,0,0.09581989049911503,0
handlebars.java,987,0,0.09581989049911503,0
handlebars.java,1165,0,0.09581989049911503,0
handlebars.java,2780,0,0.09581989049911503,0
handlebars.java,1081,0,0.09581989049911503,0
handlebars.java,1016,0,0.09581989049911503,0
handlebars.java,1114,0,0.09581989049911503,0
handlebars.java,1222,0,0.09581989049911503,0
handlebars.java,970,0,0.09581989049911503,0
handlebars.java,1104,0,0.09581989049911503,0
handlebars.java,1070,0,0.09581989049911503,0
handlebars.java,1080,0,0.09581989049911503,0
handlebars.java,1091,0,0.09581989049911503,0
handlebars.java,1156,0,0.09581989049911503,0
handlebars.java,2777,0,0.09581989049911503,0
handlebars.java,1242,0,0.09581989049911503,0
handlebars.java,1022,0,0.09581989049911503,0
handlebars.java,1044,0,0.09581989049911503,0
handlebars.java,1086,0,0.09581989049911503,0
handlebars.java,1083,0,0.09581989049911503,0
handlebars.java,1154,0,0.09581989049911503,0
handlebars.java,1035,0,0.09581989049911503,0
handlebars.java,1148,0,0.09581989049911503,0
handlebars.java,1227,0,0.09581989049911503,0
handlebars.java,1159,0,0.09581989049911503,0
handlebars.java,1060,0,0.09581989049911503,0
handlebars.java,972,0,0.09581989049911503,0
handlebars.java,1033,0,0.09581989049911503,0
handlebars.java,2778,0,0.09581989049911503,0
handlebars.java,2751,0,0.09581989049911503,0
handlebars.java,1215,0,0.09581989049911503,0
handlebars.java,2744,0,0.09581989049911503,0
handlebars.java,1095,0,0.09581989049911503,0
handlebars.java,1003,0,0.09581989049911503,0
handlebars.java,1134,0,0.09581989049911503,0
handlebars.java,1130,0,0.09581989049911503,0
handlebars.java,1082,0,0.09581989049911503,0
handlebars.java,928,0,0.09581989049911503,0
handlebars.java,2729,0,0.09581989049911503,0
handlebars.java,1125,0,0.09581989049911503,0
handlebars.java,1223,0,0.09581989049911503,0
handlebars.java,943,0,0.09581989049911503,0
handlebars.java,1111,0,0.09581989049911503,0
handlebars.java,1056,0,0.09581989049911503,0
handlebars.java,1262,0,0.09581989049911503,0
handlebars.java,1078,0,0.09581989049911503,0
handlebars.java,2737,0,0.09581989049911503,0
handlebars.java,1053,0,0.09581989049911503,0
handlebars.java,1073,0,0.09581989049911503,0
handlebars.java,1176,0,0.09581989049911503,0
handlebars.java,1108,0,0.09581989049911503,0
handlebars.java,1061,0,0.09581989049911503,0
handlebars.java,995,0,0.09581989049911503,0
handlebars.java,1135,0,0.09581989049911503,0
handlebars.java,1224,0,0.09581989049911503,0
handlebars.java,1182,0,0.09581989049911503,0
handlebars.java,1226,0,0.09581989049911503,0
handlebars.java,1152,0,0.09581989049911503,0
handlebars.java,1151,0,0.09581989049911503,0
handlebars.java,989,0,0.09581989049911503,0
handlebars.java,1103,0,0.09581989049911503,0
handlebars.java,952,0,0.09581989049911503,0
handlebars.java,2727,0,0.09581989049911503,0
handlebars.java,1046,0,0.09581989049911503,0
handlebars.java,957,0,0.09581989049911503,0
handlebars.java,2719,0,0.09581989049911503,0
handlebars.java,1253,0,0.09581989049911503,0
handlebars.java,1252,0,0.09581989049911503,0
handlebars.java,1002,0,0.09581989049911503,0
handlebars.java,1089,0,0.09581989049911503,0
handlebars.java,1220,0,0.09581989049911503,0
handlebars.java,1074,0,0.09581989049911503,0
handlebars.java,1098,0,0.09581989049911503,0
handlebars.java,1228,0,0.09581989049911503,0
handlebars.java,2767,0,0.09581989049911503,0
handlebars.java,1110,0,0.09581989049911503,0
handlebars.java,1175,0,0.09581989049911503,0
handlebars.java,2794,0,0.09581989049911503,0
handlebars.java,1237,0,0.09581989049911503,0
handlebars.java,1092,0,0.09581989049911503,0
handlebars.java,1201,0,0.09581989049911503,0
handlebars.java,1129,0,0.09581989049911503,0
handlebars.java,1099,0,0.09581989049911503,0
handlebars.java,971,0,0.09581989049911503,0
handlebars.java,950,0,0.09581989049911503,0
handlebars.java,1150,0,0.09581989049911503,0
handlebars.java,960,0,0.09581989049911503,0
handlebars.java,1251,0,0.09581989049911503,0
handlebars.java,1019,0,0.09581989049911503,0
handlebars.java,959,0,0.09581989049911503,0
handlebars.java,1048,0,0.09581989049911503,0
handlebars.java,945,0,0.09581989049911503,0
handlebars.java,946,0,0.09581989049911503,0
handlebars.java,1206,0,0.09581989049911503,0
handlebars.java,942,0,0.09581989049911503,0
handlebars.java,984,0,0.09581989049911503,0
handlebars.java,1254,0,0.09581989049911503,0
handlebars.java,2787,0,0.09581989049911503,0
handlebars.java,1055,0,0.09581989049911503,0
handlebars.java,1109,0,0.09581989049911503,0
handlebars.java,927,0,0.09581989049911503,0
handlebars.java,2724,0,0.09581989049911503,0
handlebars.java,1212,0,0.09581989049911503,0
handlebars.java,1017,0,0.09581989049911503,0
handlebars.java,1158,0,0.09581989049911503,0
handlebars.java,1245,0,0.09581989049911503,0
handlebars.java,1170,0,0.09581989049911503,0
handlebars.java,1123,0,0.09581989049911503,0
handlebars.java,1084,0,0.09581989049911503,0
handlebars.java,2789,0,0.09581989049911503,0
handlebars.java,2783,0,0.09581989049911503,0
handlebars.java,1143,0,0.09581989049911503,0
handlebars.java,2722,0,0.09581989049911503,0
handlebars.java,2733,0,0.09581989049911503,0
handlebars.java,1045,0,0.09581989049911503,0
handlebars.java,2765,0,0.09581989049911503,0
handlebars.java,1005,0,0.09581989049911503,0
handlebars.java,1031,0,0.09581989049911503,0
handlebars.java,929,0,0.09581989049911503,0
handlebars.java,1247,0,0.09581989049911503,0
handlebars.java,1120,0,0.09581989049911503,0
handlebars.java,1218,0,0.09581989049911503,0
handlebars.java,1004,0,0.09581989049911503,0
handlebars.java,2743,0,0.09581989049911503,0
handlebars.java,1197,0,0.09581989049911503,0
handlebars.java,1113,0,0.09581989049911503,0
handlebars.java,1196,0,0.09581989049911503,0
handlebars.java,1209,0,0.09581989049911503,0
handlebars.java,954,0,0.09581989049911503,0
handlebars.java,1101,0,0.09581989049911503,0
handlebars.java,939,0,0.09581989049911503,0
handlebars.java,996,0,0.09581989049911503,0
handlebars.java,1210,0,0.09581989049911503,0
handlebars.java,1231,0,0.09581989049911503,0
handlebars.java,1160,0,0.09581989049911503,0
handlebars.java,974,0,0.09581989049911503,0
handlebars.java,1047,0,0.09581989049911503,0
handlebars.java,1250,0,0.09581989049911503,0
handlebars.java,2713,0,0.09581989049911503,0
handlebars.java,1191,0,0.09581989049911503,0
handlebars.java,2741,0,0.09581989049911503,0
handlebars.java,1011,0,0.09581989049911503,0
handlebars.java,2761,0,0.09581989049911503,0
handlebars.java,1211,0,0.09581989049911503,0
handlebars.java,1177,0,0.09581989049911503,0
handlebars.java,1020,1,0.09581989049911503,0
handlebars.java,1189,0,0.09581989049911503,0
handlebars.java,1075,0,0.09581989049911503,0
handlebars.java,2723,0,0.09581989049911503,0
handlebars.java,1238,0,0.09581989049911503,0
handlebars.java,2773,0,0.09581989049911503,0
handlebars.java,1145,0,0.09581989049911503,0
handlebars.java,2747,0,0.09581989049911503,0
hbase,10200,0,0.9381439536809921,1
hbase,10220,1,0.9381439536809921,1
hbase,10160,0,0.9381439536809921,1
hbase,10337,1,0.9381439536809921,1
hbase,10268,1,0.9381439536809921,1
hbase,10362,0,0.9381439536809921,1
hbase,10145,0,0.9381439536809921,1
hbase,10386,0,0.9381439536809921,1
hbase,10133,0,0.9381439536809921,1
hbase,10315,0,0.9381439536809921,1
hbase,10149,0,0.9381439536809921,1
hbase,10391,0,0.9381439536809921,1
hbase,10158,0,0.9381439536809921,1
hbase,10059,0,0.9381439536809921,1
hbase,10187,0,0.9381439536809921,1
hbase,10037,1,0.9381439536809921,1
hbase,10182,0,0.9381439536809921,1
hbase,10248,1,0.9381439536809921,1
hbase,10260,1,0.9381439536809921,1
hbase,10370,0,0.9381439536809921,1
hbase,10076,0,0.9381439536809921,1
hbase,10278,1,0.9381439536809921,1
hbase,10269,0,0.9381439536809921,1
hbase,10329,1,0.9381439536809921,1
hbase,10153,0,0.9381439536809921,1
hbase,10131,1,0.9381439536809921,1
hbase,10017,1,0.9381439536809921,1
hbase,10175,0,0.9381439536809921,1
hbase,10367,0,0.9381439536809921,1
hbase,10229,0,0.9381439536809921,1
hbase,10044,0,0.9381439536809921,1
hbase,10372,1,0.9381439536809921,1
hbase,10043,0,0.9381439536809921,1
hbase,10194,0,0.9381439536809921,1
hbase,10293,0,0.9381439536809921,1
hbase,10019,0,0.9381439536809921,1
hbase,10111,1,0.9381439536809921,1
hbase,10179,1,0.9381439536809921,1
hbase,10251,0,0.9381439536809921,1
hbase,10353,1,0.9381439536809921,1
hbase,10267,1,0.9381439536809921,1
hbase,10069,0,0.9381439536809921,1
hbase,10273,1,0.9381439536809921,1
hbase,10108,1,0.9381439536809921,1
hbase,10106,1,0.9381439536809921,1
hbase,10148,0,0.9381439536809921,1
hbase,9987,1,0.9381439536809921,1
hbase,10082,0,0.9381439536809921,1
hbase,10150,0,0.9381439536809921,1
hbase,10332,1,0.9381439536809921,1
hbase,10136,1,0.9381439536809921,1
hbase,10312,0,0.9381439536809921,1
hbase,10119,0,0.9381439536809921,1
hbase,10284,0,0.9381439536809921,1
hbase,9993,1,0.9381439536809921,1
hbase,10178,0,0.9381439536809921,1
hbase,10193,0,0.9381439536809921,1
hbase,10135,0,0.9381439536809921,1
hbase,10137,0,0.9381439536809921,1
hbase,10221,1,0.9381439536809921,1
hbase,10303,0,0.9381439536809921,1
hbase,10197,0,0.9381439536809921,1
hbase,10206,0,0.9381439536809921,1
hbase,10384,0,0.9381439536809921,1
hbase,10055,0,0.9381439536809921,1
hbase,9985,1,0.9381439536809921,1
hbase,10101,1,0.9381439536809921,1
hbase,10373,1,0.9381439536809921,1
hbase,10222,1,0.9381439536809921,1
hbase,10068,0,0.9381439536809921,1
hbase,10389,0,0.9381439536809921,1
hbase,10124,0,0.9381439536809921,1
hbase,10333,1,0.9381439536809921,1
hbase,10261,0,0.9381439536809921,1
hbase,10390,0,0.9381439536809921,1
hbase,10110,1,0.9381439536809921,1
hbase,10381,0,0.9381439536809921,1
hbase,10081,0,0.9381439536809921,1
hbase,10062,0,0.9381439536809921,1
hbase,10151,0,0.9381439536809921,1
hbase,10143,0,0.9381439536809921,1
hbase,10339,1,0.9381439536809921,1
hbase,10355,1,0.9381439536809921,1
hbase,10174,0,0.9381439536809921,1
hbase,10070,0,0.9381439536809921,1
hbase,10079,1,0.9381439536809921,1
hbase,10360,1,0.9381439536809921,1
hbase,10326,1,0.9381439536809921,1
hbase,10325,1,0.9381439536809921,1
hbase,10060,0,0.9381439536809921,1
hbase,10295,0,0.9381439536809921,1
hbase,10093,1,0.9381439536809921,1
hbase,10254,0,0.9381439536809921,1
hbase,10054,0,0.9381439536809921,1
hbase,10114,0,0.9381439536809921,1
hbase,10238,0,0.9381439536809921,1
hbase,9996,1,0.9381439536809921,1
hbase,10397,0,0.9381439536809921,1
hbase,10085,0,0.9381439536809921,1
hbase,10354,1,0.9381439536809921,1
hbase,10007,0,0.9381439536809921,1
hbase,10323,1,0.9381439536809921,1
hbase,10029,1,0.9381439536809921,1
hbase,10186,0,0.9381439536809921,1
hbase,10408,0,0.9381439536809921,1
hbase,10122,0,0.9381439536809921,1
hbase,10400,0,0.9381439536809921,1
hbase,10057,0,0.9381439536809921,1
hbase,10377,0,0.9381439536809921,1
hbase,10359,0,0.9381439536809921,1
hbase,10287,0,0.9381439536809921,1
hbase,10009,1,0.9381439536809921,1
hbase,10142,0,0.9381439536809921,1
hbase,10180,0,0.9381439536809921,1
hbase,10022,1,0.9381439536809921,1
hbase,10327,1,0.9381439536809921,1
hbase,10213,0,0.9381439536809921,1
hbase,9999,0,0.9381439536809921,1
hbase,10277,1,0.9381439536809921,1
hbase,10228,0,0.9381439536809921,1
hbase,10116,0,0.9381439536809921,1
hbase,10274,1,0.9381439536809921,1
hbase,10393,0,0.9381439536809921,1
hbase,10183,0,0.9381439536809921,1
hbase,10314,0,0.9381439536809921,1
hbase,10300,0,0.9381439536809921,1
hbase,10259,1,0.9381439536809921,1
hbase,10313,0,0.9381439536809921,1
hbase,10077,0,0.9381439536809921,1
hbase,10382,0,0.9381439536809921,1
hbase,10241,0,0.9381439536809921,1
hbase,10109,1,0.9381439536809921,1
hbase,10199,0,0.9381439536809921,1
hbase,10331,1,0.9381439536809921,1
hbase,10050,0,0.9381439536809921,1
hbase,10208,0,0.9381439536809921,1
hbase,10336,1,0.9381439536809921,1
hbase,10086,0,0.9381439536809921,1
hbase,10123,0,0.9381439536809921,1
hbase,10345,1,0.9381439536809921,1
hbase,10396,0,0.9381439536809921,1
hbase,10162,0,0.9381439536809921,1
hbase,10212,0,0.9381439536809921,1
hbase,10250,0,0.9381439536809921,1
hbase,10410,0,0.9381439536809921,1
hbase,10010,1,0.9381439536809921,1
hbase,10147,0,0.9381439536809921,1
hbase,10309,0,0.9381439536809921,1
hbase,10021,1,0.9381439536809921,1
hbase,10311,0,0.9381439536809921,1
hbase,10078,0,0.9381439536809921,1
hbase,10155,0,0.9381439536809921,1
hbase,10012,1,0.9381439536809921,1
hbase,10321,1,0.9381439536809921,1
hbase,10065,0,0.9381439536809921,1
hbase,10165,0,0.9381439536809921,1
hbase,10003,1,0.9381439536809921,1
hbase,10045,0,0.9381439536809921,1
hbase,10343,1,0.9381439536809921,1
hbase,9990,1,0.9381439536809921,1
hbase,10163,0,0.9381439536809921,1
hbase,10191,0,0.9381439536809921,1
hbase,10161,0,0.9381439536809921,1
hbase,10146,0,0.9381439536809921,1
hbase,9995,0,0.9381439536809921,1
hbase,10301,0,0.9381439536809921,1
hbase,10002,0,0.9381439536809921,1
hbase,10198,0,0.9381439536809921,1
hbase,10210,0,0.9381439536809921,1
hbase,10402,0,0.9381439536809921,1
hbase,10014,1,0.9381439536809921,1
hbase,10129,0,0.9381439536809921,1
hbase,10358,1,0.9381439536809921,1
hbase,10302,0,0.9381439536809921,1
hbase,10344,1,0.9381439536809921,1
hbase,10319,1,0.9381439536809921,1
hbase,10185,0,0.9381439536809921,1
hbase,10415,0,0.9381439536809921,1
hbase,10361,0,0.9381439536809921,1
hbase,10091,0,0.9381439536809921,1
hbase,10226,0,0.9381439536809921,1
hbase,10011,1,0.9381439536809921,1
hbase,10164,0,0.9381439536809921,1
hbase,10144,0,0.9381439536809921,1
hbase,10023,1,0.9381439536809921,1
hbase,10385,0,0.9381439536809921,1
hbase,10233,1,0.9381439536809921,1
hbase,10184,0,0.9381439536809921,1
hbase,10166,0,0.9381439536809921,1
hbase,10283,1,0.9381439536809921,1
hbase,10285,0,0.9381439536809921,1
hbase,10105,1,0.9381439536809921,1
hbase,10088,0,0.9381439536809921,1
hbase,10399,1,0.9381439536809921,1
hbase,10249,0,0.9381439536809921,1
hbase,10232,1,0.9381439536809921,1
hbase,10239,0,0.9381439536809921,1
hbase,10130,1,0.9381439536809921,1
hbase,10121,1,0.9381439536809921,1
hbase,10375,1,0.9381439536809921,1
hbase,10342,1,0.9381439536809921,1
hbase,10218,0,0.9381439536809921,1
hbase,9986,1,0.9381439536809921,1
hbase,10083,0,0.9381439536809921,1
hbase,10275,1,0.9381439536809921,1
hbase,10306,0,0.9381439536809921,1
hbase,10328,1,0.9381439536809921,1
hbase,10387,0,0.9381439536809921,1
hbase,10048,0,0.9381439536809921,1
hbase,10209,0,0.9381439536809921,1
hbase,10227,0,0.9381439536809921,1
hbase,10006,1,0.9381439536809921,1
hbase,10364,1,0.9381439536809921,1
hbase,10008,1,0.9381439536809921,1
hbase,10242,0,0.9381439536809921,1
hbase,10352,1,0.9381439536809921,1
hbase,10279,1,0.9381439536809921,1
hbase,10125,0,0.9381439536809921,1
hbase,10067,0,0.9381439536809921,1
hbase,10036,0,0.9381439536809921,1
hbase,10128,0,0.9381439536809921,1
hbase,10099,1,0.9381439536809921,1
hbase,10181,0,0.9381439536809921,1
hbase,10235,0,0.9381439536809921,1
hbase,10041,0,0.9381439536809921,1
hbase,10157,0,0.9381439536809921,1
hbase,10040,0,0.9381439536809921,1
hbase,10005,1,0.9381439536809921,1
hbase,10388,0,0.9381439536809921,1
hbase,10371,0,0.9381439536809921,1
hbase,10380,0,0.9381439536809921,1
hbase,9992,1,0.9381439536809921,1
hbase,10316,1,0.9381439536809921,1
hbase,10365,0,0.9381439536809921,1
hbase,10053,0,0.9381439536809921,1
hbase,10071,0,0.9381439536809921,1
hbase,10188,0,0.9381439536809921,1
hbase,10171,0,0.9381439536809921,1
hbase,10253,0,0.9381439536809921,1
hbase,10087,0,0.9381439536809921,1
hbase,10074,0,0.9381439536809921,1
hbase,10195,0,0.9381439536809921,1
hbase,10035,1,0.9381439536809921,1
hbase,10350,1,0.9381439536809921,1
hbase,9994,1,0.9381439536809921,1
hbase,10257,1,0.9381439536809921,1
hbase,10383,0,0.9381439536809921,1
hbase,10047,0,0.9381439536809921,1
hbase,10063,0,0.9381439536809921,1
hbase,10405,0,0.9381439536809921,1
hbase,10296,0,0.9381439536809921,1
hbase,10237,0,0.9381439536809921,1
hbase,10126,0,0.9381439536809921,1
hbase,10020,1,0.9381439536809921,1
hbase,10299,0,0.9381439536809921,1
hbase,10347,1,0.9381439536809921,1
hbase,10376,1,0.9381439536809921,1
hbase,10061,0,0.9381439536809921,1
hbase,10046,0,0.9381439536809921,1
hbase,10170,0,0.9381439536809921,1
hbase,10027,1,0.9381439536809921,1
hbase,10176,0,0.9381439536809921,1
hbase,10320,1,0.9381439536809921,1
hbase,10411,1,0.9381439536809921,1
hbase,10042,0,0.9381439536809921,1
hbase,10363,0,0.9381439536809921,1
hbase,10004,1,0.9381439536809921,1
hbase,10324,1,0.9381439536809921,1
hbase,10271,0,0.9381439536809921,1
hbase,10203,0,0.9381439536809921,1
hbase,10286,0,0.9381439536809921,1
hbase,10066,0,0.9381439536809921,1
hbase,10039,0,0.9381439536809921,1
hbase,10272,0,0.9381439536809921,1
hbase,10230,0,0.9381439536809921,1
hbase,10281,1,0.9381439536809921,1
hbase,10025,0,0.9381439536809921,1
hbase,10308,0,0.9381439536809921,1
hbase,10084,0,0.9381439536809921,1
hbase,10080,0,0.9381439536809921,1
hbase,10138,0,0.9381439536809921,1
hbase,10072,0,0.9381439536809921,1
hbase,10398,1,0.9381439536809921,1
hbase,10100,1,0.9381439536809921,1
hbase,10168,0,0.9381439536809921,1
hbase,10097,1,0.9381439536809921,1
hbase,10196,0,0.9381439536809921,1
hbase,10366,0,0.9381439536809921,1
hbase,10270,0,0.9381439536809921,1
hbase,10073,0,0.9381439536809921,1
hbase,10026,1,0.9381439536809921,1
hbase,10117,0,0.9381439536809921,1
hbase,10112,0,0.9381439536809921,1
hbase,10223,1,0.9381439536809921,1
hbase,10379,0,0.9381439536809921,1
hbase,10412,0,0.9381439536809921,1
hbase,10215,0,0.9381439536809921,1
hbase,10034,0,0.9381439536809921,1
hbase,10334,1,0.9381439536809921,1
hbase,10351,1,0.9381439536809921,1
hbase,9988,0,0.9381439536809921,1
hbase,10140,0,0.9381439536809921,1
hbase,10282,1,0.9381439536809921,1
hbase,10263,0,0.9381439536809921,1
hbase,10211,0,0.9381439536809921,1
hbase,10031,0,0.9381439536809921,1
hbase,10214,0,0.9381439536809921,1
hbase,10032,0,0.9381439536809921,1
hbase,10127,0,0.9381439536809921,1
hbase,10102,1,0.9381439536809921,1
hbase,10113,1,0.9381439536809921,1
hbase,10205,0,0.9381439536809921,1
hbase,10288,0,0.9381439536809921,1
hbase,10096,1,0.9381439536809921,1
hbase,10401,0,0.9381439536809921,1
hbase,10292,0,0.9381439536809921,1
hbase,10264,0,0.9381439536809921,1
hbase,10092,0,0.9381439536809921,1
hbase,10217,0,0.9381439536809921,1
hbase,10256,1,0.9381439536809921,1
hbase,10280,1,0.9381439536809921,1
hbase,10177,0,0.9381439536809921,1
hbase,10244,0,0.9381439536809921,1
hbase,10172,0,0.9381439536809921,1
hbase,10322,1,0.9381439536809921,1
hbase,10298,0,0.9381439536809921,1
hbase,10207,0,0.9381439536809921,1
hbase,10224,1,0.9381439536809921,1
hbase,10089,0,0.9381439536809921,1
hbase,10159,0,0.9381439536809921,1
hbase,10357,1,0.9381439536809921,1
hbase,10356,1,0.9381439536809921,1
hbase,10103,1,0.9381439536809921,1
hbase,10258,1,0.9381439536809921,1
hbase,10049,0,0.9381439536809921,1
hbase,10139,0,0.9381439536809921,1
hbase,10338,1,0.9381439536809921,1
hbase,10134,0,0.9381439536809921,1
hbase,10409,0,0.9381439536809921,1
hbase,10245,0,0.9381439536809921,1
hbase,10167,0,0.9381439536809921,1
hbase,10013,1,0.9381439536809921,1
hbase,10247,0,0.9381439536809921,1
hbase,10038,0,0.9381439536809921,1
hbase,10407,0,0.9381439536809921,1
hbase,10058,0,0.9381439536809921,1
hbase,10305,0,0.9381439536809921,1
hbase,9997,0,0.9381439536809921,1
hbase,10369,0,0.9381439536809921,1
hbase,10291,0,0.9381439536809921,1
hbase,9991,1,0.9381439536809921,1
hbase,10030,0,0.9381439536809921,1
hbase,10406,0,0.9381439536809921,1
hbase,10414,0,0.9381439536809921,1
hbase,10098,1,0.9381439536809921,1
hbase,9989,0,0.9381439536809921,1
hbase,10152,0,0.9381439536809921,1
hbase,10028,0,0.9381439536809921,1
hbase,10346,1,0.9381439536809921,1
hbase,10141,0,0.9381439536809921,1
hbase,9998,1,0.9381439536809921,1
hbase,10231,0,0.9381439536809921,1
hbase,10276,1,0.9381439536809921,1
hbase,10016,0,0.9381439536809921,1
hbase,10368,0,0.9381439536809921,1
hbase,10246,0,0.9381439536809921,1
hbase,10243,0,0.9381439536809921,1
hbase,10104,1,0.9381439536809921,1
hbase,10204,0,0.9381439536809921,1
hbase,10236,0,0.9381439536809921,1
hbase,10317,1,0.9381439536809921,1
hbase,10033,0,0.9381439536809921,1
hbase,10056,0,0.9381439536809921,1
hbase,10115,1,0.9381439536809921,1
hbase,10202,0,0.9381439536809921,1
hbase,10225,0,0.9381439536809921,1
hbase,10015,1,0.9381439536809921,1
hbase,10330,1,0.9381439536809921,1
hbase,10095,0,0.9381439536809921,1
hbase,10307,0,0.9381439536809921,1
hbase,10190,0,0.9381439536809921,1
hbase,10374,1,0.9381439536809921,1
hbase,10090,0,0.9381439536809921,1
hbase,10290,0,0.9381439536809921,1
hbase,10051,0,0.9381439536809921,1
hbase,10318,1,0.9381439536809921,1
hbase,10173,0,0.9381439536809921,1
hbase,10107,1,0.9381439536809921,1
hector,4891,0,0.9094542752612722,1
hector,4879,0,0.9094542752612722,1
hector,4989,1,0.9094542752612722,1
hector,4896,0,0.9094542752612722,1
hector,4924,0,0.9094542752612722,1
hector,4895,0,0.9094542752612722,1
hector,4901,0,0.9094542752612722,1
hector,4932,0,0.9094542752612722,1
hector,4976,0,0.9094542752612722,1
hector,4856,0,0.9094542752612722,1
hector,4884,1,0.9094542752612722,1
hector,4986,0,0.9094542752612722,1
hector,4868,1,0.9094542752612722,1
hector,4993,0,0.9094542752612722,1
hector,4941,0,0.9094542752612722,1
hector,4942,1,0.9094542752612722,1
hector,4870,0,0.9094542752612722,1
hector,4968,1,0.9094542752612722,1
hector,4950,1,0.9094542752612722,1
hector,4978,0,0.9094542752612722,1
hector,4866,0,0.9094542752612722,1
hector,4971,1,0.9094542752612722,1
hector,4911,0,0.9094542752612722,1
hector,4867,1,0.9094542752612722,1
hector,4882,1,0.9094542752612722,1
hector,4872,0,0.9094542752612722,1
hector,4862,0,0.9094542752612722,1
hector,4994,0,0.9094542752612722,1
hector,4921,0,0.9094542752612722,1
hector,4973,1,0.9094542752612722,1
hector,4985,0,0.9094542752612722,1
hector,4938,0,0.9094542752612722,1
hector,4912,0,0.9094542752612722,1
hector,4939,0,0.9094542752612722,1
hector,4937,0,0.9094542752612722,1
hector,4889,0,0.9094542752612722,1
hector,4955,0,0.9094542752612722,1
hector,4903,0,0.9094542752612722,1
hector,4934,1,0.9094542752612722,1
hector,4975,0,0.9094542752612722,1
hector,4946,1,0.9094542752612722,1
hector,4881,1,0.9094542752612722,1
hector,4987,0,0.9094542752612722,1
hector,4944,0,0.9094542752612722,1
hector,4954,0,0.9094542752612722,1
hector,4873,0,0.9094542752612722,1
hector,4909,0,0.9094542752612722,1
hector,4869,1,0.9094542752612722,1
hector,4863,0,0.9094542752612722,1
hector,4983,0,0.9094542752612722,1
hector,4990,0,0.9094542752612722,1
hector,4933,0,0.9094542752612722,1
hector,4885,1,0.9094542752612722,1
hector,4905,0,0.9094542752612722,1
hector,4943,0,0.9094542752612722,1
hector,4894,0,0.9094542752612722,1
hector,4898,0,0.9094542752612722,1
hector,4917,0,0.9094542752612722,1
hector,4875,0,0.9094542752612722,1
hector,4964,0,0.9094542752612722,1
hector,4908,0,0.9094542752612722,1
hector,4961,1,0.9094542752612722,1
hector,4915,0,0.9094542752612722,1
hector,4890,0,0.9094542752612722,1
hector,4966,0,0.9094542752612722,1
hector,4874,0,0.9094542752612722,1
hector,4913,1,0.9094542752612722,1
hector,4906,0,0.9094542752612722,1
hector,4958,1,0.9094542752612722,1
hector,4900,0,0.9094542752612722,1
hector,4923,0,0.9094542752612722,1
hector,4922,0,0.9094542752612722,1
hector,4959,1,0.9094542752612722,1
hector,4860,0,0.9094542752612722,1
hector,4871,0,0.9094542752612722,1
hector,1984,0,0.9094542752612722,1
hector,4929,0,0.9094542752612722,1
hector,4928,0,0.9094542752612722,1
hector,4855,0,0.9094542752612722,1
hector,4981,0,0.9094542752612722,1
hector,4965,0,0.9094542752612722,1
hector,4857,0,0.9094542752612722,1
hector,4967,1,0.9094542752612722,1
hector,4970,1,0.9094542752612722,1
hector,4899,0,0.9094542752612722,1
hector,4918,0,0.9094542752612722,1
hector,4935,1,0.9094542752612722,1
hector,4886,0,0.9094542752612722,1
hector,4861,0,0.9094542752612722,1
hector,4963,1,0.9094542752612722,1
hector,4904,0,0.9094542752612722,1
hector,4988,0,0.9094542752612722,1
hector,4920,0,0.9094542752612722,1
hector,4910,0,0.9094542752612722,1
hector,4953,0,0.9094542752612722,1
hector,4926,0,0.9094542752612722,1
hector,4960,1,0.9094542752612722,1
hector,4902,0,0.9094542752612722,1
hector,4952,0,0.9094542752612722,1
hector,4914,0,0.9094542752612722,1
hector,4957,1,0.9094542752612722,1
hector,4940,0,0.9094542752612722,1
hector,4877,0,0.9094542752612722,1
hector,4995,0,0.9094542752612722,1
hector,4972,1,0.9094542752612722,1
hector,4925,0,0.9094542752612722,1
hector,4878,0,0.9094542752612722,1
hector,4979,0,0.9094542752612722,1
hector,4951,1,0.9094542752612722,1
hector,4962,1,0.9094542752612722,1
hector,4936,1,0.9094542752612722,1
hector,4919,0,0.9094542752612722,1
hector,4991,0,0.9094542752612722,1
hector,4984,0,0.9094542752612722,1
hector,4887,0,0.9094542752612722,1
hector,4876,0,0.9094542752612722,1
hector,4992,0,0.9094542752612722,1
hector,4859,0,0.9094542752612722,1
hector,4883,0,0.9094542752612722,1
hector,4948,1,0.9094542752612722,1
hector,4977,0,0.9094542752612722,1
hector,4980,0,0.9094542752612722,1
hector,4897,0,0.9094542752612722,1
hector,4888,0,0.9094542752612722,1
hector,4930,0,0.9094542752612722,1
hector,4916,0,0.9094542752612722,1
hector,4974,0,0.9094542752612722,1
hector,4893,0,0.9094542752612722,1
http-request,1318,0,0.82745760679245,1
http-request,1280,0,0.82745760679245,1
http-request,1371,0,0.82745760679245,1
http-request,1333,0,0.82745760679245,1
http-request,1394,0,0.82745760679245,1
http-request,1353,0,0.82745760679245,1
http-request,1423,0,0.82745760679245,1
http-request,1330,0,0.82745760679245,1
http-request,1375,0,0.82745760679245,1
http-request,1385,0,0.82745760679245,1
http-request,1308,0,0.82745760679245,1
http-request,1416,1,0.82745760679245,1
http-request,1285,0,0.82745760679245,1
http-request,1286,0,0.82745760679245,1
http-request,1398,0,0.82745760679245,1
http-request,1360,0,0.82745760679245,1
http-request,1270,0,0.82745760679245,1
http-request,1326,0,0.82745760679245,1
http-request,1300,0,0.82745760679245,1
http-request,1291,1,0.82745760679245,1
http-request,1299,0,0.82745760679245,1
http-request,1324,0,0.82745760679245,1
http-request,1412,0,0.82745760679245,1
http-request,1355,0,0.82745760679245,1
http-request,1306,0,0.82745760679245,1
http-request,1316,0,0.82745760679245,1
http-request,1274,0,0.82745760679245,1
http-request,1319,0,0.82745760679245,1
http-request,1351,0,0.82745760679245,1
http-request,1350,0,0.82745760679245,1
http-request,1290,0,0.82745760679245,1
http-request,1393,0,0.82745760679245,1
http-request,1359,0,0.82745760679245,1
http-request,1334,0,0.82745760679245,1
http-request,1331,0,0.82745760679245,1
http-request,1415,0,0.82745760679245,1
http-request,1381,0,0.82745760679245,1
http-request,1357,0,0.82745760679245,1
http-request,1302,0,0.82745760679245,1
http-request,1328,0,0.82745760679245,1
http-request,1277,0,0.82745760679245,1
http-request,1418,0,0.82745760679245,1
http-request,1377,0,0.82745760679245,1
http-request,1383,0,0.82745760679245,1
http-request,1366,0,0.82745760679245,1
http-request,1279,0,0.82745760679245,1
http-request,1275,0,0.82745760679245,1
http-request,1364,0,0.82745760679245,1
http-request,1287,0,0.82745760679245,1
http-request,1374,0,0.82745760679245,1
http-request,1390,1,0.82745760679245,1
http-request,1325,0,0.82745760679245,1
http-request,1419,0,0.82745760679245,1
http-request,1349,0,0.82745760679245,1
http-request,1314,0,0.82745760679245,1
http-request,1410,0,0.82745760679245,1
http-request,1413,0,0.82745760679245,1
http-request,1372,0,0.82745760679245,1
http-request,1321,0,0.82745760679245,1
http-request,1269,0,0.82745760679245,1
http-request,1368,0,0.82745760679245,1
http-request,1288,0,0.82745760679245,1
http-request,1370,0,0.82745760679245,1
http-request,1264,0,0.82745760679245,1
http-request,1332,0,0.82745760679245,1
http-request,1397,0,0.82745760679245,1
http-request,1295,0,0.82745760679245,1
http-request,1369,0,0.82745760679245,1
http-request,1317,0,0.82745760679245,1
http-request,1420,0,0.82745760679245,1
http-request,1344,0,0.82745760679245,1
http-request,1311,0,0.82745760679245,1
http-request,1307,0,0.82745760679245,1
http-request,1392,1,0.82745760679245,1
http-request,1389,0,0.82745760679245,1
http-request,1346,0,0.82745760679245,1
http-request,1267,0,0.82745760679245,1
http-request,1378,0,0.82745760679245,1
http-request,1297,0,0.82745760679245,1
http-request,1289,0,0.82745760679245,1
http-request,1391,1,0.82745760679245,1
http-request,1404,0,0.82745760679245,1
http-request,1400,0,0.82745760679245,1
http-request,1281,0,0.82745760679245,1
http-request,1313,0,0.82745760679245,1
http-request,1387,1,0.82745760679245,1
http-request,1403,0,0.82745760679245,1
http-request,1273,0,0.82745760679245,1
http-request,1296,0,0.82745760679245,1
http-request,1266,0,0.82745760679245,1
http-request,1408,0,0.82745760679245,1
http-request,1310,0,0.82745760679245,1
http-request,1327,0,0.82745760679245,1
http-request,1354,0,0.82745760679245,1
http-request,1268,0,0.82745760679245,1
http-request,1373,0,0.82745760679245,1
http-request,1345,1,0.82745760679245,1
http-request,1367,0,0.82745760679245,1
http-request,1271,0,0.82745760679245,1
http-request,1362,0,0.82745760679245,1
http-request,1343,0,0.82745760679245,1
http-request,1293,0,0.82745760679245,1
http-request,1379,0,0.82745760679245,1
http-request,1323,0,0.82745760679245,1
http-request,1298,0,0.82745760679245,1
http-request,1414,0,0.82745760679245,1
http-request,1399,0,0.82745760679245,1
http-request,1347,0,0.82745760679245,1
http-request,1365,0,0.82745760679245,1
http-request,1417,1,0.82745760679245,1
http-request,1361,0,0.82745760679245,1
http-request,1402,0,0.82745760679245,1
http-request,1356,0,0.82745760679245,1
http-request,1305,1,0.82745760679245,1
http-request,1388,1,0.82745760679245,1
http-request,1425,0,0.82745760679245,1
http-request,1337,1,0.82745760679245,1
http-request,1341,1,0.82745760679245,1
http-request,1303,0,0.82745760679245,1
http-request,1329,0,0.82745760679245,1
http-request,1348,0,0.82745760679245,1
http-request,1315,0,0.82745760679245,1
http-request,1376,0,0.82745760679245,1
http-request,1338,1,0.82745760679245,1
http-request,1301,0,0.82745760679245,1
http-request,1335,0,0.82745760679245,1
http-request,1284,0,0.82745760679245,1
http-request,1312,0,0.82745760679245,1
http-request,1411,0,0.82745760679245,1
http-request,1426,1,0.82745760679245,1
http-request,1294,0,0.82745760679245,1
http-request,1401,0,0.82745760679245,1
http-request,1409,0,0.82745760679245,1
http-request,1320,0,0.82745760679245,1
http-request,1363,0,0.82745760679245,1
http-request,1424,0,0.82745760679245,1
http-request,1342,1,0.82745760679245,1
http-request,1406,0,0.82745760679245,1
http-request,1386,0,0.82745760679245,1
http-request,1265,0,0.82745760679245,1
http-request,1340,1,0.82745760679245,1
http-request,1384,0,0.82745760679245,1
http-request,1395,0,0.82745760679245,1
http-request,1278,0,0.82745760679245,1
http-request,1422,0,0.82745760679245,1
http-request,1380,0,0.82745760679245,1
http-request,1272,0,0.82745760679245,1
httpcore,10703,0,0.4721741080284119,0
httpcore,10642,0,0.4721741080284119,0
httpcore,11031,0,0.4721741080284119,0
httpcore,10820,0,0.4721741080284119,0
httpcore,11068,0,0.4721741080284119,0
httpcore,11009,0,0.4721741080284119,0
httpcore,10698,0,0.4721741080284119,0
httpcore,11067,0,0.4721741080284119,0
httpcore,10526,0,0.4721741080284119,0
httpcore,10784,0,0.4721741080284119,0
httpcore,10464,0,0.4721741080284119,0
httpcore,10803,0,0.4721741080284119,0
httpcore,10759,0,0.4721741080284119,0
httpcore,10772,0,0.4721741080284119,0
httpcore,10904,0,0.4721741080284119,0
httpcore,10582,0,0.4721741080284119,0
httpcore,10744,0,0.4721741080284119,0
httpcore,10624,0,0.4721741080284119,0
httpcore,10562,0,0.4721741080284119,0
httpcore,11011,0,0.4721741080284119,0
httpcore,10429,0,0.4721741080284119,0
httpcore,11127,0,0.4721741080284119,0
httpcore,10433,0,0.4721741080284119,0
httpcore,10709,0,0.4721741080284119,0
httpcore,10801,0,0.4721741080284119,0
httpcore,10864,1,0.4721741080284119,0
httpcore,11074,0,0.4721741080284119,0
httpcore,10574,0,0.4721741080284119,0
httpcore,11053,0,0.4721741080284119,0
httpcore,11034,0,0.4721741080284119,0
httpcore,10848,0,0.4721741080284119,0
httpcore,10710,0,0.4721741080284119,0
httpcore,10702,0,0.4721741080284119,0
httpcore,10662,0,0.4721741080284119,0
httpcore,10774,0,0.4721741080284119,0
httpcore,10657,0,0.4721741080284119,0
httpcore,10723,0,0.4721741080284119,0
httpcore,10659,0,0.4721741080284119,0
httpcore,10577,0,0.4721741080284119,0
httpcore,10952,0,0.4721741080284119,0
httpcore,11117,0,0.4721741080284119,0
httpcore,10516,0,0.4721741080284119,0
httpcore,10901,0,0.4721741080284119,0
httpcore,10718,0,0.4721741080284119,0
httpcore,10434,0,0.4721741080284119,0
httpcore,10826,0,0.4721741080284119,0
httpcore,11084,0,0.4721741080284119,0
httpcore,11085,0,0.4721741080284119,0
httpcore,10609,0,0.4721741080284119,0
httpcore,10540,0,0.4721741080284119,0
httpcore,10986,0,0.4721741080284119,0
httpcore,10547,0,0.4721741080284119,0
httpcore,10437,0,0.4721741080284119,0
httpcore,11060,0,0.4721741080284119,0
httpcore,10617,0,0.4721741080284119,0
httpcore,10981,0,0.4721741080284119,0
httpcore,10517,0,0.4721741080284119,0
httpcore,10640,0,0.4721741080284119,0
httpcore,10950,0,0.4721741080284119,0
httpcore,10793,0,0.4721741080284119,0
httpcore,10700,0,0.4721741080284119,0
httpcore,11076,0,0.4721741080284119,0
httpcore,10824,0,0.4721741080284119,0
httpcore,10453,0,0.4721741080284119,0
httpcore,10872,0,0.4721741080284119,0
httpcore,10546,0,0.4721741080284119,0
httpcore,11070,0,0.4721741080284119,0
httpcore,10557,0,0.4721741080284119,0
httpcore,10972,0,0.4721741080284119,0
httpcore,10491,0,0.4721741080284119,0
httpcore,10800,0,0.4721741080284119,0
httpcore,10604,0,0.4721741080284119,0
httpcore,10900,0,0.4721741080284119,0
httpcore,10686,0,0.4721741080284119,0
httpcore,10632,0,0.4721741080284119,0
httpcore,11073,0,0.4721741080284119,0
httpcore,10890,1,0.4721741080284119,0
httpcore,10570,0,0.4721741080284119,0
httpcore,10821,0,0.4721741080284119,0
httpcore,10825,0,0.4721741080284119,0
httpcore,10422,0,0.4721741080284119,0
httpcore,10920,0,0.4721741080284119,0
httpcore,10544,0,0.4721741080284119,0
httpcore,10694,0,0.4721741080284119,0
httpcore,10869,1,0.4721741080284119,0
httpcore,10743,0,0.4721741080284119,0
httpcore,10879,1,0.4721741080284119,0
httpcore,10889,1,0.4721741080284119,0
httpcore,10512,0,0.4721741080284119,0
httpcore,11091,0,0.4721741080284119,0
httpcore,11038,0,0.4721741080284119,0
httpcore,10638,0,0.4721741080284119,0
httpcore,10554,0,0.4721741080284119,0
httpcore,11012,0,0.4721741080284119,0
httpcore,10945,0,0.4721741080284119,0
httpcore,10955,0,0.4721741080284119,0
httpcore,10790,0,0.4721741080284119,0
httpcore,10613,0,0.4721741080284119,0
httpcore,10957,0,0.4721741080284119,0
httpcore,10435,0,0.4721741080284119,0
httpcore,10842,0,0.4721741080284119,0
httpcore,11081,0,0.4721741080284119,0
httpcore,10747,0,0.4721741080284119,0
httpcore,10739,0,0.4721741080284119,0
httpcore,10998,0,0.4721741080284119,0
httpcore,11001,0,0.4721741080284119,0
httpcore,10449,0,0.4721741080284119,0
httpcore,10989,0,0.4721741080284119,0
httpcore,10421,0,0.4721741080284119,0
httpcore,10878,1,0.4721741080284119,0
httpcore,10730,0,0.4721741080284119,0
httpcore,10859,0,0.4721741080284119,0
httpcore,10687,0,0.4721741080284119,0
httpcore,10910,1,0.4721741080284119,0
httpcore,10947,0,0.4721741080284119,0
httpcore,10970,0,0.4721741080284119,0
httpcore,10533,0,0.4721741080284119,0
httpcore,10500,0,0.4721741080284119,0
httpcore,10425,0,0.4721741080284119,0
httpcore,10708,0,0.4721741080284119,0
httpcore,10485,0,0.4721741080284119,0
httpcore,11120,0,0.4721741080284119,0
httpcore,10646,0,0.4721741080284119,0
httpcore,10637,0,0.4721741080284119,0
httpcore,10504,0,0.4721741080284119,0
httpcore,10983,0,0.4721741080284119,0
httpcore,10713,0,0.4721741080284119,0
httpcore,10762,0,0.4721741080284119,0
httpcore,10831,0,0.4721741080284119,0
httpcore,10832,0,0.4721741080284119,0
httpcore,11005,0,0.4721741080284119,0
httpcore,10472,0,0.4721741080284119,0
httpcore,10980,0,0.4721741080284119,0
httpcore,10545,0,0.4721741080284119,0
httpcore,10818,0,0.4721741080284119,0
httpcore,10664,0,0.4721741080284119,0
httpcore,10934,0,0.4721741080284119,0
httpcore,10572,0,0.4721741080284119,0
httpcore,11093,0,0.4721741080284119,0
httpcore,10656,0,0.4721741080284119,0
httpcore,10598,0,0.4721741080284119,0
httpcore,10653,0,0.4721741080284119,0
httpcore,10985,0,0.4721741080284119,0
httpcore,10734,0,0.4721741080284119,0
httpcore,11118,0,0.4721741080284119,0
httpcore,10968,0,0.4721741080284119,0
httpcore,10813,0,0.4721741080284119,0
httpcore,10797,0,0.4721741080284119,0
httpcore,10993,0,0.4721741080284119,0
httpcore,10455,0,0.4721741080284119,0
httpcore,10775,0,0.4721741080284119,0
httpcore,11036,0,0.4721741080284119,0
httpcore,10655,0,0.4721741080284119,0
httpcore,11089,0,0.4721741080284119,0
httpcore,10807,0,0.4721741080284119,0
httpcore,10696,0,0.4721741080284119,0
httpcore,10727,0,0.4721741080284119,0
httpcore,11061,0,0.4721741080284119,0
httpcore,10843,0,0.4721741080284119,0
httpcore,10417,0,0.4721741080284119,0
httpcore,10927,1,0.4721741080284119,0
httpcore,10599,0,0.4721741080284119,0
httpcore,10946,0,0.4721741080284119,0
httpcore,10931,0,0.4721741080284119,0
httpcore,11079,0,0.4721741080284119,0
httpcore,10905,0,0.4721741080284119,0
httpcore,10958,0,0.4721741080284119,0
httpcore,11033,0,0.4721741080284119,0
httpcore,10766,0,0.4721741080284119,0
httpcore,10919,0,0.4721741080284119,0
httpcore,10567,0,0.4721741080284119,0
httpcore,10916,0,0.4721741080284119,0
httpcore,11049,0,0.4721741080284119,0
httpcore,10584,0,0.4721741080284119,0
httpcore,10856,0,0.4721741080284119,0
httpcore,11088,0,0.4721741080284119,0
httpcore,10460,0,0.4721741080284119,0
httpcore,11041,0,0.4721741080284119,0
httpcore,10527,0,0.4721741080284119,0
httpcore,11037,0,0.4721741080284119,0
httpcore,10607,0,0.4721741080284119,0
httpcore,10914,1,0.4721741080284119,0
httpcore,10942,0,0.4721741080284119,0
httpcore,11017,0,0.4721741080284119,0
httpcore,10963,0,0.4721741080284119,0
httpcore,11080,0,0.4721741080284119,0
httpcore,11122,0,0.4721741080284119,0
httpcore,10691,0,0.4721741080284119,0
httpcore,10423,0,0.4721741080284119,0
httpcore,10490,0,0.4721741080284119,0
httpcore,10568,0,0.4721741080284119,0
httpcore,10678,1,0.4721741080284119,0
httpcore,10535,0,0.4721741080284119,0
httpcore,10459,0,0.4721741080284119,0
httpcore,10643,0,0.4721741080284119,0
httpcore,10924,0,0.4721741080284119,0
httpcore,10787,0,0.4721741080284119,0
httpcore,10792,0,0.4721741080284119,0
httpcore,10481,0,0.4721741080284119,0
httpcore,11075,0,0.4721741080284119,0
httpcore,11050,0,0.4721741080284119,0
httpcore,10918,0,0.4721741080284119,0
httpcore,11094,0,0.4721741080284119,0
httpcore,10477,0,0.4721741080284119,0
httpcore,10880,0,0.4721741080284119,0
httpcore,10861,0,0.4721741080284119,0
httpcore,10835,0,0.4721741080284119,0
httpcore,10634,0,0.4721741080284119,0
httpcore,11111,0,0.4721741080284119,0
httpcore,10750,0,0.4721741080284119,0
httpcore,10806,0,0.4721741080284119,0
httpcore,10810,0,0.4721741080284119,0
httpcore,10616,0,0.4721741080284119,0
httpcore,10468,0,0.4721741080284119,0
httpcore,10917,0,0.4721741080284119,0
httpcore,10542,0,0.4721741080284119,0
httpcore,10748,0,0.4721741080284119,0
httpcore,10505,0,0.4721741080284119,0
httpcore,10648,0,0.4721741080284119,0
httpcore,10507,0,0.4721741080284119,0
httpcore,10445,0,0.4721741080284119,0
httpcore,10756,0,0.4721741080284119,0
httpcore,11066,0,0.4721741080284119,0
httpcore,10515,0,0.4721741080284119,0
httpcore,10726,0,0.4721741080284119,0
httpcore,11058,0,0.4721741080284119,0
httpcore,10892,1,0.4721741080284119,0
httpcore,10511,0,0.4721741080284119,0
httpcore,10528,0,0.4721741080284119,0
httpcore,10893,0,0.4721741080284119,0
httpcore,10629,0,0.4721741080284119,0
httpcore,10498,0,0.4721741080284119,0
httpcore,10717,0,0.4721741080284119,0
httpcore,10802,0,0.4721741080284119,0
httpcore,10915,0,0.4721741080284119,0
httpcore,10518,0,0.4721741080284119,0
httpcore,10502,0,0.4721741080284119,0
httpcore,10751,0,0.4721741080284119,0
httpcore,10731,0,0.4721741080284119,0
httpcore,10874,1,0.4721741080284119,0
httpcore,10482,0,0.4721741080284119,0
httpcore,10978,0,0.4721741080284119,0
httpcore,10891,0,0.4721741080284119,0
httpcore,11043,0,0.4721741080284119,0
httpcore,10846,0,0.4721741080284119,0
httpcore,10939,0,0.4721741080284119,0
httpcore,10513,0,0.4721741080284119,0
httpcore,10785,0,0.4721741080284119,0
httpcore,10764,0,0.4721741080284119,0
httpcore,11097,0,0.4721741080284119,0
httpcore,10529,0,0.4721741080284119,0
httpcore,11072,0,0.4721741080284119,0
httpcore,11023,0,0.4721741080284119,0
httpcore,10705,0,0.4721741080284119,0
httpcore,10489,0,0.4721741080284119,0
httpcore,10808,0,0.4721741080284119,0
httpcore,10668,0,0.4721741080284119,0
httpcore,10902,0,0.4721741080284119,0
httpcore,10912,0,0.4721741080284119,0
httpcore,11116,0,0.4721741080284119,0
httpcore,10530,0,0.4721741080284119,0
httpcore,11051,0,0.4721741080284119,0
httpcore,10796,0,0.4721741080284119,0
httpcore,10749,0,0.4721741080284119,0
httpcore,10789,0,0.4721741080284119,0
httpcore,10473,0,0.4721741080284119,0
httpcore,10476,0,0.4721741080284119,0
httpcore,10564,0,0.4721741080284119,0
httpcore,11026,0,0.4721741080284119,0
httpcore,10689,0,0.4721741080284119,0
httpcore,10823,0,0.4721741080284119,0
httpcore,10644,0,0.4721741080284119,0
httpcore,10854,0,0.4721741080284119,0
httpcore,11126,0,0.4721741080284119,0
httpcore,10679,0,0.4721741080284119,0
httpcore,10475,0,0.4721741080284119,0
httpcore,10829,0,0.4721741080284119,0
httpcore,10600,0,0.4721741080284119,0
httpcore,10828,0,0.4721741080284119,0
httpcore,10555,0,0.4721741080284119,0
httpcore,10862,0,0.4721741080284119,0
httpcore,10510,0,0.4721741080284119,0
httpcore,10765,0,0.4721741080284119,0
httpcore,10615,0,0.4721741080284119,0
httpcore,10650,0,0.4721741080284119,0
httpcore,10442,0,0.4721741080284119,0
httpcore,10767,0,0.4721741080284119,0
httpcore,10419,0,0.4721741080284119,0
httpcore,11098,0,0.4721741080284119,0
httpcore,11016,0,0.4721741080284119,0
httpcore,11025,0,0.4721741080284119,0
httpcore,10436,0,0.4721741080284119,0
httpcore,10612,0,0.4721741080284119,0
httpcore,10688,0,0.4721741080284119,0
httpcore,10495,0,0.4721741080284119,0
httpcore,11035,0,0.4721741080284119,0
httpcore,10777,0,0.4721741080284119,0
httpcore,11064,0,0.4721741080284119,0
httpcore,10444,0,0.4721741080284119,0
httpcore,10778,0,0.4721741080284119,0
httpcore,11028,0,0.4721741080284119,0
httpcore,10452,0,0.4721741080284119,0
httpcore,10660,0,0.4721741080284119,0
httpcore,10603,0,0.4721741080284119,0
httpcore,10621,0,0.4721741080284119,0
httpcore,10840,0,0.4721741080284119,0
httpcore,10954,0,0.4721741080284119,0
httpcore,10538,0,0.4721741080284119,0
httpcore,10431,0,0.4721741080284119,0
httpcore,10677,0,0.4721741080284119,0
httpcore,10541,0,0.4721741080284119,0
httpcore,11105,0,0.4721741080284119,0
httpcore,10769,0,0.4721741080284119,0
httpcore,10868,0,0.4721741080284119,0
httpcore,11124,0,0.4721741080284119,0
httpcore,10961,0,0.4721741080284119,0
httpcore,10932,0,0.4721741080284119,0
httpcore,10951,0,0.4721741080284119,0
httpcore,10758,0,0.4721741080284119,0
httpcore,11092,0,0.4721741080284119,0
httpcore,10966,0,0.4721741080284119,0
httpcore,10888,0,0.4721741080284119,0
httpcore,10833,0,0.4721741080284119,0
httpcore,10522,0,0.4721741080284119,0
httpcore,10906,0,0.4721741080284119,0
httpcore,10539,0,0.4721741080284119,0
httpcore,10964,0,0.4721741080284119,0
httpcore,10894,1,0.4721741080284119,0
httpcore,10898,0,0.4721741080284119,0
httpcore,10928,0,0.4721741080284119,0
httpcore,10579,0,0.4721741080284119,0
httpcore,10556,0,0.4721741080284119,0
httpcore,10602,0,0.4721741080284119,0
httpcore,10991,0,0.4721741080284119,0
httpcore,10625,0,0.4721741080284119,0
httpcore,11102,0,0.4721741080284119,0
httpcore,10816,0,0.4721741080284119,0
httpcore,10706,0,0.4721741080284119,0
httpcore,10483,0,0.4721741080284119,0
httpcore,10858,0,0.4721741080284119,0
httpcore,10532,0,0.4721741080284119,0
httpcore,10575,0,0.4721741080284119,0
httpcore,10770,0,0.4721741080284119,0
httpcore,11071,0,0.4721741080284119,0
httpcore,10587,0,0.4721741080284119,0
httpcore,10630,0,0.4721741080284119,0
httpcore,10424,0,0.4721741080284119,0
httpcore,10837,0,0.4721741080284119,0
httpcore,11019,0,0.4721741080284119,0
httpcore,10543,0,0.4721741080284119,0
httpcore,11015,0,0.4721741080284119,0
httpcore,10721,0,0.4721741080284119,0
httpcore,11086,0,0.4721741080284119,0
httpcore,11109,0,0.4721741080284119,0
httpcore,10499,0,0.4721741080284119,0
httpcore,10791,0,0.4721741080284119,0
httpcore,10672,0,0.4721741080284119,0
httpcore,10461,0,0.4721741080284119,0
httpcore,11125,0,0.4721741080284119,0
httpcore,10719,0,0.4721741080284119,0
httpcore,10480,0,0.4721741080284119,0
httpcore,11056,0,0.4721741080284119,0
httpcore,10982,0,0.4721741080284119,0
httpcore,10943,0,0.4721741080284119,0
httpcore,10443,0,0.4721741080284119,0
httpcore,10944,0,0.4721741080284119,0
httpcore,10940,0,0.4721741080284119,0
httpcore,10633,0,0.4721741080284119,0
httpcore,11087,0,0.4721741080284119,0
httpcore,10962,0,0.4721741080284119,0
httpcore,10427,0,0.4721741080284119,0
httpcore,10496,0,0.4721741080284119,0
httpcore,10675,0,0.4721741080284119,0
httpcore,10509,0,0.4721741080284119,0
httpcore,10605,0,0.4721741080284119,0
httpcore,11004,0,0.4721741080284119,0
httpcore,10521,0,0.4721741080284119,0
httpcore,10669,0,0.4721741080284119,0
httpcore,10729,0,0.4721741080284119,0
httpcore,10941,0,0.4721741080284119,0
httpcore,11052,0,0.4721741080284119,0
httpcore,10860,0,0.4721741080284119,0
httpcore,11020,0,0.4721741080284119,0
httpcore,10953,0,0.4721741080284119,0
httpcore,10711,0,0.4721741080284119,0
httpcore,10451,0,0.4721741080284119,0
httpcore,10478,0,0.4721741080284119,0
httpcore,10757,0,0.4721741080284119,0
httpcore,10971,0,0.4721741080284119,0
httpcore,10995,0,0.4721741080284119,0
httpcore,10566,0,0.4721741080284119,0
httpcore,10795,0,0.4721741080284119,0
httpcore,10819,0,0.4721741080284119,0
httpcore,10851,0,0.4721741080284119,0
httpcore,11002,0,0.4721741080284119,0
httpcore,10755,0,0.4721741080284119,0
httpcore,11082,0,0.4721741080284119,0
httpcore,10909,0,0.4721741080284119,0
httpcore,10805,0,0.4721741080284119,0
httpcore,10559,0,0.4721741080284119,0
httpcore,10804,0,0.4721741080284119,0
httpcore,10921,0,0.4721741080284119,0
httpcore,10999,0,0.4721741080284119,0
httpcore,11039,0,0.4721741080284119,0
httpcore,10652,0,0.4721741080284119,0
httpcore,10658,0,0.4721741080284119,0
httpcore,10776,0,0.4721741080284119,0
httpcore,10896,0,0.4721741080284119,0
httpcore,11065,0,0.4721741080284119,0
httpcore,10514,0,0.4721741080284119,0
httpcore,10845,0,0.4721741080284119,0
httpcore,10439,0,0.4721741080284119,0
httpcore,10827,0,0.4721741080284119,0
httpcore,11077,0,0.4721741080284119,0
httpcore,10639,0,0.4721741080284119,0
httpcore,10925,0,0.4721741080284119,0
httpcore,10977,0,0.4721741080284119,0
httpcore,10619,0,0.4721741080284119,0
httpcore,11045,0,0.4721741080284119,0
httpcore,11115,0,0.4721741080284119,0
httpcore,10590,0,0.4721741080284119,0
httpcore,10870,0,0.4721741080284119,0
httpcore,10456,0,0.4721741080284119,0
httpcore,11063,0,0.4721741080284119,0
httpcore,11048,0,0.4721741080284119,0
httpcore,10812,0,0.4721741080284119,0
httpcore,11055,0,0.4721741080284119,0
httpcore,10722,0,0.4721741080284119,0
httpcore,10597,0,0.4721741080284119,0
httpcore,10583,0,0.4721741080284119,0
httpcore,10524,0,0.4721741080284119,0
httpcore,10448,0,0.4721741080284119,0
httpcore,10908,0,0.4721741080284119,0
httpcore,11057,0,0.4721741080284119,0
httpcore,11103,0,0.4721741080284119,0
httpcore,10853,0,0.4721741080284119,0
httpcore,10844,0,0.4721741080284119,0
httpcore,11027,0,0.4721741080284119,0
httpcore,10596,0,0.4721741080284119,0
httpcore,10606,0,0.4721741080284119,0
httpcore,10641,0,0.4721741080284119,0
httpcore,10897,0,0.4721741080284119,0
httpcore,11108,0,0.4721741080284119,0
httpcore,10839,0,0.4721741080284119,0
httpcore,10690,0,0.4721741080284119,0
httpcore,10788,0,0.4721741080284119,0
httpcore,10903,0,0.4721741080284119,0
httpcore,10635,0,0.4721741080284119,0
httpcore,10994,0,0.4721741080284119,0
httpcore,10834,0,0.4721741080284119,0
httpcore,10622,0,0.4721741080284119,0
httpcore,10863,0,0.4721741080284119,0
httpcore,10836,0,0.4721741080284119,0
httpcore,10974,0,0.4721741080284119,0
httpcore,10867,0,0.4721741080284119,0
httpcore,10563,0,0.4721741080284119,0
httpcore,10487,0,0.4721741080284119,0
httpcore,11013,0,0.4721741080284119,0
httpcore,10623,0,0.4721741080284119,0
httpcore,11022,0,0.4721741080284119,0
httpcore,10742,0,0.4721741080284119,0
httpcore,10595,0,0.4721741080284119,0
httpcore,10663,0,0.4721741080284119,0
httpcore,10979,0,0.4721741080284119,0
httpcore,10866,1,0.4721741080284119,0
httpcore,11104,0,0.4721741080284119,0
httpcore,10876,1,0.4721741080284119,0
httpcore,10838,0,0.4721741080284119,0
httpcore,10996,0,0.4721741080284119,0
httpcore,11040,0,0.4721741080284119,0
httpcore,10614,0,0.4721741080284119,0
httpcore,10684,0,0.4721741080284119,0
httpcore,10685,0,0.4721741080284119,0
httpcore,10716,0,0.4721741080284119,0
httpcore,10763,0,0.4721741080284119,0
httpcore,10591,0,0.4721741080284119,0
httpcore,10631,0,0.4721741080284119,0
httpcore,10681,0,0.4721741080284119,0
httpcore,10782,0,0.4721741080284119,0
httpcore,11046,0,0.4721741080284119,0
httpcore,10458,0,0.4721741080284119,0
httpcore,10438,0,0.4721741080284119,0
httpcore,10992,0,0.4721741080284119,0
httpcore,11000,0,0.4721741080284119,0
httpcore,11113,0,0.4721741080284119,0
httpcore,10997,0,0.4721741080284119,0
httpcore,10725,0,0.4721741080284119,0
httpcore,10585,0,0.4721741080284119,0
httpcore,10536,0,0.4721741080284119,0
httpcore,10676,0,0.4721741080284119,0
httpcore,10933,0,0.4721741080284119,0
httpcore,10553,0,0.4721741080284119,0
httpcore,10441,0,0.4721741080284119,0
httpcore,10586,0,0.4721741080284119,0
httpcore,10610,0,0.4721741080284119,0
httpcore,10884,0,0.4721741080284119,0
httpcore,10594,0,0.4721741080284119,0
httpcore,10670,0,0.4721741080284119,0
httpcore,10847,0,0.4721741080284119,0
httpcore,10465,0,0.4721741080284119,0
httpcore,10887,0,0.4721741080284119,0
httpcore,10967,0,0.4721741080284119,0
httpcore,10830,0,0.4721741080284119,0
httpcore,10728,0,0.4721741080284119,0
httpcore,11101,0,0.4721741080284119,0
httpcore,10683,0,0.4721741080284119,0
httpcore,10520,0,0.4721741080284119,0
httpcore,10446,0,0.4721741080284119,0
httpcore,10611,0,0.4721741080284119,0
httpcore,10450,0,0.4721741080284119,0
httpcore,10768,0,0.4721741080284119,0
httpcore,10573,0,0.4721741080284119,0
httpcore,10899,0,0.4721741080284119,0
httpcore,10923,0,0.4721741080284119,0
httpcore,11110,0,0.4721741080284119,0
httpcore,11008,0,0.4721741080284119,0
httpcore,10988,0,0.4721741080284119,0
httpcore,10697,0,0.4721741080284119,0
httpcore,10576,0,0.4721741080284119,0
httpcore,10680,0,0.4721741080284119,0
httpcore,10746,0,0.4721741080284119,0
httpcore,10618,0,0.4721741080284119,0
httpcore,11018,0,0.4721741080284119,0
httpcore,10508,0,0.4721741080284119,0
httpcore,10877,0,0.4721741080284119,0
httpcore,10990,0,0.4721741080284119,0
httpcore,10735,0,0.4721741080284119,0
httpcore,10645,0,0.4721741080284119,0
httpcore,10720,0,0.4721741080284119,0
httpcore,10462,0,0.4721741080284119,0
httpcore,10976,0,0.4721741080284119,0
httpcore,10682,0,0.4721741080284119,0
httpcore,10601,0,0.4721741080284119,0
httpcore,11112,0,0.4721741080284119,0
httpcore,10882,0,0.4721741080284119,0
httpcore,11047,0,0.4721741080284119,0
httpcore,10929,0,0.4721741080284119,0
httpcore,10550,0,0.4721741080284119,0
httpcore,10815,0,0.4721741080284119,0
httpcore,10855,0,0.4721741080284119,0
httpcore,10671,0,0.4721741080284119,0
httpcore,11029,0,0.4721741080284119,0
httpcore,10969,0,0.4721741080284119,0
httpcore,10852,0,0.4721741080284119,0
httpcore,10741,0,0.4721741080284119,0
httpcore,10466,0,0.4721741080284119,0
httpcore,10740,0,0.4721741080284119,0
httpcore,11042,0,0.4721741080284119,0
httpcore,11021,0,0.4721741080284119,0
httpcore,10469,0,0.4721741080284119,0
httpcore,10665,0,0.4721741080284119,0
httpcore,11121,0,0.4721741080284119,0
httpcore,11003,0,0.4721741080284119,0
httpcore,10523,0,0.4721741080284119,0
httpcore,10922,1,0.4721741080284119,0
httpcore,10871,0,0.4721741080284119,0
httpcore,10850,0,0.4721741080284119,0
httpcore,10537,0,0.4721741080284119,0
httpcore,10440,0,0.4721741080284119,0
httpcore,10715,0,0.4721741080284119,0
httpcore,10965,0,0.4721741080284119,0
httpcore,10724,0,0.4721741080284119,0
httpcore,11030,0,0.4721741080284119,0
httpcore,10593,0,0.4721741080284119,0
httpcore,10930,0,0.4721741080284119,0
httpcore,10911,1,0.4721741080284119,0
httpcore,10474,0,0.4721741080284119,0
httpcore,11069,0,0.4721741080284119,0
httpcore,10737,0,0.4721741080284119,0
httpcore,10780,0,0.4721741080284119,0
httpcore,10534,0,0.4721741080284119,0
httpcore,10948,0,0.4721741080284119,0
httpcore,10501,0,0.4721741080284119,0
httpcore,10569,0,0.4721741080284119,0
httpcore,11054,0,0.4721741080284119,0
httpcore,10420,0,0.4721741080284119,0
httpcore,10589,0,0.4721741080284119,0
httpcore,10885,1,0.4721741080284119,0
httpcore,10959,0,0.4721741080284119,0
httpcore,10418,0,0.4721741080284119,0
httpcore,11123,0,0.4721741080284119,0
httpcore,10701,0,0.4721741080284119,0
httpcore,10907,0,0.4721741080284119,0
httpcore,10531,0,0.4721741080284119,0
httpcore,10786,0,0.4721741080284119,0
httpcore,10560,0,0.4721741080284119,0
httpcore,10503,0,0.4721741080284119,0
httpcore,10580,0,0.4721741080284119,0
httpcore,10794,0,0.4721741080284119,0
httpcore,10936,0,0.4721741080284119,0
httpcore,10761,0,0.4721741080284119,0
httpcore,10432,0,0.4721741080284119,0
httpcore,10588,0,0.4721741080284119,0
httpcore,10738,0,0.4721741080284119,0
httpcore,10428,0,0.4721741080284119,0
httpcore,10486,0,0.4721741080284119,0
httpcore,10857,0,0.4721741080284119,0
httpcore,10733,0,0.4721741080284119,0
httpcore,10647,0,0.4721741080284119,0
httpcore,10798,0,0.4721741080284119,0
httpcore,10783,0,0.4721741080284119,0
httpcore,11107,0,0.4721741080284119,0
httpcore,10565,0,0.4721741080284119,0
httpcore,10692,0,0.4721741080284119,0
httpcore,10960,0,0.4721741080284119,0
httpcore,10714,0,0.4721741080284119,0
httpcore,10558,0,0.4721741080284119,0
httpcore,10467,0,0.4721741080284119,0
httpcore,10732,0,0.4721741080284119,0
httpcore,10654,1,0.4721741080284119,0
httpcore,10571,0,0.4721741080284119,0
httpcore,10578,0,0.4721741080284119,0
httpcore,10809,0,0.4721741080284119,0
httpcore,10886,0,0.4721741080284119,0
httpcore,10463,0,0.4721741080284119,0
httpcore,10841,0,0.4721741080284119,0
httpcore,10430,0,0.4721741080284119,0
httpcore,11099,0,0.4721741080284119,0
httpcore,10649,0,0.4721741080284119,0
httpcore,10497,0,0.4721741080284119,0
httpcore,10454,0,0.4721741080284119,0
httpcore,10561,0,0.4721741080284119,0
httpcore,10457,0,0.4721741080284119,0
httpcore,10849,0,0.4721741080284119,0
httpcore,10881,1,0.4721741080284119,0
httpcore,10484,0,0.4721741080284119,0
httpcore,10817,0,0.4721741080284119,0
httpcore,10519,0,0.4721741080284119,0
httpcore,10926,0,0.4721741080284119,0
httpcore,10873,0,0.4721741080284119,0
httpcore,10781,0,0.4721741080284119,0
httpcore,10811,0,0.4721741080284119,0
httpcore,10693,0,0.4721741080284119,0
httpcore,10608,0,0.4721741080284119,0
httpcore,10620,0,0.4721741080284119,0
httpcore,10416,0,0.4721741080284119,0
httpcore,10973,0,0.4721741080284119,0
httpcore,10779,0,0.4721741080284119,0
httpcore,10883,0,0.4721741080284119,0
httpcore,10956,0,0.4721741080284119,0
httpcore,10984,0,0.4721741080284119,0
incubator-dubbo,9591,0,0.24848759812968121,0
incubator-dubbo,9397,0,0.24848759812968121,0
incubator-dubbo,9702,0,0.24848759812968121,0
incubator-dubbo,9943,0,0.24848759812968121,0
incubator-dubbo,9500,0,0.24848759812968121,0
incubator-dubbo,8056,0,0.24848759812968121,0
incubator-dubbo,8312,0,0.24848759812968121,0
incubator-dubbo,8820,0,0.24848759812968121,0
incubator-dubbo,7965,0,0.24848759812968121,0
incubator-dubbo,8295,0,0.24848759812968121,0
incubator-dubbo,9527,0,0.24848759812968121,0
incubator-dubbo,8482,0,0.24848759812968121,0
incubator-dubbo,8798,0,0.24848759812968121,0
incubator-dubbo,7913,0,0.24848759812968121,0
incubator-dubbo,9968,0,0.24848759812968121,0
incubator-dubbo,8822,0,0.24848759812968121,0
incubator-dubbo,9462,0,0.24848759812968121,0
incubator-dubbo,9558,0,0.24848759812968121,0
incubator-dubbo,8023,0,0.24848759812968121,0
incubator-dubbo,9003,0,0.24848759812968121,0
incubator-dubbo,8139,0,0.24848759812968121,0
incubator-dubbo,9224,0,0.24848759812968121,0
incubator-dubbo,8155,0,0.24848759812968121,0
incubator-dubbo,8096,0,0.24848759812968121,0
incubator-dubbo,8918,0,0.24848759812968121,0
incubator-dubbo,8039,0,0.24848759812968121,0
incubator-dubbo,8140,0,0.24848759812968121,0
incubator-dubbo,9247,0,0.24848759812968121,0
incubator-dubbo,9046,0,0.24848759812968121,0
incubator-dubbo,9432,0,0.24848759812968121,0
incubator-dubbo,8741,0,0.24848759812968121,0
incubator-dubbo,8859,0,0.24848759812968121,0
incubator-dubbo,8442,0,0.24848759812968121,0
incubator-dubbo,9956,0,0.24848759812968121,0
incubator-dubbo,7830,0,0.24848759812968121,0
incubator-dubbo,9737,0,0.24848759812968121,0
incubator-dubbo,9612,0,0.24848759812968121,0
incubator-dubbo,7851,0,0.24848759812968121,0
incubator-dubbo,8893,0,0.24848759812968121,0
incubator-dubbo,9514,0,0.24848759812968121,0
incubator-dubbo,8025,0,0.24848759812968121,0
incubator-dubbo,9542,0,0.24848759812968121,0
incubator-dubbo,8884,0,0.24848759812968121,0
incubator-dubbo,8098,0,0.24848759812968121,0
incubator-dubbo,8170,0,0.24848759812968121,0
incubator-dubbo,9396,0,0.24848759812968121,0
incubator-dubbo,7934,0,0.24848759812968121,0
incubator-dubbo,7929,0,0.24848759812968121,0
incubator-dubbo,9522,0,0.24848759812968121,0
incubator-dubbo,8433,0,0.24848759812968121,0
incubator-dubbo,8396,0,0.24848759812968121,0
incubator-dubbo,9161,0,0.24848759812968121,0
incubator-dubbo,9884,0,0.24848759812968121,0
incubator-dubbo,8201,0,0.24848759812968121,0
incubator-dubbo,8645,0,0.24848759812968121,0
incubator-dubbo,9168,0,0.24848759812968121,0
incubator-dubbo,8397,0,0.24848759812968121,0
incubator-dubbo,9447,0,0.24848759812968121,0
incubator-dubbo,8860,0,0.24848759812968121,0
incubator-dubbo,8150,0,0.24848759812968121,0
incubator-dubbo,9272,0,0.24848759812968121,0
incubator-dubbo,8932,0,0.24848759812968121,0
incubator-dubbo,9587,0,0.24848759812968121,0
incubator-dubbo,9068,0,0.24848759812968121,0
incubator-dubbo,9903,0,0.24848759812968121,0
incubator-dubbo,9164,0,0.24848759812968121,0
incubator-dubbo,9655,0,0.24848759812968121,0
incubator-dubbo,11129,0,0.24848759812968121,0
incubator-dubbo,8450,0,0.24848759812968121,0
incubator-dubbo,8315,0,0.24848759812968121,0
incubator-dubbo,9282,0,0.24848759812968121,0
incubator-dubbo,9223,0,0.24848759812968121,0
incubator-dubbo,9730,0,0.24848759812968121,0
incubator-dubbo,7823,0,0.24848759812968121,0
incubator-dubbo,8302,0,0.24848759812968121,0
incubator-dubbo,9595,0,0.24848759812968121,0
incubator-dubbo,8289,0,0.24848759812968121,0
incubator-dubbo,8423,0,0.24848759812968121,0
incubator-dubbo,9440,0,0.24848759812968121,0
incubator-dubbo,7991,0,0.24848759812968121,0
incubator-dubbo,8950,0,0.24848759812968121,0
incubator-dubbo,8218,0,0.24848759812968121,0
incubator-dubbo,9767,0,0.24848759812968121,0
incubator-dubbo,9825,0,0.24848759812968121,0
incubator-dubbo,8891,0,0.24848759812968121,0
incubator-dubbo,8973,0,0.24848759812968121,0
incubator-dubbo,8474,0,0.24848759812968121,0
incubator-dubbo,9886,0,0.24848759812968121,0
incubator-dubbo,9072,0,0.24848759812968121,0
incubator-dubbo,8763,0,0.24848759812968121,0
incubator-dubbo,8461,0,0.24848759812968121,0
incubator-dubbo,8325,0,0.24848759812968121,0
incubator-dubbo,8337,0,0.24848759812968121,0
incubator-dubbo,8791,0,0.24848759812968121,0
incubator-dubbo,8005,0,0.24848759812968121,0
incubator-dubbo,9116,0,0.24848759812968121,0
incubator-dubbo,9780,0,0.24848759812968121,0
incubator-dubbo,8955,0,0.24848759812968121,0
incubator-dubbo,8208,0,0.24848759812968121,0
incubator-dubbo,9013,0,0.24848759812968121,0
incubator-dubbo,8888,0,0.24848759812968121,0
incubator-dubbo,9461,0,0.24848759812968121,0
incubator-dubbo,9947,0,0.24848759812968121,0
incubator-dubbo,9479,0,0.24848759812968121,0
incubator-dubbo,9137,0,0.24848759812968121,0
incubator-dubbo,8235,0,0.24848759812968121,0
incubator-dubbo,8856,0,0.24848759812968121,0
incubator-dubbo,9424,0,0.24848759812968121,0
incubator-dubbo,8621,0,0.24848759812968121,0
incubator-dubbo,9938,0,0.24848759812968121,0
incubator-dubbo,9383,0,0.24848759812968121,0
incubator-dubbo,8743,0,0.24848759812968121,0
incubator-dubbo,9227,0,0.24848759812968121,0
incubator-dubbo,9955,0,0.24848759812968121,0
incubator-dubbo,9302,0,0.24848759812968121,0
incubator-dubbo,9147,0,0.24848759812968121,0
incubator-dubbo,9734,0,0.24848759812968121,0
incubator-dubbo,8369,0,0.24848759812968121,0
incubator-dubbo,9280,0,0.24848759812968121,0
incubator-dubbo,9303,0,0.24848759812968121,0
incubator-dubbo,8578,0,0.24848759812968121,0
incubator-dubbo,9872,0,0.24848759812968121,0
incubator-dubbo,9041,0,0.24848759812968121,0
incubator-dubbo,9411,0,0.24848759812968121,0
incubator-dubbo,9578,0,0.24848759812968121,0
incubator-dubbo,8068,0,0.24848759812968121,0
incubator-dubbo,8840,0,0.24848759812968121,0
incubator-dubbo,9082,0,0.24848759812968121,0
incubator-dubbo,9507,0,0.24848759812968121,0
incubator-dubbo,9377,0,0.24848759812968121,0
incubator-dubbo,9668,0,0.24848759812968121,0
incubator-dubbo,9756,0,0.24848759812968121,0
incubator-dubbo,7828,0,0.24848759812968121,0
incubator-dubbo,8424,0,0.24848759812968121,0
incubator-dubbo,9695,0,0.24848759812968121,0
incubator-dubbo,8976,0,0.24848759812968121,0
incubator-dubbo,9797,0,0.24848759812968121,0
incubator-dubbo,8725,0,0.24848759812968121,0
incubator-dubbo,8382,0,0.24848759812968121,0
incubator-dubbo,9366,0,0.24848759812968121,0
incubator-dubbo,8221,0,0.24848759812968121,0
incubator-dubbo,9495,0,0.24848759812968121,0
incubator-dubbo,9723,0,0.24848759812968121,0
incubator-dubbo,7931,0,0.24848759812968121,0
incubator-dubbo,9322,0,0.24848759812968121,0
incubator-dubbo,9207,0,0.24848759812968121,0
incubator-dubbo,8205,0,0.24848759812968121,0
incubator-dubbo,8503,0,0.24848759812968121,0
incubator-dubbo,9315,0,0.24848759812968121,0
incubator-dubbo,9764,0,0.24848759812968121,0
incubator-dubbo,8500,0,0.24848759812968121,0
incubator-dubbo,9598,0,0.24848759812968121,0
incubator-dubbo,9635,0,0.24848759812968121,0
incubator-dubbo,9028,0,0.24848759812968121,0
incubator-dubbo,8044,0,0.24848759812968121,0
incubator-dubbo,9008,0,0.24848759812968121,0
incubator-dubbo,8006,0,0.24848759812968121,0
incubator-dubbo,8010,0,0.24848759812968121,0
incubator-dubbo,8296,0,0.24848759812968121,0
incubator-dubbo,8679,0,0.24848759812968121,0
incubator-dubbo,8156,0,0.24848759812968121,0
incubator-dubbo,8673,0,0.24848759812968121,0
incubator-dubbo,9683,0,0.24848759812968121,0
incubator-dubbo,9463,0,0.24848759812968121,0
incubator-dubbo,8740,0,0.24848759812968121,0
incubator-dubbo,9012,0,0.24848759812968121,0
incubator-dubbo,9727,0,0.24848759812968121,0
incubator-dubbo,9142,0,0.24848759812968121,0
incubator-dubbo,8127,0,0.24848759812968121,0
incubator-dubbo,8794,0,0.24848759812968121,0
incubator-dubbo,8389,0,0.24848759812968121,0
incubator-dubbo,9501,0,0.24848759812968121,0
incubator-dubbo,9862,0,0.24848759812968121,0
incubator-dubbo,8417,0,0.24848759812968121,0
incubator-dubbo,7928,0,0.24848759812968121,0
incubator-dubbo,9360,0,0.24848759812968121,0
incubator-dubbo,8668,0,0.24848759812968121,0
incubator-dubbo,9751,0,0.24848759812968121,0
incubator-dubbo,8416,0,0.24848759812968121,0
incubator-dubbo,9717,0,0.24848759812968121,0
incubator-dubbo,8783,0,0.24848759812968121,0
incubator-dubbo,9858,0,0.24848759812968121,0
incubator-dubbo,8020,0,0.24848759812968121,0
incubator-dubbo,8490,0,0.24848759812968121,0
incubator-dubbo,8021,0,0.24848759812968121,0
incubator-dubbo,7916,0,0.24848759812968121,0
incubator-dubbo,8650,0,0.24848759812968121,0
incubator-dubbo,8471,0,0.24848759812968121,0
incubator-dubbo,9853,0,0.24848759812968121,0
incubator-dubbo,7829,0,0.24848759812968121,0
incubator-dubbo,9174,0,0.24848759812968121,0
incubator-dubbo,8823,0,0.24848759812968121,0
incubator-dubbo,8545,0,0.24848759812968121,0
incubator-dubbo,8542,0,0.24848759812968121,0
incubator-dubbo,9210,0,0.24848759812968121,0
incubator-dubbo,8879,0,0.24848759812968121,0
incubator-dubbo,9718,0,0.24848759812968121,0
incubator-dubbo,9609,0,0.24848759812968121,0
incubator-dubbo,7908,0,0.24848759812968121,0
incubator-dubbo,7988,0,0.24848759812968121,0
incubator-dubbo,9466,0,0.24848759812968121,0
incubator-dubbo,8091,0,0.24848759812968121,0
incubator-dubbo,7921,0,0.24848759812968121,0
incubator-dubbo,9953,0,0.24848759812968121,0
incubator-dubbo,9762,0,0.24848759812968121,0
incubator-dubbo,8435,0,0.24848759812968121,0
incubator-dubbo,9165,0,0.24848759812968121,0
incubator-dubbo,7973,0,0.24848759812968121,0
incubator-dubbo,8784,0,0.24848759812968121,0
incubator-dubbo,8031,0,0.24848759812968121,0
incubator-dubbo,9575,0,0.24848759812968121,0
incubator-dubbo,9185,0,0.24848759812968121,0
incubator-dubbo,9589,0,0.24848759812968121,0
incubator-dubbo,9796,0,0.24848759812968121,0
incubator-dubbo,9251,0,0.24848759812968121,0
incubator-dubbo,9213,0,0.24848759812968121,0
incubator-dubbo,9677,0,0.24848759812968121,0
incubator-dubbo,9214,0,0.24848759812968121,0
incubator-dubbo,7979,0,0.24848759812968121,0
incubator-dubbo,8334,0,0.24848759812968121,0
incubator-dubbo,9907,0,0.24848759812968121,0
incubator-dubbo,8516,0,0.24848759812968121,0
incubator-dubbo,8911,0,0.24848759812968121,0
incubator-dubbo,8838,0,0.24848759812968121,0
incubator-dubbo,9134,0,0.24848759812968121,0
incubator-dubbo,9081,0,0.24848759812968121,0
incubator-dubbo,9438,0,0.24848759812968121,0
incubator-dubbo,9275,0,0.24848759812968121,0
incubator-dubbo,9386,0,0.24848759812968121,0
incubator-dubbo,9900,0,0.24848759812968121,0
incubator-dubbo,9930,0,0.24848759812968121,0
incubator-dubbo,8998,0,0.24848759812968121,0
incubator-dubbo,9934,0,0.24848759812968121,0
incubator-dubbo,8123,0,0.24848759812968121,0
incubator-dubbo,9306,0,0.24848759812968121,0
incubator-dubbo,8246,0,0.24848759812968121,0
incubator-dubbo,7860,0,0.24848759812968121,0
incubator-dubbo,7938,0,0.24848759812968121,0
incubator-dubbo,8065,0,0.24848759812968121,0
incubator-dubbo,8497,0,0.24848759812968121,0
incubator-dubbo,8181,0,0.24848759812968121,0
incubator-dubbo,8476,0,0.24848759812968121,0
incubator-dubbo,8012,0,0.24848759812968121,0
incubator-dubbo,9094,0,0.24848759812968121,0
incubator-dubbo,8495,0,0.24848759812968121,0
incubator-dubbo,9309,0,0.24848759812968121,0
incubator-dubbo,9735,1,0.24848759812968121,0
incubator-dubbo,8920,0,0.24848759812968121,0
incubator-dubbo,8453,0,0.24848759812968121,0
incubator-dubbo,9904,0,0.24848759812968121,0
incubator-dubbo,8375,0,0.24848759812968121,0
incubator-dubbo,8982,0,0.24848759812968121,0
incubator-dubbo,8196,0,0.24848759812968121,0
incubator-dubbo,9148,0,0.24848759812968121,0
incubator-dubbo,9603,0,0.24848759812968121,0
incubator-dubbo,8900,0,0.24848759812968121,0
incubator-dubbo,8110,0,0.24848759812968121,0
incubator-dubbo,9583,0,0.24848759812968121,0
incubator-dubbo,8841,0,0.24848759812968121,0
incubator-dubbo,9036,0,0.24848759812968121,0
incubator-dubbo,9043,0,0.24848759812968121,0
incubator-dubbo,7978,0,0.24848759812968121,0
incubator-dubbo,9230,0,0.24848759812968121,0
incubator-dubbo,8847,0,0.24848759812968121,0
incubator-dubbo,8941,0,0.24848759812968121,0
incubator-dubbo,8518,0,0.24848759812968121,0
incubator-dubbo,8398,0,0.24848759812968121,0
incubator-dubbo,8430,0,0.24848759812968121,0
incubator-dubbo,8159,0,0.24848759812968121,0
incubator-dubbo,8368,0,0.24848759812968121,0
incubator-dubbo,9553,0,0.24848759812968121,0
incubator-dubbo,8721,0,0.24848759812968121,0
incubator-dubbo,9879,1,0.24848759812968121,0
incubator-dubbo,8323,0,0.24848759812968121,0
incubator-dubbo,7977,0,0.24848759812968121,0
incubator-dubbo,7940,0,0.24848759812968121,0
incubator-dubbo,8166,0,0.24848759812968121,0
incubator-dubbo,8101,0,0.24848759812968121,0
incubator-dubbo,8360,0,0.24848759812968121,0
incubator-dubbo,9321,0,0.24848759812968121,0
incubator-dubbo,9493,0,0.24848759812968121,0
incubator-dubbo,8349,0,0.24848759812968121,0
incubator-dubbo,8572,0,0.24848759812968121,0
incubator-dubbo,8550,0,0.24848759812968121,0
incubator-dubbo,7857,0,0.24848759812968121,0
incubator-dubbo,9146,0,0.24848759812968121,0
incubator-dubbo,8470,0,0.24848759812968121,0
incubator-dubbo,9684,0,0.24848759812968121,0
incubator-dubbo,9510,0,0.24848759812968121,0
incubator-dubbo,8249,0,0.24848759812968121,0
incubator-dubbo,8863,0,0.24848759812968121,0
incubator-dubbo,9557,0,0.24848759812968121,0
incubator-dubbo,8583,0,0.24848759812968121,0
incubator-dubbo,9721,0,0.24848759812968121,0
incubator-dubbo,8908,0,0.24848759812968121,0
incubator-dubbo,9782,0,0.24848759812968121,0
incubator-dubbo,8263,0,0.24848759812968121,0
incubator-dubbo,9308,0,0.24848759812968121,0
incubator-dubbo,8211,0,0.24848759812968121,0
incubator-dubbo,8952,0,0.24848759812968121,0
incubator-dubbo,8401,0,0.24848759812968121,0
incubator-dubbo,9074,0,0.24848759812968121,0
incubator-dubbo,9821,0,0.24848759812968121,0
incubator-dubbo,8494,0,0.24848759812968121,0
incubator-dubbo,9243,0,0.24848759812968121,0
incubator-dubbo,9890,0,0.24848759812968121,0
incubator-dubbo,9481,0,0.24848759812968121,0
incubator-dubbo,9307,0,0.24848759812968121,0
incubator-dubbo,8480,0,0.24848759812968121,0
incubator-dubbo,9845,0,0.24848759812968121,0
incubator-dubbo,9429,0,0.24848759812968121,0
incubator-dubbo,7896,0,0.24848759812968121,0
incubator-dubbo,9056,0,0.24848759812968121,0
incubator-dubbo,9232,0,0.24848759812968121,0
incubator-dubbo,8206,0,0.24848759812968121,0
incubator-dubbo,9205,0,0.24848759812968121,0
incubator-dubbo,9530,0,0.24848759812968121,0
incubator-dubbo,8896,0,0.24848759812968121,0
incubator-dubbo,9404,0,0.24848759812968121,0
incubator-dubbo,9567,0,0.24848759812968121,0
incubator-dubbo,9502,0,0.24848759812968121,0
incubator-dubbo,8593,0,0.24848759812968121,0
incubator-dubbo,9387,0,0.24848759812968121,0
incubator-dubbo,8436,0,0.24848759812968121,0
incubator-dubbo,9312,0,0.24848759812968121,0
incubator-dubbo,8797,0,0.24848759812968121,0
incubator-dubbo,8292,0,0.24848759812968121,0
incubator-dubbo,9419,0,0.24848759812968121,0
incubator-dubbo,9785,0,0.24848759812968121,0
incubator-dubbo,8135,0,0.24848759812968121,0
incubator-dubbo,9754,0,0.24848759812968121,0
incubator-dubbo,8299,0,0.24848759812968121,0
incubator-dubbo,9030,0,0.24848759812968121,0
incubator-dubbo,9197,0,0.24848759812968121,0
incubator-dubbo,9901,0,0.24848759812968121,0
incubator-dubbo,8513,0,0.24848759812968121,0
incubator-dubbo,8564,0,0.24848759812968121,0
incubator-dubbo,9151,0,0.24848759812968121,0
incubator-dubbo,7909,0,0.24848759812968121,0
incubator-dubbo,8492,0,0.24848759812968121,0
incubator-dubbo,9367,0,0.24848759812968121,0
incubator-dubbo,8939,0,0.24848759812968121,0
incubator-dubbo,9038,0,0.24848759812968121,0
incubator-dubbo,9204,0,0.24848759812968121,0
incubator-dubbo,9633,0,0.24848759812968121,0
incubator-dubbo,9757,0,0.24848759812968121,0
incubator-dubbo,8316,0,0.24848759812968121,0
incubator-dubbo,9341,0,0.24848759812968121,0
incubator-dubbo,8883,0,0.24848759812968121,0
incubator-dubbo,9330,0,0.24848759812968121,0
incubator-dubbo,9228,0,0.24848759812968121,0
incubator-dubbo,9034,0,0.24848759812968121,0
incubator-dubbo,9763,0,0.24848759812968121,0
incubator-dubbo,9125,0,0.24848759812968121,0
incubator-dubbo,8680,0,0.24848759812968121,0
incubator-dubbo,7948,0,0.24848759812968121,0
incubator-dubbo,8120,0,0.24848759812968121,0
incubator-dubbo,8391,0,0.24848759812968121,0
incubator-dubbo,8505,0,0.24848759812968121,0
incubator-dubbo,8242,0,0.24848759812968121,0
incubator-dubbo,8848,0,0.24848759812968121,0
incubator-dubbo,8949,0,0.24848759812968121,0
incubator-dubbo,8084,0,0.24848759812968121,0
incubator-dubbo,7972,0,0.24848759812968121,0
incubator-dubbo,8409,0,0.24848759812968121,0
incubator-dubbo,7990,0,0.24848759812968121,0
incubator-dubbo,9192,0,0.24848759812968121,0
incubator-dubbo,8560,0,0.24848759812968121,0
incubator-dubbo,8239,0,0.24848759812968121,0
incubator-dubbo,8742,0,0.24848759812968121,0
incubator-dubbo,9158,0,0.24848759812968121,0
incubator-dubbo,9492,0,0.24848759812968121,0
incubator-dubbo,7840,0,0.24848759812968121,0
incubator-dubbo,8273,0,0.24848759812968121,0
incubator-dubbo,8277,0,0.24848759812968121,0
incubator-dubbo,9634,0,0.24848759812968121,0
incubator-dubbo,8546,0,0.24848759812968121,0
incubator-dubbo,8738,0,0.24848759812968121,0
incubator-dubbo,8855,0,0.24848759812968121,0
incubator-dubbo,8768,0,0.24848759812968121,0
incubator-dubbo,8776,0,0.24848759812968121,0
incubator-dubbo,8473,0,0.24848759812968121,0
incubator-dubbo,9152,0,0.24848759812968121,0
incubator-dubbo,8131,0,0.24848759812968121,0
incubator-dubbo,9178,0,0.24848759812968121,0
incubator-dubbo,7907,0,0.24848759812968121,0
incubator-dubbo,8454,0,0.24848759812968121,0
incubator-dubbo,9642,0,0.24848759812968121,0
incubator-dubbo,7887,0,0.24848759812968121,0
incubator-dubbo,8171,0,0.24848759812968121,0
incubator-dubbo,8371,0,0.24848759812968121,0
incubator-dubbo,8958,0,0.24848759812968121,0
incubator-dubbo,8094,0,0.24848759812968121,0
incubator-dubbo,8515,0,0.24848759812968121,0
incubator-dubbo,8217,0,0.24848759812968121,0
incubator-dubbo,8458,0,0.24848759812968121,0
incubator-dubbo,9035,0,0.24848759812968121,0
incubator-dubbo,8306,0,0.24848759812968121,0
incubator-dubbo,8192,0,0.24848759812968121,0
incubator-dubbo,8648,0,0.24848759812968121,0
incubator-dubbo,9885,0,0.24848759812968121,0
incubator-dubbo,9619,0,0.24848759812968121,0
incubator-dubbo,8481,0,0.24848759812968121,0
incubator-dubbo,9025,0,0.24848759812968121,0
incubator-dubbo,8634,0,0.24848759812968121,0
incubator-dubbo,7945,0,0.24848759812968121,0
incubator-dubbo,8917,0,0.24848759812968121,0
incubator-dubbo,8514,0,0.24848759812968121,0
incubator-dubbo,8058,0,0.24848759812968121,0
incubator-dubbo,9285,0,0.24848759812968121,0
incubator-dubbo,8188,0,0.24848759812968121,0
incubator-dubbo,8839,0,0.24848759812968121,0
incubator-dubbo,7958,0,0.24848759812968121,0
incubator-dubbo,9549,0,0.24848759812968121,0
incubator-dubbo,8468,0,0.24848759812968121,0
incubator-dubbo,8526,0,0.24848759812968121,0
incubator-dubbo,8248,0,0.24848759812968121,0
incubator-dubbo,9863,0,0.24848759812968121,0
incubator-dubbo,9758,0,0.24848759812968121,0
incubator-dubbo,8639,0,0.24848759812968121,0
incubator-dubbo,9394,0,0.24848759812968121,0
incubator-dubbo,9912,0,0.24848759812968121,0
incubator-dubbo,8200,0,0.24848759812968121,0
incubator-dubbo,9033,0,0.24848759812968121,0
incubator-dubbo,8959,0,0.24848759812968121,0
incubator-dubbo,8032,0,0.24848759812968121,0
incubator-dubbo,8203,0,0.24848759812968121,0
incubator-dubbo,9398,0,0.24848759812968121,0
incubator-dubbo,8935,0,0.24848759812968121,0
incubator-dubbo,9264,0,0.24848759812968121,0
incubator-dubbo,8053,0,0.24848759812968121,0
incubator-dubbo,8664,0,0.24848759812968121,0
incubator-dubbo,8355,0,0.24848759812968121,0
incubator-dubbo,9154,0,0.24848759812968121,0
incubator-dubbo,8892,0,0.24848759812968121,0
incubator-dubbo,8330,0,0.24848759812968121,0
incubator-dubbo,7827,0,0.24848759812968121,0
incubator-dubbo,9896,0,0.24848759812968121,0
incubator-dubbo,8894,0,0.24848759812968121,0
incubator-dubbo,8584,0,0.24848759812968121,0
incubator-dubbo,8223,0,0.24848759812968121,0
incubator-dubbo,8524,0,0.24848759812968121,0
incubator-dubbo,9924,0,0.24848759812968121,0
incubator-dubbo,8027,0,0.24848759812968121,0
incubator-dubbo,8260,0,0.24848759812968121,0
incubator-dubbo,8466,0,0.24848759812968121,0
incubator-dubbo,9456,0,0.24848759812968121,0
incubator-dubbo,8936,0,0.24848759812968121,0
incubator-dubbo,8517,0,0.24848759812968121,0
incubator-dubbo,9095,0,0.24848759812968121,0
incubator-dubbo,8834,0,0.24848759812968121,0
incubator-dubbo,9740,0,0.24848759812968121,0
incubator-dubbo,8775,0,0.24848759812968121,0
incubator-dubbo,9108,0,0.24848759812968121,0
incubator-dubbo,8378,0,0.24848759812968121,0
incubator-dubbo,8729,0,0.24848759812968121,0
incubator-dubbo,8428,0,0.24848759812968121,0
incubator-dubbo,8912,0,0.24848759812968121,0
incubator-dubbo,8971,0,0.24848759812968121,0
incubator-dubbo,8559,0,0.24848759812968121,0
incubator-dubbo,9859,0,0.24848759812968121,0
incubator-dubbo,9779,0,0.24848759812968121,0
incubator-dubbo,9014,0,0.24848759812968121,0
incubator-dubbo,7879,0,0.24848759812968121,0
incubator-dubbo,9090,0,0.24848759812968121,0
incubator-dubbo,9519,0,0.24848759812968121,0
incubator-dubbo,9410,0,0.24848759812968121,0
incubator-dubbo,8774,0,0.24848759812968121,0
incubator-dubbo,8507,0,0.24848759812968121,0
incubator-dubbo,8703,0,0.24848759812968121,0
incubator-dubbo,9839,1,0.24848759812968121,0
incubator-dubbo,9316,0,0.24848759812968121,0
incubator-dubbo,9049,0,0.24848759812968121,0
incubator-dubbo,8985,0,0.24848759812968121,0
incubator-dubbo,8486,0,0.24848759812968121,0
incubator-dubbo,7961,0,0.24848759812968121,0
incubator-dubbo,7894,0,0.24848759812968121,0
incubator-dubbo,7925,0,0.24848759812968121,0
incubator-dubbo,9426,0,0.24848759812968121,0
incubator-dubbo,8301,0,0.24848759812968121,0
incubator-dubbo,9256,0,0.24848759812968121,0
incubator-dubbo,8658,0,0.24848759812968121,0
incubator-dubbo,8130,0,0.24848759812968121,0
incubator-dubbo,8582,0,0.24848759812968121,0
incubator-dubbo,9369,0,0.24848759812968121,0
incubator-dubbo,8686,0,0.24848759812968121,0
incubator-dubbo,9475,0,0.24848759812968121,0
incubator-dubbo,8193,0,0.24848759812968121,0
incubator-dubbo,9541,0,0.24848759812968121,0
incubator-dubbo,8826,0,0.24848759812968121,0
incubator-dubbo,9910,0,0.24848759812968121,0
incubator-dubbo,9741,0,0.24848759812968121,0
incubator-dubbo,8698,0,0.24848759812968121,0
incubator-dubbo,8647,0,0.24848759812968121,0
incubator-dubbo,8148,0,0.24848759812968121,0
incubator-dubbo,7919,0,0.24848759812968121,0
incubator-dubbo,8567,0,0.24848759812968121,0
incubator-dubbo,9071,0,0.24848759812968121,0
incubator-dubbo,9257,0,0.24848759812968121,0
incubator-dubbo,7974,0,0.24848759812968121,0
incubator-dubbo,9222,0,0.24848759812968121,0
incubator-dubbo,8691,0,0.24848759812968121,0
incubator-dubbo,7844,0,0.24848759812968121,0
incubator-dubbo,8671,0,0.24848759812968121,0
incubator-dubbo,9508,0,0.24848759812968121,0
incubator-dubbo,9067,0,0.24848759812968121,0
incubator-dubbo,8803,0,0.24848759812968121,0
incubator-dubbo,8394,0,0.24848759812968121,0
incubator-dubbo,8309,0,0.24848759812968121,0
incubator-dubbo,8446,0,0.24848759812968121,0
incubator-dubbo,9906,0,0.24848759812968121,0
incubator-dubbo,9450,0,0.24848759812968121,0
incubator-dubbo,8659,0,0.24848759812968121,0
incubator-dubbo,9700,0,0.24848759812968121,0
incubator-dubbo,8960,0,0.24848759812968121,0
incubator-dubbo,8061,0,0.24848759812968121,0
incubator-dubbo,8085,0,0.24848759812968121,0
incubator-dubbo,7871,0,0.24848759812968121,0
incubator-dubbo,8732,0,0.24848759812968121,0
incubator-dubbo,8773,0,0.24848759812968121,0
incubator-dubbo,9099,0,0.24848759812968121,0
incubator-dubbo,8811,0,0.24848759812968121,0
incubator-dubbo,8709,0,0.24848759812968121,0
incubator-dubbo,8824,0,0.24848759812968121,0
incubator-dubbo,9111,0,0.24848759812968121,0
incubator-dubbo,8189,0,0.24848759812968121,0
incubator-dubbo,8400,0,0.24848759812968121,0
incubator-dubbo,8102,0,0.24848759812968121,0
incubator-dubbo,8153,0,0.24848759812968121,0
incubator-dubbo,9876,1,0.24848759812968121,0
incubator-dubbo,9948,0,0.24848759812968121,0
incubator-dubbo,9662,0,0.24848759812968121,0
incubator-dubbo,9625,0,0.24848759812968121,0
incubator-dubbo,9088,0,0.24848759812968121,0
incubator-dubbo,8589,0,0.24848759812968121,0
incubator-dubbo,9242,1,0.24848759812968121,0
incubator-dubbo,9193,0,0.24848759812968121,0
incubator-dubbo,9331,0,0.24848759812968121,0
incubator-dubbo,8850,0,0.24848759812968121,0
incubator-dubbo,8786,0,0.24848759812968121,0
incubator-dubbo,9358,0,0.24848759812968121,0
incubator-dubbo,8407,0,0.24848759812968121,0
incubator-dubbo,7872,0,0.24848759812968121,0
incubator-dubbo,8415,0,0.24848759812968121,0
incubator-dubbo,8617,0,0.24848759812968121,0
incubator-dubbo,8381,0,0.24848759812968121,0
incubator-dubbo,8145,0,0.24848759812968121,0
incubator-dubbo,8630,0,0.24848759812968121,0
incubator-dubbo,8633,0,0.24848759812968121,0
incubator-dubbo,9487,0,0.24848759812968121,0
incubator-dubbo,9039,0,0.24848759812968121,0
incubator-dubbo,8624,0,0.24848759812968121,0
incubator-dubbo,8525,0,0.24848759812968121,0
incubator-dubbo,8324,0,0.24848759812968121,0
incubator-dubbo,9403,0,0.24848759812968121,0
incubator-dubbo,9464,0,0.24848759812968121,0
incubator-dubbo,9169,0,0.24848759812968121,0
incubator-dubbo,8592,0,0.24848759812968121,0
incubator-dubbo,9058,0,0.24848759812968121,0
incubator-dubbo,8818,0,0.24848759812968121,0
incubator-dubbo,8983,0,0.24848759812968121,0
incubator-dubbo,9409,0,0.24848759812968121,0
incubator-dubbo,9964,0,0.24848759812968121,0
incubator-dubbo,9654,0,0.24848759812968121,0
incubator-dubbo,9443,0,0.24848759812968121,0
incubator-dubbo,9586,0,0.24848759812968121,0
incubator-dubbo,8163,0,0.24848759812968121,0
incubator-dubbo,8943,0,0.24848759812968121,0
incubator-dubbo,8177,0,0.24848759812968121,0
incubator-dubbo,8028,0,0.24848759812968121,0
incubator-dubbo,8965,0,0.24848759812968121,0
incubator-dubbo,7886,0,0.24848759812968121,0
incubator-dubbo,7882,0,0.24848759812968121,0
incubator-dubbo,8549,0,0.24848759812968121,0
incubator-dubbo,9976,0,0.24848759812968121,0
incubator-dubbo,9752,0,0.24848759812968121,0
incubator-dubbo,9944,0,0.24848759812968121,0
incubator-dubbo,7897,0,0.24848759812968121,0
incubator-dubbo,9523,0,0.24848759812968121,0
incubator-dubbo,8696,0,0.24848759812968121,0
incubator-dubbo,8092,0,0.24848759812968121,0
incubator-dubbo,9827,0,0.24848759812968121,0
incubator-dubbo,9482,0,0.24848759812968121,0
incubator-dubbo,7848,0,0.24848759812968121,0
incubator-dubbo,8928,0,0.24848759812968121,0
incubator-dubbo,9685,0,0.24848759812968121,0
incubator-dubbo,9345,0,0.24848759812968121,0
incubator-dubbo,8628,0,0.24848759812968121,0
incubator-dubbo,9016,0,0.24848759812968121,0
incubator-dubbo,8573,0,0.24848759812968121,0
incubator-dubbo,8644,0,0.24848759812968121,0
incubator-dubbo,8489,0,0.24848759812968121,0
incubator-dubbo,9504,0,0.24848759812968121,0
incubator-dubbo,9672,0,0.24848759812968121,0
incubator-dubbo,9454,0,0.24848759812968121,0
incubator-dubbo,8279,0,0.24848759812968121,0
incubator-dubbo,8274,0,0.24848759812968121,0
incubator-dubbo,9543,0,0.24848759812968121,0
incubator-dubbo,8635,0,0.24848759812968121,0
incubator-dubbo,8194,0,0.24848759812968121,0
incubator-dubbo,9225,0,0.24848759812968121,0
incubator-dubbo,8700,0,0.24848759812968121,0
incubator-dubbo,8406,0,0.24848759812968121,0
incubator-dubbo,8599,0,0.24848759812968121,0
incubator-dubbo,9629,0,0.24848759812968121,0
incubator-dubbo,8063,0,0.24848759812968121,0
incubator-dubbo,9258,0,0.24848759812968121,0
incubator-dubbo,8799,0,0.24848759812968121,0
incubator-dubbo,8551,0,0.24848759812968121,0
incubator-dubbo,9606,0,0.24848759812968121,0
incubator-dubbo,8425,0,0.24848759812968121,0
incubator-dubbo,8649,0,0.24848759812968121,0
incubator-dubbo,9340,0,0.24848759812968121,0
incubator-dubbo,8591,0,0.24848759812968121,0
incubator-dubbo,8439,0,0.24848759812968121,0
incubator-dubbo,8303,0,0.24848759812968121,0
incubator-dubbo,7822,0,0.24848759812968121,0
incubator-dubbo,9512,0,0.24848759812968121,0
incubator-dubbo,8457,0,0.24848759812968121,0
incubator-dubbo,9114,0,0.24848759812968121,0
incubator-dubbo,9478,0,0.24848759812968121,0
incubator-dubbo,9618,0,0.24848759812968121,0
incubator-dubbo,9293,0,0.24848759812968121,0
incubator-dubbo,9130,0,0.24848759812968121,0
incubator-dubbo,9601,0,0.24848759812968121,0
incubator-dubbo,8792,0,0.24848759812968121,0
incubator-dubbo,7838,0,0.24848759812968121,0
incubator-dubbo,9539,0,0.24848759812968121,0
incubator-dubbo,9682,0,0.24848759812968121,0
incubator-dubbo,8504,0,0.24848759812968121,0
incubator-dubbo,8404,0,0.24848759812968121,0
incubator-dubbo,9729,0,0.24848759812968121,0
incubator-dubbo,9300,0,0.24848759812968121,0
incubator-dubbo,7985,0,0.24848759812968121,0
incubator-dubbo,8574,0,0.24848759812968121,0
incubator-dubbo,9963,0,0.24848759812968121,0
incubator-dubbo,9428,0,0.24848759812968121,0
incubator-dubbo,7982,0,0.24848759812968121,0
incubator-dubbo,7854,0,0.24848759812968121,0
incubator-dubbo,8322,0,0.24848759812968121,0
incubator-dubbo,9490,0,0.24848759812968121,0
incubator-dubbo,9880,1,0.24848759812968121,0
incubator-dubbo,9001,0,0.24848759812968121,0
incubator-dubbo,9209,0,0.24848759812968121,0
incubator-dubbo,9852,0,0.24848759812968121,0
incubator-dubbo,8262,0,0.24848759812968121,0
incubator-dubbo,9009,0,0.24848759812968121,0
incubator-dubbo,9663,0,0.24848759812968121,0
incubator-dubbo,7846,0,0.24848759812968121,0
incubator-dubbo,8050,0,0.24848759812968121,0
incubator-dubbo,9395,0,0.24848759812968121,0
incubator-dubbo,9420,0,0.24848759812968121,0
incubator-dubbo,9477,0,0.24848759812968121,0
incubator-dubbo,8641,0,0.24848759812968121,0
incubator-dubbo,9816,0,0.24848759812968121,0
incubator-dubbo,9342,0,0.24848759812968121,0
incubator-dubbo,9238,0,0.24848759812968121,0
incubator-dubbo,8122,0,0.24848759812968121,0
incubator-dubbo,8037,0,0.24848759812968121,0
incubator-dubbo,8333,0,0.24848759812968121,0
incubator-dubbo,8437,0,0.24848759812968121,0
incubator-dubbo,9616,0,0.24848759812968121,0
incubator-dubbo,8484,0,0.24848759812968121,0
incubator-dubbo,8533,0,0.24848759812968121,0
incubator-dubbo,9857,0,0.24848759812968121,0
incubator-dubbo,9106,0,0.24848759812968121,0
incubator-dubbo,8245,0,0.24848759812968121,0
incubator-dubbo,9826,0,0.24848759812968121,0
incubator-dubbo,8013,0,0.24848759812968121,0
incubator-dubbo,8055,0,0.24848759812968121,0
incubator-dubbo,9769,0,0.24848759812968121,0
incubator-dubbo,9820,0,0.24848759812968121,0
incubator-dubbo,9818,0,0.24848759812968121,0
incubator-dubbo,7969,0,0.24848759812968121,0
incubator-dubbo,7998,0,0.24848759812968121,0
incubator-dubbo,8469,0,0.24848759812968121,0
incubator-dubbo,7883,0,0.24848759812968121,0
incubator-dubbo,9556,0,0.24848759812968121,0
incubator-dubbo,8996,0,0.24848759812968121,0
incubator-dubbo,9497,0,0.24848759812968121,0
incubator-dubbo,9364,0,0.24848759812968121,0
incubator-dubbo,9860,0,0.24848759812968121,0
incubator-dubbo,8751,0,0.24848759812968121,0
incubator-dubbo,8878,0,0.24848759812968121,0
incubator-dubbo,8782,0,0.24848759812968121,0
incubator-dubbo,9425,0,0.24848759812968121,0
incubator-dubbo,9610,0,0.24848759812968121,0
incubator-dubbo,8961,0,0.24848759812968121,0
incubator-dubbo,8236,0,0.24848759812968121,0
incubator-dubbo,8125,0,0.24848759812968121,0
incubator-dubbo,8402,0,0.24848759812968121,0
incubator-dubbo,8354,0,0.24848759812968121,0
incubator-dubbo,8167,0,0.24848759812968121,0
incubator-dubbo,8905,0,0.24848759812968121,0
incubator-dubbo,9449,0,0.24848759812968121,0
incubator-dubbo,9918,0,0.24848759812968121,0
incubator-dubbo,8929,0,0.24848759812968121,0
incubator-dubbo,8210,0,0.24848759812968121,0
incubator-dubbo,9027,0,0.24848759812968121,0
incubator-dubbo,9865,0,0.24848759812968121,0
incubator-dubbo,9055,0,0.24848759812968121,0
incubator-dubbo,8882,0,0.24848759812968121,0
incubator-dubbo,9657,0,0.24848759812968121,0
incubator-dubbo,9393,0,0.24848759812968121,0
incubator-dubbo,8934,0,0.24848759812968121,0
incubator-dubbo,7901,1,0.24848759812968121,0
incubator-dubbo,8077,0,0.24848759812968121,0
incubator-dubbo,8724,0,0.24848759812968121,0
incubator-dubbo,9190,0,0.24848759812968121,0
incubator-dubbo,7906,0,0.24848759812968121,0
incubator-dubbo,9021,0,0.24848759812968121,0
incubator-dubbo,7986,0,0.24848759812968121,0
incubator-dubbo,9738,0,0.24848759812968121,0
incubator-dubbo,8963,0,0.24848759812968121,0
incubator-dubbo,9231,0,0.24848759812968121,0
incubator-dubbo,8151,0,0.24848759812968121,0
incubator-dubbo,8910,0,0.24848759812968121,0
incubator-dubbo,9626,0,0.24848759812968121,0
incubator-dubbo,9145,0,0.24848759812968121,0
incubator-dubbo,9520,0,0.24848759812968121,0
incubator-dubbo,9724,0,0.24848759812968121,0
incubator-dubbo,9855,0,0.24848759812968121,0
incubator-dubbo,8488,0,0.24848759812968121,0
incubator-dubbo,8000,0,0.24848759812968121,0
incubator-dubbo,9600,0,0.24848759812968121,0
incubator-dubbo,8179,0,0.24848759812968121,0
incubator-dubbo,9087,0,0.24848759812968121,0
incubator-dubbo,7952,0,0.24848759812968121,0
incubator-dubbo,8146,0,0.24848759812968121,0
incubator-dubbo,9389,0,0.24848759812968121,0
incubator-dubbo,8137,0,0.24848759812968121,0
incubator-dubbo,8291,0,0.24848759812968121,0
incubator-dubbo,9024,0,0.24848759812968121,0
incubator-dubbo,8336,0,0.24848759812968121,0
incubator-dubbo,8723,0,0.24848759812968121,0
incubator-dubbo,9485,0,0.24848759812968121,0
incubator-dubbo,8577,0,0.24848759812968121,0
incubator-dubbo,8566,0,0.24848759812968121,0
incubator-dubbo,9749,0,0.24848759812968121,0
incubator-dubbo,8459,0,0.24848759812968121,0
incubator-dubbo,8431,0,0.24848759812968121,0
incubator-dubbo,9597,0,0.24848759812968121,0
incubator-dubbo,7947,0,0.24848759812968121,0
incubator-dubbo,8712,0,0.24848759812968121,0
incubator-dubbo,9574,1,0.24848759812968121,0
incubator-dubbo,8830,0,0.24848759812968121,0
incubator-dubbo,7895,0,0.24848759812968121,0
incubator-dubbo,8227,0,0.24848759812968121,0
incubator-dubbo,8988,0,0.24848759812968121,0
incubator-dubbo,7962,0,0.24848759812968121,0
incubator-dubbo,8611,0,0.24848759812968121,0
incubator-dubbo,7833,0,0.24848759812968121,0
incubator-dubbo,8701,0,0.24848759812968121,0
incubator-dubbo,8672,0,0.24848759812968121,0
incubator-dubbo,8317,0,0.24848759812968121,0
incubator-dubbo,9150,0,0.24848759812968121,0
incubator-dubbo,7867,0,0.24848759812968121,0
incubator-dubbo,9126,0,0.24848759812968121,0
incubator-dubbo,9163,0,0.24848759812968121,0
incubator-dubbo,8287,0,0.24848759812968121,0
incubator-dubbo,8981,0,0.24848759812968121,0
incubator-dubbo,9636,0,0.24848759812968121,0
incubator-dubbo,8278,0,0.24848759812968121,0
incubator-dubbo,8714,0,0.24848759812968121,0
incubator-dubbo,9939,0,0.24848759812968121,0
incubator-dubbo,8869,0,0.24848759812968121,0
incubator-dubbo,7845,0,0.24848759812968121,0
incubator-dubbo,9800,0,0.24848759812968121,0
incubator-dubbo,8739,0,0.24848759812968121,0
incubator-dubbo,8615,0,0.24848759812968121,0
incubator-dubbo,9774,0,0.24848759812968121,0
incubator-dubbo,9442,0,0.24848759812968121,0
incubator-dubbo,9850,0,0.24848759812968121,0
incubator-dubbo,7847,0,0.24848759812968121,0
incubator-dubbo,8713,0,0.24848759812968121,0
incubator-dubbo,8164,0,0.24848759812968121,0
incubator-dubbo,7818,0,0.24848759812968121,0
incubator-dubbo,9433,0,0.24848759812968121,0
incubator-dubbo,9352,0,0.24848759812968121,0
incubator-dubbo,9783,0,0.24848759812968121,0
incubator-dubbo,9296,0,0.24848759812968121,0
incubator-dubbo,8927,0,0.24848759812968121,0
incubator-dubbo,9417,0,0.24848759812968121,0
incubator-dubbo,8004,0,0.24848759812968121,0
incubator-dubbo,8833,0,0.24848759812968121,0
incubator-dubbo,7989,0,0.24848759812968121,0
incubator-dubbo,9053,0,0.24848759812968121,0
incubator-dubbo,8733,0,0.24848759812968121,0
incubator-dubbo,9958,0,0.24848759812968121,0
incubator-dubbo,8344,0,0.24848759812968121,0
incubator-dubbo,8618,0,0.24848759812968121,0
incubator-dubbo,9439,0,0.24848759812968121,0
incubator-dubbo,8049,0,0.24848759812968121,0
incubator-dubbo,8541,0,0.24848759812968121,0
incubator-dubbo,9806,0,0.24848759812968121,0
incubator-dubbo,9602,0,0.24848759812968121,0
incubator-dubbo,9472,0,0.24848759812968121,0
incubator-dubbo,8108,0,0.24848759812968121,0
incubator-dubbo,7922,0,0.24848759812968121,0
incubator-dubbo,9916,0,0.24848759812968121,0
incubator-dubbo,9075,0,0.24848759812968121,0
incubator-dubbo,8594,0,0.24848759812968121,0
incubator-dubbo,8463,0,0.24848759812968121,0
incubator-dubbo,8444,0,0.24848759812968121,0
incubator-dubbo,9131,0,0.24848759812968121,0
incubator-dubbo,8821,0,0.24848759812968121,0
incubator-dubbo,8607,0,0.24848759812968121,0
incubator-dubbo,9545,0,0.24848759812968121,0
incubator-dubbo,9320,0,0.24848759812968121,0
incubator-dubbo,9768,0,0.24848759812968121,0
incubator-dubbo,8175,0,0.24848759812968121,0
incubator-dubbo,8479,0,0.24848759812968121,0
incubator-dubbo,9123,0,0.24848759812968121,0
incubator-dubbo,8620,0,0.24848759812968121,0
incubator-dubbo,9588,0,0.24848759812968121,0
incubator-dubbo,8652,0,0.24848759812968121,0
incubator-dubbo,9561,0,0.24848759812968121,0
incubator-dubbo,9739,0,0.24848759812968121,0
incubator-dubbo,8154,0,0.24848759812968121,0
incubator-dubbo,8332,0,0.24848759812968121,0
incubator-dubbo,9977,0,0.24848759812968121,0
incubator-dubbo,9878,0,0.24848759812968121,0
incubator-dubbo,8765,0,0.24848759812968121,0
incubator-dubbo,8957,0,0.24848759812968121,0
incubator-dubbo,8271,0,0.24848759812968121,0
incubator-dubbo,9418,0,0.24848759812968121,0
incubator-dubbo,8793,0,0.24848759812968121,0
incubator-dubbo,9022,0,0.24848759812968121,0
incubator-dubbo,8109,0,0.24848759812968121,0
incubator-dubbo,8772,0,0.24848759812968121,0
incubator-dubbo,8876,0,0.24848759812968121,0
incubator-dubbo,9927,0,0.24848759812968121,0
incubator-dubbo,11132,0,0.24848759812968121,0
incubator-dubbo,8527,0,0.24848759812968121,0
incubator-dubbo,9841,0,0.24848759812968121,0
incubator-dubbo,8595,0,0.24848759812968121,0
incubator-dubbo,8832,0,0.24848759812968121,0
incubator-dubbo,9378,0,0.24848759812968121,0
incubator-dubbo,9373,0,0.24848759812968121,0
incubator-dubbo,8280,0,0.24848759812968121,0
incubator-dubbo,8129,0,0.24848759812968121,0
incubator-dubbo,7862,0,0.24848759812968121,0
incubator-dubbo,7876,0,0.24848759812968121,0
incubator-dubbo,9339,0,0.24848759812968121,0
incubator-dubbo,8536,0,0.24848759812968121,0
incubator-dubbo,9287,0,0.24848759812968121,0
incubator-dubbo,9706,0,0.24848759812968121,0
incubator-dubbo,8067,0,0.24848759812968121,0
incubator-dubbo,8033,0,0.24848759812968121,0
incubator-dubbo,8557,0,0.24848759812968121,0
incubator-dubbo,9370,0,0.24848759812968121,0
incubator-dubbo,9534,0,0.24848759812968121,0
incubator-dubbo,8810,0,0.24848759812968121,0
incubator-dubbo,9847,0,0.24848759812968121,0
incubator-dubbo,8880,0,0.24848759812968121,0
incubator-dubbo,8487,0,0.24848759812968121,0
incubator-dubbo,8622,0,0.24848759812968121,0
incubator-dubbo,8512,0,0.24848759812968121,0
incubator-dubbo,8019,0,0.24848759812968121,0
incubator-dubbo,9814,0,0.24848759812968121,0
incubator-dubbo,8259,0,0.24848759812968121,0
incubator-dubbo,8314,0,0.24848759812968121,0
incubator-dubbo,8216,0,0.24848759812968121,0
incubator-dubbo,8222,0,0.24848759812968121,0
incubator-dubbo,7970,0,0.24848759812968121,0
incubator-dubbo,8064,0,0.24848759812968121,0
incubator-dubbo,9076,0,0.24848759812968121,0
incubator-dubbo,8662,0,0.24848759812968121,0
incubator-dubbo,9112,0,0.24848759812968121,0
incubator-dubbo,8706,0,0.24848759812968121,0
incubator-dubbo,9413,0,0.24848759812968121,0
incubator-dubbo,9318,0,0.24848759812968121,0
incubator-dubbo,7825,0,0.24848759812968121,0
incubator-dubbo,9552,0,0.24848759812968121,0
incubator-dubbo,8787,0,0.24848759812968121,0
incubator-dubbo,7936,0,0.24848759812968121,0
incubator-dubbo,8162,0,0.24848759812968121,0
incubator-dubbo,9140,0,0.24848759812968121,0
incubator-dubbo,8226,0,0.24848759812968121,0
incubator-dubbo,8017,0,0.24848759812968121,0
incubator-dubbo,9237,0,0.24848759812968121,0
incubator-dubbo,9406,0,0.24848759812968121,0
incubator-dubbo,9753,0,0.24848759812968121,0
incubator-dubbo,8081,0,0.24848759812968121,0
incubator-dubbo,8925,0,0.24848759812968121,0
incubator-dubbo,9585,0,0.24848759812968121,0
incubator-dubbo,8923,0,0.24848759812968121,0
incubator-dubbo,9529,0,0.24848759812968121,0
incubator-dubbo,7918,0,0.24848759812968121,0
incubator-dubbo,8267,0,0.24848759812968121,0
incubator-dubbo,9701,0,0.24848759812968121,0
incubator-dubbo,9962,0,0.24848759812968121,0
incubator-dubbo,8418,0,0.24848759812968121,0
incubator-dubbo,9736,0,0.24848759812968121,0
incubator-dubbo,8465,0,0.24848759812968121,0
incubator-dubbo,8532,0,0.24848759812968121,0
incubator-dubbo,8499,0,0.24848759812968121,0
incubator-dubbo,8544,0,0.24848759812968121,0
incubator-dubbo,8523,0,0.24848759812968121,0
incubator-dubbo,9489,0,0.24848759812968121,0
incubator-dubbo,8501,0,0.24848759812968121,0
incubator-dubbo,9380,0,0.24848759812968121,0
incubator-dubbo,8907,0,0.24848759812968121,0
incubator-dubbo,8014,0,0.24848759812968121,0
incubator-dubbo,9515,0,0.24848759812968121,0
incubator-dubbo,9822,0,0.24848759812968121,0
incubator-dubbo,9080,0,0.24848759812968121,0
incubator-dubbo,9521,0,0.24848759812968121,0
incubator-dubbo,8537,0,0.24848759812968121,0
incubator-dubbo,7920,0,0.24848759812968121,0
incubator-dubbo,9726,0,0.24848759812968121,0
incubator-dubbo,9712,0,0.24848759812968121,0
incubator-dubbo,9390,0,0.24848759812968121,0
incubator-dubbo,8445,0,0.24848759812968121,0
incubator-dubbo,8052,0,0.24848759812968121,0
incubator-dubbo,9037,0,0.24848759812968121,0
incubator-dubbo,9914,0,0.24848759812968121,0
incubator-dubbo,8638,0,0.24848759812968121,0
incubator-dubbo,8024,0,0.24848759812968121,0
incubator-dubbo,9898,0,0.24848759812968121,0
incubator-dubbo,9359,0,0.24848759812968121,0
incubator-dubbo,8951,0,0.24848759812968121,0
incubator-dubbo,9881,0,0.24848759812968121,0
incubator-dubbo,8737,0,0.24848759812968121,0
incubator-dubbo,9888,0,0.24848759812968121,0
incubator-dubbo,8747,0,0.24848759812968121,0
incubator-dubbo,8124,0,0.24848759812968121,0
incubator-dubbo,9263,0,0.24848759812968121,0
incubator-dubbo,9622,0,0.24848759812968121,0
incubator-dubbo,8095,0,0.24848759812968121,0
incubator-dubbo,9299,0,0.24848759812968121,0
incubator-dubbo,9372,0,0.24848759812968121,0
incubator-dubbo,8933,0,0.24848759812968121,0
incubator-dubbo,9790,0,0.24848759812968121,0
incubator-dubbo,9576,0,0.24848759812968121,0
incubator-dubbo,7932,0,0.24848759812968121,0
incubator-dubbo,8828,0,0.24848759812968121,0
incubator-dubbo,8711,0,0.24848759812968121,0
incubator-dubbo,8361,0,0.24848759812968121,0
incubator-dubbo,8341,0,0.24848759812968121,0
incubator-dubbo,9348,0,0.24848759812968121,0
incubator-dubbo,8230,0,0.24848759812968121,0
incubator-dubbo,8693,0,0.24848759812968121,0
incubator-dubbo,9981,0,0.24848759812968121,0
incubator-dubbo,9877,0,0.24848759812968121,0
incubator-dubbo,9805,0,0.24848759812968121,0
incubator-dubbo,8845,0,0.24848759812968121,0
incubator-dubbo,9468,0,0.24848759812968121,0
incubator-dubbo,9771,0,0.24848759812968121,0
incubator-dubbo,8568,0,0.24848759812968121,0
incubator-dubbo,8827,0,0.24848759812968121,0
incubator-dubbo,8327,0,0.24848759812968121,0
incubator-dubbo,8252,0,0.24848759812968121,0
incubator-dubbo,8228,0,0.24848759812968121,0
incubator-dubbo,9470,0,0.24848759812968121,0
incubator-dubbo,9952,0,0.24848759812968121,0
incubator-dubbo,8849,0,0.24848759812968121,0
incubator-dubbo,8054,0,0.24848759812968121,0
incubator-dubbo,9720,0,0.24848759812968121,0
incubator-dubbo,8160,0,0.24848759812968121,0
incubator-dubbo,9217,0,0.24848759812968121,0
incubator-dubbo,9336,0,0.24848759812968121,0
incubator-dubbo,8543,0,0.24848759812968121,0
incubator-dubbo,7923,0,0.24848759812968121,0
incubator-dubbo,7984,0,0.24848759812968121,0
incubator-dubbo,9647,0,0.24848759812968121,0
incubator-dubbo,9849,0,0.24848759812968121,0
incubator-dubbo,9525,0,0.24848759812968121,0
incubator-dubbo,8475,0,0.24848759812968121,0
incubator-dubbo,9546,0,0.24848759812968121,0
incubator-dubbo,8903,0,0.24848759812968121,0
incubator-dubbo,9301,0,0.24848759812968121,0
incubator-dubbo,9323,0,0.24848759812968121,0
incubator-dubbo,9144,0,0.24848759812968121,0
incubator-dubbo,9252,0,0.24848759812968121,0
incubator-dubbo,9528,0,0.24848759812968121,0
incubator-dubbo,8040,0,0.24848759812968121,0
incubator-dubbo,9101,0,0.24848759812968121,0
incubator-dubbo,9375,0,0.24848759812968121,0
incubator-dubbo,8889,0,0.24848759812968121,0
incubator-dubbo,8844,0,0.24848759812968121,0
incubator-dubbo,8554,0,0.24848759812968121,0
incubator-dubbo,9819,0,0.24848759812968121,0
incubator-dubbo,9596,0,0.24848759812968121,0
incubator-dubbo,8293,0,0.24848759812968121,0
incubator-dubbo,9960,0,0.24848759812968121,0
incubator-dubbo,9078,0,0.24848759812968121,0
incubator-dubbo,8256,0,0.24848759812968121,0
incubator-dubbo,9422,0,0.24848759812968121,0
incubator-dubbo,8780,0,0.24848759812968121,0
incubator-dubbo,9803,0,0.24848759812968121,0
incubator-dubbo,8305,0,0.24848759812968121,0
incubator-dubbo,8240,0,0.24848759812968121,0
incubator-dubbo,8310,0,0.24848759812968121,0
incubator-dubbo,7850,0,0.24848759812968121,0
incubator-dubbo,8075,0,0.24848759812968121,0
incubator-dubbo,8705,0,0.24848759812968121,0
incubator-dubbo,8915,0,0.24848759812968121,0
incubator-dubbo,8395,0,0.24848759812968121,0
incubator-dubbo,7930,0,0.24848759812968121,0
incubator-dubbo,9533,0,0.24848759812968121,0
incubator-dubbo,8885,0,0.24848759812968121,0
incubator-dubbo,8837,0,0.24848759812968121,0
incubator-dubbo,8258,0,0.24848759812968121,0
incubator-dubbo,8215,0,0.24848759812968121,0
incubator-dubbo,9868,0,0.24848759812968121,0
incubator-dubbo,9565,0,0.24848759812968121,0
incubator-dubbo,9423,0,0.24848759812968121,0
incubator-dubbo,9559,0,0.24848759812968121,0
incubator-dubbo,9678,0,0.24848759812968121,0
incubator-dubbo,9029,0,0.24848759812968121,0
incubator-dubbo,9400,0,0.24848759812968121,0
incubator-dubbo,7997,0,0.24848759812968121,0
incubator-dubbo,8250,0,0.24848759812968121,0
incubator-dubbo,8364,0,0.24848759812968121,0
incubator-dubbo,9434,0,0.24848759812968121,0
incubator-dubbo,9870,0,0.24848759812968121,0
incubator-dubbo,8197,0,0.24848759812968121,0
incubator-dubbo,9273,0,0.24848759812968121,0
incubator-dubbo,8642,0,0.24848759812968121,0
incubator-dubbo,9051,0,0.24848759812968121,0
incubator-dubbo,8632,0,0.24848759812968121,0
incubator-dubbo,8509,0,0.24848759812968121,0
incubator-dubbo,8422,0,0.24848759812968121,0
incubator-dubbo,8663,0,0.24848759812968121,0
incubator-dubbo,8174,0,0.24848759812968121,0
incubator-dubbo,9065,0,0.24848759812968121,0
incubator-dubbo,8581,0,0.24848759812968121,0
incubator-dubbo,9278,0,0.24848759812968121,0
incubator-dubbo,8528,0,0.24848759812968121,0
incubator-dubbo,8563,0,0.24848759812968121,0
incubator-dubbo,9139,0,0.24848759812968121,0
incubator-dubbo,9262,0,0.24848759812968121,0
incubator-dubbo,8080,0,0.24848759812968121,0
incubator-dubbo,9069,0,0.24848759812968121,0
incubator-dubbo,9971,0,0.24848759812968121,0
incubator-dubbo,8168,0,0.24848759812968121,0
incubator-dubbo,8699,0,0.24848759812968121,0
incubator-dubbo,8034,0,0.24848759812968121,0
incubator-dubbo,8266,0,0.24848759812968121,0
incubator-dubbo,8269,0,0.24848759812968121,0
incubator-dubbo,7994,0,0.24848759812968121,0
incubator-dubbo,9054,0,0.24848759812968121,0
incubator-dubbo,8588,0,0.24848759812968121,0
incubator-dubbo,8987,0,0.24848759812968121,0
incubator-dubbo,9834,0,0.24848759812968121,0
incubator-dubbo,9925,0,0.24848759812968121,0
incubator-dubbo,9550,0,0.24848759812968121,0
incubator-dubbo,9641,0,0.24848759812968121,0
incubator-dubbo,8357,0,0.24848759812968121,0
incubator-dubbo,9648,0,0.24848759812968121,0
incubator-dubbo,7898,0,0.24848759812968121,0
incubator-dubbo,9775,0,0.24848759812968121,0
incubator-dubbo,9216,0,0.24848759812968121,0
incubator-dubbo,7956,0,0.24848759812968121,0
incubator-dubbo,8857,0,0.24848759812968121,0
incubator-dubbo,8060,0,0.24848759812968121,0
incubator-dubbo,8944,0,0.24848759812968121,0
incubator-dubbo,8478,0,0.24848759812968121,0
incubator-dubbo,8749,0,0.24848759812968121,0
incubator-dubbo,8138,0,0.24848759812968121,0
incubator-dubbo,9349,0,0.24848759812968121,0
incubator-dubbo,8088,0,0.24848759812968121,0
incubator-dubbo,9200,0,0.24848759812968121,0
incubator-dubbo,9277,0,0.24848759812968121,0
incubator-dubbo,8331,0,0.24848759812968121,0
incubator-dubbo,9524,0,0.24848759812968121,0
incubator-dubbo,9089,0,0.24848759812968121,0
incubator-dubbo,9831,0,0.24848759812968121,0
incubator-dubbo,9265,0,0.24848759812968121,0
incubator-dubbo,8938,0,0.24848759812968121,0
incubator-dubbo,8043,0,0.24848759812968121,0
incubator-dubbo,8434,0,0.24848759812968121,0
incubator-dubbo,8413,0,0.24848759812968121,0
incubator-dubbo,8326,0,0.24848759812968121,0
incubator-dubbo,8748,0,0.24848759812968121,0
incubator-dubbo,9813,0,0.24848759812968121,0
incubator-dubbo,8190,0,0.24848759812968121,0
incubator-dubbo,8871,0,0.24848759812968121,0
incubator-dubbo,9941,0,0.24848759812968121,0
incubator-dubbo,7856,0,0.24848759812968121,0
incubator-dubbo,8285,0,0.24848759812968121,0
incubator-dubbo,9488,0,0.24848759812968121,0
incubator-dubbo,9563,0,0.24848759812968121,0
incubator-dubbo,8746,0,0.24848759812968121,0
incubator-dubbo,9219,0,0.24848759812968121,0
incubator-dubbo,8244,0,0.24848759812968121,0
incubator-dubbo,9332,0,0.24848759812968121,0
incubator-dubbo,9793,0,0.24848759812968121,0
incubator-dubbo,9328,0,0.24848759812968121,0
incubator-dubbo,8184,0,0.24848759812968121,0
incubator-dubbo,8268,0,0.24848759812968121,0
incubator-dubbo,9759,0,0.24848759812968121,0
incubator-dubbo,9391,0,0.24848759812968121,0
incubator-dubbo,9551,0,0.24848759812968121,0
incubator-dubbo,8158,0,0.24848759812968121,0
incubator-dubbo,9566,0,0.24848759812968121,0
incubator-dubbo,9063,0,0.24848759812968121,0
incubator-dubbo,8750,0,0.24848759812968121,0
incubator-dubbo,9503,0,0.24848759812968121,0
incubator-dubbo,9329,0,0.24848759812968121,0
incubator-dubbo,8997,0,0.24848759812968121,0
incubator-dubbo,9167,0,0.24848759812968121,0
incubator-dubbo,9532,0,0.24848759812968121,0
incubator-dubbo,7971,0,0.24848759812968121,0
incubator-dubbo,9175,0,0.24848759812968121,0
incubator-dubbo,8570,0,0.24848759812968121,0
incubator-dubbo,9926,0,0.24848759812968121,0
incubator-dubbo,8284,0,0.24848759812968121,0
incubator-dubbo,9361,0,0.24848759812968121,0
incubator-dubbo,8243,0,0.24848759812968121,0
incubator-dubbo,9002,0,0.24848759812968121,0
incubator-dubbo,8875,0,0.24848759812968121,0
incubator-dubbo,8796,0,0.24848759812968121,0
incubator-dubbo,9333,0,0.24848759812968121,0
incubator-dubbo,9297,0,0.24848759812968121,0
incubator-dubbo,7817,0,0.24848759812968121,0
incubator-dubbo,9368,0,0.24848759812968121,0
incubator-dubbo,8656,0,0.24848759812968121,0
incubator-dubbo,8030,0,0.24848759812968121,0
incubator-dubbo,8979,0,0.24848759812968121,0
incubator-dubbo,9709,0,0.24848759812968121,0
incubator-dubbo,8781,0,0.24848759812968121,0
incubator-dubbo,8669,0,0.24848759812968121,0
incubator-dubbo,8209,0,0.24848759812968121,0
incubator-dubbo,8692,0,0.24848759812968121,0
incubator-dubbo,7863,0,0.24848759812968121,0
incubator-dubbo,8089,0,0.24848759812968121,0
incubator-dubbo,7893,0,0.24848759812968121,0
incubator-dubbo,9465,0,0.24848759812968121,0
incubator-dubbo,8735,0,0.24848759812968121,0
incubator-dubbo,8308,0,0.24848759812968121,0
incubator-dubbo,8697,0,0.24848759812968121,0
incubator-dubbo,9229,0,0.24848759812968121,0
incubator-dubbo,8144,0,0.24848759812968121,0
incubator-dubbo,9840,0,0.24848759812968121,0
incubator-dubbo,9714,0,0.24848759812968121,0
incubator-dubbo,7837,0,0.24848759812968121,0
incubator-dubbo,8556,0,0.24848759812968121,0
incubator-dubbo,8646,0,0.24848759812968121,0
incubator-dubbo,8462,0,0.24848759812968121,0
incubator-dubbo,9448,0,0.24848759812968121,0
incubator-dubbo,9194,0,0.24848759812968121,0
incubator-dubbo,8922,0,0.24848759812968121,0
incubator-dubbo,8100,0,0.24848759812968121,0
incubator-dubbo,9747,0,0.24848759812968121,0
incubator-dubbo,9970,0,0.24848759812968121,0
incubator-dubbo,8547,0,0.24848759812968121,0
incubator-dubbo,8565,0,0.24848759812968121,0
incubator-dubbo,9936,0,0.24848759812968121,0
incubator-dubbo,9902,0,0.24848759812968121,0
incubator-dubbo,8687,0,0.24848759812968121,0
incubator-dubbo,9104,0,0.24848759812968121,0
incubator-dubbo,8717,0,0.24848759812968121,0
incubator-dubbo,8214,0,0.24848759812968121,0
incubator-dubbo,8734,0,0.24848759812968121,0
incubator-dubbo,8261,0,0.24848759812968121,0
incubator-dubbo,8600,0,0.24848759812968121,0
incubator-dubbo,9983,0,0.24848759812968121,0
incubator-dubbo,8902,0,0.24848759812968121,0
incubator-dubbo,9120,0,0.24848759812968121,0
incubator-dubbo,9979,0,0.24848759812968121,0
incubator-dubbo,7959,0,0.24848759812968121,0
incubator-dubbo,8651,0,0.24848759812968121,0
incubator-dubbo,8690,0,0.24848759812968121,0
incubator-dubbo,8625,0,0.24848759812968121,0
incubator-dubbo,9937,0,0.24848759812968121,0
incubator-dubbo,8575,0,0.24848759812968121,0
incubator-dubbo,7941,0,0.24848759812968121,0
incubator-dubbo,9234,0,0.24848759812968121,0
incubator-dubbo,8836,0,0.24848759812968121,0
incubator-dubbo,7902,0,0.24848759812968121,0
incubator-dubbo,9083,0,0.24848759812968121,0
incubator-dubbo,9032,0,0.24848759812968121,0
incubator-dubbo,8602,0,0.24848759812968121,0
incubator-dubbo,8015,0,0.24848759812968121,0
incubator-dubbo,9920,0,0.24848759812968121,0
incubator-dubbo,8813,0,0.24848759812968121,0
incubator-dubbo,8346,0,0.24848759812968121,0
incubator-dubbo,9577,0,0.24848759812968121,0
incubator-dubbo,8133,0,0.24848759812968121,0
incubator-dubbo,9889,0,0.24848759812968121,0
incubator-dubbo,7981,0,0.24848759812968121,0
incubator-dubbo,9571,0,0.24848759812968121,0
incubator-dubbo,8548,0,0.24848759812968121,0
incubator-dubbo,9538,0,0.24848759812968121,0
incubator-dubbo,9967,0,0.24848759812968121,0
incubator-dubbo,8016,0,0.24848759812968121,0
incubator-dubbo,9908,0,0.24848759812968121,0
incubator-dubbo,9011,0,0.24848759812968121,0
incubator-dubbo,8329,0,0.24848759812968121,0
incubator-dubbo,9531,0,0.24848759812968121,0
incubator-dubbo,8318,0,0.24848759812968121,0
incubator-dubbo,8897,0,0.24848759812968121,0
incubator-dubbo,9260,0,0.24848759812968121,0
incubator-dubbo,8335,0,0.24848759812968121,0
incubator-dubbo,9096,0,0.24848759812968121,0
incubator-dubbo,9110,0,0.24848759812968121,0
incubator-dubbo,9851,0,0.24848759812968121,0
incubator-dubbo,8059,0,0.24848759812968121,0
incubator-dubbo,9047,0,0.24848759812968121,0
incubator-dubbo,8460,0,0.24848759812968121,0
incubator-dubbo,9940,0,0.24848759812968121,0
incubator-dubbo,8895,0,0.24848759812968121,0
incubator-dubbo,8688,0,0.24848759812968121,0
incubator-dubbo,9314,0,0.24848759812968121,0
incubator-dubbo,9451,0,0.24848759812968121,0
incubator-dubbo,8041,0,0.24848759812968121,0
incubator-dubbo,7963,0,0.24848759812968121,0
incubator-dubbo,8695,0,0.24848759812968121,0
incubator-dubbo,9459,0,0.24848759812968121,0
incubator-dubbo,9909,0,0.24848759812968121,0
incubator-dubbo,7842,0,0.24848759812968121,0
incubator-dubbo,9965,0,0.24848759812968121,0
incubator-dubbo,8379,0,0.24848759812968121,0
incubator-dubbo,9919,0,0.24848759812968121,0
incubator-dubbo,9346,0,0.24848759812968121,0
incubator-dubbo,8558,0,0.24848759812968121,0
incubator-dubbo,8087,0,0.24848759812968121,0
incubator-dubbo,9141,0,0.24848759812968121,0
incubator-dubbo,8999,0,0.24848759812968121,0
incubator-dubbo,9401,0,0.24848759812968121,0
incubator-dubbo,9240,0,0.24848759812968121,0
incubator-dubbo,9457,0,0.24848759812968121,0
incubator-dubbo,8199,0,0.24848759812968121,0
incubator-dubbo,8440,0,0.24848759812968121,0
incubator-dubbo,8255,0,0.24848759812968121,0
incubator-dubbo,9236,0,0.24848759812968121,0
incubator-dubbo,9632,0,0.24848759812968121,0
incubator-dubbo,9132,0,0.24848759812968121,0
incubator-dubbo,8510,0,0.24848759812968121,0
incubator-dubbo,9804,0,0.24848759812968121,0
incubator-dubbo,9281,0,0.24848759812968121,0
incubator-dubbo,9526,0,0.24848759812968121,0
incubator-dubbo,9928,0,0.24848759812968121,0
incubator-dubbo,8970,0,0.24848759812968121,0
incubator-dubbo,8596,0,0.24848759812968121,0
incubator-dubbo,9932,0,0.24848759812968121,0
incubator-dubbo,8831,0,0.24848759812968121,0
incubator-dubbo,8881,0,0.24848759812968121,0
incubator-dubbo,9708,0,0.24848759812968121,0
incubator-dubbo,9334,0,0.24848759812968121,0
incubator-dubbo,9604,0,0.24848759812968121,0
incubator-dubbo,9929,0,0.24848759812968121,0
incubator-dubbo,9444,0,0.24848759812968121,0
incubator-dubbo,8103,0,0.24848759812968121,0
incubator-dubbo,9605,0,0.24848759812968121,0
incubator-dubbo,9791,0,0.24848759812968121,0
incubator-dubbo,8384,0,0.24848759812968121,0
incubator-dubbo,8616,0,0.24848759812968121,0
incubator-dubbo,8172,0,0.24848759812968121,0
incubator-dubbo,7873,0,0.24848759812968121,0
incubator-dubbo,8282,0,0.24848759812968121,0
incubator-dubbo,9248,0,0.24848759812968121,0
incubator-dubbo,8843,0,0.24848759812968121,0
incubator-dubbo,9699,0,0.24848759812968121,0
incubator-dubbo,9582,0,0.24848759812968121,0
incubator-dubbo,9177,0,0.24848759812968121,0
incubator-dubbo,8874,0,0.24848759812968121,0
incubator-dubbo,8042,0,0.24848759812968121,0
incubator-dubbo,8001,0,0.24848759812968121,0
incubator-dubbo,9199,0,0.24848759812968121,0
incubator-dubbo,9755,0,0.24848759812968121,0
incubator-dubbo,7880,0,0.24848759812968121,0
incubator-dubbo,9686,0,0.24848759812968121,0
incubator-dubbo,8590,0,0.24848759812968121,0
incubator-dubbo,9452,0,0.24848759812968121,0
incubator-dubbo,8606,0,0.24848759812968121,0
incubator-dubbo,9664,0,0.24848759812968121,0
incubator-dubbo,8448,0,0.24848759812968121,0
incubator-dubbo,8562,0,0.24848759812968121,0
incubator-dubbo,8829,0,0.24848759812968121,0
incubator-dubbo,8352,0,0.24848759812968121,0
incubator-dubbo,9864,0,0.24848759812968121,0
incubator-dubbo,8676,0,0.24848759812968121,0
incubator-dubbo,9430,0,0.24848759812968121,0
incubator-dubbo,8477,0,0.24848759812968121,0
incubator-dubbo,9166,0,0.24848759812968121,0
incubator-dubbo,9728,1,0.24848759812968121,0
incubator-dubbo,9155,0,0.24848759812968121,0
incubator-dubbo,8924,0,0.24848759812968121,0
incubator-dubbo,8403,0,0.24848759812968121,0
incubator-dubbo,9253,0,0.24848759812968121,0
incubator-dubbo,8579,0,0.24848759812968121,0
incubator-dubbo,840,0,0.24848759812968121,0
incubator-dubbo,8073,0,0.24848759812968121,0
incubator-dubbo,9660,0,0.24848759812968121,0
incubator-dubbo,8683,0,0.24848759812968121,0
incubator-dubbo,9954,0,0.24848759812968121,0
incubator-dubbo,9511,0,0.24848759812968121,0
incubator-dubbo,8340,0,0.24848759812968121,0
incubator-dubbo,8339,0,0.24848759812968121,0
incubator-dubbo,9950,0,0.24848759812968121,0
incubator-dubbo,9324,0,0.24848759812968121,0
incubator-dubbo,8338,0,0.24848759812968121,0
incubator-dubbo,9980,0,0.24848759812968121,0
incubator-dubbo,9615,0,0.24848759812968121,0
incubator-dubbo,9363,0,0.24848759812968121,0
incubator-dubbo,9414,0,0.24848759812968121,0
incubator-dubbo,9385,0,0.24848759812968121,0
incubator-dubbo,8626,0,0.24848759812968121,0
incubator-dubbo,9692,0,0.24848759812968121,0
incubator-dubbo,8383,0,0.24848759812968121,0
incubator-dubbo,8257,0,0.24848759812968121,0
incubator-dubbo,9564,0,0.24848759812968121,0
incubator-dubbo,8366,0,0.24848759812968121,0
incubator-dubbo,7861,0,0.24848759812968121,0
incubator-dubbo,9337,0,0.24848759812968121,0
incubator-dubbo,9362,0,0.24848759812968121,0
incubator-dubbo,8508,0,0.24848759812968121,0
incubator-dubbo,9221,0,0.24848759812968121,0
incubator-dubbo,8921,0,0.24848759812968121,0
incubator-dubbo,8809,0,0.24848759812968121,0
incubator-dubbo,8728,0,0.24848759812968121,0
incubator-dubbo,8007,0,0.24848759812968121,0
incubator-dubbo,9698,0,0.24848759812968121,0
incubator-dubbo,9122,0,0.24848759812968121,0
incubator-dubbo,7944,0,0.24848759812968121,0
incubator-dubbo,7996,0,0.24848759812968121,0
incubator-dubbo,8967,0,0.24848759812968121,0
incubator-dubbo,8472,0,0.24848759812968121,0
incubator-dubbo,8758,0,0.24848759812968121,0
incubator-dubbo,9319,0,0.24848759812968121,0
incubator-dubbo,9652,1,0.24848759812968121,0
incubator-dubbo,9249,0,0.24848759812968121,0
incubator-dubbo,9203,0,0.24848759812968121,0
incubator-dubbo,7937,0,0.24848759812968121,0
incubator-dubbo,9640,0,0.24848759812968121,0
incubator-dubbo,9496,0,0.24848759812968121,0
incubator-dubbo,8372,0,0.24848759812968121,0
incubator-dubbo,7888,0,0.24848759812968121,0
incubator-dubbo,9704,0,0.24848759812968121,0
incubator-dubbo,8685,0,0.24848759812968121,0
incubator-dubbo,8665,0,0.24848759812968121,0
incubator-dubbo,9505,0,0.24848759812968121,0
incubator-dubbo,8899,0,0.24848759812968121,0
incubator-dubbo,11130,0,0.24848759812968121,0
incubator-dubbo,9048,0,0.24848759812968121,0
incubator-dubbo,9304,0,0.24848759812968121,0
incubator-dubbo,9665,0,0.24848759812968121,0
incubator-dubbo,8677,0,0.24848759812968121,0
incubator-dubbo,7868,0,0.24848759812968121,0
incubator-dubbo,9061,0,0.24848759812968121,0
incubator-dubbo,9254,0,0.24848759812968121,0
incubator-dubbo,9305,0,0.24848759812968121,0
incubator-dubbo,9766,0,0.24848759812968121,0
incubator-dubbo,9828,0,0.24848759812968121,0
incubator-dubbo,8807,0,0.24848759812968121,0
incubator-dubbo,9544,0,0.24848759812968121,0
incubator-dubbo,9215,0,0.24848759812968121,0
incubator-dubbo,9560,0,0.24848759812968121,0
incubator-dubbo,8760,0,0.24848759812968121,0
incubator-dubbo,9913,0,0.24848759812968121,0
incubator-dubbo,9867,1,0.24848759812968121,0
incubator-dubbo,9017,0,0.24848759812968121,0
incubator-dubbo,7874,0,0.24848759812968121,0
incubator-dubbo,9290,0,0.24848759812968121,0
incubator-dubbo,9810,0,0.24848759812968121,0
incubator-dubbo,9661,0,0.24848759812968121,0
incubator-dubbo,8343,0,0.24848759812968121,0
incubator-dubbo,8980,0,0.24848759812968121,0
incubator-dubbo,8178,0,0.24848759812968121,0
incubator-dubbo,8132,0,0.24848759812968121,0
incubator-dubbo,9854,0,0.24848759812968121,0
incubator-dubbo,8496,0,0.24848759812968121,0
incubator-dubbo,9086,0,0.24848759812968121,0
incubator-dubbo,9407,0,0.24848759812968121,0
incubator-dubbo,7957,0,0.24848759812968121,0
incubator-dubbo,8552,0,0.24848759812968121,0
incubator-dubbo,8530,0,0.24848759812968121,0
incubator-dubbo,8954,0,0.24848759812968121,0
incubator-dubbo,8321,0,0.24848759812968121,0
incubator-dubbo,9453,0,0.24848759812968121,0
incubator-dubbo,9815,0,0.24848759812968121,0
incubator-dubbo,7914,0,0.24848759812968121,0
incubator-dubbo,8057,0,0.24848759812968121,0
incubator-dubbo,8106,0,0.24848759812968121,0
incubator-dubbo,9801,0,0.24848759812968121,0
incubator-dubbo,9085,0,0.24848759812968121,0
incubator-dubbo,9133,0,0.24848759812968121,0
incubator-dubbo,9731,0,0.24848759812968121,0
incubator-dubbo,8715,0,0.24848759812968121,0
incubator-dubbo,9162,0,0.24848759812968121,0
incubator-dubbo,8082,0,0.24848759812968121,0
incubator-dubbo,9787,0,0.24848759812968121,0
incubator-dubbo,9066,0,0.24848759812968121,0
incubator-dubbo,8264,0,0.24848759812968121,0
incubator-dubbo,9405,0,0.24848759812968121,0
incubator-dubbo,9267,0,0.24848759812968121,0
incubator-dubbo,9931,0,0.24848759812968121,0
incubator-dubbo,7831,0,0.24848759812968121,0
incubator-dubbo,8585,0,0.24848759812968121,0
incubator-dubbo,9646,0,0.24848759812968121,0
incubator-dubbo,8937,0,0.24848759812968121,0
incubator-dubbo,7824,0,0.24848759812968121,0
incubator-dubbo,8173,0,0.24848759812968121,0
incubator-dubbo,9848,0,0.24848759812968121,0
incubator-dubbo,8657,0,0.24848759812968121,0
incubator-dubbo,9195,0,0.24848759812968121,0
incubator-dubbo,8767,0,0.24848759812968121,0
incubator-dubbo,8086,0,0.24848759812968121,0
incubator-dubbo,9674,0,0.24848759812968121,0
incubator-dubbo,7819,0,0.24848759812968121,0
incubator-dubbo,9206,0,0.24848759812968121,0
incubator-dubbo,7904,0,0.24848759812968121,0
incubator-dubbo,9638,0,0.24848759812968121,0
incubator-dubbo,7855,0,0.24848759812968121,0
incubator-dubbo,9792,0,0.24848759812968121,0
incubator-dubbo,9691,0,0.24848759812968121,0
incubator-dubbo,9356,0,0.24848759812968121,0
incubator-dubbo,8076,0,0.24848759812968121,0
incubator-dubbo,8117,0,0.24848759812968121,0
incubator-dubbo,9621,0,0.24848759812968121,0
incubator-dubbo,7946,0,0.24848759812968121,0
incubator-dubbo,9746,0,0.24848759812968121,0
incubator-dubbo,8598,0,0.24848759812968121,0
incubator-dubbo,8128,0,0.24848759812968121,0
incubator-dubbo,9186,0,0.24848759812968121,0
incubator-dubbo,9893,0,0.24848759812968121,0
incubator-dubbo,8180,0,0.24848759812968121,0
incubator-dubbo,9343,0,0.24848759812968121,0
incubator-dubbo,8387,0,0.24848759812968121,0
incubator-dubbo,9437,0,0.24848759812968121,0
incubator-dubbo,9335,0,0.24848759812968121,0
incubator-dubbo,8038,0,0.24848759812968121,0
incubator-dubbo,8804,0,0.24848759812968121,0
incubator-dubbo,8866,0,0.24848759812968121,0
incubator-dubbo,8887,0,0.24848759812968121,0
incubator-dubbo,9794,0,0.24848759812968121,0
incubator-dubbo,8555,0,0.24848759812968121,0
incubator-dubbo,9000,0,0.24848759812968121,0
incubator-dubbo,8974,0,0.24848759812968121,0
incubator-dubbo,9107,0,0.24848759812968121,0
incubator-dubbo,9421,0,0.24848759812968121,0
incubator-dubbo,8008,0,0.24848759812968121,0
incubator-dubbo,8204,0,0.24848759812968121,0
incubator-dubbo,9569,0,0.24848759812968121,0
incubator-dubbo,9573,1,0.24848759812968121,0
incubator-dubbo,9092,0,0.24848759812968121,0
incubator-dubbo,7933,0,0.24848759812968121,0
incubator-dubbo,9843,0,0.24848759812968121,0
incubator-dubbo,8770,0,0.24848759812968121,0
incubator-dubbo,9921,0,0.24848759812968121,0
incubator-dubbo,9772,0,0.24848759812968121,0
incubator-dubbo,8018,0,0.24848759812968121,0
incubator-dubbo,8819,0,0.24848759812968121,0
incubator-dubbo,8919,0,0.24848759812968121,0
incubator-dubbo,9742,0,0.24848759812968121,0
incubator-dubbo,8779,0,0.24848759812968121,0
incubator-dubbo,9486,0,0.24848759812968121,0
incubator-dubbo,8605,0,0.24848759812968121,0
incubator-dubbo,8078,0,0.24848759812968121,0
incubator-dubbo,9643,0,0.24848759812968121,0
incubator-dubbo,9812,0,0.24848759812968121,0
incubator-dubbo,8298,0,0.24848759812968121,0
incubator-dubbo,8438,0,0.24848759812968121,0
incubator-dubbo,9128,0,0.24848759812968121,0
incubator-dubbo,9371,0,0.24848759812968121,0
incubator-dubbo,9279,0,0.24848759812968121,0
incubator-dubbo,8913,0,0.24848759812968121,0
incubator-dubbo,9607,0,0.24848759812968121,0
incubator-dubbo,8535,0,0.24848759812968121,0
incubator-dubbo,9781,0,0.24848759812968121,0
incubator-dubbo,9042,0,0.24848759812968121,0
incubator-dubbo,7953,0,0.24848759812968121,0
incubator-dubbo,7832,0,0.24848759812968121,0
incubator-dubbo,9119,0,0.24848759812968121,0
incubator-dubbo,9136,0,0.24848759812968121,0
incubator-dubbo,7942,0,0.24848759812968121,0
incubator-dubbo,8099,0,0.24848759812968121,0
incubator-dubbo,9933,0,0.24848759812968121,0
incubator-dubbo,8785,0,0.24848759812968121,0
incubator-dubbo,8185,0,0.24848759812968121,0
incubator-dubbo,8051,0,0.24848759812968121,0
incubator-dubbo,8410,0,0.24848759812968121,0
incubator-dubbo,9823,0,0.24848759812968121,0
incubator-dubbo,8521,0,0.24848759812968121,0
incubator-dubbo,8373,0,0.24848759812968121,0
incubator-dubbo,7891,0,0.24848759812968121,0
incubator-dubbo,9951,0,0.24848759812968121,0
incubator-dubbo,9509,0,0.24848759812968121,0
incubator-dubbo,8862,0,0.24848759812968121,0
incubator-dubbo,8119,0,0.24848759812968121,0
incubator-dubbo,8009,0,0.24848759812968121,0
incubator-dubbo,9887,0,0.24848759812968121,0
incubator-dubbo,8272,0,0.24848759812968121,0
incubator-dubbo,9181,0,0.24848759812968121,0
incubator-dubbo,7826,0,0.24848759812968121,0
incubator-dubbo,9226,0,0.24848759812968121,0
incubator-dubbo,8232,0,0.24848759812968121,0
incubator-dubbo,8835,0,0.24848759812968121,0
incubator-dubbo,9431,0,0.24848759812968121,0
incubator-dubbo,8079,0,0.24848759812968121,0
incubator-dubbo,9689,0,0.24848759812968121,0
incubator-dubbo,8604,0,0.24848759812968121,0
incubator-dubbo,8801,0,0.24848759812968121,0
incubator-dubbo,9579,0,0.24848759812968121,0
incubator-dubbo,9536,0,0.24848759812968121,0
incubator-dubbo,9109,0,0.24848759812968121,0
incubator-dubbo,8506,0,0.24848759812968121,0
incubator-dubbo,9809,0,0.24848759812968121,0
incubator-dubbo,9824,0,0.24848759812968121,0
incubator-dubbo,8304,0,0.24848759812968121,0
incubator-dubbo,9469,0,0.24848759812968121,0
incubator-dubbo,9127,0,0.24848759812968121,0
incubator-dubbo,9975,0,0.24848759812968121,0
incubator-dubbo,8805,0,0.24848759812968121,0
incubator-dubbo,8035,0,0.24848759812968121,0
incubator-dubbo,9614,0,0.24848759812968121,0
incubator-dubbo,9446,0,0.24848759812968121,0
incubator-dubbo,8307,0,0.24848759812968121,0
incubator-dubbo,9957,0,0.24848759812968121,0
incubator-dubbo,7820,0,0.24848759812968121,0
incubator-dubbo,9894,0,0.24848759812968121,0
incubator-dubbo,8731,0,0.24848759812968121,0
incubator-dubbo,9292,0,0.24848759812968121,0
incubator-dubbo,9113,0,0.24848759812968121,0
incubator-dubbo,9795,0,0.24848759812968121,0
incubator-dubbo,7821,0,0.24848759812968121,0
incubator-dubbo,9191,0,0.24848759812968121,0
incubator-dubbo,7889,0,0.24848759812968121,0
incubator-dubbo,7864,0,0.24848759812968121,0
incubator-dubbo,9202,0,0.24848759812968121,0
incubator-dubbo,9608,0,0.24848759812968121,0
incubator-dubbo,9198,0,0.24848759812968121,0
incubator-dubbo,7955,0,0.24848759812968121,0
incubator-dubbo,8070,0,0.24848759812968121,0
incubator-dubbo,9580,0,0.24848759812968121,0
incubator-dubbo,9182,0,0.24848759812968121,0
incubator-dubbo,9412,0,0.24848759812968121,0
incubator-dubbo,8455,0,0.24848759812968121,0
incubator-dubbo,9945,0,0.24848759812968121,0
incubator-dubbo,8029,0,0.24848759812968121,0
incubator-dubbo,9974,0,0.24848759812968121,0
incubator-dubbo,9711,0,0.24848759812968121,0
incubator-dubbo,8234,0,0.24848759812968121,0
incubator-dubbo,8134,0,0.24848759812968121,0
incubator-dubbo,8219,0,0.24848759812968121,0
incubator-dubbo,9384,0,0.24848759812968121,0
incubator-dubbo,7875,0,0.24848759812968121,0
incubator-dubbo,8872,0,0.24848759812968121,0
incubator-dubbo,9045,0,0.24848759812968121,0
incubator-dubbo,8491,0,0.24848759812968121,0
incubator-dubbo,9650,0,0.24848759812968121,0
incubator-dubbo,8399,0,0.24848759812968121,0
incubator-dubbo,9773,0,0.24848759812968121,0
incubator-dubbo,8093,0,0.24848759812968121,0
incubator-dubbo,8143,0,0.24848759812968121,0
incubator-dubbo,8870,0,0.24848759812968121,0
incubator-dubbo,9143,0,0.24848759812968121,0
incubator-dubbo,9059,0,0.24848759812968121,0
incubator-dubbo,8392,0,0.24848759812968121,0
incubator-dubbo,9715,0,0.24848759812968121,0
incubator-dubbo,9713,0,0.24848759812968121,0
incubator-dubbo,9922,0,0.24848759812968121,0
incubator-dubbo,8539,0,0.24848759812968121,0
incubator-dubbo,9675,0,0.24848759812968121,0
incubator-dubbo,9915,0,0.24848759812968121,0
incubator-dubbo,9760,0,0.24848759812968121,0
incubator-dubbo,8115,0,0.24848759812968121,0
incubator-dubbo,7849,0,0.24848759812968121,0
incubator-dubbo,9100,0,0.24848759812968121,0
incubator-dubbo,9402,0,0.24848759812968121,0
incubator-dubbo,8802,0,0.24848759812968121,0
incubator-dubbo,8443,0,0.24848759812968121,0
incubator-dubbo,9298,0,0.24848759812968121,0
incubator-dubbo,8365,0,0.24848759812968121,0
incubator-dubbo,8421,0,0.24848759812968121,0
incubator-dubbo,9836,0,0.24848759812968121,0
incubator-dubbo,8356,0,0.24848759812968121,0
incubator-dubbo,7885,0,0.24848759812968121,0
incubator-dubbo,8529,0,0.24848759812968121,0
incubator-dubbo,8755,0,0.24848759812968121,0
incubator-dubbo,8071,0,0.24848759812968121,0
incubator-dubbo,8977,0,0.24848759812968121,0
incubator-dubbo,9026,0,0.24848759812968121,0
incubator-dubbo,8702,0,0.24848759812968121,0
incubator-dubbo,9188,0,0.24848759812968121,0
incubator-dubbo,8275,0,0.24848759812968121,0
incubator-dubbo,8736,0,0.24848759812968121,0
incubator-dubbo,8540,0,0.24848759812968121,0
incubator-dubbo,9984,0,0.24848759812968121,0
incubator-dubbo,9211,0,0.24848759812968121,0
incubator-dubbo,7960,0,0.24848759812968121,0
incubator-dubbo,9620,0,0.24848759812968121,0
incubator-dubbo,9435,0,0.24848759812968121,0
incubator-dubbo,8778,0,0.24848759812968121,0
incubator-dubbo,9555,0,0.24848759812968121,0
incubator-dubbo,8456,0,0.24848759812968121,0
incubator-dubbo,7917,0,0.24848759812968121,0
incubator-dubbo,7869,0,0.24848759812968121,0
incubator-dubbo,9690,0,0.24848759812968121,0
incubator-dubbo,8348,0,0.24848759812968121,0
incubator-dubbo,8666,0,0.24848759812968121,0
incubator-dubbo,8956,0,0.24848759812968121,0
incubator-dubbo,8511,0,0.24848759812968121,0
incubator-dubbo,9628,0,0.24848759812968121,0
incubator-dubbo,7834,0,0.24848759812968121,0
incubator-dubbo,9883,1,0.24848759812968121,0
incubator-dubbo,8390,0,0.24848759812968121,0
incubator-dubbo,8689,0,0.24848759812968121,0
incubator-dubbo,9445,0,0.24848759812968121,0
incubator-dubbo,7839,0,0.24848759812968121,0
incubator-dubbo,9807,0,0.24848759812968121,0
incubator-dubbo,7954,0,0.24848759812968121,0
incubator-dubbo,9817,0,0.24848759812968121,0
incubator-dubbo,9018,0,0.24848759812968121,0
incubator-dubbo,9568,0,0.24848759812968121,0
incubator-dubbo,9156,0,0.24848759812968121,0
incubator-dubbo,9784,0,0.24848759812968121,0
incubator-dubbo,7912,0,0.24848759812968121,0
incubator-dubbo,8716,0,0.24848759812968121,0
incubator-dubbo,9310,0,0.24848759812968121,0
incubator-dubbo,8969,0,0.24848759812968121,0
incubator-dubbo,8288,0,0.24848759812968121,0
incubator-dubbo,9121,0,0.24848759812968121,0
incubator-dubbo,8149,0,0.24848759812968121,0
incubator-dubbo,9832,0,0.24848759812968121,0
incubator-dubbo,8393,0,0.24848759812968121,0
incubator-dubbo,9471,0,0.24848759812968121,0
incubator-dubbo,9350,0,0.24848759812968121,0
incubator-dubbo,8916,0,0.24848759812968121,0
incubator-dubbo,9671,0,0.24848759812968121,0
incubator-dubbo,9899,0,0.24848759812968121,0
incubator-dubbo,9799,0,0.24848759812968121,0
incubator-dubbo,9313,0,0.24848759812968121,0
incubator-dubbo,9719,0,0.24848759812968121,0
incubator-dubbo,9627,0,0.24848759812968121,0
incubator-dubbo,9594,0,0.24848759812968121,0
incubator-dubbo,8851,0,0.24848759812968121,0
incubator-dubbo,8861,0,0.24848759812968121,0
incubator-dubbo,7852,0,0.24848759812968121,0
incubator-dubbo,8667,0,0.24848759812968121,0
incubator-dubbo,9584,0,0.24848759812968121,0
incubator-dubbo,9006,0,0.24848759812968121,0
incubator-dubbo,9399,0,0.24848759812968121,0
incubator-dubbo,9084,0,0.24848759812968121,0
incubator-dubbo,8759,0,0.24848759812968121,0
incubator-dubbo,8353,0,0.24848759812968121,0
incubator-dubbo,8202,0,0.24848759812968121,0
incubator-dubbo,8678,0,0.24848759812968121,0
incubator-dubbo,9284,0,0.24848759812968121,0
incubator-dubbo,7992,0,0.24848759812968121,0
incubator-dubbo,9949,0,0.24848759812968121,0
incubator-dubbo,8947,0,0.24848759812968121,0
incubator-dubbo,9667,0,0.24848759812968121,0
incubator-dubbo,8429,0,0.24848759812968121,0
incubator-dubbo,7866,0,0.24848759812968121,0
incubator-dubbo,8111,0,0.24848759812968121,0
incubator-dubbo,8726,0,0.24848759812968121,0
incubator-dubbo,7835,0,0.24848759812968121,0
incubator-dubbo,9972,0,0.24848759812968121,0
incubator-dubbo,8311,0,0.24848759812968121,0
incubator-dubbo,9233,0,0.24848759812968121,0
incubator-dubbo,7927,0,0.24848759812968121,0
incubator-dubbo,9681,0,0.24848759812968121,0
incubator-dubbo,8619,0,0.24848759812968121,0
incubator-dubbo,8126,0,0.24848759812968121,0
incubator-dubbo,8769,0,0.24848759812968121,0
incubator-dubbo,8637,0,0.24848759812968121,0
incubator-dubbo,8412,0,0.24848759812968121,0
incubator-dubbo,8852,0,0.24848759812968121,0
incubator-dubbo,8640,0,0.24848759812968121,0
incubator-dubbo,9259,0,0.24848759812968121,0
incubator-dubbo,9354,0,0.24848759812968121,0
incubator-dubbo,8995,0,0.24848759812968121,0
incubator-dubbo,8815,0,0.24848759812968121,0
incubator-dubbo,9271,0,0.24848759812968121,0
incubator-dubbo,9978,0,0.24848759812968121,0
incubator-dubbo,9455,0,0.24848759812968121,0
incubator-dubbo,8328,0,0.24848759812968121,0
incubator-dubbo,7892,0,0.24848759812968121,0
incubator-dubbo,9091,0,0.24848759812968121,0
incubator-dubbo,7859,0,0.24848759812968121,0
incubator-dubbo,9696,0,0.24848759812968121,0
incubator-dubbo,8233,0,0.24848759812968121,0
incubator-dubbo,8864,0,0.24848759812968121,0
incubator-dubbo,7836,0,0.24848759812968121,0
incubator-dubbo,9187,0,0.24848759812968121,0
incubator-dubbo,8942,0,0.24848759812968121,0
incubator-dubbo,8661,0,0.24848759812968121,0
incubator-dubbo,9020,0,0.24848759812968121,0
incubator-dubbo,8753,0,0.24848759812968121,0
incubator-dubbo,8853,0,0.24848759812968121,0
incubator-dubbo,8358,0,0.24848759812968121,0
incubator-dubbo,7967,0,0.24848759812968121,0
incubator-dubbo,8290,0,0.24848759812968121,0
incubator-dubbo,8380,0,0.24848759812968121,0
incubator-dubbo,9283,0,0.24848759812968121,0
incubator-dubbo,8614,0,0.24848759812968121,0
incubator-dubbo,9705,0,0.24848759812968121,0
incubator-dubbo,8142,0,0.24848759812968121,0
incubator-dubbo,9891,0,0.24848759812968121,0
incubator-dubbo,9892,0,0.24848759812968121,0
incubator-dubbo,8846,0,0.24848759812968121,0
incubator-dubbo,7816,0,0.24848759812968121,0
incubator-dubbo,9246,0,0.24848759812968121,0
incubator-dubbo,8636,0,0.24848759812968121,0
incubator-dubbo,9070,0,0.24848759812968121,0
incubator-dubbo,9317,0,0.24848759812968121,0
incubator-dubbo,9842,1,0.24848759812968121,0
incubator-dubbo,8909,0,0.24848759812968121,0
incubator-dubbo,9802,0,0.24848759812968121,0
incubator-dubbo,7910,0,0.24848759812968121,0
incubator-dubbo,9744,0,0.24848759812968121,0
incubator-dubbo,8538,0,0.24848759812968121,0
incubator-dubbo,8890,0,0.24848759812968121,0
incubator-dubbo,8161,0,0.24848759812968121,0
incubator-dubbo,9050,0,0.24848759812968121,0
incubator-dubbo,8586,0,0.24848759812968121,0
incubator-dubbo,8467,0,0.24848759812968121,0
incubator-dubbo,7903,0,0.24848759812968121,0
incubator-dubbo,7976,0,0.24848759812968121,0
incubator-dubbo,8762,0,0.24848759812968121,0
incubator-dubbo,7853,0,0.24848759812968121,0
incubator-dubbo,9268,0,0.24848759812968121,0
incubator-dubbo,9669,0,0.24848759812968121,0
incubator-dubbo,9476,0,0.24848759812968121,0
incubator-dubbo,9838,0,0.24848759812968121,0
incubator-dubbo,9875,0,0.24848759812968121,0
incubator-dubbo,8195,0,0.24848759812968121,0
incubator-dubbo,9255,0,0.24848759812968121,0
incubator-dubbo,8790,0,0.24848759812968121,0
incubator-dubbo,8704,0,0.24848759812968121,0
incubator-dubbo,9680,0,0.24848759812968121,0
incubator-dubbo,8377,0,0.24848759812968121,0
incubator-dubbo,7890,0,0.24848759812968121,0
incubator-dubbo,8953,0,0.24848759812968121,0
incubator-dubbo,9871,0,0.24848759812968121,0
incubator-dubbo,9617,0,0.24848759812968121,0
incubator-dubbo,9115,0,0.24848759812968121,0
incubator-dubbo,8612,0,0.24848759812968121,0
incubator-dubbo,9554,0,0.24848759812968121,0
incubator-dubbo,8072,0,0.24848759812968121,0
incubator-dubbo,8116,0,0.24848759812968121,0
incubator-dubbo,8975,0,0.24848759812968121,0
incubator-dubbo,8761,0,0.24848759812968121,0
incubator-dubbo,8816,0,0.24848759812968121,0
incubator-dubbo,11131,0,0.24848759812968121,0
incubator-dubbo,8359,0,0.24848759812968121,0
incubator-dubbo,9196,0,0.24848759812968121,0
incubator-dubbo,9808,0,0.24848759812968121,0
incubator-dubbo,7966,0,0.24848759812968121,0
incubator-dubbo,9498,0,0.24848759812968121,0
incubator-dubbo,9649,0,0.24848759812968121,0
incubator-dubbo,8643,0,0.24848759812968121,0
incubator-dubbo,8708,0,0.24848759812968121,0
incubator-dubbo,7899,0,0.24848759812968121,0
incubator-dubbo,8771,0,0.24848759812968121,0
incubator-dubbo,9973,0,0.24848759812968121,0
incubator-dubbo,8814,0,0.24848759812968121,0
incubator-dubbo,9365,0,0.24848759812968121,0
incubator-dubbo,9837,0,0.24848759812968121,0
incubator-dubbo,8419,0,0.24848759812968121,0
incubator-dubbo,9942,0,0.24848759812968121,0
incubator-dubbo,9218,0,0.24848759812968121,0
incubator-dubbo,8727,0,0.24848759812968121,0
incubator-dubbo,9624,0,0.24848759812968121,0
incubator-dubbo,9180,0,0.24848759812968121,0
incubator-dubbo,8519,0,0.24848759812968121,0
incubator-dubbo,9535,0,0.24848759812968121,0
incubator-dubbo,9436,0,0.24848759812968121,0
incubator-dubbo,8576,0,0.24848759812968121,0
incubator-dubbo,9376,0,0.24848759812968121,0
incubator-dubbo,8451,0,0.24848759812968121,0
incubator-dubbo,9311,0,0.24848759812968121,0
incubator-dubbo,8022,0,0.24848759812968121,0
incubator-dubbo,8964,0,0.24848759812968121,0
incubator-dubbo,8858,0,0.24848759812968121,0
incubator-dubbo,8447,0,0.24848759812968121,0
incubator-dubbo,8744,0,0.24848759812968121,0
incubator-dubbo,9687,0,0.24848759812968121,0
incubator-dubbo,9895,0,0.24848759812968121,0
incubator-dubbo,8047,0,0.24848759812968121,0
incubator-dubbo,9135,0,0.24848759812968121,0
incubator-dubbo,8427,0,0.24848759812968121,0
incubator-dubbo,8107,0,0.24848759812968121,0
incubator-dubbo,9441,0,0.24848759812968121,0
incubator-dubbo,7975,0,0.24848759812968121,0
incubator-dubbo,8854,0,0.24848759812968121,0
incubator-dubbo,8675,0,0.24848759812968121,0
incubator-dubbo,9639,0,0.24848759812968121,0
incubator-dubbo,8930,0,0.24848759812968121,0
incubator-dubbo,8629,0,0.24848759812968121,0
incubator-dubbo,8569,0,0.24848759812968121,0
incubator-dubbo,9244,0,0.24848759812968121,0
incubator-dubbo,9295,0,0.24848759812968121,0
incubator-dubbo,9693,0,0.24848759812968121,0
incubator-dubbo,9789,0,0.24848759812968121,0
incubator-dubbo,9786,0,0.24848759812968121,0
incubator-dubbo,9631,0,0.24848759812968121,0
incubator-dubbo,9651,0,0.24848759812968121,0
incubator-dubbo,8281,0,0.24848759812968121,0
incubator-dubbo,9572,1,0.24848759812968121,0
incubator-dubbo,9291,0,0.24848759812968121,0
incubator-dubbo,8362,0,0.24848759812968121,0
incubator-dubbo,8707,0,0.24848759812968121,0
incubator-dubbo,8388,0,0.24848759812968121,0
incubator-dubbo,8752,0,0.24848759812968121,0
incubator-dubbo,8238,0,0.24848759812968121,0
incubator-dubbo,7993,0,0.24848759812968121,0
incubator-dubbo,7951,0,0.24848759812968121,0
incubator-dubbo,8283,0,0.24848759812968121,0
incubator-dubbo,8036,0,0.24848759812968121,0
incubator-dubbo,8989,0,0.24848759812968121,0
incubator-dubbo,8886,0,0.24848759812968121,0
incubator-dubbo,8376,0,0.24848759812968121,0
incubator-dubbo,9716,0,0.24848759812968121,0
incubator-dubbo,8608,0,0.24848759812968121,0
incubator-dubbo,9725,0,0.24848759812968121,0
incubator-dubbo,8113,0,0.24848759812968121,0
incubator-dubbo,7995,0,0.24848759812968121,0
incubator-dubbo,9153,0,0.24848759812968121,0
incubator-dubbo,8945,0,0.24848759812968121,0
incubator-dubbo,9427,0,0.24848759812968121,0
incubator-dubbo,8868,0,0.24848759812968121,0
incubator-dubbo,8972,0,0.24848759812968121,0
incubator-dubbo,9770,0,0.24848759812968121,0
incubator-dubbo,8493,0,0.24848759812968121,0
incubator-dubbo,8873,0,0.24848759812968121,0
incubator-dubbo,8449,0,0.24848759812968121,0
incubator-dubbo,9023,0,0.24848759812968121,0
incubator-dubbo,9294,0,0.24848759812968121,0
incubator-dubbo,8610,0,0.24848759812968121,0
incubator-dubbo,8571,0,0.24848759812968121,0
incubator-dubbo,9353,0,0.24848759812968121,0
incubator-dubbo,7968,0,0.24848759812968121,0
incubator-dubbo,8374,0,0.24848759812968121,0
incubator-dubbo,9241,0,0.24848759812968121,0
incubator-dubbo,8766,0,0.24848759812968121,0
incubator-dubbo,7987,0,0.24848759812968121,0
incubator-dubbo,8141,0,0.24848759812968121,0
incubator-dubbo,8718,0,0.24848759812968121,0
incubator-dubbo,9212,0,0.24848759812968121,0
incubator-dubbo,9630,0,0.24848759812968121,0
incubator-dubbo,9776,0,0.24848759812968121,0
incubator-dubbo,9007,0,0.24848759812968121,0
incubator-dubbo,9351,0,0.24848759812968121,0
incubator-dubbo,7878,0,0.24848759812968121,0
incubator-dubbo,9480,0,0.24848759812968121,0
incubator-dubbo,8320,0,0.24848759812968121,0
incubator-dubbo,8722,0,0.24848759812968121,0
incubator-dubbo,8498,0,0.24848759812968121,0
incubator-dubbo,8251,0,0.24848759812968121,0
incubator-dubbo,9688,0,0.24848759812968121,0
incubator-dubbo,9416,0,0.24848759812968121,0
incubator-dubbo,7900,0,0.24848759812968121,0
incubator-dubbo,8764,0,0.24848759812968121,0
incubator-dubbo,9040,0,0.24848759812968121,0
incubator-dubbo,8186,0,0.24848759812968121,0
incubator-dubbo,9830,0,0.24848759812968121,0
incubator-dubbo,9874,1,0.24848759812968121,0
incubator-dubbo,8901,0,0.24848759812968121,0
incubator-dubbo,8745,0,0.24848759812968121,0
incubator-dubbo,9184,0,0.24848759812968121,0
incubator-dubbo,8319,0,0.24848759812968121,0
incubator-dubbo,9057,0,0.24848759812968121,0
incubator-dubbo,9656,0,0.24848759812968121,0
incubator-dubbo,9052,0,0.24848759812968121,0
incubator-dubbo,9098,0,0.24848759812968121,0
incubator-dubbo,9653,0,0.24848759812968121,0
incubator-dubbo,9118,0,0.24848759812968121,0
incubator-dubbo,8914,0,0.24848759812968121,0
incubator-dubbo,8207,0,0.24848759812968121,0
incubator-dubbo,8806,0,0.24848759812968121,0
incubator-dubbo,8992,0,0.24848759812968121,0
incubator-dubbo,8993,0,0.24848759812968121,0
incubator-dubbo,9676,0,0.24848759812968121,0
incubator-dubbo,9388,0,0.24848759812968121,0
incubator-dubbo,9905,0,0.24848759812968121,0
incubator-dubbo,8213,0,0.24848759812968121,0
incubator-dubbo,8968,0,0.24848759812968121,0
incubator-dubbo,8270,0,0.24848759812968121,0
incubator-dubbo,9917,0,0.24848759812968121,0
incubator-dubbo,9562,0,0.24848759812968121,0
incubator-dubbo,8948,0,0.24848759812968121,0
incubator-dubbo,9513,0,0.24848759812968121,0
incubator-dubbo,8966,0,0.24848759812968121,0
incubator-dubbo,7815,0,0.24848759812968121,0
incubator-dubbo,8002,0,0.24848759812968121,0
incubator-dubbo,8877,0,0.24848759812968121,0
incubator-dubbo,9093,0,0.24848759812968121,0
incubator-dubbo,9866,1,0.24848759812968121,0
incubator-dubbo,7877,0,0.24848759812968121,0
incubator-dubbo,9079,0,0.24848759812968121,0
incubator-dubbo,8385,0,0.24848759812968121,0
incubator-dubbo,8670,0,0.24848759812968121,0
incubator-dubbo,9010,0,0.24848759812968121,0
incubator-dubbo,8962,0,0.24848759812968121,0
incubator-dubbo,9743,0,0.24848759812968121,0
incubator-dubbo,8817,0,0.24848759812968121,0
incubator-dubbo,9124,0,0.24848759812968121,0
incubator-dubbo,8986,0,0.24848759812968121,0
incubator-dubbo,7905,0,0.24848759812968121,0
incubator-dubbo,8254,0,0.24848759812968121,0
incubator-dubbo,8520,0,0.24848759812968121,0
incubator-dubbo,8191,0,0.24848759812968121,0
incubator-dubbo,9778,0,0.24848759812968121,0
incubator-dubbo,9935,0,0.24848759812968121,0
incubator-dubbo,9381,0,0.24848759812968121,0
incubator-dubbo,8710,0,0.24848759812968121,0
incubator-dubbo,8313,0,0.24848759812968121,0
incubator-dubbo,8994,0,0.24848759812968121,0
incubator-dubbo,9969,0,0.24848759812968121,0
incubator-dubbo,8795,0,0.24848759812968121,0
incubator-dubbo,9344,0,0.24848759812968121,0
incubator-dubbo,9517,0,0.24848759812968121,0
incubator-dubbo,9415,0,0.24848759812968121,0
incubator-dubbo,9911,0,0.24848759812968121,0
incubator-dubbo,9179,0,0.24848759812968121,0
incubator-dubbo,8730,0,0.24848759812968121,0
incubator-dubbo,9670,0,0.24848759812968121,0
incubator-dubbo,8719,0,0.24848759812968121,0
incubator-dubbo,9537,0,0.24848759812968121,0
incubator-dubbo,7964,0,0.24848759812968121,0
incubator-dubbo,9710,0,0.24848759812968121,0
incubator-dubbo,9765,0,0.24848759812968121,0
incubator-dubbo,8553,0,0.24848759812968121,0
incubator-dubbo,8225,0,0.24848759812968121,0
incubator-dubbo,8531,0,0.24848759812968121,0
incubator-dubbo,8114,0,0.24848759812968121,0
incubator-dubbo,8984,0,0.24848759812968121,0
incubator-dubbo,9707,0,0.24848759812968121,0
incubator-dubbo,8083,0,0.24848759812968121,0
incubator-dubbo,9581,0,0.24848759812968121,0
incubator-dubbo,8609,0,0.24848759812968121,0
incubator-dubbo,8991,0,0.24848759812968121,0
incubator-dubbo,9097,0,0.24848759812968121,0
incubator-dubbo,9861,0,0.24848759812968121,0
incubator-dubbo,9540,0,0.24848759812968121,0
incubator-dubbo,9659,0,0.24848759812968121,0
incubator-dubbo,9289,0,0.24848759812968121,0
incubator-dubbo,8681,0,0.24848759812968121,0
incubator-dubbo,9856,0,0.24848759812968121,0
incubator-dubbo,7841,0,0.24848759812968121,0
incubator-dubbo,9835,0,0.24848759812968121,0
incubator-dubbo,8408,0,0.24848759812968121,0
incubator-dubbo,8788,0,0.24848759812968121,0
incubator-dubbo,7980,0,0.24848759812968121,0
incubator-dubbo,9077,0,0.24848759812968121,0
incubator-dubbo,8931,0,0.24848759812968121,0
incubator-dubbo,7939,0,0.24848759812968121,0
incubator-dubbo,8152,0,0.24848759812968121,0
incubator-dubbo,8926,0,0.24848759812968121,0
incubator-dubbo,9220,0,0.24848759812968121,0
incubator-dubbo,8654,0,0.24848759812968121,0
incubator-dubbo,8212,0,0.24848759812968121,0
incubator-dubbo,8351,0,0.24848759812968121,0
incubator-dubbo,9882,0,0.24848759812968121,0
incubator-dubbo,9811,0,0.24848759812968121,0
incubator-dubbo,8441,0,0.24848759812968121,0
incubator-dubbo,8220,0,0.24848759812968121,0
incubator-dubbo,9499,0,0.24848759812968121,0
incubator-dubbo,9170,0,0.24848759812968121,0
incubator-dubbo,8502,0,0.24848759812968121,0
incubator-dubbo,9004,0,0.24848759812968121,0
incubator-dubbo,9460,0,0.24848759812968121,0
incubator-dubbo,9157,0,0.24848759812968121,0
incubator-dubbo,8187,0,0.24848759812968121,0
java-websocket,17436,0,0.8554722368717196,1
java-websocket,17451,1,0.8554722368717196,1
java-websocket,17455,1,0.8554722368717196,1
java-websocket,17487,0,0.8554722368717196,1
java-websocket,17401,0,0.8554722368717196,1
java-websocket,17502,0,0.8554722368717196,1
java-websocket,17488,0,0.8554722368717196,1
java-websocket,17457,1,0.8554722368717196,1
java-websocket,17527,0,0.8554722368717196,1
java-websocket,17431,0,0.8554722368717196,1
java-websocket,17531,0,0.8554722368717196,1
java-websocket,17512,0,0.8554722368717196,1
java-websocket,17482,0,0.8554722368717196,1
java-websocket,17495,0,0.8554722368717196,1
java-websocket,17521,0,0.8554722368717196,1
java-websocket,17419,0,0.8554722368717196,1
java-websocket,17438,0,0.8554722368717196,1
java-websocket,17449,1,0.8554722368717196,1
java-websocket,17466,1,0.8554722368717196,1
java-websocket,17499,0,0.8554722368717196,1
java-websocket,17437,0,0.8554722368717196,1
java-websocket,17517,0,0.8554722368717196,1
java-websocket,17461,1,0.8554722368717196,1
java-websocket,17394,0,0.8554722368717196,1
java-websocket,17432,0,0.8554722368717196,1
java-websocket,17423,0,0.8554722368717196,1
java-websocket,17452,1,0.8554722368717196,1
java-websocket,17532,0,0.8554722368717196,1
java-websocket,17509,0,0.8554722368717196,1
java-websocket,17443,0,0.8554722368717196,1
java-websocket,17528,0,0.8554722368717196,1
java-websocket,17402,0,0.8554722368717196,1
java-websocket,17497,0,0.8554722368717196,1
java-websocket,17409,0,0.8554722368717196,1
java-websocket,17458,1,0.8554722368717196,1
java-websocket,17459,1,0.8554722368717196,1
java-websocket,17429,0,0.8554722368717196,1
java-websocket,17440,0,0.8554722368717196,1
java-websocket,17484,1,0.8554722368717196,1
java-websocket,17511,0,0.8554722368717196,1
java-websocket,17510,0,0.8554722368717196,1
java-websocket,17496,0,0.8554722368717196,1
java-websocket,17416,0,0.8554722368717196,1
java-websocket,17523,0,0.8554722368717196,1
java-websocket,17537,0,0.8554722368717196,1
java-websocket,17492,0,0.8554722368717196,1
java-websocket,17490,0,0.8554722368717196,1
java-websocket,17483,0,0.8554722368717196,1
java-websocket,17430,0,0.8554722368717196,1
java-websocket,17480,0,0.8554722368717196,1
java-websocket,17448,1,0.8554722368717196,1
java-websocket,17513,0,0.8554722368717196,1
java-websocket,17486,0,0.8554722368717196,1
java-websocket,17472,0,0.8554722368717196,1
java-websocket,17424,0,0.8554722368717196,1
java-websocket,17426,0,0.8554722368717196,1
java-websocket,17514,0,0.8554722368717196,1
java-websocket,17519,0,0.8554722368717196,1
java-websocket,17406,0,0.8554722368717196,1
java-websocket,17454,1,0.8554722368717196,1
java-websocket,17422,0,0.8554722368717196,1
java-websocket,17504,0,0.8554722368717196,1
java-websocket,17462,1,0.8554722368717196,1
java-websocket,17491,1,0.8554722368717196,1
java-websocket,17530,0,0.8554722368717196,1
java-websocket,17444,0,0.8554722368717196,1
java-websocket,17463,1,0.8554722368717196,1
java-websocket,17471,0,0.8554722368717196,1
java-websocket,17407,0,0.8554722368717196,1
java-websocket,17395,0,0.8554722368717196,1
java-websocket,17506,0,0.8554722368717196,1
java-websocket,17433,0,0.8554722368717196,1
java-websocket,17515,0,0.8554722368717196,1
java-websocket,17446,0,0.8554722368717196,1
java-websocket,17397,0,0.8554722368717196,1
java-websocket,17477,0,0.8554722368717196,1
java-websocket,17507,1,0.8554722368717196,1
java-websocket,17456,1,0.8554722368717196,1
java-websocket,17460,1,0.8554722368717196,1
java-websocket,17534,0,0.8554722368717196,1
java-websocket,17508,0,0.8554722368717196,1
java-websocket,17538,0,0.8554722368717196,1
java-websocket,17421,0,0.8554722368717196,1
java-websocket,17478,0,0.8554722368717196,1
java-websocket,17503,0,0.8554722368717196,1
java-websocket,17420,0,0.8554722368717196,1
java-websocket,17396,0,0.8554722368717196,1
java-websocket,17535,0,0.8554722368717196,1
java-websocket,17529,0,0.8554722368717196,1
java-websocket,17526,0,0.8554722368717196,1
java-websocket,17442,0,0.8554722368717196,1
java-websocket,17520,0,0.8554722368717196,1
java-websocket,17493,0,0.8554722368717196,1
java-websocket,17404,0,0.8554722368717196,1
java-websocket,17489,0,0.8554722368717196,1
java-websocket,17525,0,0.8554722368717196,1
java-websocket,17415,0,0.8554722368717196,1
java-websocket,17435,0,0.8554722368717196,1
java-websocket,17408,0,0.8554722368717196,1
java-websocket,17427,0,0.8554722368717196,1
java-websocket,17473,0,0.8554722368717196,1
java-websocket,17428,0,0.8554722368717196,1
java-websocket,17474,0,0.8554722368717196,1
java-websocket,17465,1,0.8554722368717196,1
java-websocket,17470,0,0.8554722368717196,1
java-websocket,17501,0,0.8554722368717196,1
java-websocket,17400,0,0.8554722368717196,1
java-websocket,17500,0,0.8554722368717196,1
java-websocket,17410,0,0.8554722368717196,1
java-websocket,17468,0,0.8554722368717196,1
java-websocket,17479,0,0.8554722368717196,1
java-websocket,17518,0,0.8554722368717196,1
java-websocket,17411,0,0.8554722368717196,1
java-websocket,17475,0,0.8554722368717196,1
java-websocket,17485,0,0.8554722368717196,1
java-websocket,17418,0,0.8554722368717196,1
java-websocket,17399,0,0.8554722368717196,1
java-websocket,17403,0,0.8554722368717196,1
java-websocket,17481,0,0.8554722368717196,1
java-websocket,17522,0,0.8554722368717196,1
java-websocket,17445,0,0.8554722368717196,1
java-websocket,17414,0,0.8554722368717196,1
java-websocket,17533,0,0.8554722368717196,1
java-websocket,17498,0,0.8554722368717196,1
java-websocket,17417,0,0.8554722368717196,1
java-websocket,17405,0,0.8554722368717196,1
java-websocket,17453,1,0.8554722368717196,1
java-websocket,17447,1,0.8554722368717196,1
java-websocket,17413,0,0.8554722368717196,1
java-websocket,17516,0,0.8554722368717196,1
java-websocket,17494,0,0.8554722368717196,1
jimfs,1457,0,0.09581989049911503,0
jimfs,1600,0,0.09581989049911503,0
jimfs,1567,0,0.09581989049911503,0
jimfs,1502,0,0.09581989049911503,0
jimfs,1487,0,0.09581989049911503,0
jimfs,1636,0,0.09581989049911503,0
jimfs,1472,0,0.09581989049911503,0
jimfs,1610,0,0.09581989049911503,0
jimfs,1436,0,0.09581989049911503,0
jimfs,1527,0,0.09581989049911503,0
jimfs,1564,0,0.09581989049911503,0
jimfs,1616,0,0.09581989049911503,0
jimfs,1583,0,0.09581989049911503,0
jimfs,1509,0,0.09581989049911503,0
jimfs,1442,0,0.09581989049911503,0
jimfs,1628,0,0.09581989049911503,0
jimfs,1594,0,0.09581989049911503,0
jimfs,1445,0,0.09581989049911503,0
jimfs,1637,0,0.09581989049911503,0
jimfs,1513,0,0.09581989049911503,0
jimfs,1506,0,0.09581989049911503,0
jimfs,1482,0,0.09581989049911503,0
jimfs,1575,0,0.09581989049911503,0
jimfs,1634,0,0.09581989049911503,0
jimfs,1577,0,0.09581989049911503,0
jimfs,1570,0,0.09581989049911503,0
jimfs,1452,0,0.09581989049911503,0
jimfs,1531,0,0.09581989049911503,0
jimfs,1443,0,0.09581989049911503,0
jimfs,1604,0,0.09581989049911503,0
jimfs,1562,0,0.09581989049911503,0
jimfs,1553,0,0.09581989049911503,0
jimfs,1536,0,0.09581989049911503,0
jimfs,1495,0,0.09581989049911503,0
jimfs,1500,0,0.09581989049911503,0
jimfs,1574,0,0.09581989049911503,0
jimfs,1608,0,0.09581989049911503,0
jimfs,1523,0,0.09581989049911503,0
jimfs,1617,0,0.09581989049911503,0
jimfs,1520,0,0.09581989049911503,0
jimfs,1542,0,0.09581989049911503,0
jimfs,1590,0,0.09581989049911503,0
jimfs,1623,0,0.09581989049911503,0
jimfs,1554,0,0.09581989049911503,0
jimfs,1535,0,0.09581989049911503,0
jimfs,1496,0,0.09581989049911503,0
jimfs,1511,0,0.09581989049911503,0
jimfs,1524,0,0.09581989049911503,0
jimfs,1528,0,0.09581989049911503,0
jimfs,1465,0,0.09581989049911503,0
jimfs,1451,0,0.09581989049911503,0
jimfs,1611,0,0.09581989049911503,0
jimfs,1545,0,0.09581989049911503,0
jimfs,1456,0,0.09581989049911503,0
jimfs,1446,0,0.09581989049911503,0
jimfs,1612,0,0.09581989049911503,0
jimfs,1522,0,0.09581989049911503,0
jimfs,1494,0,0.09581989049911503,0
jimfs,1493,0,0.09581989049911503,0
jimfs,1432,0,0.09581989049911503,0
jimfs,1597,0,0.09581989049911503,0
jimfs,1483,0,0.09581989049911503,0
jimfs,1525,0,0.09581989049911503,0
jimfs,1585,0,0.09581989049911503,0
jimfs,1626,0,0.09581989049911503,0
jimfs,1492,0,0.09581989049911503,0
jimfs,1549,0,0.09581989049911503,0
jimfs,1607,0,0.09581989049911503,0
jimfs,1458,0,0.09581989049911503,0
jimfs,1439,0,0.09581989049911503,0
jimfs,1462,0,0.09581989049911503,0
jimfs,1455,0,0.09581989049911503,0
jimfs,1469,0,0.09581989049911503,0
jimfs,1563,0,0.09581989049911503,0
jimfs,1625,0,0.09581989049911503,0
jimfs,1571,0,0.09581989049911503,0
jimfs,1478,0,0.09581989049911503,0
jimfs,1546,0,0.09581989049911503,0
jimfs,1598,0,0.09581989049911503,0
jimfs,1503,0,0.09581989049911503,0
jimfs,1468,0,0.09581989049911503,0
jimfs,1599,0,0.09581989049911503,0
jimfs,1505,0,0.09581989049911503,0
jimfs,1552,0,0.09581989049911503,0
jimfs,1453,0,0.09581989049911503,0
jimfs,1568,0,0.09581989049911503,0
jimfs,1538,0,0.09581989049911503,0
jimfs,1559,0,0.09581989049911503,0
jimfs,1429,0,0.09581989049911503,0
jimfs,1504,0,0.09581989049911503,0
jimfs,1473,0,0.09581989049911503,0
jimfs,1555,0,0.09581989049911503,0
jimfs,1540,0,0.09581989049911503,0
jimfs,1517,0,0.09581989049911503,0
jimfs,1512,0,0.09581989049911503,0
jimfs,1569,0,0.09581989049911503,0
jimfs,1463,0,0.09581989049911503,0
jimfs,1547,0,0.09581989049911503,0
jimfs,1488,0,0.09581989049911503,0
jimfs,1449,0,0.09581989049911503,0
jimfs,1566,0,0.09581989049911503,0
jimfs,1539,0,0.09581989049911503,0
jimfs,1460,0,0.09581989049911503,0
jimfs,1438,0,0.09581989049911503,0
jimfs,1633,0,0.09581989049911503,0
jimfs,1595,0,0.09581989049911503,0
jimfs,1433,0,0.09581989049911503,0
jimfs,1454,0,0.09581989049911503,0
jimfs,1621,0,0.09581989049911503,0
jimfs,1630,0,0.09581989049911503,0
jimfs,1572,0,0.09581989049911503,0
jimfs,1431,0,0.09581989049911503,0
jimfs,1459,0,0.09581989049911503,0
jimfs,1544,0,0.09581989049911503,0
jimfs,1580,0,0.09581989049911503,0
jimfs,1629,0,0.09581989049911503,0
jimfs,1579,0,0.09581989049911503,0
jimfs,1541,0,0.09581989049911503,0
jimfs,1437,0,0.09581989049911503,0
jimfs,1489,0,0.09581989049911503,0
jimfs,1551,0,0.09581989049911503,0
jimfs,1581,0,0.09581989049911503,0
jimfs,1602,0,0.09581989049911503,0
jimfs,1427,0,0.09581989049911503,0
jimfs,1618,0,0.09581989049911503,0
jimfs,1588,0,0.09581989049911503,0
jimfs,1497,0,0.09581989049911503,0
jimfs,1591,0,0.09581989049911503,0
jimfs,1491,0,0.09581989049911503,0
jimfs,1471,0,0.09581989049911503,0
jimfs,1565,0,0.09581989049911503,0
jimfs,1467,0,0.09581989049911503,0
jimfs,1550,0,0.09581989049911503,0
jimfs,1450,0,0.09581989049911503,0
jimfs,1586,0,0.09581989049911503,0
jimfs,1582,0,0.09581989049911503,0
jimfs,1508,0,0.09581989049911503,0
jimfs,1466,0,0.09581989049911503,0
jimfs,1605,0,0.09581989049911503,0
jimfs,1474,0,0.09581989049911503,0
jimfs,1521,0,0.09581989049911503,0
jimfs,1589,0,0.09581989049911503,0
jimfs,1470,0,0.09581989049911503,0
jimfs,1573,0,0.09581989049911503,0
jimfs,1430,0,0.09581989049911503,0
jimfs,1532,0,0.09581989049911503,0
jimfs,1480,0,0.09581989049911503,0
jimfs,1560,0,0.09581989049911503,0
jimfs,1619,0,0.09581989049911503,0
jimfs,1592,0,0.09581989049911503,0
jimfs,1624,0,0.09581989049911503,0
jimfs,1476,0,0.09581989049911503,0
jimfs,1507,0,0.09581989049911503,0
jimfs,1461,0,0.09581989049911503,0
jimfs,1434,0,0.09581989049911503,0
jimfs,1537,0,0.09581989049911503,0
jimfs,1518,0,0.09581989049911503,0
jimfs,1510,0,0.09581989049911503,0
jimfs,1632,0,0.09581989049911503,0
jimfs,1620,0,0.09581989049911503,0
jimfs,1516,0,0.09581989049911503,0
jimfs,1435,0,0.09581989049911503,0
jimfs,1440,0,0.09581989049911503,0
jimfs,1486,0,0.09581989049911503,0
jimfs,1609,0,0.09581989049911503,0
jimfs,1558,0,0.09581989049911503,0
jimfs,1444,0,0.09581989049911503,0
jimfs,1593,0,0.09581989049911503,0
jimfs,1499,0,0.09581989049911503,0
jimfs,1613,0,0.09581989049911503,0
jimfs,1561,0,0.09581989049911503,0
jimfs,1603,0,0.09581989049911503,0
jimfs,1622,0,0.09581989049911503,0
jimfs,1490,0,0.09581989049911503,0
jimfs,1481,0,0.09581989049911503,0
jimfs,1534,0,0.09581989049911503,0
jimfs,1477,0,0.09581989049911503,0
jimfs,1601,0,0.09581989049911503,0
jimfs,1635,0,0.09581989049911503,0
jimfs,1596,0,0.09581989049911503,0
jimfs,1485,0,0.09581989049911503,0
jimfs,1475,0,0.09581989049911503,0
jimfs,1515,0,0.09581989049911503,0
jimfs,1448,0,0.09581989049911503,0
jimfs,1484,0,0.09581989049911503,0
jimfs,1587,0,0.09581989049911503,0
jimfs,1631,0,0.09581989049911503,0
jimfs,1614,0,0.09581989049911503,0
jimfs,1556,0,0.09581989049911503,0
jimfs,1464,0,0.09581989049911503,0
jimfs,1584,0,0.09581989049911503,0
logback,741,0,0.48721229698922897,0
logback,194,0,0.48721229698922897,0
logback,306,1,0.48721229698922897,0
logback,641,0,0.48721229698922897,0
logback,356,0,0.48721229698922897,0
logback,225,1,0.48721229698922897,0
logback,227,1,0.48721229698922897,0
logback,603,0,0.48721229698922897,0
logback,501,0,0.48721229698922897,0
logback,777,0,0.48721229698922897,0
logback,29,0,0.48721229698922897,0
logback,586,0,0.48721229698922897,0
logback,604,0,0.48721229698922897,0
logback,394,0,0.48721229698922897,0
logback,835,0,0.48721229698922897,0
logback,237,0,0.48721229698922897,0
logback,12,0,0.48721229698922897,0
logback,27,0,0.48721229698922897,0
logback,663,0,0.48721229698922897,0
logback,489,0,0.48721229698922897,0
logback,485,0,0.48721229698922897,0
logback,822,0,0.48721229698922897,0
logback,126,0,0.48721229698922897,0
logback,708,0,0.48721229698922897,0
logback,202,0,0.48721229698922897,0
logback,474,0,0.48721229698922897,0
logback,274,0,0.48721229698922897,0
logback,638,0,0.48721229698922897,0
logback,18329,0,0.48721229698922897,0
logback,775,0,0.48721229698922897,0
logback,184,0,0.48721229698922897,0
logback,823,0,0.48721229698922897,0
logback,455,0,0.48721229698922897,0
logback,324,0,0.48721229698922897,0
logback,535,0,0.48721229698922897,0
logback,26,0,0.48721229698922897,0
logback,481,0,0.48721229698922897,0
logback,609,0,0.48721229698922897,0
logback,335,0,0.48721229698922897,0
logback,654,0,0.48721229698922897,0
logback,760,0,0.48721229698922897,0
logback,318,0,0.48721229698922897,0
logback,136,0,0.48721229698922897,0
logback,596,0,0.48721229698922897,0
logback,556,0,0.48721229698922897,0
logback,1,0,0.48721229698922897,0
logback,330,0,0.48721229698922897,0
logback,484,0,0.48721229698922897,0
logback,689,0,0.48721229698922897,0
logback,403,0,0.48721229698922897,0
logback,134,0,0.48721229698922897,0
logback,55,0,0.48721229698922897,0
logback,690,0,0.48721229698922897,0
logback,714,0,0.48721229698922897,0
logback,430,0,0.48721229698922897,0
logback,53,0,0.48721229698922897,0
logback,509,0,0.48721229698922897,0
logback,391,0,0.48721229698922897,0
logback,612,0,0.48721229698922897,0
logback,302,0,0.48721229698922897,0
logback,288,0,0.48721229698922897,0
logback,740,0,0.48721229698922897,0
logback,440,0,0.48721229698922897,0
logback,504,0,0.48721229698922897,0
logback,411,0,0.48721229698922897,0
logback,308,0,0.48721229698922897,0
logback,133,0,0.48721229698922897,0
logback,325,0,0.48721229698922897,0
logback,619,0,0.48721229698922897,0
logback,676,0,0.48721229698922897,0
logback,271,0,0.48721229698922897,0
logback,406,0,0.48721229698922897,0
logback,48,0,0.48721229698922897,0
logback,248,0,0.48721229698922897,0
logback,505,0,0.48721229698922897,0
logback,552,0,0.48721229698922897,0
logback,61,0,0.48721229698922897,0
logback,728,0,0.48721229698922897,0
logback,346,0,0.48721229698922897,0
logback,262,1,0.48721229698922897,0
logback,303,0,0.48721229698922897,0
logback,46,0,0.48721229698922897,0
logback,432,0,0.48721229698922897,0
logback,352,0,0.48721229698922897,0
logback,261,0,0.48721229698922897,0
logback,45,0,0.48721229698922897,0
logback,20,0,0.48721229698922897,0
logback,258,0,0.48721229698922897,0
logback,508,0,0.48721229698922897,0
logback,157,0,0.48721229698922897,0
logback,441,0,0.48721229698922897,0
logback,578,0,0.48721229698922897,0
logback,424,0,0.48721229698922897,0
logback,799,0,0.48721229698922897,0
logback,311,0,0.48721229698922897,0
logback,34,0,0.48721229698922897,0
logback,153,0,0.48721229698922897,0
logback,7,0,0.48721229698922897,0
logback,599,0,0.48721229698922897,0
logback,207,0,0.48721229698922897,0
logback,600,0,0.48721229698922897,0
logback,645,0,0.48721229698922897,0
logback,390,0,0.48721229698922897,0
logback,785,0,0.48721229698922897,0
logback,711,0,0.48721229698922897,0
logback,503,0,0.48721229698922897,0
logback,750,0,0.48721229698922897,0
logback,166,0,0.48721229698922897,0
logback,795,0,0.48721229698922897,0
logback,377,0,0.48721229698922897,0
logback,366,0,0.48721229698922897,0
logback,594,0,0.48721229698922897,0
logback,704,0,0.48721229698922897,0
logback,5,0,0.48721229698922897,0
logback,671,0,0.48721229698922897,0
logback,587,0,0.48721229698922897,0
logback,510,0,0.48721229698922897,0
logback,354,0,0.48721229698922897,0
logback,580,0,0.48721229698922897,0
logback,259,0,0.48721229698922897,0
logback,428,0,0.48721229698922897,0
logback,755,0,0.48721229698922897,0
logback,616,0,0.48721229698922897,0
logback,583,0,0.48721229698922897,0
logback,9,0,0.48721229698922897,0
logback,602,0,0.48721229698922897,0
logback,332,0,0.48721229698922897,0
logback,387,0,0.48721229698922897,0
logback,162,0,0.48721229698922897,0
logback,831,0,0.48721229698922897,0
logback,42,0,0.48721229698922897,0
logback,449,0,0.48721229698922897,0
logback,69,0,0.48721229698922897,0
logback,402,0,0.48721229698922897,0
logback,44,0,0.48721229698922897,0
logback,526,0,0.48721229698922897,0
logback,128,0,0.48721229698922897,0
logback,329,0,0.48721229698922897,0
logback,408,0,0.48721229698922897,0
logback,479,0,0.48721229698922897,0
logback,427,0,0.48721229698922897,0
logback,745,0,0.48721229698922897,0
logback,494,0,0.48721229698922897,0
logback,384,0,0.48721229698922897,0
logback,643,0,0.48721229698922897,0
logback,723,0,0.48721229698922897,0
logback,249,0,0.48721229698922897,0
logback,715,0,0.48721229698922897,0
logback,540,0,0.48721229698922897,0
logback,198,0,0.48721229698922897,0
logback,559,0,0.48721229698922897,0
logback,459,0,0.48721229698922897,0
logback,640,0,0.48721229698922897,0
logback,518,0,0.48721229698922897,0
logback,817,0,0.48721229698922897,0
logback,137,0,0.48721229698922897,0
logback,679,0,0.48721229698922897,0
logback,826,0,0.48721229698922897,0
logback,35,0,0.48721229698922897,0
logback,435,1,0.48721229698922897,0
logback,146,0,0.48721229698922897,0
logback,182,0,0.48721229698922897,0
logback,786,0,0.48721229698922897,0
logback,307,0,0.48721229698922897,0
logback,228,1,0.48721229698922897,0
logback,670,0,0.48721229698922897,0
logback,54,0,0.48721229698922897,0
logback,431,0,0.48721229698922897,0
logback,801,0,0.48721229698922897,0
logback,515,0,0.48721229698922897,0
logback,276,0,0.48721229698922897,0
logback,293,0,0.48721229698922897,0
logback,782,0,0.48721229698922897,0
logback,380,0,0.48721229698922897,0
logback,480,0,0.48721229698922897,0
logback,264,0,0.48721229698922897,0
logback,2,0,0.48721229698922897,0
logback,716,0,0.48721229698922897,0
logback,36,0,0.48721229698922897,0
logback,131,0,0.48721229698922897,0
logback,386,0,0.48721229698922897,0
logback,776,0,0.48721229698922897,0
logback,497,0,0.48721229698922897,0
logback,151,0,0.48721229698922897,0
logback,429,0,0.48721229698922897,0
logback,361,0,0.48721229698922897,0
logback,175,0,0.48721229698922897,0
logback,371,0,0.48721229698922897,0
logback,139,0,0.48721229698922897,0
logback,462,0,0.48721229698922897,0
logback,168,0,0.48721229698922897,0
logback,106,0,0.48721229698922897,0
logback,686,0,0.48721229698922897,0
logback,405,0,0.48721229698922897,0
logback,632,0,0.48721229698922897,0
logback,305,0,0.48721229698922897,0
logback,502,0,0.48721229698922897,0
logback,646,0,0.48721229698922897,0
logback,787,0,0.48721229698922897,0
logback,733,1,0.48721229698922897,0
logback,313,0,0.48721229698922897,0
logback,721,0,0.48721229698922897,0
logback,819,0,0.48721229698922897,0
logback,115,0,0.48721229698922897,0
logback,490,0,0.48721229698922897,0
logback,234,0,0.48721229698922897,0
logback,108,0,0.48721229698922897,0
logback,120,0,0.48721229698922897,0
logback,768,0,0.48721229698922897,0
logback,762,0,0.48721229698922897,0
logback,222,0,0.48721229698922897,0
logback,316,0,0.48721229698922897,0
logback,312,0,0.48721229698922897,0
logback,62,0,0.48721229698922897,0
logback,774,0,0.48721229698922897,0
logback,107,0,0.48721229698922897,0
logback,450,0,0.48721229698922897,0
logback,729,0,0.48721229698922897,0
logback,173,0,0.48721229698922897,0
logback,624,0,0.48721229698922897,0
logback,167,0,0.48721229698922897,0
logback,179,0,0.48721229698922897,0
logback,21,0,0.48721229698922897,0
logback,199,0,0.48721229698922897,0
logback,553,0,0.48721229698922897,0
logback,3,0,0.48721229698922897,0
logback,476,0,0.48721229698922897,0
logback,680,0,0.48721229698922897,0
logback,674,0,0.48721229698922897,0
logback,493,0,0.48721229698922897,0
logback,751,0,0.48721229698922897,0
logback,217,0,0.48721229698922897,0
logback,341,0,0.48721229698922897,0
logback,398,0,0.48721229698922897,0
logback,549,0,0.48721229698922897,0
logback,419,0,0.48721229698922897,0
logback,545,0,0.48721229698922897,0
logback,695,0,0.48721229698922897,0
logback,219,0,0.48721229698922897,0
logback,550,0,0.48721229698922897,0
logback,195,0,0.48721229698922897,0
logback,10,0,0.48721229698922897,0
logback,824,0,0.48721229698922897,0
logback,692,0,0.48721229698922897,0
logback,127,0,0.48721229698922897,0
logback,290,0,0.48721229698922897,0
logback,50,0,0.48721229698922897,0
logback,779,0,0.48721229698922897,0
logback,500,0,0.48721229698922897,0
logback,317,0,0.48721229698922897,0
logback,170,0,0.48721229698922897,0
logback,64,0,0.48721229698922897,0
logback,14,0,0.48721229698922897,0
logback,651,0,0.48721229698922897,0
logback,149,0,0.48721229698922897,0
logback,286,0,0.48721229698922897,0
logback,467,0,0.48721229698922897,0
logback,103,0,0.48721229698922897,0
logback,809,0,0.48721229698922897,0
logback,422,0,0.48721229698922897,0
logback,606,0,0.48721229698922897,0
logback,730,0,0.48721229698922897,0
logback,713,0,0.48721229698922897,0
logback,345,0,0.48721229698922897,0
logback,404,0,0.48721229698922897,0
logback,598,0,0.48721229698922897,0
logback,796,0,0.48721229698922897,0
logback,400,0,0.48721229698922897,0
logback,122,0,0.48721229698922897,0
logback,13,0,0.48721229698922897,0
logback,529,0,0.48721229698922897,0
logback,499,0,0.48721229698922897,0
logback,724,0,0.48721229698922897,0
logback,470,0,0.48721229698922897,0
logback,608,0,0.48721229698922897,0
logback,781,0,0.48721229698922897,0
logback,731,0,0.48721229698922897,0
logback,339,0,0.48721229698922897,0
logback,11,0,0.48721229698922897,0
logback,172,0,0.48721229698922897,0
logback,375,0,0.48721229698922897,0
logback,147,0,0.48721229698922897,0
logback,802,0,0.48721229698922897,0
logback,442,0,0.48721229698922897,0
logback,453,0,0.48721229698922897,0
logback,720,0,0.48721229698922897,0
logback,703,0,0.48721229698922897,0
logback,40,0,0.48721229698922897,0
logback,183,0,0.48721229698922897,0
logback,752,0,0.48721229698922897,0
logback,732,0,0.48721229698922897,0
logback,614,0,0.48721229698922897,0
logback,577,0,0.48721229698922897,0
logback,618,0,0.48721229698922897,0
logback,735,0,0.48721229698922897,0
logback,564,1,0.48721229698922897,0
logback,812,0,0.48721229698922897,0
logback,464,0,0.48721229698922897,0
logback,581,0,0.48721229698922897,0
logback,800,0,0.48721229698922897,0
logback,821,0,0.48721229698922897,0
logback,214,0,0.48721229698922897,0
logback,143,0,0.48721229698922897,0
logback,142,0,0.48721229698922897,0
logback,372,0,0.48721229698922897,0
logback,759,0,0.48721229698922897,0
logback,322,0,0.48721229698922897,0
logback,379,0,0.48721229698922897,0
logback,667,0,0.48721229698922897,0
logback,365,1,0.48721229698922897,0
logback,593,0,0.48721229698922897,0
logback,687,0,0.48721229698922897,0
logback,399,0,0.48721229698922897,0
logback,360,0,0.48721229698922897,0
logback,304,0,0.48721229698922897,0
logback,719,0,0.48721229698922897,0
logback,448,0,0.48721229698922897,0
logback,63,0,0.48721229698922897,0
logback,229,0,0.48721229698922897,0
logback,483,0,0.48721229698922897,0
logback,613,0,0.48721229698922897,0
logback,548,0,0.48721229698922897,0
logback,25,0,0.48721229698922897,0
logback,68,0,0.48721229698922897,0
logback,204,0,0.48721229698922897,0
logback,395,0,0.48721229698922897,0
logback,43,0,0.48721229698922897,0
logback,630,0,0.48721229698922897,0
logback,148,0,0.48721229698922897,0
logback,144,0,0.48721229698922897,0
logback,696,0,0.48721229698922897,0
logback,818,0,0.48721229698922897,0
logback,425,0,0.48721229698922897,0
logback,180,0,0.48721229698922897,0
logback,445,0,0.48721229698922897,0
logback,767,0,0.48721229698922897,0
logback,566,0,0.48721229698922897,0
logback,725,1,0.48721229698922897,0
logback,104,0,0.48721229698922897,0
logback,506,0,0.48721229698922897,0
logback,174,0,0.48721229698922897,0
logback,722,0,0.48721229698922897,0
logback,41,0,0.48721229698922897,0
logback,562,0,0.48721229698922897,0
logback,659,0,0.48721229698922897,0
logback,764,0,0.48721229698922897,0
logback,590,0,0.48721229698922897,0
logback,495,0,0.48721229698922897,0
logback,163,0,0.48721229698922897,0
logback,299,0,0.48721229698922897,0
logback,284,0,0.48721229698922897,0
logback,543,0,0.48721229698922897,0
logback,546,0,0.48721229698922897,0
logback,334,0,0.48721229698922897,0
logback,287,0,0.48721229698922897,0
logback,681,0,0.48721229698922897,0
logback,833,0,0.48721229698922897,0
logback,433,0,0.48721229698922897,0
logback,368,1,0.48721229698922897,0
logback,664,0,0.48721229698922897,0
logback,18328,0,0.48721229698922897,0
logback,482,0,0.48721229698922897,0
logback,558,0,0.48721229698922897,0
logback,124,0,0.48721229698922897,0
logback,342,0,0.48721229698922897,0
logback,657,0,0.48721229698922897,0
logback,629,0,0.48721229698922897,0
logback,357,0,0.48721229698922897,0
logback,203,0,0.48721229698922897,0
logback,8,0,0.48721229698922897,0
logback,160,0,0.48721229698922897,0
logback,165,0,0.48721229698922897,0
logback,0,0,0.48721229698922897,0
logback,343,0,0.48721229698922897,0
logback,178,0,0.48721229698922897,0
logback,460,0,0.48721229698922897,0
logback,348,0,0.48721229698922897,0
logback,572,0,0.48721229698922897,0
logback,218,0,0.48721229698922897,0
logback,125,0,0.48721229698922897,0
logback,367,0,0.48721229698922897,0
logback,278,0,0.48721229698922897,0
logback,255,0,0.48721229698922897,0
logback,196,0,0.48721229698922897,0
logback,525,0,0.48721229698922897,0
logback,15,0,0.48721229698922897,0
logback,191,0,0.48721229698922897,0
logback,588,0,0.48721229698922897,0
logback,353,0,0.48721229698922897,0
logback,815,0,0.48721229698922897,0
logback,213,0,0.48721229698922897,0
logback,277,0,0.48721229698922897,0
logback,531,0,0.48721229698922897,0
logback,808,1,0.48721229698922897,0
logback,282,0,0.48721229698922897,0
logback,57,0,0.48721229698922897,0
logback,246,0,0.48721229698922897,0
logback,803,0,0.48721229698922897,0
logback,649,0,0.48721229698922897,0
logback,742,0,0.48721229698922897,0
logback,238,0,0.48721229698922897,0
logback,533,0,0.48721229698922897,0
logback,677,0,0.48721229698922897,0
logback,756,0,0.48721229698922897,0
logback,231,0,0.48721229698922897,0
logback,718,0,0.48721229698922897,0
logback,212,0,0.48721229698922897,0
logback,675,0,0.48721229698922897,0
logback,340,0,0.48721229698922897,0
logback,623,0,0.48721229698922897,0
logback,749,0,0.48721229698922897,0
logback,28,0,0.48721229698922897,0
logback,347,1,0.48721229698922897,0
logback,473,0,0.48721229698922897,0
logback,407,0,0.48721229698922897,0
logback,707,0,0.48721229698922897,0
logback,289,0,0.48721229698922897,0
logback,709,0,0.48721229698922897,0
logback,60,0,0.48721229698922897,0
logback,665,0,0.48721229698922897,0
logback,327,0,0.48721229698922897,0
logback,734,0,0.48721229698922897,0
logback,138,0,0.48721229698922897,0
logback,373,0,0.48721229698922897,0
logback,589,0,0.48721229698922897,0
logback,412,0,0.48721229698922897,0
logback,181,0,0.48721229698922897,0
logback,275,0,0.48721229698922897,0
logback,211,0,0.48721229698922897,0
logback,22,0,0.48721229698922897,0
logback,561,0,0.48721229698922897,0
logback,465,0,0.48721229698922897,0
logback,633,0,0.48721229698922897,0
logback,839,0,0.48721229698922897,0
logback,389,0,0.48721229698922897,0
logback,475,0,0.48721229698922897,0
logback,230,0,0.48721229698922897,0
logback,555,0,0.48721229698922897,0
logback,597,0,0.48721229698922897,0
logback,516,0,0.48721229698922897,0
logback,652,0,0.48721229698922897,0
logback,468,0,0.48721229698922897,0
logback,488,0,0.48721229698922897,0
logback,266,0,0.48721229698922897,0
logback,6,0,0.48721229698922897,0
logback,639,0,0.48721229698922897,0
logback,628,0,0.48721229698922897,0
logback,16,0,0.48721229698922897,0
logback,185,0,0.48721229698922897,0
logback,17,0,0.48721229698922897,0
logback,544,0,0.48721229698922897,0
logback,58,0,0.48721229698922897,0
logback,648,0,0.48721229698922897,0
logback,51,0,0.48721229698922897,0
logback,746,0,0.48721229698922897,0
logback,344,0,0.48721229698922897,0
logback,744,0,0.48721229698922897,0
logback,359,0,0.48721229698922897,0
logback,551,0,0.48721229698922897,0
logback,270,0,0.48721229698922897,0
logback,253,0,0.48721229698922897,0
logback,466,0,0.48721229698922897,0
logback,514,0,0.48721229698922897,0
logback,320,0,0.48721229698922897,0
logback,780,0,0.48721229698922897,0
logback,791,0,0.48721229698922897,0
logback,666,0,0.48721229698922897,0
logback,263,0,0.48721229698922897,0
logback,486,0,0.48721229698922897,0
logback,154,0,0.48721229698922897,0
logback,24,0,0.48721229698922897,0
logback,537,0,0.48721229698922897,0
logback,789,0,0.48721229698922897,0
logback,121,0,0.48721229698922897,0
logback,521,0,0.48721229698922897,0
logback,52,0,0.48721229698922897,0
logback,805,0,0.48721229698922897,0
logback,570,0,0.48721229698922897,0
logback,47,0,0.48721229698922897,0
logback,117,0,0.48721229698922897,0
logback,447,0,0.48721229698922897,0
logback,434,0,0.48721229698922897,0
logback,813,0,0.48721229698922897,0
logback,155,0,0.48721229698922897,0
logback,201,0,0.48721229698922897,0
logback,260,0,0.48721229698922897,0
logback,321,0,0.48721229698922897,0
logback,349,0,0.48721229698922897,0
logback,421,0,0.48721229698922897,0
logback,444,0,0.48721229698922897,0
logback,140,0,0.48721229698922897,0
logback,215,0,0.48721229698922897,0
logback,38,0,0.48721229698922897,0
logback,834,0,0.48721229698922897,0
logback,738,0,0.48721229698922897,0
logback,161,0,0.48721229698922897,0
logback,538,0,0.48721229698922897,0
logback,717,0,0.48721229698922897,0
logback,186,0,0.48721229698922897,0
logback,635,0,0.48721229698922897,0
logback,265,0,0.48721229698922897,0
logback,56,0,0.48721229698922897,0
logback,784,0,0.48721229698922897,0
logback,761,0,0.48721229698922897,0
logback,323,0,0.48721229698922897,0
logback,171,0,0.48721229698922897,0
logback,385,0,0.48721229698922897,0
logback,451,0,0.48721229698922897,0
logback,233,0,0.48721229698922897,0
logback,333,0,0.48721229698922897,0
logback,18,0,0.48721229698922897,0
logback,773,0,0.48721229698922897,0
logback,65,0,0.48721229698922897,0
logback,221,0,0.48721229698922897,0
logback,672,1,0.48721229698922897,0
logback,19,0,0.48721229698922897,0
logback,798,0,0.48721229698922897,0
logback,291,0,0.48721229698922897,0
logback,557,0,0.48721229698922897,0
logback,159,0,0.48721229698922897,0
logback,393,0,0.48721229698922897,0
logback,492,0,0.48721229698922897,0
logback,691,0,0.48721229698922897,0
logback,712,0,0.48721229698922897,0
logback,267,0,0.48721229698922897,0
logback,753,0,0.48721229698922897,0
logback,528,0,0.48721229698922897,0
logback,565,0,0.48721229698922897,0
logback,673,0,0.48721229698922897,0
logback,158,0,0.48721229698922897,0
logback,226,1,0.48721229698922897,0
logback,610,0,0.48721229698922897,0
logback,458,0,0.48721229698922897,0
logback,825,0,0.48721229698922897,0
logback,584,0,0.48721229698922897,0
logback,827,0,0.48721229698922897,0
logback,539,0,0.48721229698922897,0
logback,573,0,0.48721229698922897,0
logback,471,0,0.48721229698922897,0
logback,113,0,0.48721229698922897,0
logback,285,0,0.48721229698922897,0
logback,205,0,0.48721229698922897,0
logback,190,0,0.48721229698922897,0
logback,591,0,0.48721229698922897,0
logback,519,0,0.48721229698922897,0
logback,794,0,0.48721229698922897,0
logback,351,0,0.48721229698922897,0
logback,135,0,0.48721229698922897,0
logback,446,0,0.48721229698922897,0
logback,164,0,0.48721229698922897,0
logback,582,0,0.48721229698922897,0
logback,534,0,0.48721229698922897,0
logback,283,0,0.48721229698922897,0
logback,688,0,0.48721229698922897,0
logback,370,0,0.48721229698922897,0
logback,241,0,0.48721229698922897,0
logback,105,0,0.48721229698922897,0
logback,130,0,0.48721229698922897,0
logback,4,0,0.48721229698922897,0
logback,522,0,0.48721229698922897,0
logback,820,0,0.48721229698922897,0
logback,743,0,0.48721229698922897,0
logback,319,0,0.48721229698922897,0
logback,112,0,0.48721229698922897,0
logback,487,0,0.48721229698922897,0
logback,668,0,0.48721229698922897,0
logback,350,0,0.48721229698922897,0
logback,517,0,0.48721229698922897,0
logback,627,0,0.48721229698922897,0
logback,653,0,0.48721229698922897,0
logback,626,0,0.48721229698922897,0
logback,236,0,0.48721229698922897,0
logback,807,0,0.48721229698922897,0
logback,364,1,0.48721229698922897,0
logback,292,0,0.48721229698922897,0
logback,527,0,0.48721229698922897,0
logback,256,0,0.48721229698922897,0
logback,438,0,0.48721229698922897,0
logback,208,0,0.48721229698922897,0
logback,239,0,0.48721229698922897,0
logback,32,0,0.48721229698922897,0
logback,647,0,0.48721229698922897,0
logback,477,0,0.48721229698922897,0
logback,511,0,0.48721229698922897,0
logback,617,0,0.48721229698922897,0
logback,592,0,0.48721229698922897,0
logback,362,0,0.48721229698922897,0
logback,297,0,0.48721229698922897,0
logback,621,0,0.48721229698922897,0
logback,418,1,0.48721229698922897,0
logback,116,0,0.48721229698922897,0
logback,810,0,0.48721229698922897,0
logback,816,0,0.48721229698922897,0
logback,726,1,0.48721229698922897,0
logback,790,0,0.48721229698922897,0
logback,520,0,0.48721229698922897,0
logback,254,0,0.48721229698922897,0
logback,396,0,0.48721229698922897,0
logback,575,0,0.48721229698922897,0
logback,576,0,0.48721229698922897,0
logback,314,0,0.48721229698922897,0
logback,757,0,0.48721229698922897,0
logback,461,0,0.48721229698922897,0
logback,472,0,0.48721229698922897,0
logback,242,0,0.48721229698922897,0
logback,832,0,0.48721229698922897,0
logback,532,0,0.48721229698922897,0
logback,793,0,0.48721229698922897,0
logback,176,0,0.48721229698922897,0
logback,193,0,0.48721229698922897,0
logback,656,0,0.48721229698922897,0
logback,737,0,0.48721229698922897,0
logback,542,0,0.48721229698922897,0
logback,443,0,0.48721229698922897,0
logback,699,0,0.48721229698922897,0
logback,192,0,0.48721229698922897,0
logback,739,0,0.48721229698922897,0
logback,240,0,0.48721229698922897,0
logback,409,0,0.48721229698922897,0
logback,415,0,0.48721229698922897,0
logback,114,0,0.48721229698922897,0
logback,469,0,0.48721229698922897,0
logback,220,0,0.48721229698922897,0
logback,423,0,0.48721229698922897,0
logback,694,0,0.48721229698922897,0
logback,512,0,0.48721229698922897,0
logback,536,0,0.48721229698922897,0
logback,547,0,0.48721229698922897,0
logback,454,0,0.48721229698922897,0
logback,524,0,0.48721229698922897,0
logback,554,0,0.48721229698922897,0
logback,251,0,0.48721229698922897,0
logback,605,0,0.48721229698922897,0
logback,145,0,0.48721229698922897,0
logback,563,0,0.48721229698922897,0
logback,296,0,0.48721229698922897,0
logback,132,0,0.48721229698922897,0
logback,697,0,0.48721229698922897,0
logback,491,0,0.48721229698922897,0
logback,223,0,0.48721229698922897,0
logback,705,0,0.48721229698922897,0
logback,701,0,0.48721229698922897,0
logback,156,0,0.48721229698922897,0
logback,315,1,0.48721229698922897,0
logback,571,0,0.48721229698922897,0
logback,625,0,0.48721229698922897,0
logback,541,0,0.48721229698922897,0
logback,560,0,0.48721229698922897,0
logback,413,0,0.48721229698922897,0
logback,152,0,0.48721229698922897,0
logback,601,0,0.48721229698922897,0
logback,279,0,0.48721229698922897,0
logback,216,0,0.48721229698922897,0
logback,806,0,0.48721229698922897,0
logback,783,0,0.48721229698922897,0
logback,754,0,0.48721229698922897,0
logback,369,0,0.48721229698922897,0
logback,830,0,0.48721229698922897,0
logback,669,1,0.48721229698922897,0
logback,439,0,0.48721229698922897,0
logback,710,0,0.48721229698922897,0
logback,426,0,0.48721229698922897,0
logback,280,0,0.48721229698922897,0
logback,765,0,0.48721229698922897,0
logback,683,0,0.48721229698922897,0
logback,660,0,0.48721229698922897,0
logback,210,0,0.48721229698922897,0
logback,437,0,0.48721229698922897,0
logback,189,0,0.48721229698922897,0
logback,829,0,0.48721229698922897,0
logback,416,0,0.48721229698922897,0
logback,420,0,0.48721229698922897,0
logback,392,0,0.48721229698922897,0
logback,414,0,0.48721229698922897,0
logback,273,0,0.48721229698922897,0
logback,811,0,0.48721229698922897,0
logback,478,0,0.48721229698922897,0
logback,814,0,0.48721229698922897,0
logback,747,0,0.48721229698922897,0
logback,452,0,0.48721229698922897,0
logback,523,0,0.48721229698922897,0
logback,197,0,0.48721229698922897,0
logback,123,0,0.48721229698922897,0
logback,792,0,0.48721229698922897,0
logback,111,0,0.48721229698922897,0
logback,243,0,0.48721229698922897,0
logback,620,0,0.48721229698922897,0
logback,129,0,0.48721229698922897,0
logback,655,0,0.48721229698922897,0
logback,397,0,0.48721229698922897,0
logback,595,0,0.48721229698922897,0
logback,658,0,0.48721229698922897,0
logback,436,0,0.48721229698922897,0
logback,378,0,0.48721229698922897,0
logback,177,0,0.48721229698922897,0
logback,615,0,0.48721229698922897,0
logback,702,0,0.48721229698922897,0
logback,758,0,0.48721229698922897,0
logback,736,0,0.48721229698922897,0
logback,358,0,0.48721229698922897,0
logback,769,0,0.48721229698922897,0
logback,507,0,0.48721229698922897,0
logback,338,0,0.48721229698922897,0
logback,836,0,0.48721229698922897,0
logback,700,0,0.48721229698922897,0
logback,281,0,0.48721229698922897,0
logback,37,0,0.48721229698922897,0
logback,684,0,0.48721229698922897,0
logback,530,0,0.48721229698922897,0
logback,59,0,0.48721229698922897,0
logback,634,0,0.48721229698922897,0
logback,766,0,0.48721229698922897,0
logback,417,0,0.48721229698922897,0
logback,119,0,0.48721229698922897,0
logback,771,0,0.48721229698922897,0
logback,188,0,0.48721229698922897,0
logback,328,0,0.48721229698922897,0
logback,727,0,0.48721229698922897,0
logback,268,0,0.48721229698922897,0
logback,788,0,0.48721229698922897,0
logback,513,0,0.48721229698922897,0
logback,631,0,0.48721229698922897,0
logback,662,0,0.48721229698922897,0
logback,102,0,0.48721229698922897,0
logback,209,0,0.48721229698922897,0
ninja,5099,0,0.09581989049911502,0
ninja,5014,0,0.09581989049911502,0
ninja,5255,0,0.09581989049911502,0
ninja,5142,0,0.09581989049911502,0
ninja,5104,0,0.09581989049911502,0
ninja,5040,0,0.09581989049911502,0
ninja,5056,0,0.09581989049911502,0
ninja,5097,0,0.09581989049911502,0
ninja,5149,0,0.09581989049911502,0
ninja,2670,0,0.09581989049911502,0
ninja,5234,0,0.09581989049911502,0
ninja,2672,0,0.09581989049911502,0
ninja,5240,0,0.09581989049911502,0
ninja,2684,0,0.09581989049911502,0
ninja,5259,0,0.09581989049911502,0
ninja,5260,0,0.09581989049911502,0
ninja,5062,0,0.09581989049911502,0
ninja,5189,0,0.09581989049911502,0
ninja,2679,0,0.09581989049911502,0
ninja,5209,0,0.09581989049911502,0
ninja,5152,0,0.09581989049911502,0
ninja,5015,0,0.09581989049911502,0
ninja,5048,0,0.09581989049911502,0
ninja,5181,0,0.09581989049911502,0
ninja,5252,0,0.09581989049911502,0
ninja,5121,0,0.09581989049911502,0
ninja,5072,0,0.09581989049911502,0
ninja,5213,0,0.09581989049911502,0
ninja,2702,0,0.09581989049911502,0
ninja,5045,0,0.09581989049911502,0
ninja,5207,0,0.09581989049911502,0
ninja,5212,0,0.09581989049911502,0
ninja,5106,0,0.09581989049911502,0
ninja,2680,0,0.09581989049911502,0
ninja,5003,0,0.09581989049911502,0
ninja,5073,0,0.09581989049911502,0
ninja,2692,0,0.09581989049911502,0
ninja,5164,0,0.09581989049911502,0
ninja,5078,0,0.09581989049911502,0
ninja,2674,0,0.09581989049911502,0
ninja,5243,0,0.09581989049911502,0
ninja,5054,0,0.09581989049911502,0
ninja,5018,0,0.09581989049911502,0
ninja,5183,0,0.09581989049911502,0
ninja,5201,0,0.09581989049911502,0
ninja,5177,0,0.09581989049911502,0
ninja,5102,0,0.09581989049911502,0
ninja,5043,0,0.09581989049911502,0
ninja,5012,0,0.09581989049911502,0
ninja,2681,0,0.09581989049911502,0
ninja,5214,0,0.09581989049911502,0
ninja,5033,0,0.09581989049911502,0
ninja,5008,0,0.09581989049911502,0
ninja,5005,0,0.09581989049911502,0
ninja,5092,0,0.09581989049911502,0
ninja,2673,0,0.09581989049911502,0
ninja,2669,0,0.09581989049911502,0
ninja,5098,0,0.09581989049911502,0
ninja,2711,0,0.09581989049911502,0
ninja,5105,0,0.09581989049911502,0
ninja,2703,0,0.09581989049911502,0
ninja,5020,0,0.09581989049911502,0
ninja,5049,0,0.09581989049911502,0
ninja,5236,0,0.09581989049911502,0
ninja,5084,0,0.09581989049911502,0
ninja,5226,0,0.09581989049911502,0
ninja,5256,0,0.09581989049911502,0
ninja,5052,0,0.09581989049911502,0
ninja,2707,0,0.09581989049911502,0
ninja,5042,0,0.09581989049911502,0
ninja,5055,0,0.09581989049911502,0
ninja,5215,0,0.09581989049911502,0
ninja,5261,0,0.09581989049911502,0
ninja,5199,0,0.09581989049911502,0
ninja,5210,0,0.09581989049911502,0
ninja,5039,0,0.09581989049911502,0
ninja,5159,0,0.09581989049911502,0
ninja,2683,0,0.09581989049911502,0
ninja,5217,0,0.09581989049911502,0
ninja,5031,0,0.09581989049911502,0
ninja,5157,0,0.09581989049911502,0
ninja,5197,0,0.09581989049911502,0
ninja,2696,0,0.09581989049911502,0
ninja,5081,0,0.09581989049911502,0
ninja,2693,0,0.09581989049911502,0
ninja,5169,0,0.09581989049911502,0
ninja,5144,0,0.09581989049911502,0
ninja,5063,0,0.09581989049911502,0
ninja,5011,0,0.09581989049911502,0
ninja,5090,0,0.09581989049911502,0
ninja,5190,0,0.09581989049911502,0
ninja,5246,0,0.09581989049911502,0
ninja,5176,0,0.09581989049911502,0
ninja,5163,0,0.09581989049911502,0
ninja,5130,0,0.09581989049911502,0
ninja,5131,0,0.09581989049911502,0
ninja,5166,0,0.09581989049911502,0
ninja,5193,0,0.09581989049911502,0
ninja,2695,0,0.09581989049911502,0
ninja,2700,0,0.09581989049911502,0
ninja,5137,0,0.09581989049911502,0
ninja,5140,0,0.09581989049911502,0
ninja,2712,0,0.09581989049911502,0
ninja,5139,0,0.09581989049911502,0
ninja,2686,0,0.09581989049911502,0
ninja,5070,0,0.09581989049911502,0
ninja,5248,0,0.09581989049911502,0
ninja,5091,0,0.09581989049911502,0
ninja,5257,0,0.09581989049911502,0
ninja,5107,0,0.09581989049911502,0
ninja,5122,0,0.09581989049911502,0
ninja,5208,0,0.09581989049911502,0
ninja,5251,0,0.09581989049911502,0
ninja,5143,0,0.09581989049911502,0
ninja,2710,0,0.09581989049911502,0
ninja,5239,0,0.09581989049911502,0
ninja,5206,0,0.09581989049911502,0
ninja,5132,0,0.09581989049911502,0
ninja,5068,0,0.09581989049911502,0
ninja,5023,0,0.09581989049911502,0
ninja,5245,0,0.09581989049911502,0
ninja,5221,0,0.09581989049911502,0
ninja,5079,0,0.09581989049911502,0
ninja,5050,0,0.09581989049911502,0
ninja,2677,0,0.09581989049911502,0
ninja,5096,0,0.09581989049911502,0
ninja,5180,0,0.09581989049911502,0
ninja,5117,0,0.09581989049911502,0
ninja,5185,0,0.09581989049911502,0
ninja,5138,0,0.09581989049911502,0
ninja,5044,0,0.09581989049911502,0
ninja,5127,0,0.09581989049911502,0
ninja,5188,0,0.09581989049911502,0
ninja,5004,0,0.09581989049911502,0
ninja,5241,0,0.09581989049911502,0
ninja,5244,0,0.09581989049911502,0
ninja,2701,0,0.09581989049911502,0
ninja,5242,0,0.09581989049911502,0
ninja,5250,0,0.09581989049911502,0
ninja,5123,0,0.09581989049911502,0
ninja,5174,0,0.09581989049911502,0
ninja,5100,0,0.09581989049911502,0
ninja,5036,0,0.09581989049911502,0
ninja,5115,0,0.09581989049911502,0
ninja,5095,0,0.09581989049911502,0
ninja,5071,0,0.09581989049911502,0
ninja,2671,0,0.09581989049911502,0
ninja,5202,0,0.09581989049911502,0
ninja,5247,0,0.09581989049911502,0
ninja,5225,0,0.09581989049911502,0
ninja,5141,0,0.09581989049911502,0
ninja,2708,0,0.09581989049911502,0
ninja,2706,0,0.09581989049911502,0
ninja,5021,0,0.09581989049911502,0
ninja,5198,0,0.09581989049911502,0
ninja,5027,0,0.09581989049911502,0
ninja,5035,0,0.09581989049911502,0
ninja,5230,0,0.09581989049911502,0
ninja,5224,0,0.09581989049911502,0
ninja,2705,0,0.09581989049911502,0
ninja,2704,0,0.09581989049911502,0
ninja,5060,0,0.09581989049911502,0
ninja,5093,0,0.09581989049911502,0
ninja,5195,0,0.09581989049911502,0
ninja,5032,0,0.09581989049911502,0
ninja,5258,0,0.09581989049911502,0
ninja,5019,0,0.09581989049911502,0
ninja,5218,0,0.09581989049911502,0
ninja,5170,0,0.09581989049911502,0
ninja,5129,0,0.09581989049911502,0
ninja,5024,0,0.09581989049911502,0
ninja,5010,0,0.09581989049911502,0
ninja,5200,0,0.09581989049911502,0
ninja,5076,0,0.09581989049911502,0
ninja,5172,0,0.09581989049911502,0
ninja,5145,0,0.09581989049911502,0
ninja,5249,0,0.09581989049911502,0
ninja,5223,0,0.09581989049911502,0
ninja,5171,0,0.09581989049911502,0
ninja,2699,0,0.09581989049911502,0
ninja,5175,0,0.09581989049911502,0
ninja,5034,0,0.09581989049911502,0
ninja,2675,0,0.09581989049911502,0
ninja,5057,0,0.09581989049911502,0
ninja,5066,0,0.09581989049911502,0
ninja,5051,0,0.09581989049911502,0
ninja,5253,0,0.09581989049911502,0
ninja,2676,0,0.09581989049911502,0
ninja,2698,0,0.09581989049911502,0
ninja,2694,0,0.09581989049911502,0
ninja,5204,0,0.09581989049911502,0
ninja,5029,0,0.09581989049911502,0
ninja,5179,0,0.09581989049911502,0
ninja,5016,0,0.09581989049911502,0
ninja,5205,0,0.09581989049911502,0
ninja,5186,0,0.09581989049911502,0
ninja,5037,0,0.09581989049911502,0
ninja,2678,0,0.09581989049911502,0
ninja,5082,0,0.09581989049911502,0
ninja,2682,0,0.09581989049911502,0
ninja,5184,0,0.09581989049911502,0
ninja,5075,0,0.09581989049911502,0
ninja,5074,0,0.09581989049911502,0
ninja,5237,0,0.09581989049911502,0
ninja,5238,0,0.09581989049911502,0
ninja,5162,0,0.09581989049911502,0
ninja,5026,0,0.09581989049911502,0
ninja,5041,0,0.09581989049911502,0
ninja,5161,0,0.09581989049911502,0
ninja,5113,0,0.09581989049911502,0
ninja,5112,0,0.09581989049911502,0
ninja,5111,0,0.09581989049911502,0
ninja,5196,0,0.09581989049911502,0
ninja,5165,0,0.09581989049911502,0
ninja,5124,0,0.09581989049911502,0
ninja,5232,0,0.09581989049911502,0
ninja,2685,0,0.09581989049911502,0
ninja,5006,0,0.09581989049911502,0
ninja,5116,0,0.09581989049911502,0
ninja,5101,0,0.09581989049911502,0
ninja,5109,0,0.09581989049911502,0
ninja,5160,0,0.09581989049911502,0
ninja,5114,0,0.09581989049911502,0
ninja,5083,0,0.09581989049911502,0
ninja,5025,0,0.09581989049911502,0
ninja,5153,0,0.09581989049911502,0
ninja,5022,0,0.09581989049911502,0
ninja,5038,0,0.09581989049911502,0
ninja,5126,0,0.09581989049911502,0
ninja,5136,0,0.09581989049911502,0
ninja,5155,0,0.09581989049911502,0
ninja,5103,0,0.09581989049911502,0
ninja,5088,0,0.09581989049911502,0
ninja,5154,0,0.09581989049911502,0
ninja,5118,0,0.09581989049911502,0
ninja,5219,0,0.09581989049911502,0
ninja,5125,0,0.09581989049911502,0
ninja,5134,0,0.09581989049911502,0
ninja,5158,0,0.09581989049911502,0
ninja,2709,0,0.09581989049911502,0
ninja,5222,0,0.09581989049911502,0
ninja,5203,0,0.09581989049911502,0
ninja,5151,0,0.09581989049911502,0
ninja,5028,0,0.09581989049911502,0
ninja,5182,0,0.09581989049911502,0
ninja,5053,0,0.09581989049911502,0
ninja,5135,0,0.09581989049911502,0
ninja,5228,0,0.09581989049911502,0
ninja,5233,0,0.09581989049911502,0
ninja,5077,0,0.09581989049911502,0
ninja,5187,0,0.09581989049911502,0
ninja,5167,0,0.09581989049911502,0
ninja,5087,0,0.09581989049911502,0
ninja,2697,0,0.09581989049911502,0
ninja,5262,0,0.09581989049911502,0
ninja,5094,0,0.09581989049911502,0
ninja,5254,0,0.09581989049911502,0
ninja,5069,0,0.09581989049911502,0
ninja,5120,0,0.09581989049911502,0
ninja,5231,0,0.09581989049911502,0
ninja,5156,0,0.09581989049911502,0
ninja,5059,0,0.09581989049911502,0
ninja,5064,0,0.09581989049911502,0
ninja,5178,0,0.09581989049911502,0
ninja,5227,0,0.09581989049911502,0
ninja,5086,0,0.09581989049911502,0
ninja,5192,0,0.09581989049911502,0
ninja,2688,0,0.09581989049911502,0
ninja,5220,0,0.09581989049911502,0
ninja,5168,0,0.09581989049911502,0
ninja,2687,1,0.09581989049911502,0
ninja,5191,0,0.09581989049911502,0
ninja,2668,0,0.09581989049911502,0
ninja,2691,0,0.09581989049911502,0
ninja,5067,0,0.09581989049911502,0
ninja,5047,0,0.09581989049911502,0
ninja,5085,0,0.09581989049911502,0
okhttp,5305,0,0.8400747946330481,1
okhttp,2008,0,0.8400747946330481,1
okhttp,5337,0,0.8400747946330481,1
okhttp,2398,0,0.8400747946330481,1
okhttp,2615,0,0.8400747946330481,1
okhttp,5271,0,0.8400747946330481,1
okhttp,5387,0,0.8400747946330481,1
okhttp,2397,0,0.8400747946330481,1
okhttp,2416,0,0.8400747946330481,1
okhttp,2412,0,0.8400747946330481,1
okhttp,2196,0,0.8400747946330481,1
okhttp,2296,0,0.8400747946330481,1
okhttp,2563,0,0.8400747946330481,1
okhttp,2473,1,0.8400747946330481,1
okhttp,2086,0,0.8400747946330481,1
okhttp,5350,0,0.8400747946330481,1
okhttp,2283,0,0.8400747946330481,1
okhttp,2354,1,0.8400747946330481,1
okhttp,2621,0,0.8400747946330481,1
okhttp,2212,0,0.8400747946330481,1
okhttp,2226,0,0.8400747946330481,1
okhttp,2329,0,0.8400747946330481,1
okhttp,2101,0,0.8400747946330481,1
okhttp,2201,0,0.8400747946330481,1
okhttp,2644,0,0.8400747946330481,1
okhttp,2361,0,0.8400747946330481,1
okhttp,2531,0,0.8400747946330481,1
okhttp,2195,0,0.8400747946330481,1
okhttp,2451,1,0.8400747946330481,1
okhttp,2175,0,0.8400747946330481,1
okhttp,2472,0,0.8400747946330481,1
okhttp,2561,0,0.8400747946330481,1
okhttp,5267,0,0.8400747946330481,1
okhttp,2022,0,0.8400747946330481,1
okhttp,2535,0,0.8400747946330481,1
okhttp,2023,0,0.8400747946330481,1
okhttp,2309,0,0.8400747946330481,1
okhttp,2471,1,0.8400747946330481,1
okhttp,5286,0,0.8400747946330481,1
okhttp,2305,0,0.8400747946330481,1
okhttp,2095,0,0.8400747946330481,1
okhttp,2128,0,0.8400747946330481,1
okhttp,5272,0,0.8400747946330481,1
okhttp,2417,0,0.8400747946330481,1
okhttp,5313,0,0.8400747946330481,1
okhttp,2286,0,0.8400747946330481,1
okhttp,2110,0,0.8400747946330481,1
okhttp,2193,0,0.8400747946330481,1
okhttp,2562,0,0.8400747946330481,1
okhttp,2439,0,0.8400747946330481,1
okhttp,1985,0,0.8400747946330481,1
okhttp,5362,0,0.8400747946330481,1
okhttp,2057,0,0.8400747946330481,1
okhttp,2157,0,0.8400747946330481,1
okhttp,2593,1,0.8400747946330481,1
okhttp,2393,0,0.8400747946330481,1
okhttp,2431,0,0.8400747946330481,1
okhttp,5368,0,0.8400747946330481,1
okhttp,2349,0,0.8400747946330481,1
okhttp,2242,0,0.8400747946330481,1
okhttp,2123,0,0.8400747946330481,1
okhttp,2042,0,0.8400747946330481,1
okhttp,2199,0,0.8400747946330481,1
okhttp,2642,0,0.8400747946330481,1
okhttp,2119,0,0.8400747946330481,1
okhttp,2625,0,0.8400747946330481,1
okhttp,2643,0,0.8400747946330481,1
okhttp,2640,0,0.8400747946330481,1
okhttp,2572,0,0.8400747946330481,1
okhttp,5348,0,0.8400747946330481,1
okhttp,2347,0,0.8400747946330481,1
okhttp,2409,0,0.8400747946330481,1
okhttp,2430,0,0.8400747946330481,1
okhttp,2376,0,0.8400747946330481,1
okhttp,2187,0,0.8400747946330481,1
okhttp,2449,0,0.8400747946330481,1
okhttp,2158,0,0.8400747946330481,1
okhttp,2260,0,0.8400747946330481,1
okhttp,2197,0,0.8400747946330481,1
okhttp,2626,0,0.8400747946330481,1
okhttp,2243,1,0.8400747946330481,1
okhttp,5336,0,0.8400747946330481,1
okhttp,2046,0,0.8400747946330481,1
okhttp,2298,1,0.8400747946330481,1
okhttp,2270,0,0.8400747946330481,1
okhttp,2555,0,0.8400747946330481,1
okhttp,2107,0,0.8400747946330481,1
okhttp,2455,0,0.8400747946330481,1
okhttp,2456,0,0.8400747946330481,1
okhttp,2217,0,0.8400747946330481,1
okhttp,2355,0,0.8400747946330481,1
okhttp,2544,0,0.8400747946330481,1
okhttp,2391,0,0.8400747946330481,1
okhttp,2377,0,0.8400747946330481,1
okhttp,2127,0,0.8400747946330481,1
okhttp,2100,0,0.8400747946330481,1
okhttp,2031,0,0.8400747946330481,1
okhttp,2485,0,0.8400747946330481,1
okhttp,2594,1,0.8400747946330481,1
okhttp,2368,0,0.8400747946330481,1
okhttp,2603,0,0.8400747946330481,1
okhttp,2666,0,0.8400747946330481,1
okhttp,2317,0,0.8400747946330481,1
okhttp,2415,0,0.8400747946330481,1
okhttp,2116,0,0.8400747946330481,1
okhttp,2557,0,0.8400747946330481,1
okhttp,2021,0,0.8400747946330481,1
okhttp,2545,0,0.8400747946330481,1
okhttp,2613,0,0.8400747946330481,1
okhttp,5297,0,0.8400747946330481,1
okhttp,2387,0,0.8400747946330481,1
okhttp,2490,0,0.8400747946330481,1
okhttp,5280,0,0.8400747946330481,1
okhttp,2291,0,0.8400747946330481,1
okhttp,2365,1,0.8400747946330481,1
okhttp,5311,0,0.8400747946330481,1
okhttp,2208,0,0.8400747946330481,1
okhttp,2186,0,0.8400747946330481,1
okhttp,5382,0,0.8400747946330481,1
okhttp,2559,0,0.8400747946330481,1
okhttp,2458,0,0.8400747946330481,1
okhttp,2575,0,0.8400747946330481,1
okhttp,2448,0,0.8400747946330481,1
okhttp,2481,0,0.8400747946330481,1
okhttp,2182,0,0.8400747946330481,1
okhttp,2214,0,0.8400747946330481,1
okhttp,2237,0,0.8400747946330481,1
okhttp,2604,0,0.8400747946330481,1
okhttp,2428,0,0.8400747946330481,1
okhttp,5360,0,0.8400747946330481,1
okhttp,2396,1,0.8400747946330481,1
okhttp,2132,1,0.8400747946330481,1
okhttp,2074,0,0.8400747946330481,1
okhttp,2461,0,0.8400747946330481,1
okhttp,2523,0,0.8400747946330481,1
okhttp,2170,0,0.8400747946330481,1
okhttp,2010,0,0.8400747946330481,1
okhttp,2665,0,0.8400747946330481,1
okhttp,2496,1,0.8400747946330481,1
okhttp,2134,0,0.8400747946330481,1
okhttp,2004,0,0.8400747946330481,1
okhttp,2514,0,0.8400747946330481,1
okhttp,2426,0,0.8400747946330481,1
okhttp,2600,0,0.8400747946330481,1
okhttp,2507,0,0.8400747946330481,1
okhttp,5352,0,0.8400747946330481,1
okhttp,5265,0,0.8400747946330481,1
okhttp,2180,1,0.8400747946330481,1
okhttp,2568,0,0.8400747946330481,1
okhttp,2453,0,0.8400747946330481,1
okhttp,2466,0,0.8400747946330481,1
okhttp,2369,0,0.8400747946330481,1
okhttp,2229,0,0.8400747946330481,1
okhttp,2090,0,0.8400747946330481,1
okhttp,1990,0,0.8400747946330481,1
okhttp,5295,0,0.8400747946330481,1
okhttp,2313,1,0.8400747946330481,1
okhttp,5299,0,0.8400747946330481,1
okhttp,2508,1,0.8400747946330481,1
okhttp,5349,0,0.8400747946330481,1
okhttp,2144,0,0.8400747946330481,1
okhttp,2218,0,0.8400747946330481,1
okhttp,5326,0,0.8400747946330481,1
okhttp,1989,0,0.8400747946330481,1
okhttp,2301,1,0.8400747946330481,1
okhttp,2027,0,0.8400747946330481,1
okhttp,2630,0,0.8400747946330481,1
okhttp,2054,0,0.8400747946330481,1
okhttp,2059,0,0.8400747946330481,1
okhttp,2266,0,0.8400747946330481,1
okhttp,2404,0,0.8400747946330481,1
okhttp,2605,0,0.8400747946330481,1
okhttp,2533,0,0.8400747946330481,1
okhttp,2102,0,0.8400747946330481,1
okhttp,2478,1,0.8400747946330481,1
okhttp,2534,0,0.8400747946330481,1
okhttp,2263,1,0.8400747946330481,1
okhttp,2380,0,0.8400747946330481,1
okhttp,2632,0,0.8400747946330481,1
okhttp,2205,0,0.8400747946330481,1
okhttp,2088,0,0.8400747946330481,1
okhttp,2395,1,0.8400747946330481,1
okhttp,2176,0,0.8400747946330481,1
okhttp,2521,0,0.8400747946330481,1
okhttp,2325,0,0.8400747946330481,1
okhttp,2211,0,0.8400747946330481,1
okhttp,2356,1,0.8400747946330481,1
okhttp,2366,0,0.8400747946330481,1
okhttp,2379,1,0.8400747946330481,1
okhttp,2543,0,0.8400747946330481,1
okhttp,5284,0,0.8400747946330481,1
okhttp,2394,0,0.8400747946330481,1
okhttp,2178,0,0.8400747946330481,1
okhttp,5319,0,0.8400747946330481,1
okhttp,2277,0,0.8400747946330481,1
okhttp,2249,0,0.8400747946330481,1
okhttp,2255,0,0.8400747946330481,1
okhttp,2479,0,0.8400747946330481,1
okhttp,2288,0,0.8400747946330481,1
okhttp,2222,0,0.8400747946330481,1
okhttp,2516,0,0.8400747946330481,1
okhttp,1999,0,0.8400747946330481,1
okhttp,2219,0,0.8400747946330481,1
okhttp,2646,0,0.8400747946330481,1
okhttp,5291,0,0.8400747946330481,1
okhttp,2570,0,0.8400747946330481,1
okhttp,2248,0,0.8400747946330481,1
okhttp,2627,0,0.8400747946330481,1
okhttp,2290,0,0.8400747946330481,1
okhttp,5372,0,0.8400747946330481,1
okhttp,2474,1,0.8400747946330481,1
okhttp,2667,0,0.8400747946330481,1
okhttp,2297,0,0.8400747946330481,1
okhttp,2126,0,0.8400747946330481,1
okhttp,2567,0,0.8400747946330481,1
okhttp,2498,0,0.8400747946330481,1
okhttp,2564,0,0.8400747946330481,1
okhttp,2093,0,0.8400747946330481,1
okhttp,5342,0,0.8400747946330481,1
okhttp,5351,0,0.8400747946330481,1
okhttp,2168,0,0.8400747946330481,1
okhttp,2437,0,0.8400747946330481,1
okhttp,2000,0,0.8400747946330481,1
okhttp,5347,0,0.8400747946330481,1
okhttp,5365,0,0.8400747946330481,1
okhttp,2307,0,0.8400747946330481,1
okhttp,2586,0,0.8400747946330481,1
okhttp,2221,0,0.8400747946330481,1
okhttp,2139,0,0.8400747946330481,1
okhttp,2528,0,0.8400747946330481,1
okhttp,2322,0,0.8400747946330481,1
okhttp,2390,0,0.8400747946330481,1
okhttp,2419,0,0.8400747946330481,1
okhttp,2018,0,0.8400747946330481,1
okhttp,5343,0,0.8400747946330481,1
okhttp,2265,0,0.8400747946330481,1
okhttp,5317,0,0.8400747946330481,1
okhttp,5357,0,0.8400747946330481,1
okhttp,2661,0,0.8400747946330481,1
okhttp,2579,0,0.8400747946330481,1
okhttp,2232,0,0.8400747946330481,1
okhttp,2578,0,0.8400747946330481,1
okhttp,2097,0,0.8400747946330481,1
okhttp,2357,1,0.8400747946330481,1
okhttp,2314,0,0.8400747946330481,1
okhttp,2153,0,0.8400747946330481,1
okhttp,2234,1,0.8400747946330481,1
okhttp,2407,0,0.8400747946330481,1
okhttp,2539,0,0.8400747946330481,1
okhttp,2245,1,0.8400747946330481,1
okhttp,2612,0,0.8400747946330481,1
okhttp,2032,0,0.8400747946330481,1
okhttp,2378,1,0.8400747946330481,1
okhttp,5322,0,0.8400747946330481,1
okhttp,2645,0,0.8400747946330481,1
okhttp,2441,0,0.8400747946330481,1
okhttp,2422,0,0.8400747946330481,1
okhttp,2520,0,0.8400747946330481,1
okhttp,2141,0,0.8400747946330481,1
okhttp,2647,0,0.8400747946330481,1
okhttp,5285,0,0.8400747946330481,1
okhttp,2475,1,0.8400747946330481,1
okhttp,5307,0,0.8400747946330481,1
okhttp,2493,1,0.8400747946330481,1
okhttp,2066,0,0.8400747946330481,1
okhttp,2096,0,0.8400747946330481,1
okhttp,2011,0,0.8400747946330481,1
okhttp,2202,0,0.8400747946330481,1
okhttp,2503,0,0.8400747946330481,1
okhttp,2030,0,0.8400747946330481,1
okhttp,2254,0,0.8400747946330481,1
okhttp,2216,0,0.8400747946330481,1
okhttp,2359,0,0.8400747946330481,1
okhttp,2352,1,0.8400747946330481,1
okhttp,2657,0,0.8400747946330481,1
okhttp,2190,0,0.8400747946330481,1
okhttp,2303,0,0.8400747946330481,1
okhttp,2177,0,0.8400747946330481,1
okhttp,2492,1,0.8400747946330481,1
okhttp,2408,0,0.8400747946330481,1
okhttp,2548,0,0.8400747946330481,1
okhttp,1991,0,0.8400747946330481,1
okhttp,5370,0,0.8400747946330481,1
okhttp,2078,0,0.8400747946330481,1
okhttp,2400,0,0.8400747946330481,1
okhttp,2275,0,0.8400747946330481,1
okhttp,5266,0,0.8400747946330481,1
okhttp,2179,0,0.8400747946330481,1
okhttp,2663,0,0.8400747946330481,1
okhttp,2532,0,0.8400747946330481,1
okhttp,1993,0,0.8400747946330481,1
okhttp,5320,0,0.8400747946330481,1
okhttp,2121,0,0.8400747946330481,1
okhttp,2315,0,0.8400747946330481,1
okhttp,2137,0,0.8400747946330481,1
okhttp,2358,0,0.8400747946330481,1
okhttp,2272,0,0.8400747946330481,1
okhttp,2601,1,0.8400747946330481,1
okhttp,2399,0,0.8400747946330481,1
okhttp,2484,1,0.8400747946330481,1
okhttp,2174,0,0.8400747946330481,1
okhttp,2442,1,0.8400747946330481,1
okhttp,2435,0,0.8400747946330481,1
okhttp,2551,0,0.8400747946330481,1
okhttp,2244,1,0.8400747946330481,1
okhttp,2518,0,0.8400747946330481,1
okhttp,2636,0,0.8400747946330481,1
okhttp,2546,0,0.8400747946330481,1
okhttp,2554,0,0.8400747946330481,1
okhttp,5274,0,0.8400747946330481,1
okhttp,2660,0,0.8400747946330481,1
okhttp,2662,0,0.8400747946330481,1
okhttp,5379,0,0.8400747946330481,1
okhttp,2424,1,0.8400747946330481,1
okhttp,2149,0,0.8400747946330481,1
okhttp,5338,0,0.8400747946330481,1
okhttp,2311,0,0.8400747946330481,1
okhttp,2079,0,0.8400747946330481,1
okhttp,2540,0,0.8400747946330481,1
okhttp,2549,0,0.8400747946330481,1
okhttp,2386,0,0.8400747946330481,1
okhttp,2056,0,0.8400747946330481,1
okhttp,2293,0,0.8400747946330481,1
okhttp,5294,0,0.8400747946330481,1
okhttp,2238,1,0.8400747946330481,1
okhttp,2445,1,0.8400747946330481,1
okhttp,2209,0,0.8400747946330481,1
okhttp,2324,0,0.8400747946330481,1
okhttp,5293,0,0.8400747946330481,1
okhttp,2274,1,0.8400747946330481,1
okhttp,2284,0,0.8400747946330481,1
okhttp,2251,0,0.8400747946330481,1
okhttp,2418,0,0.8400747946330481,1
okhttp,2515,0,0.8400747946330481,1
okhttp,2350,0,0.8400747946330481,1
okhttp,2658,0,0.8400747946330481,1
okhttp,2463,1,0.8400747946330481,1
okhttp,2635,0,0.8400747946330481,1
okhttp,2477,0,0.8400747946330481,1
okhttp,2138,0,0.8400747946330481,1
okhttp,2062,0,0.8400747946330481,1
okhttp,2007,1,0.8400747946330481,1
okhttp,2055,0,0.8400747946330481,1
okhttp,2462,0,0.8400747946330481,1
okhttp,2145,0,0.8400747946330481,1
okhttp,2624,0,0.8400747946330481,1
okhttp,2052,0,0.8400747946330481,1
okhttp,2582,1,0.8400747946330481,1
okhttp,2631,0,0.8400747946330481,1
okhttp,2370,0,0.8400747946330481,1
okhttp,2595,0,0.8400747946330481,1
okhttp,2015,0,0.8400747946330481,1
okhttp,2509,0,0.8400747946330481,1
okhttp,2125,0,0.8400747946330481,1
okhttp,5288,0,0.8400747946330481,1
okhttp,2446,1,0.8400747946330481,1
okhttp,2184,0,0.8400747946330481,1
okhttp,2308,0,0.8400747946330481,1
okhttp,2167,0,0.8400747946330481,1
okhttp,2061,0,0.8400747946330481,1
okhttp,2440,0,0.8400747946330481,1
okhttp,2142,0,0.8400747946330481,1
okhttp,5275,0,0.8400747946330481,1
okhttp,2580,1,0.8400747946330481,1
okhttp,2213,0,0.8400747946330481,1
okhttp,2306,0,0.8400747946330481,1
okhttp,2433,1,0.8400747946330481,1
okhttp,2634,0,0.8400747946330481,1
okhttp,5373,0,0.8400747946330481,1
okhttp,2410,0,0.8400747946330481,1
okhttp,2326,0,0.8400747946330481,1
okhttp,2382,0,0.8400747946330481,1
okhttp,2628,0,0.8400747946330481,1
okhttp,2585,0,0.8400747946330481,1
okhttp,2259,0,0.8400747946330481,1
okhttp,2033,0,0.8400747946330481,1
okhttp,2068,0,0.8400747946330481,1
okhttp,2278,0,0.8400747946330481,1
okhttp,2321,0,0.8400747946330481,1
okhttp,5380,0,0.8400747946330481,1
okhttp,5276,0,0.8400747946330481,1
okhttp,2602,0,0.8400747946330481,1
okhttp,2131,0,0.8400747946330481,1
okhttp,2425,1,0.8400747946330481,1
okhttp,2526,0,0.8400747946330481,1
okhttp,2215,0,0.8400747946330481,1
okhttp,2320,0,0.8400747946330481,1
okhttp,2610,0,0.8400747946330481,1
okhttp,5304,0,0.8400747946330481,1
okhttp,5375,0,0.8400747946330481,1
okhttp,5314,0,0.8400747946330481,1
okhttp,2262,0,0.8400747946330481,1
okhttp,5389,0,0.8400747946330481,1
okhttp,2172,0,0.8400747946330481,1
okhttp,5308,0,0.8400747946330481,1
okhttp,2511,0,0.8400747946330481,1
okhttp,2598,0,0.8400747946330481,1
okhttp,2037,0,0.8400747946330481,1
okhttp,5376,0,0.8400747946330481,1
okhttp,2225,0,0.8400747946330481,1
okhttp,2331,0,0.8400747946330481,1
okhttp,2060,0,0.8400747946330481,1
okhttp,2300,0,0.8400747946330481,1
okhttp,1996,0,0.8400747946330481,1
okhttp,2538,0,0.8400747946330481,1
okhttp,2281,0,0.8400747946330481,1
okhttp,2659,0,0.8400747946330481,1
okhttp,2664,0,0.8400747946330481,1
okhttp,2082,0,0.8400747946330481,1
okhttp,5290,0,0.8400747946330481,1
okhttp,2537,0,0.8400747946330481,1
okhttp,2488,1,0.8400747946330481,1
okhttp,2525,0,0.8400747946330481,1
okhttp,2185,1,0.8400747946330481,1
okhttp,2406,0,0.8400747946330481,1
okhttp,2253,0,0.8400747946330481,1
okhttp,2038,0,0.8400747946330481,1
okhttp,2524,0,0.8400747946330481,1
okhttp,2337,0,0.8400747946330481,1
okhttp,2581,1,0.8400747946330481,1
okhttp,2220,0,0.8400747946330481,1
okhttp,2653,0,0.8400747946330481,1
okhttp,2073,0,0.8400747946330481,1
okhttp,5281,0,0.8400747946330481,1
okhttp,2194,0,0.8400747946330481,1
okhttp,2411,0,0.8400747946330481,1
okhttp,2367,0,0.8400747946330481,1
okhttp,2048,0,0.8400747946330481,1
okhttp,2512,0,0.8400747946330481,1
okhttp,2344,0,0.8400747946330481,1
okhttp,5289,0,0.8400747946330481,1
okhttp,5363,0,0.8400747946330481,1
okhttp,2517,0,0.8400747946330481,1
okhttp,5335,0,0.8400747946330481,1
okhttp,2629,0,0.8400747946330481,1
okhttp,5331,0,0.8400747946330481,1
okhttp,2316,0,0.8400747946330481,1
okhttp,2452,0,0.8400747946330481,1
okhttp,2421,1,0.8400747946330481,1
okhttp,2203,0,0.8400747946330481,1
okhttp,2207,0,0.8400747946330481,1
okhttp,2239,0,0.8400747946330481,1
okhttp,2019,0,0.8400747946330481,1
okhttp,2285,0,0.8400747946330481,1
okhttp,2108,0,0.8400747946330481,1
okhttp,2240,0,0.8400747946330481,1
okhttp,2622,0,0.8400747946330481,1
okhttp,2438,0,0.8400747946330481,1
okhttp,2566,0,0.8400747946330481,1
okhttp,2160,0,0.8400747946330481,1
okhttp,2161,0,0.8400747946330481,1
okhttp,2075,0,0.8400747946330481,1
okhttp,2053,0,0.8400747946330481,1
okhttp,5268,0,0.8400747946330481,1
okhttp,2550,0,0.8400747946330481,1
okhttp,2332,0,0.8400747946330481,1
okhttp,2105,0,0.8400747946330481,1
okhttp,2363,0,0.8400747946330481,1
okhttp,2292,1,0.8400747946330481,1
okhttp,5315,0,0.8400747946330481,1
okhttp,2009,0,0.8400747946330481,1
okhttp,2330,0,0.8400747946330481,1
okhttp,2552,0,0.8400747946330481,1
okhttp,2504,1,0.8400747946330481,1
okhttp,2502,1,0.8400747946330481,1
okhttp,2124,0,0.8400747946330481,1
okhttp,2013,0,0.8400747946330481,1
okhttp,2117,0,0.8400747946330481,1
okhttp,2420,0,0.8400747946330481,1
okhttp,1987,0,0.8400747946330481,1
okhttp,5340,0,0.8400747946330481,1
okhttp,2024,0,0.8400747946330481,1
okhttp,2372,0,0.8400747946330481,1
okhttp,2099,0,0.8400747946330481,1
okhttp,2319,0,0.8400747946330481,1
okhttp,2080,0,0.8400747946330481,1
okhttp,2648,0,0.8400747946330481,1
okhttp,2530,0,0.8400747946330481,1
okhttp,5301,0,0.8400747946330481,1
okhttp,2189,1,0.8400747946330481,1
okhttp,2111,0,0.8400747946330481,1
okhttp,2135,0,0.8400747946330481,1
okhttp,2276,1,0.8400747946330481,1
okhttp,2113,1,0.8400747946330481,1
okhttp,5383,0,0.8400747946330481,1
okhttp,2279,0,0.8400747946330481,1
okhttp,5374,0,0.8400747946330481,1
okhttp,2280,0,0.8400747946330481,1
okhttp,5381,0,0.8400747946330481,1
okhttp,2328,0,0.8400747946330481,1
okhttp,2402,1,0.8400747946330481,1
okhttp,5334,0,0.8400747946330481,1
okhttp,2556,0,0.8400747946330481,1
okhttp,2341,1,0.8400747946330481,1
okhttp,2098,0,0.8400747946330481,1
okhttp,2230,0,0.8400747946330481,1
okhttp,2584,0,0.8400747946330481,1
okhttp,5359,0,0.8400747946330481,1
okhttp,2005,0,0.8400747946330481,1
okhttp,2156,0,0.8400747946330481,1
okhttp,2654,0,0.8400747946330481,1
okhttp,2036,0,0.8400747946330481,1
okhttp,2171,0,0.8400747946330481,1
okhttp,2486,0,0.8400747946330481,1
okhttp,5277,0,0.8400747946330481,1
okhttp,2592,0,0.8400747946330481,1
okhttp,2165,0,0.8400747946330481,1
okhttp,2310,0,0.8400747946330481,1
okhttp,2166,0,0.8400747946330481,1
okhttp,5355,0,0.8400747946330481,1
okhttp,2143,0,0.8400747946330481,1
okhttp,2295,0,0.8400747946330481,1
okhttp,5333,0,0.8400747946330481,1
okhttp,5386,0,0.8400747946330481,1
okhttp,2071,0,0.8400747946330481,1
okhttp,2267,0,0.8400747946330481,1
okhttp,2181,0,0.8400747946330481,1
okhttp,2223,0,0.8400747946330481,1
okhttp,2577,0,0.8400747946330481,1
okhttp,5283,0,0.8400747946330481,1
okhttp,2513,0,0.8400747946330481,1
okhttp,2569,0,0.8400747946330481,1
okhttp,2026,0,0.8400747946330481,1
okhttp,2039,0,0.8400747946330481,1
okhttp,2351,1,0.8400747946330481,1
okhttp,5316,0,0.8400747946330481,1
okhttp,2151,0,0.8400747946330481,1
okhttp,5332,0,0.8400747946330481,1
okhttp,2617,0,0.8400747946330481,1
okhttp,5300,0,0.8400747946330481,1
okhttp,2092,0,0.8400747946330481,1
okhttp,2606,0,0.8400747946330481,1
okhttp,2373,0,0.8400747946330481,1
okhttp,2140,0,0.8400747946330481,1
okhttp,2597,1,0.8400747946330481,1
okhttp,1994,0,0.8400747946330481,1
okhttp,5282,0,0.8400747946330481,1
okhttp,2392,1,0.8400747946330481,1
okhttp,2045,0,0.8400747946330481,1
okhttp,5324,0,0.8400747946330481,1
okhttp,2334,0,0.8400747946330481,1
okhttp,2282,0,0.8400747946330481,1
okhttp,2447,0,0.8400747946330481,1
okhttp,5309,0,0.8400747946330481,1
okhttp,2133,0,0.8400747946330481,1
okhttp,2482,0,0.8400747946330481,1
okhttp,2375,0,0.8400747946330481,1
okhttp,5318,0,0.8400747946330481,1
okhttp,2432,0,0.8400747946330481,1
okhttp,2091,0,0.8400747946330481,1
okhttp,5366,0,0.8400747946330481,1
okhttp,5310,0,0.8400747946330481,1
okhttp,2103,0,0.8400747946330481,1
okhttp,2028,0,0.8400747946330481,1
okhttp,2374,0,0.8400747946330481,1
okhttp,5279,0,0.8400747946330481,1
okhttp,2150,0,0.8400747946330481,1
okhttp,2541,0,0.8400747946330481,1
okhttp,2163,0,0.8400747946330481,1
okhttp,2006,0,0.8400747946330481,1
okhttp,2616,0,0.8400747946330481,1
okhttp,1998,0,0.8400747946330481,1
okhttp,2077,0,0.8400747946330481,1
okhttp,2287,0,0.8400747946330481,1
okhttp,2094,0,0.8400747946330481,1
okhttp,2558,0,0.8400747946330481,1
okhttp,2529,0,0.8400747946330481,1
okhttp,2465,1,0.8400747946330481,1
okhttp,2649,0,0.8400747946330481,1
okhttp,1992,0,0.8400747946330481,1
okhttp,1988,0,0.8400747946330481,1
okhttp,2206,0,0.8400747946330481,1
okhttp,2252,0,0.8400747946330481,1
okhttp,2364,1,0.8400747946330481,1
okhttp,2327,0,0.8400747946330481,1
okhttp,2188,1,0.8400747946330481,1
okhttp,2302,0,0.8400747946330481,1
okhttp,2405,1,0.8400747946330481,1
okhttp,2069,0,0.8400747946330481,1
okhttp,2599,1,0.8400747946330481,1
okhttp,5303,0,0.8400747946330481,1
okhttp,2210,0,0.8400747946330481,1
okhttp,2427,0,0.8400747946330481,1
okhttp,2173,0,0.8400747946330481,1
okhttp,2154,0,0.8400747946330481,1
okhttp,5278,0,0.8400747946330481,1
okhttp,2429,0,0.8400747946330481,1
okhttp,2250,1,0.8400747946330481,1
okhttp,2443,1,0.8400747946330481,1
okhttp,2542,0,0.8400747946330481,1
okhttp,2269,0,0.8400747946330481,1
okhttp,2271,0,0.8400747946330481,1
okhttp,5298,0,0.8400747946330481,1
okhttp,2499,1,0.8400747946330481,1
okhttp,2335,0,0.8400747946330481,1
okhttp,2641,0,0.8400747946330481,1
okhttp,2130,0,0.8400747946330481,1
okhttp,2587,1,0.8400747946330481,1
okhttp,2589,0,0.8400747946330481,1
okhttp,2633,0,0.8400747946330481,1
okhttp,2020,0,0.8400747946330481,1
okhttp,2656,0,0.8400747946330481,1
okhttp,2339,0,0.8400747946330481,1
okhttp,2501,0,0.8400747946330481,1
okhttp,2414,1,0.8400747946330481,1
okhttp,2268,1,0.8400747946330481,1
okhttp,5302,0,0.8400747946330481,1
okhttp,2155,0,0.8400747946330481,1
okhttp,5344,0,0.8400747946330481,1
okhttp,2522,0,0.8400747946330481,1
okhttp,2384,0,0.8400747946330481,1
okhttp,2084,0,0.8400747946330481,1
okhttp,2002,0,0.8400747946330481,1
okhttp,5296,0,0.8400747946330481,1
okhttp,2618,0,0.8400747946330481,1
okhttp,2258,0,0.8400747946330481,1
okhttp,2246,0,0.8400747946330481,1
okhttp,2651,0,0.8400747946330481,1
okhttp,2623,0,0.8400747946330481,1
okhttp,2505,1,0.8400747946330481,1
okhttp,2401,1,0.8400747946330481,1
okhttp,2299,0,0.8400747946330481,1
okhttp,2583,0,0.8400747946330481,1
okhttp,2063,0,0.8400747946330481,1
okhttp,2065,0,0.8400747946330481,1
okhttp,2043,0,0.8400747946330481,1
okhttp,1997,0,0.8400747946330481,1
okhttp,2413,1,0.8400747946330481,1
okhttp,2608,0,0.8400747946330481,1
okhttp,2650,0,0.8400747946330481,1
okhttp,2385,1,0.8400747946330481,1
okhttp,5292,0,0.8400747946330481,1
okhttp,2235,0,0.8400747946330481,1
okhttp,2115,0,0.8400747946330481,1
okhttp,2236,0,0.8400747946330481,1
okhttp,2312,1,0.8400747946330481,1
okhttp,2468,0,0.8400747946330481,1
okhttp,2652,0,0.8400747946330481,1
okhttp,2012,0,0.8400747946330481,1
okhttp,5391,0,0.8400747946330481,1
okhttp,2620,0,0.8400747946330481,1
okhttp,2491,0,0.8400747946330481,1
okhttp,2047,0,0.8400747946330481,1
okhttp,2403,1,0.8400747946330481,1
okhttp,5356,0,0.8400747946330481,1
okhttp,2487,1,0.8400747946330481,1
okhttp,2289,0,0.8400747946330481,1
okhttp,2469,1,0.8400747946330481,1
okhttp,2159,0,0.8400747946330481,1
okhttp,2034,0,0.8400747946330481,1
okhttp,5328,0,0.8400747946330481,1
okhttp,2231,1,0.8400747946330481,1
okhttp,2434,0,0.8400747946330481,1
okhttp,2041,0,0.8400747946330481,1
okhttp,2450,0,0.8400747946330481,1
okhttp,2590,1,0.8400747946330481,1
okhttp,2129,0,0.8400747946330481,1
okhttp,2560,0,0.8400747946330481,1
okhttp,2333,0,0.8400747946330481,1
okhttp,2081,0,0.8400747946330481,1
okhttp,2014,0,0.8400747946330481,1
okhttp,2050,0,0.8400747946330481,1
okhttp,2294,1,0.8400747946330481,1
okhttp,2591,1,0.8400747946330481,1
okhttp,2003,0,0.8400747946330481,1
okhttp,5346,0,0.8400747946330481,1
okhttp,2353,0,0.8400747946330481,1
okhttp,2029,0,0.8400747946330481,1
okhttp,5354,0,0.8400747946330481,1
okhttp,2192,0,0.8400747946330481,1
okhttp,2639,0,0.8400747946330481,1
okhttp,2494,1,0.8400747946330481,1
okhttp,2264,0,0.8400747946330481,1
okhttp,2489,0,0.8400747946330481,1
okhttp,2256,1,0.8400747946330481,1
okhttp,5361,0,0.8400747946330481,1
okhttp,2336,0,0.8400747946330481,1
okhttp,5339,0,0.8400747946330481,1
okhttp,2607,0,0.8400747946330481,1
okhttp,2576,0,0.8400747946330481,1
okhttp,2436,0,0.8400747946330481,1
okhttp,2655,0,0.8400747946330481,1
okhttp,1986,0,0.8400747946330481,1
okhttp,2609,0,0.8400747946330481,1
okhttp,2044,0,0.8400747946330481,1
okhttp,5312,0,0.8400747946330481,1
okhttp,2389,1,0.8400747946330481,1
okhttp,2323,0,0.8400747946330481,1
okhttp,2146,0,0.8400747946330481,1
okhttp,5329,0,0.8400747946330481,1
okhttp,5367,0,0.8400747946330481,1
okhttp,2017,0,0.8400747946330481,1
okhttp,5353,0,0.8400747946330481,1
okhttp,5371,0,0.8400747946330481,1
okhttp,5323,0,0.8400747946330481,1
okhttp,2016,0,0.8400747946330481,1
okhttp,2571,0,0.8400747946330481,1
okhttp,2388,0,0.8400747946330481,1
okhttp,2261,0,0.8400747946330481,1
okhttp,2383,1,0.8400747946330481,1
okhttp,2547,0,0.8400747946330481,1
okhttp,2457,1,0.8400747946330481,1
okhttp,2109,0,0.8400747946330481,1
okhttp,2183,0,0.8400747946330481,1
okhttp,2638,0,0.8400747946330481,1
okhttp,2085,0,0.8400747946330481,1
okhttp,2147,0,0.8400747946330481,1
okhttp,2527,0,0.8400747946330481,1
okhttp,2241,0,0.8400747946330481,1
okhttp,2444,1,0.8400747946330481,1
okhttp,2480,0,0.8400747946330481,1
okhttp,5306,0,0.8400747946330481,1
okhttp,2089,0,0.8400747946330481,1
okhttp,5377,0,0.8400747946330481,1
okhttp,2536,0,0.8400747946330481,1
okhttp,2001,0,0.8400747946330481,1
okhttp,2112,0,0.8400747946330481,1
okhttp,2467,1,0.8400747946330481,1
okhttp,2198,0,0.8400747946330481,1
okhttp,2148,0,0.8400747946330481,1
okhttp,2114,0,0.8400747946330481,1
okhttp,2565,0,0.8400747946330481,1
okhttp,5385,0,0.8400747946330481,1
okhttp,5321,0,0.8400747946330481,1
okhttp,5345,0,0.8400747946330481,1
okhttp,2076,0,0.8400747946330481,1
okhttp,2423,0,0.8400747946330481,1
okhttp,2164,0,0.8400747946330481,1
okhttp,5327,0,0.8400747946330481,1
orbit,908,0,0.8831773598988851,1
orbit,869,0,0.8831773598988851,1
orbit,902,0,0.8831773598988851,1
orbit,870,0,0.8831773598988851,1
orbit,893,1,0.8831773598988851,1
orbit,846,0,0.8831773598988851,1
orbit,858,0,0.8831773598988851,1
orbit,878,0,0.8831773598988851,1
orbit,873,0,0.8831773598988851,1
orbit,876,0,0.8831773598988851,1
orbit,864,0,0.8831773598988851,1
orbit,887,0,0.8831773598988851,1
orbit,894,0,0.8831773598988851,1
orbit,906,0,0.8831773598988851,1
orbit,926,0,0.8831773598988851,1
orbit,892,0,0.8831773598988851,1
orbit,843,0,0.8831773598988851,1
orbit,915,0,0.8831773598988851,1
orbit,917,0,0.8831773598988851,1
orbit,921,0,0.8831773598988851,1
orbit,845,0,0.8831773598988851,1
orbit,910,0,0.8831773598988851,1
orbit,862,0,0.8831773598988851,1
orbit,863,0,0.8831773598988851,1
orbit,900,0,0.8831773598988851,1
orbit,853,1,0.8831773598988851,1
orbit,849,0,0.8831773598988851,1
orbit,860,0,0.8831773598988851,1
orbit,866,0,0.8831773598988851,1
orbit,881,0,0.8831773598988851,1
orbit,925,0,0.8831773598988851,1
orbit,914,0,0.8831773598988851,1
orbit,895,0,0.8831773598988851,1
orbit,867,0,0.8831773598988851,1
orbit,889,0,0.8831773598988851,1
orbit,884,0,0.8831773598988851,1
orbit,922,0,0.8831773598988851,1
orbit,920,0,0.8831773598988851,1
orbit,912,0,0.8831773598988851,1
orbit,890,0,0.8831773598988851,1
orbit,905,0,0.8831773598988851,1
orbit,913,0,0.8831773598988851,1
orbit,896,1,0.8831773598988851,1
orbit,848,0,0.8831773598988851,1
orbit,919,0,0.8831773598988851,1
orbit,888,0,0.8831773598988851,1
orbit,854,0,0.8831773598988851,1
orbit,850,0,0.8831773598988851,1
orbit,871,0,0.8831773598988851,1
orbit,911,0,0.8831773598988851,1
orbit,924,0,0.8831773598988851,1
orbit,885,1,0.8831773598988851,1
orbit,907,0,0.8831773598988851,1
orbit,898,0,0.8831773598988851,1
orbit,859,0,0.8831773598988851,1
orbit,847,0,0.8831773598988851,1
orbit,891,0,0.8831773598988851,1
orbit,899,0,0.8831773598988851,1
orbit,882,0,0.8831773598988851,1
orbit,904,0,0.8831773598988851,1
orbit,883,0,0.8831773598988851,1
orbit,852,0,0.8831773598988851,1
orbit,886,0,0.8831773598988851,1
orbit,856,0,0.8831773598988851,1
orbit,923,0,0.8831773598988851,1
orbit,903,0,0.8831773598988851,1
orbit,879,0,0.8831773598988851,1
orbit,901,0,0.8831773598988851,1
orbit,880,0,0.8831773598988851,1
orbit,877,0,0.8831773598988851,1
orbit,855,0,0.8831773598988851,1
orbit,868,1,0.8831773598988851,1
orbit,844,0,0.8831773598988851,1
orbit,897,1,0.8831773598988851,1
orbit,909,0,0.8831773598988851,1
orbit,842,0,0.8831773598988851,1
orbit,916,0,0.8831773598988851,1
orbit,918,0,0.8831773598988851,1
spring-boot,19399,0,0.8056315978368123,1
spring-boot,18509,0,0.8056315978368123,1
spring-boot,18859,0,0.8056315978368123,1
spring-boot,18536,0,0.8056315978368123,1
spring-boot,19212,0,0.8056315978368123,1
spring-boot,18895,0,0.8056315978368123,1
spring-boot,18896,0,0.8056315978368123,1
spring-boot,20269,1,0.8056315978368123,1
spring-boot,19431,0,0.8056315978368123,1
spring-boot,19253,0,0.8056315978368123,1
spring-boot,18990,0,0.8056315978368123,1
spring-boot,20049,0,0.8056315978368123,1
spring-boot,20020,0,0.8056315978368123,1
spring-boot,21987,0,0.8056315978368123,1
spring-boot,19600,0,0.8056315978368123,1
spring-boot,19037,0,0.8056315978368123,1
spring-boot,18526,0,0.8056315978368123,1
spring-boot,21956,0,0.8056315978368123,1
spring-boot,19903,0,0.8056315978368123,1
spring-boot,19826,0,0.8056315978368123,1
spring-boot,19971,0,0.8056315978368123,1
spring-boot,19606,0,0.8056315978368123,1
spring-boot,18335,0,0.8056315978368123,1
spring-boot,20213,0,0.8056315978368123,1
spring-boot,18467,0,0.8056315978368123,1
spring-boot,19346,0,0.8056315978368123,1
spring-boot,19024,0,0.8056315978368123,1
spring-boot,19800,0,0.8056315978368123,1
spring-boot,18840,0,0.8056315978368123,1
spring-boot,19599,0,0.8056315978368123,1
spring-boot,18356,0,0.8056315978368123,1
spring-boot,18341,0,0.8056315978368123,1
spring-boot,18616,0,0.8056315978368123,1
spring-boot,18680,0,0.8056315978368123,1
spring-boot,18885,0,0.8056315978368123,1
spring-boot,20129,0,0.8056315978368123,1
spring-boot,20263,1,0.8056315978368123,1
spring-boot,19264,0,0.8056315978368123,1
spring-boot,18932,0,0.8056315978368123,1
spring-boot,22006,0,0.8056315978368123,1
spring-boot,19563,0,0.8056315978368123,1
spring-boot,18591,0,0.8056315978368123,1
spring-boot,20199,0,0.8056315978368123,1
spring-boot,18608,0,0.8056315978368123,1
spring-boot,19349,0,0.8056315978368123,1
spring-boot,19489,0,0.8056315978368123,1
spring-boot,20127,0,0.8056315978368123,1
spring-boot,19201,0,0.8056315978368123,1
spring-boot,18829,0,0.8056315978368123,1
spring-boot,19144,0,0.8056315978368123,1
spring-boot,18944,0,0.8056315978368123,1
spring-boot,20270,1,0.8056315978368123,1
spring-boot,18382,0,0.8056315978368123,1
spring-boot,20235,1,0.8056315978368123,1
spring-boot,19712,0,0.8056315978368123,1
spring-boot,19867,1,0.8056315978368123,1
spring-boot,19589,0,0.8056315978368123,1
spring-boot,19219,0,0.8056315978368123,1
spring-boot,18799,0,0.8056315978368123,1
spring-boot,18850,0,0.8056315978368123,1
spring-boot,20254,1,0.8056315978368123,1
spring-boot,20173,0,0.8056315978368123,1
spring-boot,21940,0,0.8056315978368123,1
spring-boot,18648,0,0.8056315978368123,1
spring-boot,20118,0,0.8056315978368123,1
spring-boot,19642,0,0.8056315978368123,1
spring-boot,19675,0,0.8056315978368123,1
spring-boot,18523,0,0.8056315978368123,1
spring-boot,20070,0,0.8056315978368123,1
spring-boot,19932,0,0.8056315978368123,1
spring-boot,19357,0,0.8056315978368123,1
spring-boot,21942,0,0.8056315978368123,1
spring-boot,18741,0,0.8056315978368123,1
spring-boot,18378,0,0.8056315978368123,1
spring-boot,18710,0,0.8056315978368123,1
spring-boot,20174,0,0.8056315978368123,1
spring-boot,20084,0,0.8056315978368123,1
spring-boot,18611,0,0.8056315978368123,1
spring-boot,21952,0,0.8056315978368123,1
spring-boot,19522,1,0.8056315978368123,1
spring-boot,18589,0,0.8056315978368123,1
spring-boot,19732,0,0.8056315978368123,1
spring-boot,21983,0,0.8056315978368123,1
spring-boot,18440,0,0.8056315978368123,1
spring-boot,19926,0,0.8056315978368123,1
spring-boot,20087,0,0.8056315978368123,1
spring-boot,18435,0,0.8056315978368123,1
spring-boot,19534,1,0.8056315978368123,1
spring-boot,18743,0,0.8056315978368123,1
spring-boot,18802,0,0.8056315978368123,1
spring-boot,20243,1,0.8056315978368123,1
spring-boot,18698,0,0.8056315978368123,1
spring-boot,18749,0,0.8056315978368123,1
spring-boot,22013,0,0.8056315978368123,1
spring-boot,19769,0,0.8056315978368123,1
spring-boot,19218,0,0.8056315978368123,1
spring-boot,18728,0,0.8056315978368123,1
spring-boot,19627,0,0.8056315978368123,1
spring-boot,20046,0,0.8056315978368123,1
spring-boot,19012,0,0.8056315978368123,1
spring-boot,18618,0,0.8056315978368123,1
spring-boot,18870,0,0.8056315978368123,1
spring-boot,20277,1,0.8056315978368123,1
spring-boot,19841,0,0.8056315978368123,1
spring-boot,19645,0,0.8056315978368123,1
spring-boot,19552,0,0.8056315978368123,1
spring-boot,19571,0,0.8056315978368123,1
spring-boot,19543,0,0.8056315978368123,1
spring-boot,19334,0,0.8056315978368123,1
spring-boot,19947,0,0.8056315978368123,1
spring-boot,21974,1,0.8056315978368123,1
spring-boot,19733,0,0.8056315978368123,1
spring-boot,18480,0,0.8056315978368123,1
spring-boot,18452,0,0.8056315978368123,1
spring-boot,18856,0,0.8056315978368123,1
spring-boot,19793,0,0.8056315978368123,1
spring-boot,19377,0,0.8056315978368123,1
spring-boot,19165,0,0.8056315978368123,1
spring-boot,18532,0,0.8056315978368123,1
spring-boot,21957,0,0.8056315978368123,1
spring-boot,18595,0,0.8056315978368123,1
spring-boot,19096,0,0.8056315978368123,1
spring-boot,19515,1,0.8056315978368123,1
spring-boot,18893,0,0.8056315978368123,1
spring-boot,20032,0,0.8056315978368123,1
spring-boot,19392,0,0.8056315978368123,1
spring-boot,19475,1,0.8056315978368123,1
spring-boot,19038,0,0.8056315978368123,1
spring-boot,19076,0,0.8056315978368123,1
spring-boot,19005,0,0.8056315978368123,1
spring-boot,20281,1,0.8056315978368123,1
spring-boot,18866,0,0.8056315978368123,1
spring-boot,18542,0,0.8056315978368123,1
spring-boot,19356,0,0.8056315978368123,1
spring-boot,19211,0,0.8056315978368123,1
spring-boot,20053,0,0.8056315978368123,1
spring-boot,18798,0,0.8056315978368123,1
spring-boot,18725,0,0.8056315978368123,1
spring-boot,19586,0,0.8056315978368123,1
spring-boot,19918,0,0.8056315978368123,1
spring-boot,18478,0,0.8056315978368123,1
spring-boot,19184,0,0.8056315978368123,1
spring-boot,19232,0,0.8056315978368123,1
spring-boot,20114,0,0.8056315978368123,1
spring-boot,19192,0,0.8056315978368123,1
spring-boot,20324,0,0.8056315978368123,1
spring-boot,19429,0,0.8056315978368123,1
spring-boot,18420,0,0.8056315978368123,1
spring-boot,19771,0,0.8056315978368123,1
spring-boot,19466,0,0.8056315978368123,1
spring-boot,19691,0,0.8056315978368123,1
spring-boot,18496,0,0.8056315978368123,1
spring-boot,20226,0,0.8056315978368123,1
spring-boot,19010,0,0.8056315978368123,1
spring-boot,20112,0,0.8056315978368123,1
spring-boot,19766,0,0.8056315978368123,1
spring-boot,18537,0,0.8056315978368123,1
spring-boot,18384,0,0.8056315978368123,1
spring-boot,18955,0,0.8056315978368123,1
spring-boot,20006,0,0.8056315978368123,1
spring-boot,20040,0,0.8056315978368123,1
spring-boot,18777,0,0.8056315978368123,1
spring-boot,18577,0,0.8056315978368123,1
spring-boot,19965,0,0.8056315978368123,1
spring-boot,19131,0,0.8056315978368123,1
spring-boot,19313,0,0.8056315978368123,1
spring-boot,19318,0,0.8056315978368123,1
spring-boot,19683,0,0.8056315978368123,1
spring-boot,18929,0,0.8056315978368123,1
spring-boot,19384,0,0.8056315978368123,1
spring-boot,20168,0,0.8056315978368123,1
spring-boot,19916,0,0.8056315978368123,1
spring-boot,19893,0,0.8056315978368123,1
spring-boot,19194,0,0.8056315978368123,1
spring-boot,20130,0,0.8056315978368123,1
spring-boot,19719,0,0.8056315978368123,1
spring-boot,19013,0,0.8056315978368123,1
spring-boot,18362,0,0.8056315978368123,1
spring-boot,21967,0,0.8056315978368123,1
spring-boot,20313,0,0.8056315978368123,1
spring-boot,18424,0,0.8056315978368123,1
spring-boot,19326,0,0.8056315978368123,1
spring-boot,20184,0,0.8056315978368123,1
spring-boot,19585,0,0.8056315978368123,1
spring-boot,19432,0,0.8056315978368123,1
spring-boot,19440,0,0.8056315978368123,1
spring-boot,19576,0,0.8056315978368123,1
spring-boot,18809,0,0.8056315978368123,1
spring-boot,19464,0,0.8056315978368123,1
spring-boot,19134,0,0.8056315978368123,1
spring-boot,19624,0,0.8056315978368123,1
spring-boot,18615,0,0.8056315978368123,1
spring-boot,20015,0,0.8056315978368123,1
spring-boot,18695,0,0.8056315978368123,1
spring-boot,20284,1,0.8056315978368123,1
spring-boot,18791,0,0.8056315978368123,1
spring-boot,19142,0,0.8056315978368123,1
spring-boot,20316,0,0.8056315978368123,1
spring-boot,19774,0,0.8056315978368123,1
spring-boot,19286,0,0.8056315978368123,1
spring-boot,18652,0,0.8056315978368123,1
spring-boot,20172,0,0.8056315978368123,1
spring-boot,19323,0,0.8056315978368123,1
spring-boot,19138,0,0.8056315978368123,1
spring-boot,19930,0,0.8056315978368123,1
spring-boot,19022,0,0.8056315978368123,1
spring-boot,18797,0,0.8056315978368123,1
spring-boot,19654,0,0.8056315978368123,1
spring-boot,18613,0,0.8056315978368123,1
spring-boot,18512,0,0.8056315978368123,1
spring-boot,19902,0,0.8056315978368123,1
spring-boot,18778,0,0.8056315978368123,1
spring-boot,19699,0,0.8056315978368123,1
spring-boot,18926,0,0.8056315978368123,1
spring-boot,19057,0,0.8056315978368123,1
spring-boot,19660,0,0.8056315978368123,1
spring-boot,18493,0,0.8056315978368123,1
spring-boot,19626,0,0.8056315978368123,1
spring-boot,20064,0,0.8056315978368123,1
spring-boot,19456,0,0.8056315978368123,1
spring-boot,19908,0,0.8056315978368123,1
spring-boot,19011,0,0.8056315978368123,1
spring-boot,19829,0,0.8056315978368123,1
spring-boot,18950,0,0.8056315978368123,1
spring-boot,20256,1,0.8056315978368123,1
spring-boot,18735,0,0.8056315978368123,1
spring-boot,19674,0,0.8056315978368123,1
spring-boot,18477,0,0.8056315978368123,1
spring-boot,18355,0,0.8056315978368123,1
spring-boot,19353,0,0.8056315978368123,1
spring-boot,18657,0,0.8056315978368123,1
spring-boot,19461,0,0.8056315978368123,1
spring-boot,18937,0,0.8056315978368123,1
spring-boot,19946,0,0.8056315978368123,1
spring-boot,19517,1,0.8056315978368123,1
spring-boot,18789,0,0.8056315978368123,1
spring-boot,18831,0,0.8056315978368123,1
spring-boot,21990,0,0.8056315978368123,1
spring-boot,20329,0,0.8056315978368123,1
spring-boot,18394,0,0.8056315978368123,1
spring-boot,18759,0,0.8056315978368123,1
spring-boot,19320,0,0.8056315978368123,1
spring-boot,19951,0,0.8056315978368123,1
spring-boot,19355,0,0.8056315978368123,1
spring-boot,20013,0,0.8056315978368123,1
spring-boot,18414,0,0.8056315978368123,1
spring-boot,19907,0,0.8056315978368123,1
spring-boot,18635,0,0.8056315978368123,1
spring-boot,19015,0,0.8056315978368123,1
spring-boot,18505,0,0.8056315978368123,1
spring-boot,20144,0,0.8056315978368123,1
spring-boot,18525,0,0.8056315978368123,1
spring-boot,22012,0,0.8056315978368123,1
spring-boot,18555,0,0.8056315978368123,1
spring-boot,19740,0,0.8056315978368123,1
spring-boot,19145,0,0.8056315978368123,1
spring-boot,18811,0,0.8056315978368123,1
spring-boot,19925,0,0.8056315978368123,1
spring-boot,18361,0,0.8056315978368123,1
spring-boot,19259,0,0.8056315978368123,1
spring-boot,19623,0,0.8056315978368123,1
spring-boot,18707,0,0.8056315978368123,1
spring-boot,18650,0,0.8056315978368123,1
spring-boot,21991,0,0.8056315978368123,1
spring-boot,18590,0,0.8056315978368123,1
spring-boot,19514,1,0.8056315978368123,1
spring-boot,19348,0,0.8056315978368123,1
spring-boot,18667,0,0.8056315978368123,1
spring-boot,20122,0,0.8056315978368123,1
spring-boot,19529,1,0.8056315978368123,1
spring-boot,18449,0,0.8056315978368123,1
spring-boot,18803,0,0.8056315978368123,1
spring-boot,19433,0,0.8056315978368123,1
spring-boot,20261,1,0.8056315978368123,1
spring-boot,19944,0,0.8056315978368123,1
spring-boot,19262,0,0.8056315978368123,1
spring-boot,18549,0,0.8056315978368123,1
spring-boot,19573,0,0.8056315978368123,1
spring-boot,22015,0,0.8056315978368123,1
spring-boot,19555,0,0.8056315978368123,1
spring-boot,18552,0,0.8056315978368123,1
spring-boot,19566,0,0.8056315978368123,1
spring-boot,18547,0,0.8056315978368123,1
spring-boot,19095,0,0.8056315978368123,1
spring-boot,18633,0,0.8056315978368123,1
spring-boot,20065,0,0.8056315978368123,1
spring-boot,18961,0,0.8056315978368123,1
spring-boot,18795,0,0.8056315978368123,1
spring-boot,19607,0,0.8056315978368123,1
spring-boot,19881,1,0.8056315978368123,1
spring-boot,19759,0,0.8056315978368123,1
spring-boot,19794,0,0.8056315978368123,1
spring-boot,19397,0,0.8056315978368123,1
spring-boot,18501,0,0.8056315978368123,1
spring-boot,21925,0,0.8056315978368123,1
spring-boot,19152,0,0.8056315978368123,1
spring-boot,20250,1,0.8056315978368123,1
spring-boot,19715,0,0.8056315978368123,1
spring-boot,18774,0,0.8056315978368123,1
spring-boot,18841,0,0.8056315978368123,1
spring-boot,18800,0,0.8056315978368123,1
spring-boot,19476,0,0.8056315978368123,1
spring-boot,19570,0,0.8056315978368123,1
spring-boot,19120,0,0.8056315978368123,1
spring-boot,19146,0,0.8056315978368123,1
spring-boot,19967,0,0.8056315978368123,1
spring-boot,19802,0,0.8056315978368123,1
spring-boot,18605,0,0.8056315978368123,1
spring-boot,20164,0,0.8056315978368123,1
spring-boot,19697,0,0.8056315978368123,1
spring-boot,22018,0,0.8056315978368123,1
spring-boot,19486,0,0.8056315978368123,1
spring-boot,19646,0,0.8056315978368123,1
spring-boot,18835,0,0.8056315978368123,1
spring-boot,18964,0,0.8056315978368123,1
spring-boot,19205,0,0.8056315978368123,1
spring-boot,19114,0,0.8056315978368123,1
spring-boot,20059,0,0.8056315978368123,1
spring-boot,18752,0,0.8056315978368123,1
spring-boot,19747,0,0.8056315978368123,1
spring-boot,18334,0,0.8056315978368123,1
spring-boot,21953,0,0.8056315978368123,1
spring-boot,19817,0,0.8056315978368123,1
spring-boot,18528,0,0.8056315978368123,1
spring-boot,19236,0,0.8056315978368123,1
spring-boot,19520,1,0.8056315978368123,1
spring-boot,19434,0,0.8056315978368123,1
spring-boot,19762,0,0.8056315978368123,1
spring-boot,19220,0,0.8056315978368123,1
spring-boot,18906,0,0.8056315978368123,1
spring-boot,19868,1,0.8056315978368123,1
spring-boot,20234,1,0.8056315978368123,1
spring-boot,20280,1,0.8056315978368123,1
spring-boot,18497,0,0.8056315978368123,1
spring-boot,19890,0,0.8056315978368123,1
spring-boot,19668,0,0.8056315978368123,1
spring-boot,20245,1,0.8056315978368123,1
spring-boot,19690,0,0.8056315978368123,1
spring-boot,19055,0,0.8056315978368123,1
spring-boot,19225,0,0.8056315978368123,1
spring-boot,20323,0,0.8056315978368123,1
spring-boot,19781,0,0.8056315978368123,1
spring-boot,19182,0,0.8056315978368123,1
spring-boot,18405,0,0.8056315978368123,1
spring-boot,19460,0,0.8056315978368123,1
spring-boot,20253,1,0.8056315978368123,1
spring-boot,18344,0,0.8056315978368123,1
spring-boot,21949,0,0.8056315978368123,1
spring-boot,19692,0,0.8056315978368123,1
spring-boot,19876,1,0.8056315978368123,1
spring-boot,19873,1,0.8056315978368123,1
spring-boot,18891,0,0.8056315978368123,1
spring-boot,19451,0,0.8056315978368123,1
spring-boot,19810,0,0.8056315978368123,1
spring-boot,19153,0,0.8056315978368123,1
spring-boot,19059,0,0.8056315978368123,1
spring-boot,18796,0,0.8056315978368123,1
spring-boot,19093,0,0.8056315978368123,1
spring-boot,19679,0,0.8056315978368123,1
spring-boot,19546,0,0.8056315978368123,1
spring-boot,18515,0,0.8056315978368123,1
spring-boot,19183,0,0.8056315978368123,1
spring-boot,21935,0,0.8056315978368123,1
spring-boot,18714,0,0.8056315978368123,1
spring-boot,19014,0,0.8056315978368123,1
spring-boot,19557,0,0.8056315978368123,1
spring-boot,20077,0,0.8056315978368123,1
spring-boot,19203,0,0.8056315978368123,1
spring-boot,18838,0,0.8056315978368123,1
spring-boot,19188,0,0.8056315978368123,1
spring-boot,19854,0,0.8056315978368123,1
spring-boot,21993,0,0.8056315978368123,1
spring-boot,19327,0,0.8056315978368123,1
spring-boot,18662,0,0.8056315978368123,1
spring-boot,18914,0,0.8056315978368123,1
spring-boot,19452,0,0.8056315978368123,1
spring-boot,18592,0,0.8056315978368123,1
spring-boot,19470,1,0.8056315978368123,1
spring-boot,20307,1,0.8056315978368123,1
spring-boot,20326,0,0.8056315978368123,1
spring-boot,19303,0,0.8056315978368123,1
spring-boot,20075,0,0.8056315978368123,1
spring-boot,21976,0,0.8056315978368123,1
spring-boot,19748,0,0.8056315978368123,1
spring-boot,19328,0,0.8056315978368123,1
spring-boot,20079,0,0.8056315978368123,1
spring-boot,18703,0,0.8056315978368123,1
spring-boot,18987,0,0.8056315978368123,1
spring-boot,19938,0,0.8056315978368123,1
spring-boot,19289,0,0.8056315978368123,1
spring-boot,19361,0,0.8056315978368123,1
spring-boot,18461,0,0.8056315978368123,1
spring-boot,19118,0,0.8056315978368123,1
spring-boot,18419,0,0.8056315978368123,1
spring-boot,21936,0,0.8056315978368123,1
spring-boot,18776,0,0.8056315978368123,1
spring-boot,19979,0,0.8056315978368123,1
spring-boot,19309,0,0.8056315978368123,1
spring-boot,18905,0,0.8056315978368123,1
spring-boot,21998,0,0.8056315978368123,1
spring-boot,19412,0,0.8056315978368123,1
spring-boot,18845,0,0.8056315978368123,1
spring-boot,18359,0,0.8056315978368123,1
spring-boot,19705,0,0.8056315978368123,1
spring-boot,18826,0,0.8056315978368123,1
spring-boot,19342,0,0.8056315978368123,1
spring-boot,19027,1,0.8056315978368123,1
spring-boot,18506,0,0.8056315978368123,1
spring-boot,19396,0,0.8056315978368123,1
spring-boot,19166,0,0.8056315978368123,1
spring-boot,19043,0,0.8056315978368123,1
spring-boot,18910,0,0.8056315978368123,1
spring-boot,19210,0,0.8056315978368123,1
spring-boot,19865,1,0.8056315978368123,1
spring-boot,18753,0,0.8056315978368123,1
spring-boot,18507,0,0.8056315978368123,1
spring-boot,19025,0,0.8056315978368123,1
spring-boot,20252,1,0.8056315978368123,1
spring-boot,19221,0,0.8056315978368123,1
spring-boot,19929,0,0.8056315978368123,1
spring-boot,18578,0,0.8056315978368123,1
spring-boot,18846,0,0.8056315978368123,1
spring-boot,19156,0,0.8056315978368123,1
spring-boot,19897,0,0.8056315978368123,1
spring-boot,20209,0,0.8056315978368123,1
spring-boot,19296,0,0.8056315978368123,1
spring-boot,18922,0,0.8056315978368123,1
spring-boot,19042,0,0.8056315978368123,1
spring-boot,19249,0,0.8056315978368123,1
spring-boot,19039,0,0.8056315978368123,1
spring-boot,20207,0,0.8056315978368123,1
spring-boot,19032,1,0.8056315978368123,1
spring-boot,19280,0,0.8056315978368123,1
spring-boot,19467,0,0.8056315978368123,1
spring-boot,19453,0,0.8056315978368123,1
spring-boot,19891,0,0.8056315978368123,1
spring-boot,19672,0,0.8056315978368123,1
spring-boot,19815,0,0.8056315978368123,1
spring-boot,19497,0,0.8056315978368123,1
spring-boot,19846,0,0.8056315978368123,1
spring-boot,20227,0,0.8056315978368123,1
spring-boot,20028,0,0.8056315978368123,1
spring-boot,18638,0,0.8056315978368123,1
spring-boot,20225,0,0.8056315978368123,1
spring-boot,19949,0,0.8056315978368123,1
spring-boot,19820,0,0.8056315978368123,1
spring-boot,18726,0,0.8056315978368123,1
spring-boot,18677,0,0.8056315978368123,1
spring-boot,19330,0,0.8056315978368123,1
spring-boot,20283,1,0.8056315978368123,1
spring-boot,19125,0,0.8056315978368123,1
spring-boot,19268,0,0.8056315978368123,1
spring-boot,18837,0,0.8056315978368123,1
spring-boot,18601,0,0.8056315978368123,1
spring-boot,19375,0,0.8056315978368123,1
spring-boot,20145,0,0.8056315978368123,1
spring-boot,18957,0,0.8056315978368123,1
spring-boot,19473,1,0.8056315978368123,1
spring-boot,18699,0,0.8056315978368123,1
spring-boot,19572,0,0.8056315978368123,1
spring-boot,18663,0,0.8056315978368123,1
spring-boot,21980,0,0.8056315978368123,1
spring-boot,18912,0,0.8056315978368123,1
spring-boot,20076,0,0.8056315978368123,1
spring-boot,19831,0,0.8056315978368123,1
spring-boot,18531,0,0.8056315978368123,1
spring-boot,18673,0,0.8056315978368123,1
spring-boot,18806,0,0.8056315978368123,1
spring-boot,19419,0,0.8056315978368123,1
spring-boot,18794,0,0.8056315978368123,1
spring-boot,18455,0,0.8056315978368123,1
spring-boot,18981,0,0.8056315978368123,1
spring-boot,19085,0,0.8056315978368123,1
spring-boot,18975,0,0.8056315978368123,1
spring-boot,18734,0,0.8056315978368123,1
spring-boot,21929,0,0.8056315978368123,1
spring-boot,19141,0,0.8056315978368123,1
spring-boot,19443,0,0.8056315978368123,1
spring-boot,19028,1,0.8056315978368123,1
spring-boot,18381,0,0.8056315978368123,1
spring-boot,20008,0,0.8056315978368123,1
spring-boot,18873,0,0.8056315978368123,1
spring-boot,20023,0,0.8056315978368123,1
spring-boot,20200,0,0.8056315978368123,1
spring-boot,18712,0,0.8056315978368123,1
spring-boot,19746,0,0.8056315978368123,1
spring-boot,18852,0,0.8056315978368123,1
spring-boot,21975,1,0.8056315978368123,1
spring-boot,18653,0,0.8056315978368123,1
spring-boot,19622,0,0.8056315978368123,1
spring-boot,21978,0,0.8056315978368123,1
spring-boot,18682,0,0.8056315978368123,1
spring-boot,19828,0,0.8056315978368123,1
spring-boot,19686,0,0.8056315978368123,1
spring-boot,19788,0,0.8056315978368123,1
spring-boot,20136,0,0.8056315978368123,1
spring-boot,19717,0,0.8056315978368123,1
spring-boot,18436,0,0.8056315978368123,1
spring-boot,19632,0,0.8056315978368123,1
spring-boot,19528,1,0.8056315978368123,1
spring-boot,19255,0,0.8056315978368123,1
spring-boot,20116,0,0.8056315978368123,1
spring-boot,20300,1,0.8056315978368123,1
spring-boot,18672,0,0.8056315978368123,1
spring-boot,20012,0,0.8056315978368123,1
spring-boot,18368,0,0.8056315978368123,1
spring-boot,19809,0,0.8056315978368123,1
spring-boot,19955,0,0.8056315978368123,1
spring-boot,18606,0,0.8056315978368123,1
spring-boot,19711,0,0.8056315978368123,1
spring-boot,18529,0,0.8056315978368123,1
spring-boot,18675,0,0.8056315978368123,1
spring-boot,19814,0,0.8056315978368123,1
spring-boot,19060,0,0.8056315978368123,1
spring-boot,19532,0,0.8056315978368123,1
spring-boot,18535,0,0.8056315978368123,1
spring-boot,19889,0,0.8056315978368123,1
spring-boot,19516,1,0.8056315978368123,1
spring-boot,20182,0,0.8056315978368123,1
spring-boot,19768,0,0.8056315978368123,1
spring-boot,18594,0,0.8056315978368123,1
spring-boot,18350,0,0.8056315978368123,1
spring-boot,20088,0,0.8056315978368123,1
spring-boot,18711,0,0.8056315978368123,1
spring-boot,19804,0,0.8056315978368123,1
spring-boot,18488,0,0.8056315978368123,1
spring-boot,19442,0,0.8056315978368123,1
spring-boot,19062,0,0.8056315978368123,1
spring-boot,19385,0,0.8056315978368123,1
spring-boot,19066,0,0.8056315978368123,1
spring-boot,20080,0,0.8056315978368123,1
spring-boot,18614,0,0.8056315978368123,1
spring-boot,19087,0,0.8056315978368123,1
spring-boot,18788,0,0.8056315978368123,1
spring-boot,18379,0,0.8056315978368123,1
spring-boot,19524,1,0.8056315978368123,1
spring-boot,19778,0,0.8056315978368123,1
spring-boot,19244,0,0.8056315978368123,1
spring-boot,18908,0,0.8056315978368123,1
spring-boot,19058,0,0.8056315978368123,1
spring-boot,22007,0,0.8056315978368123,1
spring-boot,19420,0,0.8056315978368123,1
spring-boot,19989,0,0.8056315978368123,1
spring-boot,20222,0,0.8056315978368123,1
spring-boot,19808,0,0.8056315978368123,1
spring-boot,18418,0,0.8056315978368123,1
spring-boot,19478,0,0.8056315978368123,1
spring-boot,19533,1,0.8056315978368123,1
spring-boot,19538,1,0.8056315978368123,1
spring-boot,19991,0,0.8056315978368123,1
spring-boot,19374,0,0.8056315978368123,1
spring-boot,19198,0,0.8056315978368123,1
spring-boot,19843,0,0.8056315978368123,1
spring-boot,18875,0,0.8056315978368123,1
spring-boot,20124,0,0.8056315978368123,1
spring-boot,21994,0,0.8056315978368123,1
spring-boot,18358,0,0.8056315978368123,1
spring-boot,19821,0,0.8056315978368123,1
spring-boot,20204,0,0.8056315978368123,1
spring-boot,19482,0,0.8056315978368123,1
spring-boot,19344,0,0.8056315978368123,1
spring-boot,18951,0,0.8056315978368123,1
spring-boot,19455,0,0.8056315978368123,1
spring-boot,20296,1,0.8056315978368123,1
spring-boot,19665,0,0.8056315978368123,1
spring-boot,19575,0,0.8056315978368123,1
spring-boot,18551,0,0.8056315978368123,1
spring-boot,22010,0,0.8056315978368123,1
spring-boot,19181,0,0.8056315978368123,1
spring-boot,19270,0,0.8056315978368123,1
spring-boot,21982,0,0.8056315978368123,1
spring-boot,19151,0,0.8056315978368123,1
spring-boot,19272,0,0.8056315978368123,1
spring-boot,20074,0,0.8056315978368123,1
spring-boot,22038,0,0.8056315978368123,1
spring-boot,19510,1,0.8056315978368123,1
spring-boot,19158,0,0.8056315978368123,1
spring-boot,19103,0,0.8056315978368123,1
spring-boot,21960,0,0.8056315978368123,1
spring-boot,20069,0,0.8056315978368123,1
spring-boot,20151,0,0.8056315978368123,1
spring-boot,20149,0,0.8056315978368123,1
spring-boot,21939,0,0.8056315978368123,1
spring-boot,20272,1,0.8056315978368123,1
spring-boot,20165,0,0.8056315978368123,1
spring-boot,18928,0,0.8056315978368123,1
spring-boot,18702,0,0.8056315978368123,1
spring-boot,19246,0,0.8056315978368123,1
spring-boot,19853,0,0.8056315978368123,1
spring-boot,20309,0,0.8056315978368123,1
spring-boot,18600,0,0.8056315978368123,1
spring-boot,19806,0,0.8056315978368123,1
spring-boot,19613,0,0.8056315978368123,1
spring-boot,18713,0,0.8056315978368123,1
spring-boot,18363,0,0.8056315978368123,1
spring-boot,20187,0,0.8056315978368123,1
spring-boot,21989,0,0.8056315978368123,1
spring-boot,18904,0,0.8056315978368123,1
spring-boot,18416,0,0.8056315978368123,1
spring-boot,19336,0,0.8056315978368123,1
spring-boot,19676,0,0.8056315978368123,1
spring-boot,19922,0,0.8056315978368123,1
spring-boot,18504,0,0.8056315978368123,1
spring-boot,18980,0,0.8056315978368123,1
spring-boot,19069,0,0.8056315978368123,1
spring-boot,19756,0,0.8056315978368123,1
spring-boot,20162,0,0.8056315978368123,1
spring-boot,18709,0,0.8056315978368123,1
spring-boot,18681,0,0.8056315978368123,1
spring-boot,19518,1,0.8056315978368123,1
spring-boot,19171,0,0.8056315978368123,1
spring-boot,18527,0,0.8056315978368123,1
spring-boot,19029,0,0.8056315978368123,1
spring-boot,20163,0,0.8056315978368123,1
spring-boot,18839,0,0.8056315978368123,1
spring-boot,19124,0,0.8056315978368123,1
spring-boot,19155,0,0.8056315978368123,1
spring-boot,19474,1,0.8056315978368123,1
spring-boot,18833,0,0.8056315978368123,1
spring-boot,20291,1,0.8056315978368123,1
spring-boot,18464,0,0.8056315978368123,1
spring-boot,19805,0,0.8056315978368123,1
spring-boot,18687,0,0.8056315978368123,1
spring-boot,19040,0,0.8056315978368123,1
spring-boot,19760,0,0.8056315978368123,1
spring-boot,18398,0,0.8056315978368123,1
spring-boot,18448,0,0.8056315978368123,1
spring-boot,22029,0,0.8056315978368123,1
spring-boot,19523,1,0.8056315978368123,1
spring-boot,19588,0,0.8056315978368123,1
spring-boot,18417,0,0.8056315978368123,1
spring-boot,20140,0,0.8056315978368123,1
spring-boot,18927,0,0.8056315978368123,1
spring-boot,19265,0,0.8056315978368123,1
spring-boot,19616,0,0.8056315978368123,1
spring-boot,18762,0,0.8056315978368123,1
spring-boot,18721,0,0.8056315978368123,1
spring-boot,19531,0,0.8056315978368123,1
spring-boot,18491,0,0.8056315978368123,1
spring-boot,19300,0,0.8056315978368123,1
spring-boot,20322,0,0.8056315978368123,1
spring-boot,18697,0,0.8056315978368123,1
spring-boot,19721,0,0.8056315978368123,1
spring-boot,21966,0,0.8056315978368123,1
spring-boot,19234,0,0.8056315978368123,1
spring-boot,18756,0,0.8056315978368123,1
spring-boot,19292,0,0.8056315978368123,1
spring-boot,19287,0,0.8056315978368123,1
spring-boot,18861,0,0.8056315978368123,1
spring-boot,20266,1,0.8056315978368123,1
spring-boot,18654,0,0.8056315978368123,1
spring-boot,20157,0,0.8056315978368123,1
spring-boot,18375,0,0.8056315978368123,1
spring-boot,19065,0,0.8056315978368123,1
spring-boot,18385,0,0.8056315978368123,1
spring-boot,19858,0,0.8056315978368123,1
spring-boot,18930,0,0.8056315978368123,1
spring-boot,18349,0,0.8056315978368123,1
spring-boot,20115,0,0.8056315978368123,1
spring-boot,19845,0,0.8056315978368123,1
spring-boot,19739,0,0.8056315978368123,1
spring-boot,18994,0,0.8056315978368123,1
spring-boot,19981,0,0.8056315978368123,1
spring-boot,19496,0,0.8056315978368123,1
spring-boot,18817,0,0.8056315978368123,1
spring-boot,18604,0,0.8056315978368123,1
spring-boot,19199,0,0.8056315978368123,1
spring-boot,19360,0,0.8056315978368123,1
spring-boot,18423,0,0.8056315978368123,1
spring-boot,20239,1,0.8056315978368123,1
spring-boot,20067,0,0.8056315978368123,1
spring-boot,18369,0,0.8056315978368123,1
spring-boot,18868,0,0.8056315978368123,1
spring-boot,19008,0,0.8056315978368123,1
spring-boot,19023,0,0.8056315978368123,1
spring-boot,19314,0,0.8056315978368123,1
spring-boot,18965,0,0.8056315978368123,1
spring-boot,18502,0,0.8056315978368123,1
spring-boot,19195,0,0.8056315978368123,1
spring-boot,19526,1,0.8056315978368123,1
spring-boot,18968,0,0.8056315978368123,1
spring-boot,18793,0,0.8056315978368123,1
spring-boot,20000,0,0.8056315978368123,1
spring-boot,21934,0,0.8056315978368123,1
spring-boot,20306,1,0.8056315978368123,1
spring-boot,19307,0,0.8056315978368123,1
spring-boot,19417,0,0.8056315978368123,1
spring-boot,19044,0,0.8056315978368123,1
spring-boot,19761,0,0.8056315978368123,1
spring-boot,18645,0,0.8056315978368123,1
spring-boot,18656,0,0.8056315978368123,1
spring-boot,18346,0,0.8056315978368123,1
spring-boot,19996,0,0.8056315978368123,1
spring-boot,20098,0,0.8056315978368123,1
spring-boot,19593,0,0.8056315978368123,1
spring-boot,20317,0,0.8056315978368123,1
spring-boot,18473,0,0.8056315978368123,1
spring-boot,18343,0,0.8056315978368123,1
spring-boot,19959,0,0.8056315978368123,1
spring-boot,19036,1,0.8056315978368123,1
spring-boot,19240,0,0.8056315978368123,1
spring-boot,18805,0,0.8056315978368123,1
spring-boot,18353,0,0.8056315978368123,1
spring-boot,18560,0,0.8056315978368123,1
spring-boot,18624,0,0.8056315978368123,1
spring-boot,19609,0,0.8056315978368123,1
spring-boot,19703,0,0.8056315978368123,1
spring-boot,20314,0,0.8056315978368123,1
spring-boot,19754,0,0.8056315978368123,1
spring-boot,21948,0,0.8056315978368123,1
spring-boot,19601,0,0.8056315978368123,1
spring-boot,19580,0,0.8056315978368123,1
spring-boot,20089,0,0.8056315978368123,1
spring-boot,21951,0,0.8056315978368123,1
spring-boot,19562,0,0.8056315978368123,1
spring-boot,22014,0,0.8056315978368123,1
spring-boot,19345,0,0.8056315978368123,1
spring-boot,19972,0,0.8056315978368123,1
spring-boot,19380,0,0.8056315978368123,1
spring-boot,20128,0,0.8056315978368123,1
spring-boot,19647,0,0.8056315978368123,1
spring-boot,19527,1,0.8056315978368123,1
spring-boot,18691,0,0.8056315978368123,1
spring-boot,18598,0,0.8056315978368123,1
spring-boot,19855,0,0.8056315978368123,1
spring-boot,19612,0,0.8056315978368123,1
spring-boot,20190,0,0.8056315978368123,1
spring-boot,19791,0,0.8056315978368123,1
spring-boot,19148,0,0.8056315978368123,1
spring-boot,18804,0,0.8056315978368123,1
spring-boot,19667,0,0.8056315978368123,1
spring-boot,19332,0,0.8056315978368123,1
spring-boot,19689,0,0.8056315978368123,1
spring-boot,19582,0,0.8056315978368123,1
spring-boot,20240,1,0.8056315978368123,1
spring-boot,18621,0,0.8056315978368123,1
spring-boot,19875,1,0.8056315978368123,1
spring-boot,18848,0,0.8056315978368123,1
spring-boot,18649,0,0.8056315978368123,1
spring-boot,19293,0,0.8056315978368123,1
spring-boot,19078,0,0.8056315978368123,1
spring-boot,20260,1,0.8056315978368123,1
spring-boot,19713,0,0.8056315978368123,1
spring-boot,19722,0,0.8056315978368123,1
spring-boot,18582,0,0.8056315978368123,1
spring-boot,20169,0,0.8056315978368123,1
spring-boot,18715,0,0.8056315978368123,1
spring-boot,18550,0,0.8056315978368123,1
spring-boot,19969,0,0.8056315978368123,1
spring-boot,19995,0,0.8056315978368123,1
spring-boot,18731,0,0.8056315978368123,1
spring-boot,18733,0,0.8056315978368123,1
spring-boot,18622,0,0.8056315978368123,1
spring-boot,19439,0,0.8056315978368123,1
spring-boot,19193,0,0.8056315978368123,1
spring-boot,22011,0,0.8056315978368123,1
spring-boot,19425,0,0.8056315978368123,1
spring-boot,18543,0,0.8056315978368123,1
spring-boot,19340,0,0.8056315978368123,1
spring-boot,19992,0,0.8056315978368123,1
spring-boot,18388,0,0.8056315978368123,1
spring-boot,18447,0,0.8056315978368123,1
spring-boot,19744,0,0.8056315978368123,1
spring-boot,19596,0,0.8056315978368123,1
spring-boot,19564,0,0.8056315978368123,1
spring-boot,19776,0,0.8056315978368123,1
spring-boot,18939,0,0.8056315978368123,1
spring-boot,18977,0,0.8056315978368123,1
spring-boot,18836,0,0.8056315978368123,1
spring-boot,20017,0,0.8056315978368123,1
spring-boot,18460,0,0.8056315978368123,1
spring-boot,18456,0,0.8056315978368123,1
spring-boot,18827,0,0.8056315978368123,1
spring-boot,19454,0,0.8056315978368123,1
spring-boot,22041,0,0.8056315978368123,1
spring-boot,18337,0,0.8056315978368123,1
spring-boot,18668,0,0.8056315978368123,1
spring-boot,19671,0,0.8056315978368123,1
spring-boot,18331,0,0.8056315978368123,1
spring-boot,19611,0,0.8056315978368123,1
spring-boot,19468,0,0.8056315978368123,1
spring-boot,19070,0,0.8056315978368123,1
spring-boot,18630,0,0.8056315978368123,1
spring-boot,22033,0,0.8056315978368123,1
spring-boot,19092,0,0.8056315978368123,1
spring-boot,20050,0,0.8056315978368123,1
spring-boot,18393,0,0.8056315978368123,1
spring-boot,18563,0,0.8056315978368123,1
spring-boot,19202,0,0.8056315978368123,1
spring-boot,19880,1,0.8056315978368123,1
spring-boot,20021,0,0.8056315978368123,1
spring-boot,19728,0,0.8056315978368123,1
spring-boot,19498,1,0.8056315978368123,1
spring-boot,19129,0,0.8056315978368123,1
spring-boot,18458,0,0.8056315978368123,1
spring-boot,19859,0,0.8056315978368123,1
spring-boot,20246,1,0.8056315978368123,1
spring-boot,19729,0,0.8056315978368123,1
spring-boot,18857,0,0.8056315978368123,1
spring-boot,19833,0,0.8056315978368123,1
spring-boot,18670,0,0.8056315978368123,1
spring-boot,20290,1,0.8056315978368123,1
spring-boot,18887,0,0.8056315978368123,1
spring-boot,19213,0,0.8056315978368123,1
spring-boot,18915,0,0.8056315978368123,1
spring-boot,19836,0,0.8056315978368123,1
spring-boot,19860,0,0.8056315978368123,1
spring-boot,18784,0,0.8056315978368123,1
spring-boot,19305,0,0.8056315978368123,1
spring-boot,19061,0,0.8056315978368123,1
spring-boot,19842,0,0.8056315978368123,1
spring-boot,18459,0,0.8056315978368123,1
spring-boot,22031,0,0.8056315978368123,1
spring-boot,19116,0,0.8056315978368123,1
spring-boot,20262,1,0.8056315978368123,1
spring-boot,20029,0,0.8056315978368123,1
spring-boot,19847,0,0.8056315978368123,1
spring-boot,19882,1,0.8056315978368123,1
spring-boot,18976,0,0.8056315978368123,1
spring-boot,19395,0,0.8056315978368123,1
spring-boot,18426,0,0.8056315978368123,1
spring-boot,18907,0,0.8056315978368123,1
spring-boot,19231,0,0.8056315978368123,1
spring-boot,19343,0,0.8056315978368123,1
spring-boot,19208,0,0.8056315978368123,1
spring-boot,19934,0,0.8056315978368123,1
spring-boot,19862,1,0.8056315978368123,1
spring-boot,18897,0,0.8056315978368123,1
spring-boot,19565,0,0.8056315978368123,1
spring-boot,22048,0,0.8056315978368123,1
spring-boot,19281,0,0.8056315978368123,1
spring-boot,19603,0,0.8056315978368123,1
spring-boot,18636,0,0.8056315978368123,1
spring-boot,18562,0,0.8056315978368123,1
spring-boot,19424,0,0.8056315978368123,1
spring-boot,19838,0,0.8056315978368123,1
spring-boot,18892,0,0.8056315978368123,1
spring-boot,21968,0,0.8056315978368123,1
spring-boot,19398,0,0.8056315978368123,1
spring-boot,20037,0,0.8056315978368123,1
spring-boot,19758,0,0.8056315978368123,1
spring-boot,20232,1,0.8056315978368123,1
spring-boot,19371,0,0.8056315978368123,1
spring-boot,18466,0,0.8056315978368123,1
spring-boot,22034,0,0.8056315978368123,1
spring-boot,20002,0,0.8056315978368123,1
spring-boot,19108,0,0.8056315978368123,1
spring-boot,19310,0,0.8056315978368123,1
spring-boot,18719,0,0.8056315978368123,1
spring-boot,18366,0,0.8056315978368123,1
spring-boot,19386,0,0.8056315978368123,1
spring-boot,19291,0,0.8056315978368123,1
spring-boot,19389,0,0.8056315978368123,1
spring-boot,18693,0,0.8056315978368123,1
spring-boot,18558,0,0.8056315978368123,1
spring-boot,19302,0,0.8056315978368123,1
spring-boot,22026,0,0.8056315978368123,1
spring-boot,19942,0,0.8056315978368123,1
spring-boot,21964,0,0.8056315978368123,1
spring-boot,18494,0,0.8056315978368123,1
spring-boot,19742,0,0.8056315978368123,1
spring-boot,20036,0,0.8056315978368123,1
spring-boot,19945,0,0.8056315978368123,1
spring-boot,19178,0,0.8056315978368123,1
spring-boot,19494,0,0.8056315978368123,1
spring-boot,19956,0,0.8056315978368123,1
spring-boot,19653,0,0.8056315978368123,1
spring-boot,18411,0,0.8056315978368123,1
spring-boot,18727,0,0.8056315978368123,1
spring-boot,20171,0,0.8056315978368123,1
spring-boot,19274,0,0.8056315978368123,1
spring-boot,20229,0,0.8056315978368123,1
spring-boot,19502,0,0.8056315978368123,1
spring-boot,19984,0,0.8056315978368123,1
spring-boot,20102,0,0.8056315978368123,1
spring-boot,19083,0,0.8056315978368123,1
spring-boot,19469,1,0.8056315978368123,1
spring-boot,18718,0,0.8056315978368123,1
spring-boot,19658,0,0.8056315978368123,1
spring-boot,20255,1,0.8056315978368123,1
spring-boot,19316,0,0.8056315978368123,1
spring-boot,18911,0,0.8056315978368123,1
spring-boot,20205,0,0.8056315978368123,1
spring-boot,18810,0,0.8056315978368123,1
spring-boot,21962,0,0.8056315978368123,1
spring-boot,18881,0,0.8056315978368123,1
spring-boot,20073,0,0.8056315978368123,1
spring-boot,19687,0,0.8056315978368123,1
spring-boot,19883,1,0.8056315978368123,1
spring-boot,20105,0,0.8056315978368123,1
spring-boot,19075,0,0.8056315978368123,1
spring-boot,19782,0,0.8056315978368123,1
spring-boot,19229,0,0.8056315978368123,1
spring-boot,19260,0,0.8056315978368123,1
spring-boot,22017,0,0.8056315978368123,1
spring-boot,19245,0,0.8056315978368123,1
spring-boot,19290,0,0.8056315978368123,1
spring-boot,18457,0,0.8056315978368123,1
spring-boot,19584,0,0.8056315978368123,1
spring-boot,18962,0,0.8056315978368123,1
spring-boot,19906,0,0.8056315978368123,1
spring-boot,19850,0,0.8056315978368123,1
spring-boot,19105,0,0.8056315978368123,1
spring-boot,19136,0,0.8056315978368123,1
spring-boot,19298,0,0.8056315978368123,1
spring-boot,18807,0,0.8056315978368123,1
spring-boot,18357,0,0.8056315978368123,1
spring-boot,18894,0,0.8056315978368123,1
spring-boot,20247,1,0.8056315978368123,1
spring-boot,19939,0,0.8056315978368123,1
spring-boot,18808,0,0.8056315978368123,1
spring-boot,21950,0,0.8056315978368123,1
spring-boot,19164,0,0.8056315978368123,1
spring-boot,20159,0,0.8056315978368123,1
spring-boot,18704,0,0.8056315978368123,1
spring-boot,20212,0,0.8056315978368123,1
spring-boot,18470,0,0.8056315978368123,1
spring-boot,19077,0,0.8056315978368123,1
spring-boot,19150,0,0.8056315978368123,1
spring-boot,18387,0,0.8056315978368123,1
spring-boot,19905,0,0.8056315978368123,1
spring-boot,20117,0,0.8056315978368123,1
spring-boot,22030,0,0.8056315978368123,1
spring-boot,19673,0,0.8056315978368123,1
spring-boot,22004,0,0.8056315978368123,1
spring-boot,20257,1,0.8056315978368123,1
spring-boot,19886,0,0.8056315978368123,1
spring-boot,20019,0,0.8056315978368123,1
spring-boot,20026,0,0.8056315978368123,1
spring-boot,19726,0,0.8056315978368123,1
spring-boot,18692,0,0.8056315978368123,1
spring-boot,19122,0,0.8056315978368123,1
spring-boot,18520,0,0.8056315978368123,1
spring-boot,20113,0,0.8056315978368123,1
spring-boot,20271,1,0.8056315978368123,1
spring-boot,18823,0,0.8056315978368123,1
spring-boot,19325,0,0.8056315978368123,1
spring-boot,18998,0,0.8056315978368123,1
spring-boot,19958,0,0.8056315978368123,1
spring-boot,19677,0,0.8056315978368123,1
spring-boot,18400,0,0.8056315978368123,1
spring-boot,19796,0,0.8056315978368123,1
spring-boot,21995,1,0.8056315978368123,1
spring-boot,20177,0,0.8056315978368123,1
spring-boot,20061,0,0.8056315978368123,1
spring-boot,20154,0,0.8056315978368123,1
spring-boot,18874,0,0.8056315978368123,1
spring-boot,18683,0,0.8056315978368123,1
spring-boot,18775,0,0.8056315978368123,1
spring-boot,18430,0,0.8056315978368123,1
spring-boot,22024,0,0.8056315978368123,1
spring-boot,19051,0,0.8056315978368123,1
spring-boot,19299,0,0.8056315978368123,1
spring-boot,19501,1,0.8056315978368123,1
spring-boot,19707,0,0.8056315978368123,1
spring-boot,18468,0,0.8056315978368123,1
spring-boot,18476,0,0.8056315978368123,1
spring-boot,19413,0,0.8056315978368123,1
spring-boot,19909,0,0.8056315978368123,1
spring-boot,19962,0,0.8056315978368123,1
spring-boot,19650,0,0.8056315978368123,1
spring-boot,19167,0,0.8056315978368123,1
spring-boot,19977,0,0.8056315978368123,1
spring-boot,19189,0,0.8056315978368123,1
spring-boot,18465,0,0.8056315978368123,1
spring-boot,19341,0,0.8056315978368123,1
spring-boot,20267,1,0.8056315978368123,1
spring-boot,19173,0,0.8056315978368123,1
spring-boot,18432,0,0.8056315978368123,1
spring-boot,19261,0,0.8056315978368123,1
spring-boot,19734,0,0.8056315978368123,1
spring-boot,20275,1,0.8056315978368123,1
spring-boot,18783,0,0.8056315978368123,1
spring-boot,19579,0,0.8056315978368123,1
spring-boot,19694,0,0.8056315978368123,1
spring-boot,19770,0,0.8056315978368123,1
spring-boot,19542,0,0.8056315978368123,1
spring-boot,20210,0,0.8056315978368123,1
spring-boot,19797,0,0.8056315978368123,1
spring-boot,19644,0,0.8056315978368123,1
spring-boot,19335,0,0.8056315978368123,1
spring-boot,19269,0,0.8056315978368123,1
spring-boot,18370,0,0.8056315978368123,1
spring-boot,19383,0,0.8056315978368123,1
spring-boot,19874,1,0.8056315978368123,1
spring-boot,19763,0,0.8056315978368123,1
spring-boot,21955,0,0.8056315978368123,1
spring-boot,18339,0,0.8056315978368123,1
spring-boot,18785,0,0.8056315978368123,1
spring-boot,20230,0,0.8056315978368123,1
spring-boot,19554,0,0.8056315978368123,1
spring-boot,20201,0,0.8056315978368123,1
spring-boot,20197,0,0.8056315978368123,1
spring-boot,18561,0,0.8056315978368123,1
spring-boot,19568,0,0.8056315978368123,1
spring-boot,19635,0,0.8056315978368123,1
spring-boot,20219,0,0.8056315978368123,1
spring-boot,19163,0,0.8056315978368123,1
spring-boot,19168,0,0.8056315978368123,1
spring-boot,19308,0,0.8056315978368123,1
spring-boot,19297,0,0.8056315978368123,1
spring-boot,19628,0,0.8056315978368123,1
spring-boot,19321,0,0.8056315978368123,1
spring-boot,18669,0,0.8056315978368123,1
spring-boot,18854,0,0.8056315978368123,1
spring-boot,18395,0,0.8056315978368123,1
spring-boot,20058,0,0.8056315978368123,1
spring-boot,19031,0,0.8056315978368123,1
spring-boot,19723,0,0.8056315978368123,1
spring-boot,18415,0,0.8056315978368123,1
spring-boot,18917,0,0.8056315978368123,1
spring-boot,18599,0,0.8056315978368123,1
spring-boot,19106,0,0.8056315978368123,1
spring-boot,19370,0,0.8056315978368123,1
spring-boot,20220,0,0.8056315978368123,1
spring-boot,18884,0,0.8056315978368123,1
spring-boot,19500,1,0.8056315978368123,1
spring-boot,18396,0,0.8056315978368123,1
spring-boot,18665,0,0.8056315978368123,1
spring-boot,19773,0,0.8056315978368123,1
spring-boot,20331,0,0.8056315978368123,1
spring-boot,18597,0,0.8056315978368123,1
spring-boot,20072,0,0.8056315978368123,1
spring-boot,19128,0,0.8056315978368123,1
spring-boot,18943,0,0.8056315978368123,1
spring-boot,19950,0,0.8056315978368123,1
spring-boot,19056,0,0.8056315978368123,1
spring-boot,19827,0,0.8056315978368123,1
spring-boot,18651,0,0.8056315978368123,1
spring-boot,21997,0,0.8056315978368123,1
spring-boot,19621,0,0.8056315978368123,1
spring-boot,18978,0,0.8056315978368123,1
spring-boot,19490,0,0.8056315978368123,1
spring-boot,18489,0,0.8056315978368123,1
spring-boot,19983,0,0.8056315978368123,1
spring-boot,19615,0,0.8056315978368123,1
spring-boot,18730,0,0.8056315978368123,1
spring-boot,18830,0,0.8056315978368123,1
spring-boot,18441,0,0.8056315978368123,1
spring-boot,18427,0,0.8056315978368123,1
spring-boot,19569,0,0.8056315978368123,1
spring-boot,19248,0,0.8056315978368123,1
spring-boot,19176,0,0.8056315978368123,1
spring-boot,19068,0,0.8056315978368123,1
spring-boot,20170,0,0.8056315978368123,1
spring-boot,19898,0,0.8056315978368123,1
spring-boot,19035,1,0.8056315978368123,1
spring-boot,19073,0,0.8056315978368123,1
spring-boot,18903,0,0.8056315978368123,1
spring-boot,19923,0,0.8056315978368123,1
spring-boot,19107,0,0.8056315978368123,1
spring-boot,19990,0,0.8056315978368123,1
spring-boot,20282,1,0.8056315978368123,1
spring-boot,20038,0,0.8056315978368123,1
spring-boot,19857,0,0.8056315978368123,1
spring-boot,19869,1,0.8056315978368123,1
spring-boot,19364,0,0.8056315978368123,1
spring-boot,19917,0,0.8056315978368123,1
spring-boot,20278,1,0.8056315978368123,1
spring-boot,19614,0,0.8056315978368123,1
spring-boot,19540,1,0.8056315978368123,1
spring-boot,18428,0,0.8056315978368123,1
spring-boot,19731,0,0.8056315978368123,1
spring-boot,18332,0,0.8056315978368123,1
spring-boot,18851,0,0.8056315978368123,1
spring-boot,21927,0,0.8056315978368123,1
spring-boot,19172,0,0.8056315978368123,1
spring-boot,18372,0,0.8056315978368123,1
spring-boot,19275,0,0.8056315978368123,1
spring-boot,19936,0,0.8056315978368123,1
spring-boot,18988,0,0.8056315978368123,1
spring-boot,19267,0,0.8056315978368123,1
spring-boot,18696,0,0.8056315978368123,1
spring-boot,18660,0,0.8056315978368123,1
spring-boot,19306,0,0.8056315978368123,1
spring-boot,18348,0,0.8056315978368123,1
spring-boot,18901,0,0.8056315978368123,1
spring-boot,20216,0,0.8056315978368123,1
spring-boot,18999,0,0.8056315978368123,1
spring-boot,18886,0,0.8056315978368123,1
spring-boot,18933,0,0.8056315978368123,1
spring-boot,18553,0,0.8056315978368123,1
spring-boot,19109,0,0.8056315978368123,1
spring-boot,19499,1,0.8056315978368123,1
spring-boot,19411,0,0.8056315978368123,1
spring-boot,19271,0,0.8056315978368123,1
spring-boot,18371,1,0.8056315978368123,1
spring-boot,19823,0,0.8056315978368123,1
spring-boot,20183,0,0.8056315978368123,1
spring-boot,19493,0,0.8056315978368123,1
spring-boot,19471,1,0.8056315978368123,1
spring-boot,19901,0,0.8056315978368123,1
spring-boot,18486,0,0.8056315978368123,1
spring-boot,18954,0,0.8056315978368123,1
spring-boot,20152,0,0.8056315978368123,1
spring-boot,18389,0,0.8056315978368123,1
spring-boot,19848,0,0.8056315978368123,1
spring-boot,19049,0,0.8056315978368123,1
spring-boot,19091,0,0.8056315978368123,1
spring-boot,22025,0,0.8056315978368123,1
spring-boot,19436,0,0.8056315978368123,1
spring-boot,19637,0,0.8056315978368123,1
spring-boot,20294,1,0.8056315978368123,1
spring-boot,18716,0,0.8056315978368123,1
spring-boot,18967,0,0.8056315978368123,1
spring-boot,18722,0,0.8056315978368123,1
spring-boot,20139,0,0.8056315978368123,1
spring-boot,19266,0,0.8056315978368123,1
spring-boot,19825,0,0.8056315978368123,1
spring-boot,19559,0,0.8056315978368123,1
spring-boot,18380,0,0.8056315978368123,1
spring-boot,18960,0,0.8056315978368123,1
spring-boot,19394,0,0.8056315978368123,1
spring-boot,18745,0,0.8056315978368123,1
spring-boot,20042,0,0.8056315978368123,1
spring-boot,18844,0,0.8056315978368123,1
spring-boot,18995,0,0.8056315978368123,1
spring-boot,18706,0,0.8056315978368123,1
spring-boot,19625,0,0.8056315978368123,1
spring-boot,20009,0,0.8056315978368123,1
spring-boot,21932,0,0.8056315978368123,1
spring-boot,19541,0,0.8056315978368123,1
spring-boot,22032,0,0.8056315978368123,1
spring-boot,20148,0,0.8056315978368123,1
spring-boot,20167,0,0.8056315978368123,1
spring-boot,18479,0,0.8056315978368123,1
spring-boot,20215,0,0.8056315978368123,1
spring-boot,19288,0,0.8056315978368123,1
spring-boot,20203,0,0.8056315978368123,1
spring-boot,19113,0,0.8056315978368123,1
spring-boot,19477,0,0.8056315978368123,1
spring-boot,18575,0,0.8056315978368123,1
spring-boot,18579,0,0.8056315978368123,1
spring-boot,19578,0,0.8056315978368123,1
spring-boot,19937,0,0.8056315978368123,1
spring-boot,18974,0,0.8056315978368123,1
spring-boot,19643,0,0.8056315978368123,1
spring-boot,18626,0,0.8056315978368123,1
spring-boot,20310,0,0.8056315978368123,1
spring-boot,20063,0,0.8056315978368123,1
spring-boot,19276,0,0.8056315978368123,1
spring-boot,19685,0,0.8056315978368123,1
spring-boot,19263,0,0.8056315978368123,1
spring-boot,19560,0,0.8056315978368123,1
spring-boot,20160,0,0.8056315978368123,1
spring-boot,19311,0,0.8056315978368123,1
spring-boot,18644,0,0.8056315978368123,1
spring-boot,19387,0,0.8056315978368123,1
spring-boot,19617,0,0.8056315978368123,1
spring-boot,20328,0,0.8056315978368123,1
spring-boot,19871,1,0.8056315978368123,1
spring-boot,20249,1,0.8056315978368123,1
spring-boot,22016,0,0.8056315978368123,1
spring-boot,19169,0,0.8056315978368123,1
spring-boot,18617,0,0.8056315978368123,1
spring-boot,19503,0,0.8056315978368123,1
spring-boot,19751,0,0.8056315978368123,1
spring-boot,22035,0,0.8056315978368123,1
spring-boot,21941,0,0.8056315978368123,1
spring-boot,20217,0,0.8056315978368123,1
spring-boot,19618,0,0.8056315978368123,1
spring-boot,18340,0,0.8056315978368123,1
spring-boot,18867,0,0.8056315978368123,1
spring-boot,21959,0,0.8056315978368123,1
spring-boot,19973,0,0.8056315978368123,1
spring-boot,20214,0,0.8056315978368123,1
spring-boot,18969,0,0.8056315978368123,1
spring-boot,19315,0,0.8056315978368123,1
spring-boot,19539,1,0.8056315978368123,1
spring-boot,18747,0,0.8056315978368123,1
spring-boot,19458,0,0.8056315978368123,1
spring-boot,19799,0,0.8056315978368123,1
spring-boot,19941,0,0.8056315978368123,1
spring-boot,20198,0,0.8056315978368123,1
spring-boot,21944,0,0.8056315978368123,1
spring-boot,20010,0,0.8056315978368123,1
spring-boot,18979,0,0.8056315978368123,1
spring-boot,20018,0,0.8056315978368123,1
spring-boot,19001,0,0.8056315978368123,1
spring-boot,19243,0,0.8056315978368123,1
spring-boot,19784,0,0.8056315978368123,1
spring-boot,19970,0,0.8056315978368123,1
spring-boot,18545,0,0.8056315978368123,1
spring-boot,19423,0,0.8056315978368123,1
spring-boot,19063,0,0.8056315978368123,1
spring-boot,20179,0,0.8056315978368123,1
spring-boot,19698,0,0.8056315978368123,1
spring-boot,18517,0,0.8056315978368123,1
spring-boot,18439,0,0.8056315978368123,1
spring-boot,19550,0,0.8056315978368123,1
spring-boot,18924,0,0.8056315978368123,1
spring-boot,18736,0,0.8056315978368123,1
spring-boot,20043,0,0.8056315978368123,1
spring-boot,18481,0,0.8056315978368123,1
spring-boot,21963,0,0.8056315978368123,1
spring-boot,18634,0,0.8056315978368123,1
spring-boot,20221,0,0.8056315978368123,1
spring-boot,20132,0,0.8056315978368123,1
spring-boot,19206,0,0.8056315978368123,1
spring-boot,19718,0,0.8056315978368123,1
spring-boot,19928,0,0.8056315978368123,1
spring-boot,20325,0,0.8056315978368123,1
spring-boot,20045,0,0.8056315978368123,1
spring-boot,18576,0,0.8056315978368123,1
spring-boot,18738,0,0.8056315978368123,1
spring-boot,19752,0,0.8056315978368123,1
spring-boot,18982,0,0.8056315978368123,1
spring-boot,19856,0,0.8056315978368123,1
spring-boot,18407,0,0.8056315978368123,1
spring-boot,18801,0,0.8056315978368123,1
spring-boot,18938,0,0.8056315978368123,1
spring-boot,19239,0,0.8056315978368123,1
spring-boot,19382,0,0.8056315978368123,1
spring-boot,19123,0,0.8056315978368123,1
spring-boot,19630,0,0.8056315978368123,1
spring-boot,19174,0,0.8056315978368123,1
spring-boot,20318,0,0.8056315978368123,1
spring-boot,19333,0,0.8056315978368123,1
spring-boot,18564,0,0.8056315978368123,1
spring-boot,20078,0,0.8056315978368123,1
spring-boot,18629,0,0.8056315978368123,1
spring-boot,19137,0,0.8056315978368123,1
spring-boot,18333,0,0.8056315978368123,1
spring-boot,19664,0,0.8056315978368123,1
spring-boot,18568,0,0.8056315978368123,1
spring-boot,18620,0,0.8056315978368123,1
spring-boot,20060,0,0.8056315978368123,1
spring-boot,22009,0,0.8056315978368123,1
spring-boot,19373,0,0.8056315978368123,1
spring-boot,19110,0,0.8056315978368123,1
spring-boot,18676,0,0.8056315978368123,1
spring-boot,19649,0,0.8056315978368123,1
spring-boot,21996,1,0.8056315978368123,1
spring-boot,18748,0,0.8056315978368123,1
spring-boot,19378,0,0.8056315978368123,1
spring-boot,18689,0,0.8056315978368123,1
spring-boot,21969,0,0.8056315978368123,1
spring-boot,19157,0,0.8056315978368123,1
spring-boot,19393,0,0.8056315978368123,1
spring-boot,18913,0,0.8056315978368123,1
spring-boot,20085,0,0.8056315978368123,1
spring-boot,19098,0,0.8056315978368123,1
spring-boot,19738,0,0.8056315978368123,1
spring-boot,22001,0,0.8056315978368123,1
spring-boot,21926,0,0.8056315978368123,1
spring-boot,20044,0,0.8056315978368123,1
spring-boot,18612,0,0.8056315978368123,1
spring-boot,18412,0,0.8056315978368123,1
spring-boot,20206,0,0.8056315978368123,1
spring-boot,19483,0,0.8056315978368123,1
spring-boot,18492,0,0.8056315978368123,1
spring-boot,19952,0,0.8056315978368123,1
spring-boot,19641,0,0.8056315978368123,1
spring-boot,18863,0,0.8056315978368123,1
spring-boot,20155,0,0.8056315978368123,1
spring-boot,19214,0,0.8056315978368123,1
spring-boot,19019,0,0.8056315978368123,1
spring-boot,19900,0,0.8056315978368123,1
spring-boot,20027,0,0.8056315978368123,1
spring-boot,19018,0,0.8056315978368123,1
spring-boot,18625,0,0.8056315978368123,1
spring-boot,19610,0,0.8056315978368123,1
spring-boot,18587,0,0.8056315978368123,1
spring-boot,20051,0,0.8056315978368123,1
spring-boot,18376,0,0.8056315978368123,1
spring-boot,18374,1,0.8056315978368123,1
spring-boot,21972,1,0.8056315978368123,1
spring-boot,19737,0,0.8056315978368123,1
spring-boot,18790,0,0.8056315978368123,1
spring-boot,18690,0,0.8056315978368123,1
spring-boot,19824,0,0.8056315978368123,1
spring-boot,19574,0,0.8056315978368123,1
spring-boot,18786,0,0.8056315978368123,1
spring-boot,19986,0,0.8056315978368123,1
spring-boot,18860,0,0.8056315978368123,1
spring-boot,18482,0,0.8056315978368123,1
spring-boot,19414,0,0.8056315978368123,1
spring-boot,19780,0,0.8056315978368123,1
spring-boot,19170,0,0.8056315978368123,1
spring-boot,19561,0,0.8056315978368123,1
spring-boot,19223,0,0.8056315978368123,1
spring-boot,18679,0,0.8056315978368123,1
spring-boot,18952,0,0.8056315978368123,1
spring-boot,19101,0,0.8056315978368123,1
spring-boot,18444,0,0.8056315978368123,1
spring-boot,18763,0,0.8056315978368123,1
spring-boot,20005,0,0.8056315978368123,1
spring-boot,18583,0,0.8056315978368123,1
spring-boot,18342,0,0.8056315978368123,1
spring-boot,22046,0,0.8056315978368123,1
spring-boot,19046,0,0.8056315978368123,1
spring-boot,20086,0,0.8056315978368123,1
spring-boot,18787,0,0.8056315978368123,1
spring-boot,18720,0,0.8056315978368123,1
spring-boot,19537,0,0.8056315978368123,1
spring-boot,18858,0,0.8056315978368123,1
spring-boot,18760,0,0.8056315978368123,1
spring-boot,19920,0,0.8056315978368123,1
spring-boot,19111,0,0.8056315978368123,1
spring-boot,19993,0,0.8056315978368123,1
spring-boot,19974,0,0.8056315978368123,1
spring-boot,19785,0,0.8056315978368123,1
spring-boot,18824,0,0.8056315978368123,1
spring-boot,18471,0,0.8056315978368123,1
spring-boot,19659,0,0.8056315978368123,1
spring-boot,19277,0,0.8056315978368123,1
spring-boot,18872,0,0.8056315978368123,1
spring-boot,18865,0,0.8056315978368123,1
spring-boot,20319,0,0.8056315978368123,1
spring-boot,18819,0,0.8056315978368123,1
spring-boot,18983,0,0.8056315978368123,1
spring-boot,19878,1,0.8056315978368123,1
spring-boot,18566,0,0.8056315978368123,1
spring-boot,18769,0,0.8056315978368123,1
spring-boot,18472,0,0.8056315978368123,1
spring-boot,18996,0,0.8056315978368123,1
spring-boot,20299,1,0.8056315978368123,1
spring-boot,18437,0,0.8056315978368123,1
spring-boot,19651,0,0.8056315978368123,1
spring-boot,18674,0,0.8056315978368123,1
spring-boot,18888,0,0.8056315978368123,1
spring-boot,19352,0,0.8056315978368123,1
spring-boot,18997,0,0.8056315978368123,1
spring-boot,20025,0,0.8056315978368123,1
spring-boot,20304,1,0.8056315978368123,1
spring-boot,19595,0,0.8056315978368123,1
spring-boot,20120,0,0.8056315978368123,1
spring-boot,18659,0,0.8056315978368123,1
spring-boot,19997,0,0.8056315978368123,1
spring-boot,18347,0,0.8056315978368123,1
spring-boot,21946,0,0.8056315978368123,1
spring-boot,18946,0,0.8056315978368123,1
spring-boot,19779,0,0.8056315978368123,1
spring-boot,21965,0,0.8056315978368123,1
spring-boot,20248,1,0.8056315978368123,1
spring-boot,18755,0,0.8056315978368123,1
spring-boot,18534,0,0.8056315978368123,1
spring-boot,22022,0,0.8056315978368123,1
spring-boot,19021,0,0.8056315978368123,1
spring-boot,18765,0,0.8056315978368123,1
spring-boot,18940,0,0.8056315978368123,1
spring-boot,19994,0,0.8056315978368123,1
spring-boot,20110,0,0.8056315978368123,1
spring-boot,18421,0,0.8056315978368123,1
spring-boot,18438,0,0.8056315978368123,1
spring-boot,19708,0,0.8056315978368123,1
spring-boot,19365,0,0.8056315978368123,1
spring-boot,20111,0,0.8056315978368123,1
spring-boot,20181,0,0.8056315978368123,1
spring-boot,20082,0,0.8056315978368123,1
spring-boot,19822,0,0.8056315978368123,1
spring-boot,19251,0,0.8056315978368123,1
spring-boot,19053,0,0.8056315978368123,1
spring-boot,18410,0,0.8056315978368123,1
spring-boot,19215,0,0.8056315978368123,1
spring-boot,18834,0,0.8056315978368123,1
spring-boot,21945,0,0.8056315978368123,1
spring-boot,20223,0,0.8056315978368123,1
spring-boot,20071,0,0.8056315978368123,1
spring-boot,19680,0,0.8056315978368123,1
spring-boot,20094,0,0.8056315978368123,1
spring-boot,19322,0,0.8056315978368123,1
spring-boot,19312,0,0.8056315978368123,1
spring-boot,20186,0,0.8056315978368123,1
spring-boot,20233,1,0.8056315978368123,1
spring-boot,19921,0,0.8056315978368123,1
spring-boot,19861,0,0.8056315978368123,1
spring-boot,19480,0,0.8056315978368123,1
spring-boot,18367,0,0.8056315978368123,1
spring-boot,18871,0,0.8056315978368123,1
spring-boot,19670,0,0.8056315978368123,1
spring-boot,19866,1,0.8056315978368123,1
spring-boot,18425,0,0.8056315978368123,1
spring-boot,20211,0,0.8056315978368123,1
spring-boot,19317,0,0.8056315978368123,1
spring-boot,18559,0,0.8056315978368123,1
spring-boot,20097,0,0.8056315978368123,1
spring-boot,19818,0,0.8056315978368123,1
spring-boot,19228,0,0.8056315978368123,1
spring-boot,18572,0,0.8056315978368123,1
spring-boot,18408,0,0.8056315978368123,1
spring-boot,20241,1,0.8056315978368123,1
spring-boot,20083,0,0.8056315978368123,1
spring-boot,18524,0,0.8056315978368123,1
spring-boot,18646,0,0.8056315978368123,1
spring-boot,19279,0,0.8056315978368123,1
spring-boot,19217,0,0.8056315978368123,1
spring-boot,18947,0,0.8056315978368123,1
spring-boot,20308,1,0.8056315978368123,1
spring-boot,19254,0,0.8056315978368123,1
spring-boot,18941,0,0.8056315978368123,1
spring-boot,18499,0,0.8056315978368123,1
spring-boot,18554,0,0.8056315978368123,1
spring-boot,19978,0,0.8056315978368123,1
spring-boot,19961,0,0.8056315978368123,1
spring-boot,20142,0,0.8056315978368123,1
spring-boot,20125,0,0.8056315978368123,1
spring-boot,20285,1,0.8056315978368123,1
spring-boot,18655,0,0.8056315978368123,1
spring-boot,18386,0,0.8056315978368123,1
spring-boot,20189,0,0.8056315978368123,1
spring-boot,18503,0,0.8056315978368123,1
spring-boot,20188,0,0.8056315978368123,1
spring-boot,20293,1,0.8056315978368123,1
spring-boot,19090,0,0.8056315978368123,1
spring-boot,19661,0,0.8056315978368123,1
spring-boot,19331,0,0.8056315978368123,1
spring-boot,19415,0,0.8056315978368123,1
spring-boot,19953,0,0.8056315978368123,1
spring-boot,19700,0,0.8056315978368123,1
spring-boot,21938,0,0.8056315978368123,1
spring-boot,18451,0,0.8056315978368123,1
spring-boot,19591,0,0.8056315978368123,1
spring-boot,18666,0,0.8056315978368123,1
spring-boot,19988,0,0.8056315978368123,1
spring-boot,19980,0,0.8056315978368123,1
spring-boot,21986,0,0.8056315978368123,1
spring-boot,20055,0,0.8056315978368123,1
spring-boot,19462,0,0.8056315978368123,1
spring-boot,19513,1,0.8056315978368123,1
spring-boot,19026,0,0.8056315978368123,1
spring-boot,18518,0,0.8056315978368123,1
spring-boot,19536,0,0.8056315978368123,1
spring-boot,18936,0,0.8056315978368123,1
spring-boot,19241,0,0.8056315978368123,1
spring-boot,20096,0,0.8056315978368123,1
spring-boot,19222,0,0.8056315978368123,1
spring-boot,18688,0,0.8056315978368123,1
spring-boot,19161,0,0.8056315978368123,1
spring-boot,20289,1,0.8056315978368123,1
spring-boot,19139,0,0.8056315978368123,1
spring-boot,22037,0,0.8056315978368123,1
spring-boot,19376,0,0.8056315978368123,1
spring-boot,19162,0,0.8056315978368123,1
spring-boot,19608,0,0.8056315978368123,1
spring-boot,19301,0,0.8056315978368123,1
spring-boot,18391,0,0.8056315978368123,1
spring-boot,18923,0,0.8056315978368123,1
spring-boot,19485,0,0.8056315978368123,1
spring-boot,19422,0,0.8056315978368123,1
spring-boot,18533,0,0.8056315978368123,1
spring-boot,19753,0,0.8056315978368123,1
spring-boot,20066,0,0.8056315978368123,1
spring-boot,19525,1,0.8056315978368123,1
spring-boot,22040,0,0.8056315978368123,1
spring-boot,19117,0,0.8056315978368123,1
spring-boot,18921,0,0.8056315978368123,1
spring-boot,19879,1,0.8056315978368123,1
spring-boot,18519,0,0.8056315978368123,1
spring-boot,18569,0,0.8056315978368123,1
spring-boot,19094,0,0.8056315978368123,1
spring-boot,19081,0,0.8056315978368123,1
spring-boot,19088,0,0.8056315978368123,1
spring-boot,21970,1,0.8056315978368123,1
spring-boot,20237,1,0.8056315978368123,1
spring-boot,19912,0,0.8056315978368123,1
spring-boot,18792,0,0.8056315978368123,1
spring-boot,20052,0,0.8056315978368123,1
spring-boot,19084,0,0.8056315978368123,1
spring-boot,20242,1,0.8056315978368123,1
spring-boot,19401,0,0.8056315978368123,1
spring-boot,18627,0,0.8056315978368123,1
spring-boot,20131,0,0.8056315978368123,1
spring-boot,18345,0,0.8056315978368123,1
spring-boot,19256,0,0.8056315978368123,1
spring-boot,21928,0,0.8056315978368123,1
spring-boot,18879,0,0.8056315978368123,1
spring-boot,20330,0,0.8056315978368123,1
spring-boot,18992,0,0.8056315978368123,1
spring-boot,19072,0,0.8056315978368123,1
spring-boot,19247,0,0.8056315978368123,1
spring-boot,20092,0,0.8056315978368123,1
spring-boot,19465,0,0.8056315978368123,1
spring-boot,19830,0,0.8056315978368123,1
spring-boot,18392,0,0.8056315978368123,1
spring-boot,22023,0,0.8056315978368123,1
spring-boot,20156,0,0.8056315978368123,1
spring-boot,18603,0,0.8056315978368123,1
spring-boot,20244,1,0.8056315978368123,1
spring-boot,20137,0,0.8056315978368123,1
spring-boot,18772,0,0.8056315978368123,1
spring-boot,19985,0,0.8056315978368123,1
spring-boot,18757,0,0.8056315978368123,1
spring-boot,18661,0,0.8056315978368123,1
spring-boot,19549,0,0.8056315978368123,1
spring-boot,19693,0,0.8056315978368123,1
spring-boot,19870,1,0.8056315978368123,1
spring-boot,18610,0,0.8056315978368123,1
spring-boot,19338,0,0.8056315978368123,1
spring-boot,19185,0,0.8056315978368123,1
spring-boot,19404,0,0.8056315978368123,1
spring-boot,19807,0,0.8056315978368123,1
spring-boot,19835,0,0.8056315978368123,1
spring-boot,21943,0,0.8056315978368123,1
spring-boot,20259,1,0.8056315978368123,1
spring-boot,18338,0,0.8056315978368123,1
spring-boot,22021,0,0.8056315978368123,1
spring-boot,19304,0,0.8056315978368123,1
spring-boot,19237,0,0.8056315978368123,1
spring-boot,20298,1,0.8056315978368123,1
spring-boot,18899,0,0.8056315978368123,1
spring-boot,19749,0,0.8056315978368123,1
spring-boot,19999,0,0.8056315978368123,1
spring-boot,19177,0,0.8056315978368123,1
spring-boot,19216,0,0.8056315978368123,1
spring-boot,19000,0,0.8056315978368123,1
spring-boot,21985,1,0.8056315978368123,1
spring-boot,19792,0,0.8056315978368123,1
spring-boot,20041,0,0.8056315978368123,1
spring-boot,20265,1,0.8056315978368123,1
spring-boot,19079,0,0.8056315978368123,1
spring-boot,18485,0,0.8056315978368123,1
spring-boot,19140,0,0.8056315978368123,1
spring-boot,19009,0,0.8056315978368123,1
spring-boot,18602,0,0.8056315978368123,1
spring-boot,19954,0,0.8056315978368123,1
spring-boot,18495,0,0.8056315978368123,1
spring-boot,18383,0,0.8056315978368123,1
spring-boot,19135,0,0.8056315978368123,1
spring-boot,19725,0,0.8056315978368123,1
spring-boot,19002,0,0.8056315978368123,1
spring-boot,19638,0,0.8056315978368123,1
spring-boot,21930,0,0.8056315978368123,1
spring-boot,22019,0,0.8056315978368123,1
spring-boot,19913,0,0.8056315978368123,1
spring-boot,19640,0,0.8056315978368123,1
spring-boot,19966,0,0.8056315978368123,1
spring-boot,22042,0,0.8056315978368123,1
spring-boot,19530,0,0.8056315978368123,1
spring-boot,19548,0,0.8056315978368123,1
spring-boot,20141,0,0.8056315978368123,1
spring-boot,18758,0,0.8056315978368123,1
spring-boot,22045,0,0.8056315978368123,1
spring-boot,19481,0,0.8056315978368123,1
spring-boot,18723,0,0.8056315978368123,1
spring-boot,21977,0,0.8056315978368123,1
spring-boot,18780,0,0.8056315978368123,1
spring-boot,19329,0,0.8056315978368123,1
spring-boot,18513,0,0.8056315978368123,1
spring-boot,19428,0,0.8056315978368123,1
spring-boot,19545,0,0.8056315978368123,1
spring-boot,19765,0,0.8056315978368123,1
spring-boot,21947,0,0.8056315978368123,1
spring-boot,19388,0,0.8056315978368123,1
spring-boot,20039,0,0.8056315978368123,1
spring-boot,19324,0,0.8056315978368123,1
spring-boot,19132,0,0.8056315978368123,1
spring-boot,20251,1,0.8056315978368123,1
spring-boot,20185,0,0.8056315978368123,1
spring-boot,18971,0,0.8056315978368123,1
spring-boot,18586,0,0.8056315978368123,1
spring-boot,19100,0,0.8056315978368123,1
spring-boot,18336,0,0.8056315978368123,1
spring-boot,20001,0,0.8056315978368123,1
spring-boot,19982,0,0.8056315978368123,1
spring-boot,19727,0,0.8056315978368123,1
spring-boot,22044,0,0.8056315978368123,1
spring-boot,18574,0,0.8056315978368123,1
spring-boot,20193,0,0.8056315978368123,1
spring-boot,19258,0,0.8056315978368123,1
spring-boot,19391,0,0.8056315978368123,1
spring-boot,22043,0,0.8056315978368123,1
spring-boot,19080,0,0.8056315978368123,1
spring-boot,19811,0,0.8056315978368123,1
spring-boot,19964,0,0.8056315978368123,1
spring-boot,18431,0,0.8056315978368123,1
spring-boot,19130,0,0.8056315978368123,1
spring-boot,18450,0,0.8056315978368123,1
spring-boot,22020,0,0.8056315978368123,1
spring-boot,19927,0,0.8056315978368123,1
spring-boot,19911,0,0.8056315978368123,1
spring-boot,19052,0,0.8056315978368123,1
spring-boot,20093,0,0.8056315978368123,1
spring-boot,18514,0,0.8056315978368123,1
spring-boot,20011,0,0.8056315978368123,1
spring-boot,20147,0,0.8056315978368123,1
spring-boot,18816,0,0.8056315978368123,1
spring-boot,18877,0,0.8056315978368123,1
spring-boot,18483,0,0.8056315978368123,1
spring-boot,19064,0,0.8056315978368123,1
spring-boot,19495,0,0.8056315978368123,1
spring-boot,19662,0,0.8056315978368123,1
spring-boot,19714,0,0.8056315978368123,1
spring-boot,18548,0,0.8056315978368123,1
spring-boot,19839,0,0.8056315978368123,1
spring-boot,18822,0,0.8056315978368123,1
spring-boot,19521,1,0.8056315978368123,1
spring-boot,20068,0,0.8056315978368123,1
spring-boot,18453,0,0.8056315978368123,1
spring-boot,20103,0,0.8056315978368123,1
spring-boot,19556,0,0.8056315978368123,1
spring-boot,20107,0,0.8056315978368123,1
spring-boot,18764,0,0.8056315978368123,1
spring-boot,19278,0,0.8056315978368123,1
spring-boot,21979,0,0.8056315978368123,1
spring-boot,20126,0,0.8056315978368123,1
spring-boot,20321,0,0.8056315978368123,1
spring-boot,21971,0,0.8056315978368123,1
spring-boot,20153,0,0.8056315978368123,1
spring-boot,19899,0,0.8056315978368123,1
spring-boot,19418,0,0.8056315978368123,1
spring-boot,19896,0,0.8056315978368123,1
spring-boot,18487,0,0.8056315978368123,1
spring-boot,21992,0,0.8056315978368123,1
spring-boot,18413,0,0.8056315978368123,1
spring-boot,22000,0,0.8056315978368123,1
spring-boot,19720,0,0.8056315978368123,1
spring-boot,20279,1,0.8056315978368123,1
spring-boot,20004,0,0.8056315978368123,1
spring-boot,18958,0,0.8056315978368123,1
spring-boot,19379,0,0.8056315978368123,1
spring-boot,20104,0,0.8056315978368123,1
spring-boot,19863,1,0.8056315978368123,1
spring-boot,18973,0,0.8056315978368123,1
spring-boot,19735,0,0.8056315978368123,1
spring-boot,21958,0,0.8056315978368123,1
spring-boot,19812,0,0.8056315978368123,1
spring-boot,19968,0,0.8056315978368123,1
spring-boot,19238,0,0.8056315978368123,1
spring-boot,19457,0,0.8056315978368123,1
spring-boot,19472,0,0.8056315978368123,1
spring-boot,20022,0,0.8056315978368123,1
spring-boot,18984,0,0.8056315978368123,1
spring-boot,18742,0,0.8056315978368123,1
spring-boot,18916,0,0.8056315978368123,1
spring-boot,19252,0,0.8056315978368123,1
spring-boot,18900,0,0.8056315978368123,1
spring-boot,19159,0,0.8056315978368123,1
spring-boot,18409,0,0.8056315978368123,1
spring-boot,18864,0,0.8056315978368123,1
spring-boot,18540,0,0.8056315978368123,1
spring-boot,19998,0,0.8056315978368123,1
spring-boot,19790,0,0.8056315978368123,1
spring-boot,19652,0,0.8056315978368123,1
spring-boot,19119,0,0.8056315978368123,1
spring-boot,19319,0,0.8056315978368123,1
spring-boot,19082,0,0.8056315978368123,1
spring-boot,20158,0,0.8056315978368123,1
spring-boot,18761,0,0.8056315978368123,1
spring-boot,19663,0,0.8056315978368123,1
spring-boot,18754,0,0.8056315978368123,1
spring-boot,19102,0,0.8056315978368123,1
spring-boot,18671,0,0.8056315978368123,1
spring-boot,19724,0,0.8056315978368123,1
spring-boot,18956,0,0.8056315978368123,1
spring-boot,19832,0,0.8056315978368123,1
spring-boot,20236,1,0.8056315978368123,1
spring-boot,19175,0,0.8056315978368123,1
spring-boot,20218,0,0.8056315978368123,1
spring-boot,20258,1,0.8056315978368123,1
spring-boot,18490,0,0.8056315978368123,1
spring-boot,18732,0,0.8056315978368123,1
spring-boot,18642,0,0.8056315978368123,1
spring-boot,19757,0,0.8056315978368123,1
spring-boot,19004,0,0.8056315978368123,1
spring-boot,18593,0,0.8056315978368123,1
spring-boot,18942,0,0.8056315978368123,1
spring-boot,21973,0,0.8056315978368123,1
spring-boot,20100,0,0.8056315978368123,1
spring-boot,19339,0,0.8056315978368123,1
spring-boot,19696,0,0.8056315978368123,1
spring-boot,18724,0,0.8056315978368123,1
spring-boot,19885,0,0.8056315978368123,1
spring-boot,19479,1,0.8056315978368123,1
spring-boot,18664,0,0.8056315978368123,1
spring-boot,19960,0,0.8056315978368123,1
spring-boot,19179,0,0.8056315978368123,1
spring-boot,19511,0,0.8056315978368123,1
spring-boot,19892,0,0.8056315978368123,1
spring-boot,18584,0,0.8056315978368123,1
spring-boot,18475,0,0.8056315978368123,1
spring-boot,19914,0,0.8056315978368123,1
spring-boot,18751,0,0.8056315978368123,1
spring-boot,18880,0,0.8056315978368123,1
spring-boot,18484,0,0.8056315978368123,1
spring-boot,20286,1,0.8056315978368123,1
spring-boot,19789,0,0.8056315978368123,1
spring-boot,18422,0,0.8056315978368123,1
spring-boot,19362,0,0.8056315978368123,1
spring-boot,18744,0,0.8056315978368123,1
spring-boot,20180,0,0.8056315978368123,1
spring-boot,19430,0,0.8056315978368123,1
spring-boot,18500,0,0.8056315978368123,1
spring-boot,19104,0,0.8056315978368123,1
spring-boot,18766,0,0.8056315978368123,1
spring-boot,18694,0,0.8056315978368123,1
spring-boot,19488,0,0.8056315978368123,1
spring-boot,18463,0,0.8056315978368123,1
spring-boot,20081,0,0.8056315978368123,1
spring-boot,20276,1,0.8056315978368123,1
spring-boot,19435,0,0.8056315978368123,1
spring-boot,19688,0,0.8056315978368123,1
spring-boot,19054,0,0.8056315978368123,1
spring-boot,19567,0,0.8056315978368123,1
spring-boot,19406,1,0.8056315978368123,1
spring-boot,18556,0,0.8056315978368123,1
spring-boot,19987,0,0.8056315978368123,1
spring-boot,19669,0,0.8056315978368123,1
spring-boot,19803,0,0.8056315978368123,1
spring-boot,19444,0,0.8056315978368123,1
spring-boot,18970,0,0.8056315978368123,1
spring-boot,19581,0,0.8056315978368123,1
spring-boot,18814,0,0.8056315978368123,1
spring-boot,19441,0,0.8056315978368123,1
spring-boot,20007,0,0.8056315978368123,1
spring-boot,19544,0,0.8056315978368123,1
spring-boot,19437,0,0.8056315978368123,1
spring-boot,20062,0,0.8056315978368123,1
spring-boot,19390,0,0.8056315978368123,1
spring-boot,19602,0,0.8056315978368123,1
spring-boot,19408,0,0.8056315978368123,1
spring-boot,19086,0,0.8056315978368123,1
spring-boot,18521,0,0.8056315978368123,1
spring-boot,18647,0,0.8056315978368123,1
spring-boot,19358,0,0.8056315978368123,1
spring-boot,19587,0,0.8056315978368123,1
spring-boot,18828,0,0.8056315978368123,1
spring-boot,19924,0,0.8056315978368123,1
spring-boot,19112,0,0.8056315978368123,1
spring-boot,19421,0,0.8056315978368123,1
spring-boot,20048,0,0.8056315978368123,1
spring-boot,20123,0,0.8056315978368123,1
spring-boot,20327,0,0.8056315978368123,1
spring-boot,19416,0,0.8056315978368123,1
spring-boot,19034,1,0.8056315978368123,1
spring-boot,18779,0,0.8056315978368123,1
spring-boot,18890,0,0.8056315978368123,1
spring-boot,18708,0,0.8056315978368123,1
spring-boot,20016,0,0.8056315978368123,1
spring-boot,18580,0,0.8056315978368123,1
spring-boot,19764,0,0.8056315978368123,1
spring-boot,19347,0,0.8056315978368123,1
spring-boot,19819,0,0.8056315978368123,1
spring-boot,19250,0,0.8056315978368123,1
spring-boot,19209,0,0.8056315978368123,1
spring-boot,18406,0,0.8056315978368123,1
spring-boot,20315,0,0.8056315978368123,1
spring-boot,19547,0,0.8056315978368123,1
spring-boot,19519,1,0.8056315978368123,1
spring-boot,19041,0,0.8056315978368123,1
spring-boot,19405,1,0.8056315978368123,1
spring-boot,18511,0,0.8056315978368123,1
spring-boot,20178,0,0.8056315978368123,1
spring-boot,19257,0,0.8056315978368123,1
spring-boot,19445,0,0.8056315978368123,1
spring-boot,19716,0,0.8056315978368123,1
spring-boot,19127,0,0.8056315978368123,1
spring-boot,18498,0,0.8056315978368123,1
spring-boot,19594,0,0.8056315978368123,1
spring-boot,19840,0,0.8056315978368123,1
spring-boot,19631,0,0.8056315978368123,1
spring-boot,19895,0,0.8056315978368123,1
spring-boot,19017,0,0.8056315978368123,1
spring-boot,20056,0,0.8056315978368123,1
spring-boot,18770,0,0.8056315978368123,1
spring-boot,19884,1,0.8056315978368123,1
spring-boot,19381,0,0.8056315978368123,1
spring-boot,18855,0,0.8056315978368123,1
spring-boot,18849,0,0.8056315978368123,1
spring-boot,20303,1,0.8056315978368123,1
spring-boot,19597,0,0.8056315978368123,1
spring-boot,20014,0,0.8056315978368123,1
spring-boot,18442,0,0.8056315978368123,1
spring-boot,21954,0,0.8056315978368123,1
spring-boot,19115,0,0.8056315978368123,1
spring-boot,19227,0,0.8056315978368123,1
spring-boot,18781,0,0.8056315978368123,1
spring-boot,19837,0,0.8056315978368123,1
spring-boot,19294,0,0.8056315978368123,1
spring-boot,20119,0,0.8056315978368123,1
spring-boot,18539,0,0.8056315978368123,1
spring-boot,19369,0,0.8056315978368123,1
spring-boot,18402,0,0.8056315978368123,1
spring-boot,18508,0,0.8056315978368123,1
spring-boot,18538,0,0.8056315978368123,1
spring-boot,18737,0,0.8056315978368123,1
spring-boot,19492,0,0.8056315978368123,1
spring-boot,18607,0,0.8056315978368123,1
spring-boot,19864,1,0.8056315978368123,1
spring-boot,18832,0,0.8056315978368123,1
spring-boot,19849,0,0.8056315978368123,1
spring-boot,19701,0,0.8056315978368123,1
spring-boot,18813,0,0.8056315978368123,1
spring-boot,18989,0,0.8056315978368123,1
spring-boot,19409,0,0.8056315978368123,1
spring-boot,21981,0,0.8056315978368123,1
spring-boot,19071,0,0.8056315978368123,1
spring-boot,18771,0,0.8056315978368123,1
spring-boot,19577,0,0.8056315978368123,1
spring-boot,18953,0,0.8056315978368123,1
spring-boot,19047,0,0.8056315978368123,1
spring-boot,20301,1,0.8056315978368123,1
spring-boot,20091,0,0.8056315978368123,1
spring-boot,18842,0,0.8056315978368123,1
spring-boot,18959,0,0.8056315978368123,1
spring-boot,18474,0,0.8056315978368123,1
spring-boot,18351,0,0.8056315978368123,1
spring-boot,19359,0,0.8056315978368123,1
spring-boot,19851,0,0.8056315978368123,1
spring-boot,18853,0,0.8056315978368123,1
spring-boot,20224,0,0.8056315978368123,1
spring-boot,18364,0,0.8056315978368123,1
spring-boot,19230,0,0.8056315978368123,1
spring-boot,18993,0,0.8056315978368123,1
spring-boot,18700,0,0.8056315978368123,1
spring-boot,19180,0,0.8056315978368123,1
spring-boot,18935,0,0.8056315978368123,1
spring-boot,18847,0,0.8056315978368123,1
spring-boot,19196,0,0.8056315978368123,1
spring-boot,19273,0,0.8056315978368123,1
spring-boot,19099,0,0.8056315978368123,1
spring-boot,22047,0,0.8056315978368123,1
spring-boot,18948,0,0.8056315978368123,1
spring-boot,20191,0,0.8056315978368123,1
spring-boot,19767,0,0.8056315978368123,1
spring-boot,18768,0,0.8056315978368123,1
spring-boot,18619,0,0.8056315978368123,1
spring-boot,18918,0,0.8056315978368123,1
spring-boot,18510,0,0.8056315978368123,1
spring-boot,19337,0,0.8056315978368123,1
spring-boot,19657,0,0.8056315978368123,1
spring-boot,18401,0,0.8056315978368123,1
spring-boot,20292,1,0.8056315978368123,1
spring-boot,18596,0,0.8056315978368123,1
spring-boot,18516,0,0.8056315978368123,1
spring-boot,20274,1,0.8056315978368123,1
spring-boot,21924,0,0.8056315978368123,1
spring-boot,19702,0,0.8056315978368123,1
spring-boot,19121,0,0.8056315978368123,1
spring-boot,19407,0,0.8056315978368123,1
spring-boot,18352,0,0.8056315978368123,1
spring-boot,19706,0,0.8056315978368123,1
spring-boot,20034,0,0.8056315978368123,1
spring-boot,19207,0,0.8056315978368123,1
spring-boot,18739,0,0.8056315978368123,1
spring-boot,19191,0,0.8056315978368123,1
spring-boot,18882,0,0.8056315978368123,1
spring-boot,19426,0,0.8056315978368123,1
spring-boot,18740,0,0.8056315978368123,1
spring-boot,19149,0,0.8056315978368123,1
spring-boot,20312,0,0.8056315978368123,1
spring-boot,19695,0,0.8056315978368123,1
spring-boot,19242,0,0.8056315978368123,1
spring-boot,19592,0,0.8056315978368123,1
spring-boot,20302,1,0.8056315978368123,1
spring-boot,18365,0,0.8056315978368123,1
spring-boot,19590,0,0.8056315978368123,1
spring-boot,19067,0,0.8056315978368123,1
spring-boot,20150,0,0.8056315978368123,1
spring-boot,18898,0,0.8056315978368123,1
spring-boot,20031,0,0.8056315978368123,1
spring-boot,19187,0,0.8056315978368123,1
spring-boot,19736,0,0.8056315978368123,1
spring-boot,19957,0,0.8056315978368123,1
spring-boot,20311,0,0.8056315978368123,1
spring-boot,18991,1,0.8056315978368123,1
spring-boot,20003,0,0.8056315978368123,1
spring-boot,19197,0,0.8056315978368123,1
spring-boot,18570,0,0.8056315978368123,1
spring-boot,19235,0,0.8056315978368123,1
spring-boot,19904,0,0.8056315978368123,1
spring-boot,18902,0,0.8056315978368123,1
spring-boot,19160,0,0.8056315978368123,1
spring-boot,19147,0,0.8056315978368123,1
spring-boot,18643,0,0.8056315978368123,1
spring-boot,20101,0,0.8056315978368123,1
spring-boot,19648,0,0.8056315978368123,1
spring-boot,19354,0,0.8056315978368123,1
spring-boot,20320,0,0.8056315978368123,1
spring-boot,18812,0,0.8056315978368123,1
spring-boot,20121,0,0.8056315978368123,1
spring-boot,19020,0,0.8056315978368123,1
spring-boot,18750,0,0.8056315978368123,1
spring-boot,20095,0,0.8056315978368123,1
spring-boot,18843,0,0.8056315978368123,1
spring-boot,19935,0,0.8056315978368123,1
spring-boot,18557,0,0.8056315978368123,1
spring-boot,19366,0,0.8056315978368123,1
spring-boot,18541,0,0.8056315978368123,1
spring-boot,18628,0,0.8056315978368123,1
spring-boot,19007,0,0.8056315978368123,1
spring-boot,18876,0,0.8056315978368123,1
spring-boot,19400,0,0.8056315978368123,1
spring-boot,18782,0,0.8056315978368123,1
spring-boot,19704,0,0.8056315978368123,1
spring-boot,18825,0,0.8056315978368123,1
spring-boot,20024,0,0.8056315978368123,1
spring-boot,19484,0,0.8056315978368123,1
spring-boot,19200,0,0.8056315978368123,1
spring-boot,19003,0,0.8056315978368123,1
spring-boot,19943,0,0.8056315978368123,1
spring-boot,21988,0,0.8056315978368123,1
spring-boot,18446,0,0.8056315978368123,1
spring-boot,20231,1,0.8056315978368123,1
spring-boot,19006,0,0.8056315978368123,1
spring-boot,18429,0,0.8056315978368123,1
spring-boot,19743,0,0.8056315978368123,1
spring-boot,19535,1,0.8056315978368123,1
spring-boot,18373,0,0.8056315978368123,1
spring-boot,18909,0,0.8056315978368123,1
spring-boot,19282,0,0.8056315978368123,1
spring-boot,19512,1,0.8056315978368123,1
spring-boot,20135,0,0.8056315978368123,1
spring-boot,19681,0,0.8056315978368123,1
undertow,4823,0,0.7338873445987703,1
undertow,4679,0,0.7338873445987703,1
undertow,4833,0,0.7338873445987703,1
undertow,4693,0,0.7338873445987703,1
undertow,4839,0,0.7338873445987703,1
undertow,4727,0,0.7338873445987703,1
undertow,4808,0,0.7338873445987703,1
undertow,4753,0,0.7338873445987703,1
undertow,4678,0,0.7338873445987703,1
undertow,4758,0,0.7338873445987703,1
undertow,4812,0,0.7338873445987703,1
undertow,4803,0,0.7338873445987703,1
undertow,4692,0,0.7338873445987703,1
undertow,4779,0,0.7338873445987703,1
undertow,4813,0,0.7338873445987703,1
undertow,4796,0,0.7338873445987703,1
undertow,4731,0,0.7338873445987703,1
undertow,4760,0,0.7338873445987703,1
undertow,4685,0,0.7338873445987703,1
undertow,4790,0,0.7338873445987703,1
undertow,4746,0,0.7338873445987703,1
undertow,4748,0,0.7338873445987703,1
undertow,4801,0,0.7338873445987703,1
undertow,4840,0,0.7338873445987703,1
undertow,4807,0,0.7338873445987703,1
undertow,4734,0,0.7338873445987703,1
undertow,4743,0,0.7338873445987703,1
undertow,4747,0,0.7338873445987703,1
undertow,4709,0,0.7338873445987703,1
undertow,4677,0,0.7338873445987703,1
undertow,4729,0,0.7338873445987703,1
undertow,4751,0,0.7338873445987703,1
undertow,4706,0,0.7338873445987703,1
undertow,4761,0,0.7338873445987703,1
undertow,4849,0,0.7338873445987703,1
undertow,4732,0,0.7338873445987703,1
undertow,4673,0,0.7338873445987703,1
undertow,4800,0,0.7338873445987703,1
undertow,4783,0,0.7338873445987703,1
undertow,4759,0,0.7338873445987703,1
undertow,4733,0,0.7338873445987703,1
undertow,4689,0,0.7338873445987703,1
undertow,4775,0,0.7338873445987703,1
undertow,4738,0,0.7338873445987703,1
undertow,4843,0,0.7338873445987703,1
undertow,4820,0,0.7338873445987703,1
undertow,4718,0,0.7338873445987703,1
undertow,4769,0,0.7338873445987703,1
undertow,4757,0,0.7338873445987703,1
undertow,4749,0,0.7338873445987703,1
undertow,4797,1,0.7338873445987703,1
undertow,4740,0,0.7338873445987703,1
undertow,4815,0,0.7338873445987703,1
undertow,4819,0,0.7338873445987703,1
undertow,4716,0,0.7338873445987703,1
undertow,4770,0,0.7338873445987703,1
undertow,4824,0,0.7338873445987703,1
undertow,4688,0,0.7338873445987703,1
undertow,4773,0,0.7338873445987703,1
undertow,4741,0,0.7338873445987703,1
undertow,4736,0,0.7338873445987703,1
undertow,4846,0,0.7338873445987703,1
undertow,4771,0,0.7338873445987703,1
undertow,4821,0,0.7338873445987703,1
undertow,4799,0,0.7338873445987703,1
undertow,4752,0,0.7338873445987703,1
undertow,4774,0,0.7338873445987703,1
undertow,4703,0,0.7338873445987703,1
undertow,4712,0,0.7338873445987703,1
undertow,4837,0,0.7338873445987703,1
undertow,4847,0,0.7338873445987703,1
undertow,4848,0,0.7338873445987703,1
undertow,4841,0,0.7338873445987703,1
undertow,4814,0,0.7338873445987703,1
undertow,4701,0,0.7338873445987703,1
undertow,4795,0,0.7338873445987703,1
undertow,4829,0,0.7338873445987703,1
undertow,4684,0,0.7338873445987703,1
undertow,4708,0,0.7338873445987703,1
undertow,4810,0,0.7338873445987703,1
undertow,4707,0,0.7338873445987703,1
undertow,4728,0,0.7338873445987703,1
undertow,4778,0,0.7338873445987703,1
undertow,4700,0,0.7338873445987703,1
undertow,4772,0,0.7338873445987703,1
undertow,4683,0,0.7338873445987703,1
undertow,4781,0,0.7338873445987703,1
undertow,4842,0,0.7338873445987703,1
undertow,4827,0,0.7338873445987703,1
undertow,4698,0,0.7338873445987703,1
undertow,4754,0,0.7338873445987703,1
undertow,4711,0,0.7338873445987703,1
undertow,4851,0,0.7338873445987703,1
undertow,4723,0,0.7338873445987703,1
undertow,4853,0,0.7338873445987703,1
undertow,4724,0,0.7338873445987703,1
undertow,4834,0,0.7338873445987703,1
undertow,4720,0,0.7338873445987703,1
undertow,4826,0,0.7338873445987703,1
undertow,4715,0,0.7338873445987703,1
undertow,4714,0,0.7338873445987703,1
undertow,4844,0,0.7338873445987703,1
undertow,4828,0,0.7338873445987703,1
undertow,4831,0,0.7338873445987703,1
undertow,4830,0,0.7338873445987703,1
undertow,4672,0,0.7338873445987703,1
undertow,4697,1,0.7338873445987703,1
undertow,4682,0,0.7338873445987703,1
undertow,4789,0,0.7338873445987703,1
undertow,4744,0,0.7338873445987703,1
undertow,4671,0,0.7338873445987703,1
undertow,4764,0,0.7338873445987703,1
undertow,4730,0,0.7338873445987703,1
undertow,4822,0,0.7338873445987703,1
undertow,4845,0,0.7338873445987703,1
undertow,4674,0,0.7338873445987703,1
undertow,4766,0,0.7338873445987703,1
undertow,4788,0,0.7338873445987703,1
undertow,4798,0,0.7338873445987703,1
undertow,4835,0,0.7338873445987703,1
undertow,4699,0,0.7338873445987703,1
undertow,4809,0,0.7338873445987703,1
undertow,4681,0,0.7338873445987703,1
undertow,4852,0,0.7338873445987703,1
undertow,4737,0,0.7338873445987703,1
undertow,4755,0,0.7338873445987703,1
undertow,4750,0,0.7338873445987703,1
undertow,4767,0,0.7338873445987703,1
undertow,4793,1,0.7338873445987703,1
undertow,4735,0,0.7338873445987703,1
undertow,4806,1,0.7338873445987703,1
undertow,4725,0,0.7338873445987703,1
undertow,4816,0,0.7338873445987703,1
undertow,4787,0,0.7338873445987703,1
undertow,4785,0,0.7338873445987703,1
undertow,4694,0,0.7338873445987703,1
undertow,4832,0,0.7338873445987703,1
undertow,4676,0,0.7338873445987703,1
undertow,4805,0,0.7338873445987703,1
undertow,4836,0,0.7338873445987703,1
undertow,4762,0,0.7338873445987703,1
undertow,4696,0,0.7338873445987703,1
undertow,4710,0,0.7338873445987703,1
undertow,4804,0,0.7338873445987703,1
undertow,4745,0,0.7338873445987703,1
undertow,4802,0,0.7338873445987703,1
undertow,4704,0,0.7338873445987703,1
undertow,4691,0,0.7338873445987703,1
undertow,4825,0,0.7338873445987703,1
undertow,4776,0,0.7338873445987703,1
undertow,4726,0,0.7338873445987703,1
undertow,4705,0,0.7338873445987703,1
undertow,4768,0,0.7338873445987703,1
undertow,4811,1,0.7338873445987703,1
undertow,4680,0,0.7338873445987703,1
undertow,4765,0,0.7338873445987703,1
undertow,4719,0,0.7338873445987703,1
undertow,4791,1,0.7338873445987703,1
undertow,4721,0,0.7338873445987703,1
undertow,4756,0,0.7338873445987703,1
undertow,4722,0,0.7338873445987703,1
undertow,4780,0,0.7338873445987703,1
undertow,4777,0,0.7338873445987703,1
undertow,4763,0,0.7338873445987703,1
undertow,4675,0,0.7338873445987703,1
wildfly,17894,0,0.4769721201487949,0
wildfly,20380,0,0.4769721201487949,0
wildfly,17565,0,0.4769721201487949,0
wildfly,20433,0,0.4769721201487949,0
wildfly,20750,0,0.4769721201487949,0
wildfly,17640,0,0.4769721201487949,0
wildfly,18169,0,0.4769721201487949,0
wildfly,20766,0,0.4769721201487949,0
wildfly,18075,0,0.4769721201487949,0
wildfly,20520,0,0.4769721201487949,0
wildfly,20542,0,0.4769721201487949,0
wildfly,20362,0,0.4769721201487949,0
wildfly,20618,0,0.4769721201487949,0
wildfly,17939,0,0.4769721201487949,0
wildfly,18121,0,0.4769721201487949,0
wildfly,17545,0,0.4769721201487949,0
wildfly,17911,0,0.4769721201487949,0
wildfly,18176,0,0.4769721201487949,0
wildfly,20448,0,0.4769721201487949,0
wildfly,18015,0,0.4769721201487949,0
wildfly,17754,0,0.4769721201487949,0
wildfly,18293,0,0.4769721201487949,0
wildfly,18220,0,0.4769721201487949,0
wildfly,17709,0,0.4769721201487949,0
wildfly,20595,0,0.4769721201487949,0
wildfly,18029,0,0.4769721201487949,0
wildfly,17985,0,0.4769721201487949,0
wildfly,17612,0,0.4769721201487949,0
wildfly,20600,0,0.4769721201487949,0
wildfly,20377,0,0.4769721201487949,0
wildfly,17842,0,0.4769721201487949,0
wildfly,17795,0,0.4769721201487949,0
wildfly,18228,0,0.4769721201487949,0
wildfly,20459,0,0.4769721201487949,0
wildfly,20483,0,0.4769721201487949,0
wildfly,18142,0,0.4769721201487949,0
wildfly,18078,0,0.4769721201487949,0
wildfly,17668,0,0.4769721201487949,0
wildfly,20749,1,0.4769721201487949,0
wildfly,17977,0,0.4769721201487949,0
wildfly,20404,0,0.4769721201487949,0
wildfly,18245,0,0.4769721201487949,0
wildfly,20398,0,0.4769721201487949,0
wildfly,18151,0,0.4769721201487949,0
wildfly,17828,0,0.4769721201487949,0
wildfly,17832,0,0.4769721201487949,0
wildfly,20499,0,0.4769721201487949,0
wildfly,20533,0,0.4769721201487949,0
wildfly,17713,0,0.4769721201487949,0
wildfly,17900,0,0.4769721201487949,0
wildfly,20389,0,0.4769721201487949,0
wildfly,20372,0,0.4769721201487949,0
wildfly,17583,0,0.4769721201487949,0
wildfly,17921,0,0.4769721201487949,0
wildfly,17557,0,0.4769721201487949,0
wildfly,18130,0,0.4769721201487949,0
wildfly,17714,0,0.4769721201487949,0
wildfly,17930,0,0.4769721201487949,0
wildfly,18316,0,0.4769721201487949,0
wildfly,18166,1,0.4769721201487949,0
wildfly,17585,0,0.4769721201487949,0
wildfly,20445,0,0.4769721201487949,0
wildfly,20447,0,0.4769721201487949,0
wildfly,20449,0,0.4769721201487949,0
wildfly,20529,0,0.4769721201487949,0
wildfly,20571,0,0.4769721201487949,0
wildfly,17727,0,0.4769721201487949,0
wildfly,17543,0,0.4769721201487949,0
wildfly,17846,0,0.4769721201487949,0
wildfly,20778,0,0.4769721201487949,0
wildfly,20617,0,0.4769721201487949,0
wildfly,18009,0,0.4769721201487949,0
wildfly,18048,0,0.4769721201487949,0
wildfly,18206,0,0.4769721201487949,0
wildfly,18100,0,0.4769721201487949,0
wildfly,18103,0,0.4769721201487949,0
wildfly,20705,0,0.4769721201487949,0
wildfly,20601,0,0.4769721201487949,0
wildfly,17555,0,0.4769721201487949,0
wildfly,17697,0,0.4769721201487949,0
wildfly,20427,0,0.4769721201487949,0
wildfly,18073,0,0.4769721201487949,0
wildfly,18216,0,0.4769721201487949,0
wildfly,20435,0,0.4769721201487949,0
wildfly,18266,0,0.4769721201487949,0
wildfly,17814,0,0.4769721201487949,0
wildfly,17758,0,0.4769721201487949,0
wildfly,20717,0,0.4769721201487949,0
wildfly,20502,0,0.4769721201487949,0
wildfly,17624,0,0.4769721201487949,0
wildfly,20614,0,0.4769721201487949,0
wildfly,17691,0,0.4769721201487949,0
wildfly,18000,0,0.4769721201487949,0
wildfly,20464,0,0.4769721201487949,0
wildfly,17933,0,0.4769721201487949,0
wildfly,20696,0,0.4769721201487949,0
wildfly,20434,0,0.4769721201487949,0
wildfly,18117,0,0.4769721201487949,0
wildfly,17876,0,0.4769721201487949,0
wildfly,17751,0,0.4769721201487949,0
wildfly,17956,0,0.4769721201487949,0
wildfly,20497,0,0.4769721201487949,0
wildfly,20363,0,0.4769721201487949,0
wildfly,18139,0,0.4769721201487949,0
wildfly,17692,0,0.4769721201487949,0
wildfly,18226,0,0.4769721201487949,0
wildfly,20770,0,0.4769721201487949,0
wildfly,18263,0,0.4769721201487949,0
wildfly,17854,0,0.4769721201487949,0
wildfly,20336,0,0.4769721201487949,0
wildfly,17723,0,0.4769721201487949,0
wildfly,18312,0,0.4769721201487949,0
wildfly,20406,0,0.4769721201487949,0
wildfly,18303,0,0.4769721201487949,0
wildfly,17737,0,0.4769721201487949,0
wildfly,17616,0,0.4769721201487949,0
wildfly,20528,0,0.4769721201487949,0
wildfly,18104,0,0.4769721201487949,0
wildfly,20534,0,0.4769721201487949,0
wildfly,20339,0,0.4769721201487949,0
wildfly,17634,0,0.4769721201487949,0
wildfly,17684,0,0.4769721201487949,0
wildfly,18007,0,0.4769721201487949,0
wildfly,17908,0,0.4769721201487949,0
wildfly,20761,0,0.4769721201487949,0
wildfly,20763,0,0.4769721201487949,0
wildfly,17853,0,0.4769721201487949,0
wildfly,20663,0,0.4769721201487949,0
wildfly,20524,0,0.4769721201487949,0
wildfly,20775,0,0.4769721201487949,0
wildfly,17724,0,0.4769721201487949,0
wildfly,17618,0,0.4769721201487949,0
wildfly,17637,0,0.4769721201487949,0
wildfly,17707,0,0.4769721201487949,0
wildfly,17768,0,0.4769721201487949,0
wildfly,20769,0,0.4769721201487949,0
wildfly,18282,0,0.4769721201487949,0
wildfly,20741,0,0.4769721201487949,0
wildfly,18177,0,0.4769721201487949,0
wildfly,20375,0,0.4769721201487949,0
wildfly,20772,0,0.4769721201487949,0
wildfly,17883,0,0.4769721201487949,0
wildfly,18230,0,0.4769721201487949,0
wildfly,20424,0,0.4769721201487949,0
wildfly,18235,0,0.4769721201487949,0
wildfly,18261,0,0.4769721201487949,0
wildfly,20563,0,0.4769721201487949,0
wildfly,18116,0,0.4769721201487949,0
wildfly,18014,0,0.4769721201487949,0
wildfly,20758,0,0.4769721201487949,0
wildfly,17638,0,0.4769721201487949,0
wildfly,20354,0,0.4769721201487949,0
wildfly,17589,0,0.4769721201487949,0
wildfly,20365,0,0.4769721201487949,0
wildfly,18205,0,0.4769721201487949,0
wildfly,17987,0,0.4769721201487949,0
wildfly,18145,0,0.4769721201487949,0
wildfly,18323,0,0.4769721201487949,0
wildfly,17983,0,0.4769721201487949,0
wildfly,18324,0,0.4769721201487949,0
wildfly,20759,0,0.4769721201487949,0
wildfly,17679,0,0.4769721201487949,0
wildfly,18180,0,0.4769721201487949,0
wildfly,18189,0,0.4769721201487949,0
wildfly,18186,0,0.4769721201487949,0
wildfly,17792,0,0.4769721201487949,0
wildfly,20368,0,0.4769721201487949,0
wildfly,18031,0,0.4769721201487949,0
wildfly,18248,0,0.4769721201487949,0
wildfly,20426,0,0.4769721201487949,0
wildfly,17584,0,0.4769721201487949,0
wildfly,17994,0,0.4769721201487949,0
wildfly,18040,0,0.4769721201487949,0
wildfly,20671,0,0.4769721201487949,0
wildfly,18224,0,0.4769721201487949,0
wildfly,17617,0,0.4769721201487949,0
wildfly,20638,0,0.4769721201487949,0
wildfly,17800,0,0.4769721201487949,0
wildfly,17769,0,0.4769721201487949,0
wildfly,17591,0,0.4769721201487949,0
wildfly,18289,0,0.4769721201487949,0
wildfly,17947,0,0.4769721201487949,0
wildfly,17820,0,0.4769721201487949,0
wildfly,17663,0,0.4769721201487949,0
wildfly,20386,0,0.4769721201487949,0
wildfly,18317,0,0.4769721201487949,0
wildfly,17964,0,0.4769721201487949,0
wildfly,17732,0,0.4769721201487949,0
wildfly,20408,0,0.4769721201487949,0
wildfly,18161,0,0.4769721201487949,0
wildfly,20561,0,0.4769721201487949,0
wildfly,17988,0,0.4769721201487949,0
wildfly,20681,0,0.4769721201487949,0
wildfly,17551,0,0.4769721201487949,0
wildfly,17559,0,0.4769721201487949,0
wildfly,18132,0,0.4769721201487949,0
wildfly,17809,0,0.4769721201487949,0
wildfly,17704,0,0.4769721201487949,0
wildfly,20508,0,0.4769721201487949,0
wildfly,18076,0,0.4769721201487949,0
wildfly,20507,0,0.4769721201487949,0
wildfly,20488,0,0.4769721201487949,0
wildfly,20536,0,0.4769721201487949,0
wildfly,20494,0,0.4769721201487949,0
wildfly,17665,0,0.4769721201487949,0
wildfly,20446,0,0.4769721201487949,0
wildfly,17611,0,0.4769721201487949,0
wildfly,18168,0,0.4769721201487949,0
wildfly,20558,0,0.4769721201487949,0
wildfly,20481,0,0.4769721201487949,0
wildfly,20552,0,0.4769721201487949,0
wildfly,18003,0,0.4769721201487949,0
wildfly,20335,0,0.4769721201487949,0
wildfly,17891,0,0.4769721201487949,0
wildfly,20639,0,0.4769721201487949,0
wildfly,18110,0,0.4769721201487949,0
wildfly,18181,0,0.4769721201487949,0
wildfly,20606,0,0.4769721201487949,0
wildfly,18295,0,0.4769721201487949,0
wildfly,18046,0,0.4769721201487949,0
wildfly,18300,0,0.4769721201487949,0
wildfly,17812,0,0.4769721201487949,0
wildfly,17945,0,0.4769721201487949,0
wildfly,18119,0,0.4769721201487949,0
wildfly,17712,0,0.4769721201487949,0
wildfly,17931,0,0.4769721201487949,0
wildfly,20360,0,0.4769721201487949,0
wildfly,18136,0,0.4769721201487949,0
wildfly,17918,0,0.4769721201487949,0
wildfly,17674,0,0.4769721201487949,0
wildfly,18327,0,0.4769721201487949,0
wildfly,18264,0,0.4769721201487949,0
wildfly,18050,0,0.4769721201487949,0
wildfly,20739,0,0.4769721201487949,0
wildfly,20675,0,0.4769721201487949,0
wildfly,17882,0,0.4769721201487949,0
wildfly,18292,0,0.4769721201487949,0
wildfly,17664,0,0.4769721201487949,0
wildfly,20637,0,0.4769721201487949,0
wildfly,17825,0,0.4769721201487949,0
wildfly,20472,0,0.4769721201487949,0
wildfly,17787,0,0.4769721201487949,0
wildfly,18296,0,0.4769721201487949,0
wildfly,20550,0,0.4769721201487949,0
wildfly,20379,0,0.4769721201487949,0
wildfly,20659,0,0.4769721201487949,0
wildfly,20738,0,0.4769721201487949,0
wildfly,20444,0,0.4769721201487949,0
wildfly,20566,0,0.4769721201487949,0
wildfly,18218,0,0.4769721201487949,0
wildfly,18242,0,0.4769721201487949,0
wildfly,18287,0,0.4769721201487949,0
wildfly,17747,0,0.4769721201487949,0
wildfly,17944,0,0.4769721201487949,0
wildfly,20430,0,0.4769721201487949,0
wildfly,20586,0,0.4769721201487949,0
wildfly,17991,0,0.4769721201487949,0
wildfly,17845,0,0.4769721201487949,0
wildfly,18154,0,0.4769721201487949,0
wildfly,20480,0,0.4769721201487949,0
wildfly,20458,0,0.4769721201487949,0
wildfly,20474,0,0.4769721201487949,0
wildfly,20359,0,0.4769721201487949,0
wildfly,17946,0,0.4769721201487949,0
wildfly,20661,0,0.4769721201487949,0
wildfly,18197,0,0.4769721201487949,0
wildfly,18204,0,0.4769721201487949,0
wildfly,18214,0,0.4769721201487949,0
wildfly,18052,0,0.4769721201487949,0
wildfly,20343,0,0.4769721201487949,0
wildfly,17686,0,0.4769721201487949,0
wildfly,17627,0,0.4769721201487949,0
wildfly,18268,0,0.4769721201487949,0
wildfly,20569,0,0.4769721201487949,0
wildfly,17898,0,0.4769721201487949,0
wildfly,17986,0,0.4769721201487949,0
wildfly,17721,0,0.4769721201487949,0
wildfly,18057,0,0.4769721201487949,0
wildfly,17540,0,0.4769721201487949,0
wildfly,17682,0,0.4769721201487949,0
wildfly,20410,0,0.4769721201487949,0
wildfly,20423,0,0.4769721201487949,0
wildfly,17763,0,0.4769721201487949,0
wildfly,17887,0,0.4769721201487949,0
wildfly,20382,0,0.4769721201487949,0
wildfly,18023,0,0.4769721201487949,0
wildfly,17961,0,0.4769721201487949,0
wildfly,18088,0,0.4769721201487949,0
wildfly,20626,0,0.4769721201487949,0
wildfly,18011,0,0.4769721201487949,0
wildfly,17699,0,0.4769721201487949,0
wildfly,18231,0,0.4769721201487949,0
wildfly,20496,0,0.4769721201487949,0
wildfly,20584,0,0.4769721201487949,0
wildfly,18163,0,0.4769721201487949,0
wildfly,20391,0,0.4769721201487949,0
wildfly,18275,0,0.4769721201487949,0
wildfly,18244,0,0.4769721201487949,0
wildfly,20538,0,0.4769721201487949,0
wildfly,18320,0,0.4769721201487949,0
wildfly,20465,0,0.4769721201487949,0
wildfly,17772,0,0.4769721201487949,0
wildfly,18071,0,0.4769721201487949,0
wildfly,18033,0,0.4769721201487949,0
wildfly,17676,0,0.4769721201487949,0
wildfly,17993,0,0.4769721201487949,0
wildfly,17729,0,0.4769721201487949,0
wildfly,17561,0,0.4769721201487949,0
wildfly,20364,0,0.4769721201487949,0
wildfly,17803,0,0.4769721201487949,0
wildfly,20344,0,0.4769721201487949,0
wildfly,20567,0,0.4769721201487949,0
wildfly,20466,0,0.4769721201487949,0
wildfly,17539,0,0.4769721201487949,0
wildfly,20551,0,0.4769721201487949,0
wildfly,20746,1,0.4769721201487949,0
wildfly,18314,0,0.4769721201487949,0
wildfly,17981,0,0.4769721201487949,0
wildfly,18249,0,0.4769721201487949,0
wildfly,20760,0,0.4769721201487949,0
wildfly,20407,0,0.4769721201487949,0
wildfly,20674,0,0.4769721201487949,0
wildfly,18195,0,0.4769721201487949,0
wildfly,20370,0,0.4769721201487949,0
wildfly,20443,0,0.4769721201487949,0
wildfly,17773,0,0.4769721201487949,0
wildfly,20527,0,0.4769721201487949,0
wildfly,20545,0,0.4769721201487949,0
wildfly,18315,0,0.4769721201487949,0
wildfly,18143,0,0.4769721201487949,0
wildfly,17774,0,0.4769721201487949,0
wildfly,17937,0,0.4769721201487949,0
wildfly,17885,0,0.4769721201487949,0
wildfly,17609,1,0.4769721201487949,0
wildfly,18108,0,0.4769721201487949,0
wildfly,17926,0,0.4769721201487949,0
wildfly,18157,0,0.4769721201487949,0
wildfly,18140,0,0.4769721201487949,0
wildfly,20493,0,0.4769721201487949,0
wildfly,18233,0,0.4769721201487949,0
wildfly,20636,0,0.4769721201487949,0
wildfly,20613,0,0.4769721201487949,0
wildfly,17875,0,0.4769721201487949,0
wildfly,20456,0,0.4769721201487949,0
wildfly,20768,0,0.4769721201487949,0
wildfly,18308,0,0.4769721201487949,0
wildfly,18236,0,0.4769721201487949,0
wildfly,20673,0,0.4769721201487949,0
wildfly,18135,0,0.4769721201487949,0
wildfly,20495,0,0.4769721201487949,0
wildfly,17550,0,0.4769721201487949,0
wildfly,17556,0,0.4769721201487949,0
wildfly,18013,0,0.4769721201487949,0
wildfly,18274,0,0.4769721201487949,0
wildfly,20522,0,0.4769721201487949,0
wildfly,18149,0,0.4769721201487949,0
wildfly,18273,0,0.4769721201487949,0
wildfly,20338,0,0.4769721201487949,0
wildfly,18060,0,0.4769721201487949,0
wildfly,17851,0,0.4769721201487949,0
wildfly,20442,0,0.4769721201487949,0
wildfly,20345,0,0.4769721201487949,0
wildfly,17965,0,0.4769721201487949,0
wildfly,20547,0,0.4769721201487949,0
wildfly,18301,0,0.4769721201487949,0
wildfly,20707,0,0.4769721201487949,0
wildfly,17703,0,0.4769721201487949,0
wildfly,20777,0,0.4769721201487949,0
wildfly,17690,0,0.4769721201487949,0
wildfly,20468,0,0.4769721201487949,0
wildfly,18198,0,0.4769721201487949,0
wildfly,17783,0,0.4769721201487949,0
wildfly,20577,0,0.4769721201487949,0
wildfly,20530,0,0.4769721201487949,0
wildfly,17670,0,0.4769721201487949,0
wildfly,17963,0,0.4769721201487949,0
wildfly,17949,0,0.4769721201487949,0
wildfly,17859,0,0.4769721201487949,0
wildfly,18049,0,0.4769721201487949,0
wildfly,20439,0,0.4769721201487949,0
wildfly,20764,0,0.4769721201487949,0
wildfly,18234,0,0.4769721201487949,0
wildfly,17701,0,0.4769721201487949,0
wildfly,20437,0,0.4769721201487949,0
wildfly,18199,0,0.4769721201487949,0
wildfly,20720,0,0.4769721201487949,0
wildfly,17938,0,0.4769721201487949,0
wildfly,20537,0,0.4769721201487949,0
wildfly,20462,0,0.4769721201487949,0
wildfly,20549,0,0.4769721201487949,0
wildfly,20546,0,0.4769721201487949,0
wildfly,18302,0,0.4769721201487949,0
wildfly,20575,0,0.4769721201487949,0
wildfly,20454,0,0.4769721201487949,0
wildfly,18257,1,0.4769721201487949,0
wildfly,20358,0,0.4769721201487949,0
wildfly,20621,0,0.4769721201487949,0
wildfly,18326,0,0.4769721201487949,0
wildfly,20726,0,0.4769721201487949,0
wildfly,20728,0,0.4769721201487949,0
wildfly,17904,0,0.4769721201487949,0
wildfly,18247,0,0.4769721201487949,0
wildfly,20366,0,0.4769721201487949,0
wildfly,18062,0,0.4769721201487949,0
wildfly,20555,0,0.4769721201487949,0
wildfly,18179,0,0.4769721201487949,0
wildfly,17695,0,0.4769721201487949,0
wildfly,20627,0,0.4769721201487949,0
wildfly,18271,0,0.4769721201487949,0
wildfly,20610,0,0.4769721201487949,0
wildfly,20396,0,0.4769721201487949,0
wildfly,17744,0,0.4769721201487949,0
wildfly,18036,0,0.4769721201487949,0
wildfly,18118,0,0.4769721201487949,0
wildfly,17972,1,0.4769721201487949,0
wildfly,20604,0,0.4769721201487949,0
wildfly,18196,0,0.4769721201487949,0
wildfly,18280,0,0.4769721201487949,0
wildfly,20403,0,0.4769721201487949,0
wildfly,17916,0,0.4769721201487949,0
wildfly,20419,0,0.4769721201487949,0
wildfly,17958,0,0.4769721201487949,0
wildfly,20737,0,0.4769721201487949,0
wildfly,20505,0,0.4769721201487949,0
wildfly,20392,0,0.4769721201487949,0
wildfly,17861,0,0.4769721201487949,0
wildfly,20334,0,0.4769721201487949,0
wildfly,18047,0,0.4769721201487949,0
wildfly,17756,0,0.4769721201487949,0
wildfly,20686,0,0.4769721201487949,0
wildfly,20373,0,0.4769721201487949,0
wildfly,17819,0,0.4769721201487949,0
wildfly,17776,0,0.4769721201487949,0
wildfly,17766,0,0.4769721201487949,0
wildfly,20450,0,0.4769721201487949,0
wildfly,17940,0,0.4769721201487949,0
wildfly,20559,0,0.4769721201487949,0
wildfly,17793,0,0.4769721201487949,0
wildfly,20413,0,0.4769721201487949,0
wildfly,20341,0,0.4769721201487949,0
wildfly,20490,0,0.4769721201487949,0
wildfly,20517,0,0.4769721201487949,0
wildfly,18213,0,0.4769721201487949,0
wildfly,17715,0,0.4769721201487949,0
wildfly,20352,0,0.4769721201487949,0
wildfly,17836,0,0.4769721201487949,0
wildfly,17984,0,0.4769721201487949,0
wildfly,17840,0,0.4769721201487949,0
wildfly,20553,0,0.4769721201487949,0
wildfly,18141,0,0.4769721201487949,0
wildfly,18202,0,0.4769721201487949,0
wildfly,17971,0,0.4769721201487949,0
wildfly,17677,0,0.4769721201487949,0
wildfly,17815,0,0.4769721201487949,0
wildfly,17693,0,0.4769721201487949,0
wildfly,18178,0,0.4769721201487949,0
wildfly,20619,0,0.4769721201487949,0
wildfly,17641,0,0.4769721201487949,0
wildfly,20431,0,0.4769721201487949,0
wildfly,20498,0,0.4769721201487949,0
wildfly,17923,0,0.4769721201487949,0
wildfly,17796,0,0.4769721201487949,0
wildfly,18037,0,0.4769721201487949,0
wildfly,20401,0,0.4769721201487949,0
wildfly,17587,0,0.4769721201487949,0
wildfly,17605,1,0.4769721201487949,0
wildfly,20519,0,0.4769721201487949,0
wildfly,20605,0,0.4769721201487949,0
wildfly,18067,0,0.4769721201487949,0
wildfly,20346,0,0.4769721201487949,0
wildfly,17567,0,0.4769721201487949,0
wildfly,20541,0,0.4769721201487949,0
wildfly,20332,0,0.4769721201487949,0
wildfly,18114,0,0.4769721201487949,0
wildfly,20475,0,0.4769721201487949,0
wildfly,17630,0,0.4769721201487949,0
wildfly,17752,0,0.4769721201487949,0
wildfly,20432,0,0.4769721201487949,0
wildfly,20755,0,0.4769721201487949,0
wildfly,17799,0,0.4769721201487949,0
wildfly,17896,0,0.4769721201487949,0
wildfly,17544,0,0.4769721201487949,0
wildfly,17920,0,0.4769721201487949,0
wildfly,17748,0,0.4769721201487949,0
wildfly,20501,0,0.4769721201487949,0
wildfly,18131,0,0.4769721201487949,0
wildfly,17788,0,0.4769721201487949,0
wildfly,20506,0,0.4769721201487949,0
wildfly,17785,0,0.4769721201487949,0
wildfly,20682,0,0.4769721201487949,0
wildfly,17753,0,0.4769721201487949,0
wildfly,17857,0,0.4769721201487949,0
wildfly,18038,0,0.4769721201487949,0
wildfly,17735,0,0.4769721201487949,0
wildfly,17818,0,0.4769721201487949,0
wildfly,20689,0,0.4769721201487949,0
wildfly,18286,0,0.4769721201487949,0
wildfly,18239,0,0.4769721201487949,0
wildfly,20417,0,0.4769721201487949,0
wildfly,17631,0,0.4769721201487949,0
wildfly,18227,0,0.4769721201487949,0
wildfly,17928,0,0.4769721201487949,0
wildfly,18081,0,0.4769721201487949,0
wildfly,18150,0,0.4769721201487949,0
wildfly,18265,0,0.4769721201487949,0
wildfly,18208,0,0.4769721201487949,0
wildfly,17982,0,0.4769721201487949,0
wildfly,17607,1,0.4769721201487949,0
wildfly,20457,0,0.4769721201487949,0
wildfly,20544,0,0.4769721201487949,0
wildfly,17927,0,0.4769721201487949,0
wildfly,18133,0,0.4769721201487949,0
wildfly,18044,0,0.4769721201487949,0
wildfly,20400,0,0.4769721201487949,0
wildfly,20471,0,0.4769721201487949,0
wildfly,18183,0,0.4769721201487949,0
wildfly,17914,0,0.4769721201487949,0
wildfly,20384,0,0.4769721201487949,0
wildfly,18285,0,0.4769721201487949,0
wildfly,20340,0,0.4769721201487949,0
wildfly,20525,0,0.4769721201487949,0
wildfly,18259,1,0.4769721201487949,0
wildfly,20697,0,0.4769721201487949,0
wildfly,17844,0,0.4769721201487949,0
wildfly,18162,0,0.4769721201487949,0
wildfly,18069,0,0.4769721201487949,0
wildfly,17951,0,0.4769721201487949,0
wildfly,17798,0,0.4769721201487949,0
wildfly,20397,0,0.4769721201487949,0
wildfly,18070,0,0.4769721201487949,0
wildfly,20733,0,0.4769721201487949,0
wildfly,17592,0,0.4769721201487949,0
wildfly,20491,0,0.4769721201487949,0
wildfly,20554,0,0.4769721201487949,0
wildfly,17978,0,0.4769721201487949,0
wildfly,17542,0,0.4769721201487949,0
wildfly,18229,0,0.4769721201487949,0
wildfly,18290,0,0.4769721201487949,0
wildfly,17967,0,0.4769721201487949,0
wildfly,18164,0,0.4769721201487949,0
wildfly,17830,0,0.4769721201487949,0
wildfly,17770,0,0.4769721201487949,0
wildfly,20767,0,0.4769721201487949,0
wildfly,18170,0,0.4769721201487949,0
wildfly,20428,0,0.4769721201487949,0
wildfly,17775,0,0.4769721201487949,0
wildfly,17722,0,0.4769721201487949,0
wildfly,17719,0,0.4769721201487949,0
wildfly,17547,0,0.4769721201487949,0
wildfly,20570,0,0.4769721201487949,0
wildfly,17935,0,0.4769721201487949,0
wildfly,17962,0,0.4769721201487949,0
wildfly,17742,0,0.4769721201487949,0
wildfly,18043,0,0.4769721201487949,0
wildfly,20690,0,0.4769721201487949,0
wildfly,17554,0,0.4769721201487949,0
wildfly,17588,0,0.4769721201487949,0
wildfly,20387,0,0.4769721201487949,0
wildfly,20361,0,0.4769721201487949,0
wildfly,17726,0,0.4769721201487949,0
wildfly,17917,0,0.4769721201487949,0
wildfly,18093,0,0.4769721201487949,0
wildfly,17781,0,0.4769721201487949,0
wildfly,18310,0,0.4769721201487949,0
wildfly,17906,1,0.4769721201487949,0
wildfly,17784,0,0.4769721201487949,0
wildfly,20734,0,0.4769721201487949,0
wildfly,20594,0,0.4769721201487949,0
wildfly,20353,0,0.4769721201487949,0
wildfly,17777,0,0.4769721201487949,0
wildfly,17789,0,0.4769721201487949,0
wildfly,18237,0,0.4769721201487949,0
wildfly,20390,0,0.4769721201487949,0
wildfly,18065,0,0.4769721201487949,0
wildfly,18083,0,0.4769721201487949,0
wildfly,20751,0,0.4769721201487949,0
wildfly,18012,0,0.4769721201487949,0
wildfly,17672,0,0.4769721201487949,0
wildfly,18102,0,0.4769721201487949,0
wildfly,20695,0,0.4769721201487949,0
wildfly,18160,0,0.4769721201487949,0
wildfly,18211,0,0.4769721201487949,0
wildfly,17725,0,0.4769721201487949,0
wildfly,20356,0,0.4769721201487949,0
wildfly,18063,0,0.4769721201487949,0
wildfly,17750,0,0.4769721201487949,0
wildfly,17767,0,0.4769721201487949,0
wildfly,18322,0,0.4769721201487949,0
wildfly,20441,0,0.4769721201487949,0
wildfly,20383,0,0.4769721201487949,0
wildfly,20765,0,0.4769721201487949,0
wildfly,17633,0,0.4769721201487949,0
wildfly,17680,0,0.4769721201487949,0
wildfly,20425,0,0.4769721201487949,0
wildfly,17955,0,0.4769721201487949,0
wildfly,20422,0,0.4769721201487949,0
wildfly,17566,0,0.4769721201487949,0
wildfly,17804,0,0.4769721201487949,0
wildfly,20378,0,0.4769721201487949,0
wildfly,18061,0,0.4769721201487949,0
wildfly,17696,0,0.4769721201487949,0
wildfly,17979,0,0.4769721201487949,0
wildfly,20668,0,0.4769721201487949,0
wildfly,17889,0,0.4769721201487949,0
wildfly,20476,0,0.4769721201487949,0
wildfly,17546,0,0.4769721201487949,0
wildfly,20702,0,0.4769721201487949,0
wildfly,17558,0,0.4769721201487949,0
wildfly,18059,0,0.4769721201487949,0
wildfly,18021,0,0.4769721201487949,0
wildfly,18120,0,0.4769721201487949,0
wildfly,17877,0,0.4769721201487949,0
wildfly,18252,1,0.4769721201487949,0
wildfly,20388,0,0.4769721201487949,0
wildfly,20452,0,0.4769721201487949,0
wildfly,17841,0,0.4769721201487949,0
wildfly,20421,0,0.4769721201487949,0
wildfly,20756,0,0.4769721201487949,0
wildfly,20628,0,0.4769721201487949,0
wildfly,20463,0,0.4769721201487949,0
wildfly,17779,0,0.4769721201487949,0
wildfly,20635,0,0.4769721201487949,0
wildfly,17568,0,0.4769721201487949,0
wildfly,18001,0,0.4769721201487949,0
wildfly,17698,0,0.4769721201487949,0
wildfly,20591,0,0.4769721201487949,0
wildfly,17771,0,0.4769721201487949,0
wildfly,18276,0,0.4769721201487949,0
wildfly,20557,0,0.4769721201487949,0
wildfly,18212,0,0.4769721201487949,0
wildfly,17564,0,0.4769721201487949,0
wildfly,20771,0,0.4769721201487949,0
wildfly,20333,0,0.4769721201487949,0
wildfly,18173,1,0.4769721201487949,0
wildfly,18201,0,0.4769721201487949,0
wildfly,20579,0,0.4769721201487949,0
wildfly,20513,0,0.4769721201487949,0
wildfly,20385,0,0.4769721201487949,0
wildfly,17892,0,0.4769721201487949,0
wildfly,17909,0,0.4769721201487949,0
wildfly,18281,0,0.4769721201487949,0
wildfly,20662,0,0.4769721201487949,0
wildfly,20489,0,0.4769721201487949,0
wildfly,18053,0,0.4769721201487949,0
wildfly,20337,0,0.4769721201487949,0
wildfly,17879,0,0.4769721201487949,0
wildfly,17807,0,0.4769721201487949,0
wildfly,20393,0,0.4769721201487949,0
wildfly,18111,0,0.4769721201487949,0
wildfly,18124,0,0.4769721201487949,0
wildfly,18298,0,0.4769721201487949,0
wildfly,17731,0,0.4769721201487949,0
wildfly,18192,0,0.4769721201487949,0
wildfly,17943,0,0.4769721201487949,0
wildfly,20492,0,0.4769721201487949,0
wildfly,17608,1,0.4769721201487949,0
wildfly,17762,0,0.4769721201487949,0
wildfly,17975,0,0.4769721201487949,0
wildfly,17620,0,0.4769721201487949,0
wildfly,20667,0,0.4769721201487949,0
wildfly,20415,0,0.4769721201487949,0
wildfly,20418,0,0.4769721201487949,0
wildfly,18306,0,0.4769721201487949,0
wildfly,17606,1,0.4769721201487949,0
wildfly,18025,0,0.4769721201487949,0
wildfly,17667,0,0.4769721201487949,0
wildfly,17797,0,0.4769721201487949,0
wildfly,20420,0,0.4769721201487949,0
wildfly,17791,0,0.4769721201487949,0
wildfly,17610,1,0.4769721201487949,0
wildfly,20623,0,0.4769721201487949,0
wildfly,20478,0,0.4769721201487949,0
wildfly,20745,0,0.4769721201487949,0
wildfly,17866,0,0.4769721201487949,0
wildfly,17553,0,0.4769721201487949,0
wildfly,20592,0,0.4769721201487949,0
wildfly,17626,0,0.4769721201487949,0
wildfly,20677,0,0.4769721201487949,0
wildfly,20625,0,0.4769721201487949,0
wildfly,20371,0,0.4769721201487949,0
wildfly,20429,0,0.4769721201487949,0
wildfly,18147,0,0.4769721201487949,0
wildfly,20523,0,0.4769721201487949,0
wildfly,18258,1,0.4769721201487949,0
wildfly,18054,0,0.4769721201487949,0
wildfly,17888,0,0.4769721201487949,0
wildfly,20585,0,0.4769721201487949,0
wildfly,17823,0,0.4769721201487949,0
wildfly,17878,0,0.4769721201487949,0
wildfly,20342,0,0.4769721201487949,0
wildfly,18190,0,0.4769721201487949,0
wildfly,20774,0,0.4769721201487949,0
wildfly,17613,0,0.4769721201487949,0
wildfly,18101,0,0.4769721201487949,0
wildfly,17872,0,0.4769721201487949,0
wildfly,20348,0,0.4769721201487949,0
wildfly,20757,0,0.4769721201487949,0
wildfly,20708,0,0.4769721201487949,0
wildfly,17749,0,0.4769721201487949,0
wildfly,20455,0,0.4769721201487949,0
wildfly,18128,0,0.4769721201487949,0
wildfly,17794,0,0.4769721201487949,0
wildfly,20470,0,0.4769721201487949,0
wildfly,18222,0,0.4769721201487949,0
wildfly,17864,0,0.4769721201487949,0
wildfly,18241,0,0.4769721201487949,0
wildfly,18325,0,0.4769721201487949,0
wildfly,17760,0,0.4769721201487949,0
wildfly,20367,0,0.4769721201487949,0
wildfly,20754,0,0.4769721201487949,0
wildfly,17954,0,0.4769721201487949,0
wildfly,20402,0,0.4769721201487949,0
wildfly,18191,0,0.4769721201487949,0
wildfly,20694,0,0.4769721201487949,0
wildfly,18262,0,0.4769721201487949,0
wildfly,20526,0,0.4769721201487949,0
wildfly,20479,0,0.4769721201487949,0
wildfly,17629,0,0.4769721201487949,0
wildfly,17810,0,0.4769721201487949,0
wildfly,20640,0,0.4769721201487949,0
wildfly,17586,0,0.4769721201487949,0
wildfly,17941,0,0.4769721201487949,0
wildfly,20381,0,0.4769721201487949,0
wildfly,18246,0,0.4769721201487949,0
wildfly,17960,0,0.4769721201487949,0
wildfly,20473,0,0.4769721201487949,0
wildfly,17850,0,0.4769721201487949,0
wildfly,17966,0,0.4769721201487949,0
wildfly,17929,0,0.4769721201487949,0
wildfly,17746,0,0.4769721201487949,0
wildfly,20539,0,0.4769721201487949,0
wildfly,17902,1,0.4769721201487949,0
wildfly,17957,0,0.4769721201487949,0
wildfly,18288,0,0.4769721201487949,0
wildfly,18255,0,0.4769721201487949,0
wildfly,20714,0,0.4769721201487949,0
wildfly,17614,0,0.4769721201487949,0
wildfly,17675,0,0.4769721201487949,0
wildfly,17786,0,0.4769721201487949,0
wildfly,18086,0,0.4769721201487949,0
wildfly,18305,0,0.4769721201487949,0
wildfly,18055,0,0.4769721201487949,0
wildfly,18027,0,0.4769721201487949,0
wildfly,18283,0,0.4769721201487949,0
wildfly,20730,0,0.4769721201487949,0
wildfly,17702,0,0.4769721201487949,0
wildfly,18096,0,0.4769721201487949,0
wildfly,18272,0,0.4769721201487949,0
wildfly,17848,0,0.4769721201487949,0
wildfly,18105,0,0.4769721201487949,0
wildfly,20593,0,0.4769721201487949,0
wildfly,18051,0,0.4769721201487949,0
wildfly,18238,0,0.4769721201487949,0
wildfly,20512,0,0.4769721201487949,0
wildfly,18010,0,0.4769721201487949,0
wildfly,17925,0,0.4769721201487949,0
wildfly,17711,0,0.4769721201487949,0
wildfly,20562,0,0.4769721201487949,0
wildfly,20409,0,0.4769721201487949,0
wildfly,20531,0,0.4769721201487949,0
wildfly,17880,0,0.4769721201487949,0
wildfly,18008,0,0.4769721201487949,0
wildfly,17816,0,0.4769721201487949,0
wildfly,18240,0,0.4769721201487949,0
wildfly,17621,0,0.4769721201487949,0
wildfly,17716,0,0.4769721201487949,0
wildfly,18158,0,0.4769721201487949,0
wildfly,17968,0,0.4769721201487949,0
wildfly,17622,0,0.4769721201487949,0
wildfly,18219,0,0.4769721201487949,0
wildfly,18223,0,0.4769721201487949,0
wildfly,20590,0,0.4769721201487949,0
wildfly,18260,0,0.4769721201487949,0
wildfly,17673,0,0.4769721201487949,0
wildfly,18072,0,0.4769721201487949,0
wildfly,17907,0,0.4769721201487949,0
wildfly,17733,0,0.4769721201487949,0
wildfly,18144,0,0.4769721201487949,0
wildfly,20731,0,0.4769721201487949,0
wildfly,17782,0,0.4769721201487949,0
wildfly,18171,0,0.4769721201487949,0
wildfly,17802,0,0.4769721201487949,0
wildfly,20469,0,0.4769721201487949,0
wildfly,20485,0,0.4769721201487949,0
wildfly,17736,0,0.4769721201487949,0
wildfly,20612,0,0.4769721201487949,0
wildfly,18137,0,0.4769721201487949,0
wildfly,18022,0,0.4769721201487949,0
wildfly,18194,0,0.4769721201487949,0
wildfly,18056,0,0.4769721201487949,0
wildfly,20692,0,0.4769721201487949,0
wildfly,17734,0,0.4769721201487949,0
wildfly,20482,0,0.4769721201487949,0
wildfly,18064,0,0.4769721201487949,0
wildfly,17669,0,0.4769721201487949,0
wildfly,17913,0,0.4769721201487949,0
wildfly,17743,0,0.4769721201487949,0
wildfly,18243,0,0.4769721201487949,0
wildfly,20351,0,0.4769721201487949,0
wildfly,17873,0,0.4769721201487949,0
wildfly,18129,0,0.4769721201487949,0
wildfly,18122,0,0.4769721201487949,0
wildfly,20688,0,0.4769721201487949,0
wildfly,17948,0,0.4769721201487949,0
wildfly,18210,0,0.4769721201487949,0
wildfly,20560,0,0.4769721201487949,0
wildfly,18099,0,0.4769721201487949,0
wildfly,17834,0,0.4769721201487949,0
wildfly,17619,0,0.4769721201487949,0
wildfly,17811,0,0.4769721201487949,0
wildfly,18207,0,0.4769721201487949,0
wildfly,20394,0,0.4769721201487949,0
wildfly,18026,0,0.4769721201487949,0
wildfly,20548,0,0.4769721201487949,0
wildfly,20711,0,0.4769721201487949,0
wildfly,17688,0,0.4769721201487949,0
wildfly,17922,0,0.4769721201487949,0
wildfly,20405,0,0.4769721201487949,0
wildfly,18251,1,0.4769721201487949,0
wildfly,20460,0,0.4769721201487949,0
wildfly,20355,0,0.4769721201487949,0
wildfly,18020,0,0.4769721201487949,0
wildfly,20744,0,0.4769721201487949,0
wildfly,18028,0,0.4769721201487949,0
wildfly,20776,0,0.4769721201487949,0
wildfly,17552,0,0.4769721201487949,0
wildfly,20521,0,0.4769721201487949,0
wildfly,17838,0,0.4769721201487949,0
wildfly,17717,0,0.4769721201487949,0
wildfly,20687,0,0.4769721201487949,0
wildfly,17839,0,0.4769721201487949,0
wildfly,18066,0,0.4769721201487949,0
wildfly,18175,0,0.4769721201487949,0
wildfly,18005,0,0.4769721201487949,0
wildfly,17942,0,0.4769721201487949,0
wildfly,20347,0,0.4769721201487949,0
wildfly,18184,0,0.4769721201487949,0
wildfly,18109,0,0.4769721201487949,0
wildfly,18215,0,0.4769721201487949,0
wildfly,17849,0,0.4769721201487949,0
wildfly,17548,0,0.4769721201487949,0
wildfly,18058,0,0.4769721201487949,0
wildfly,18299,0,0.4769721201487949,0
wildfly,17860,0,0.4769721201487949,0
wildfly,17671,0,0.4769721201487949,0
wildfly,18156,0,0.4769721201487949,0
wildfly,17705,0,0.4769721201487949,0
wildfly,18039,0,0.4769721201487949,0
wildfly,20691,0,0.4769721201487949,0
wildfly,18159,0,0.4769721201487949,0
wildfly,20597,0,0.4769721201487949,0
wildfly,18185,0,0.4769721201487949,0
wildfly,20369,0,0.4769721201487949,0
wildfly,17837,0,0.4769721201487949,0
wildfly,20484,0,0.4769721201487949,0
wildfly,18165,1,0.4769721201487949,0
wildfly,18209,0,0.4769721201487949,0
wildfly,20556,0,0.4769721201487949,0
wildfly,18138,0,0.4769721201487949,0
wildfly,18068,0,0.4769721201487949,0
wildfly,20416,0,0.4769721201487949,0
wildfly,17778,0,0.4769721201487949,0
wildfly,18270,0,0.4769721201487949,0
wildfly,18125,0,0.4769721201487949,0
wildfly,17847,0,0.4769721201487949,0
wildfly,18134,0,0.4769721201487949,0
wildfly,20664,0,0.4769721201487949,0
wildfly,20503,0,0.4769721201487949,0
wildfly,18217,0,0.4769721201487949,0
wildfly,17582,0,0.4769721201487949,0
wildfly,17980,0,0.4769721201487949,0
wildfly,17685,0,0.4769721201487949,0
wildfly,20518,0,0.4769721201487949,0
wildfly,18127,0,0.4769721201487949,0
wildfly,20453,0,0.4769721201487949,0
wildfly,18018,0,0.4769721201487949,0
wildfly,18250,0,0.4769721201487949,0
wildfly,17813,0,0.4769721201487949,0
wildfly,18148,0,0.4769721201487949,0
wildfly,20762,0,0.4769721201487949,0
wildfly,18294,0,0.4769721201487949,0
wildfly,18032,1,0.4769721201487949,0
wildfly,20374,0,0.4769721201487949,0
wildfly,20679,0,0.4769721201487949,0
wildfly,18146,0,0.4769721201487949,0
wildfly,18045,0,0.4769721201487949,0
wildfly,20732,0,0.4769721201487949,0
wildfly,20532,0,0.4769721201487949,0
wildfly,20436,0,0.4769721201487949,0
wildfly,17625,0,0.4769721201487949,0
wildfly,20564,0,0.4769721201487949,0
wildfly,17801,0,0.4769721201487949,0
wildfly,17738,0,0.4769721201487949,0
wildfly,20747,0,0.4769721201487949,0
wildfly,20665,0,0.4769721201487949,0
wildfly,20395,0,0.4769721201487949,0
wildfly,20486,0,0.4769721201487949,0
wildfly,20693,0,0.4769721201487949,0
wildfly,17541,0,0.4769721201487949,0
wildfly,17953,0,0.4769721201487949,0
wildfly,20509,0,0.4769721201487949,0
wildfly,20357,0,0.4769721201487949,0
wildfly,20773,0,0.4769721201487949,0
wildfly,18155,0,0.4769721201487949,0
wildfly,17870,0,0.4769721201487949,0
wildfly,17615,0,0.4769721201487949,0
wildfly,20438,0,0.4769721201487949,0
wildfly,18182,0,0.4769721201487949,0
wildfly,18253,1,0.4769721201487949,0
wildfly,17745,0,0.4769721201487949,0
wildfly,20684,0,0.4769721201487949,0
wildfly,17992,0,0.4769721201487949,0
wildfly,18187,0,0.4769721201487949,0
wildfly,17843,0,0.4769721201487949,0
wildfly,18082,0,0.4769721201487949,0
wildfly,17706,0,0.4769721201487949,0
wildfly,17563,0,0.4769721201487949,0
wildfly,18221,0,0.4769721201487949,0
wildfly,20515,0,0.4769721201487949,0
wildfly,20540,0,0.4769721201487949,0
wildfly,17765,0,0.4769721201487949,0
wildfly,18153,0,0.4769721201487949,0
wildfly,20743,0,0.4769721201487949,0
wildfly,17560,0,0.4769721201487949,0
wildfly,18041,0,0.4769721201487949,0
wildfly,20611,0,0.4769721201487949,0
wildfly,20500,0,0.4769721201487949,0
wro4j,21652,0,0.3984925150871277,0
wro4j,21882,0,0.3984925150871277,0
wro4j,20790,0,0.3984925150871277,0
wro4j,20828,0,0.3984925150871277,0
wro4j,21540,0,0.3984925150871277,0
wro4j,21695,0,0.3984925150871277,0
wro4j,21595,0,0.3984925150871277,0
wro4j,20979,0,0.3984925150871277,0
wro4j,21202,0,0.3984925150871277,0
wro4j,21429,0,0.3984925150871277,0
wro4j,21499,0,0.3984925150871277,0
wro4j,21777,0,0.3984925150871277,0
wro4j,21809,0,0.3984925150871277,0
wro4j,21774,0,0.3984925150871277,0
wro4j,21817,0,0.3984925150871277,0
wro4j,21098,0,0.3984925150871277,0
wro4j,21009,0,0.3984925150871277,0
wro4j,21002,0,0.3984925150871277,0
wro4j,20996,0,0.3984925150871277,0
wro4j,21794,0,0.3984925150871277,0
wro4j,21702,0,0.3984925150871277,0
wro4j,21651,0,0.3984925150871277,0
wro4j,20823,0,0.3984925150871277,0
wro4j,21013,0,0.3984925150871277,0
wro4j,21034,0,0.3984925150871277,0
wro4j,21758,0,0.3984925150871277,0
wro4j,21092,0,0.3984925150871277,0
wro4j,20954,0,0.3984925150871277,0
wro4j,21885,0,0.3984925150871277,0
wro4j,21268,0,0.3984925150871277,0
wro4j,21450,0,0.3984925150871277,0
wro4j,20900,0,0.3984925150871277,0
wro4j,21765,0,0.3984925150871277,0
wro4j,21166,0,0.3984925150871277,0
wro4j,21760,0,0.3984925150871277,0
wro4j,21709,0,0.3984925150871277,0
wro4j,21629,0,0.3984925150871277,0
wro4j,21286,0,0.3984925150871277,0
wro4j,21908,0,0.3984925150871277,0
wro4j,20875,0,0.3984925150871277,0
wro4j,21142,0,0.3984925150871277,0
wro4j,21616,0,0.3984925150871277,0
wro4j,21844,0,0.3984925150871277,0
wro4j,21181,0,0.3984925150871277,0
wro4j,21354,0,0.3984925150871277,0
wro4j,21699,0,0.3984925150871277,0
wro4j,21252,0,0.3984925150871277,0
wro4j,21631,0,0.3984925150871277,0
wro4j,21623,0,0.3984925150871277,0
wro4j,21149,0,0.3984925150871277,0
wro4j,21237,0,0.3984925150871277,0
wro4j,21784,0,0.3984925150871277,0
wro4j,21773,0,0.3984925150871277,0
wro4j,21463,0,0.3984925150871277,0
wro4j,21572,0,0.3984925150871277,0
wro4j,21670,0,0.3984925150871277,0
wro4j,20980,0,0.3984925150871277,0
wro4j,21645,0,0.3984925150871277,0
wro4j,21129,0,0.3984925150871277,0
wro4j,21185,0,0.3984925150871277,0
wro4j,20846,0,0.3984925150871277,0
wro4j,21922,0,0.3984925150871277,0
wro4j,20793,1,0.3984925150871277,0
wro4j,21895,0,0.3984925150871277,0
wro4j,21140,0,0.3984925150871277,0
wro4j,20975,0,0.3984925150871277,0
wro4j,21106,0,0.3984925150871277,0
wro4j,20938,0,0.3984925150871277,0
wro4j,21708,0,0.3984925150871277,0
wro4j,21772,0,0.3984925150871277,0
wro4j,21305,0,0.3984925150871277,0
wro4j,21783,0,0.3984925150871277,0
wro4j,21382,0,0.3984925150871277,0
wro4j,21510,0,0.3984925150871277,0
wro4j,20787,0,0.3984925150871277,0
wro4j,20933,0,0.3984925150871277,0
wro4j,20813,0,0.3984925150871277,0
wro4j,21359,0,0.3984925150871277,0
wro4j,21808,0,0.3984925150871277,0
wro4j,21167,0,0.3984925150871277,0
wro4j,21377,0,0.3984925150871277,0
wro4j,21478,0,0.3984925150871277,0
wro4j,21768,0,0.3984925150871277,0
wro4j,21624,0,0.3984925150871277,0
wro4j,21598,0,0.3984925150871277,0
wro4j,21290,0,0.3984925150871277,0
wro4j,21053,0,0.3984925150871277,0
wro4j,21040,0,0.3984925150871277,0
wro4j,21656,0,0.3984925150871277,0
wro4j,21571,0,0.3984925150871277,0
wro4j,21388,0,0.3984925150871277,0
wro4j,21503,0,0.3984925150871277,0
wro4j,21255,0,0.3984925150871277,0
wro4j,21094,0,0.3984925150871277,0
wro4j,21896,0,0.3984925150871277,0
wro4j,21920,0,0.3984925150871277,0
wro4j,21923,0,0.3984925150871277,0
wro4j,21797,0,0.3984925150871277,0
wro4j,21012,0,0.3984925150871277,0
wro4j,21481,0,0.3984925150871277,0
wro4j,20817,0,0.3984925150871277,0
wro4j,21823,0,0.3984925150871277,0
wro4j,20857,0,0.3984925150871277,0
wro4j,21509,0,0.3984925150871277,0
wro4j,21253,0,0.3984925150871277,0
wro4j,21325,0,0.3984925150871277,0
wro4j,21669,0,0.3984925150871277,0
wro4j,21424,0,0.3984925150871277,0
wro4j,21661,0,0.3984925150871277,0
wro4j,21493,0,0.3984925150871277,0
wro4j,21089,0,0.3984925150871277,0
wro4j,21736,0,0.3984925150871277,0
wro4j,21272,0,0.3984925150871277,0
wro4j,20916,0,0.3984925150871277,0
wro4j,21559,0,0.3984925150871277,0
wro4j,20840,0,0.3984925150871277,0
wro4j,21227,0,0.3984925150871277,0
wro4j,21890,0,0.3984925150871277,0
wro4j,21133,0,0.3984925150871277,0
wro4j,21438,0,0.3984925150871277,0
wro4j,21203,0,0.3984925150871277,0
wro4j,21813,0,0.3984925150871277,0
wro4j,21159,0,0.3984925150871277,0
wro4j,21300,0,0.3984925150871277,0
wro4j,21495,0,0.3984925150871277,0
wro4j,21766,0,0.3984925150871277,0
wro4j,21274,0,0.3984925150871277,0
wro4j,21877,0,0.3984925150871277,0
wro4j,21337,0,0.3984925150871277,0
wro4j,21856,0,0.3984925150871277,0
wro4j,21379,0,0.3984925150871277,0
wro4j,20959,0,0.3984925150871277,0
wro4j,21826,0,0.3984925150871277,0
wro4j,21364,0,0.3984925150871277,0
wro4j,20864,0,0.3984925150871277,0
wro4j,21756,0,0.3984925150871277,0
wro4j,21192,0,0.3984925150871277,0
wro4j,21897,0,0.3984925150871277,0
wro4j,20834,0,0.3984925150871277,0
wro4j,21099,0,0.3984925150871277,0
wro4j,21717,0,0.3984925150871277,0
wro4j,21757,0,0.3984925150871277,0
wro4j,20989,0,0.3984925150871277,0
wro4j,21834,0,0.3984925150871277,0
wro4j,20783,0,0.3984925150871277,0
wro4j,21038,0,0.3984925150871277,0
wro4j,21204,0,0.3984925150871277,0
wro4j,20909,0,0.3984925150871277,0
wro4j,21017,0,0.3984925150871277,0
wro4j,21318,0,0.3984925150871277,0
wro4j,21182,0,0.3984925150871277,0
wro4j,21398,0,0.3984925150871277,0
wro4j,20981,0,0.3984925150871277,0
wro4j,21800,0,0.3984925150871277,0
wro4j,21056,0,0.3984925150871277,0
wro4j,21313,0,0.3984925150871277,0
wro4j,21798,0,0.3984925150871277,0
wro4j,21874,0,0.3984925150871277,0
wro4j,21389,0,0.3984925150871277,0
wro4j,21648,0,0.3984925150871277,0
wro4j,20830,0,0.3984925150871277,0
wro4j,21311,0,0.3984925150871277,0
wro4j,21637,0,0.3984925150871277,0
wro4j,20952,0,0.3984925150871277,0
wro4j,20849,0,0.3984925150871277,0
wro4j,21611,0,0.3984925150871277,0
wro4j,21707,0,0.3984925150871277,0
wro4j,21593,0,0.3984925150871277,0
wro4j,21603,0,0.3984925150871277,0
wro4j,21186,0,0.3984925150871277,0
wro4j,21753,0,0.3984925150871277,0
wro4j,21539,0,0.3984925150871277,0
wro4j,21473,0,0.3984925150871277,0
wro4j,21612,0,0.3984925150871277,0
wro4j,21405,0,0.3984925150871277,0
wro4j,21028,0,0.3984925150871277,0
wro4j,21815,0,0.3984925150871277,0
wro4j,20832,0,0.3984925150871277,0
wro4j,20947,0,0.3984925150871277,0
wro4j,21151,0,0.3984925150871277,0
wro4j,20953,0,0.3984925150871277,0
wro4j,21301,0,0.3984925150871277,0
wro4j,21172,0,0.3984925150871277,0
wro4j,21391,0,0.3984925150871277,0
wro4j,21886,0,0.3984925150871277,0
wro4j,21486,0,0.3984925150871277,0
wro4j,21560,0,0.3984925150871277,0
wro4j,21694,0,0.3984925150871277,0
wro4j,21685,0,0.3984925150871277,0
wro4j,21045,0,0.3984925150871277,0
wro4j,21229,0,0.3984925150871277,0
wro4j,20808,0,0.3984925150871277,0
wro4j,21001,0,0.3984925150871277,0
wro4j,21116,0,0.3984925150871277,0
wro4j,21289,0,0.3984925150871277,0
wro4j,21649,0,0.3984925150871277,0
wro4j,21114,0,0.3984925150871277,0
wro4j,21044,0,0.3984925150871277,0
wro4j,21029,0,0.3984925150871277,0
wro4j,20944,0,0.3984925150871277,0
wro4j,20809,0,0.3984925150871277,0
wro4j,21169,0,0.3984925150871277,0
wro4j,21601,0,0.3984925150871277,0
wro4j,21843,0,0.3984925150871277,0
wro4j,21194,0,0.3984925150871277,0
wro4j,21191,0,0.3984925150871277,0
wro4j,21479,0,0.3984925150871277,0
wro4j,21488,0,0.3984925150871277,0
wro4j,21035,0,0.3984925150871277,0
wro4j,21568,0,0.3984925150871277,0
wro4j,21399,0,0.3984925150871277,0
wro4j,21396,0,0.3984925150871277,0
wro4j,21241,0,0.3984925150871277,0
wro4j,21859,0,0.3984925150871277,0
wro4j,21190,0,0.3984925150871277,0
wro4j,21605,0,0.3984925150871277,0
wro4j,21846,0,0.3984925150871277,0
wro4j,21883,1,0.3984925150871277,0
wro4j,20987,0,0.3984925150871277,0
wro4j,21145,0,0.3984925150871277,0
wro4j,21713,0,0.3984925150871277,0
wro4j,21096,0,0.3984925150871277,0
wro4j,21310,0,0.3984925150871277,0
wro4j,21395,0,0.3984925150871277,0
wro4j,21868,0,0.3984925150871277,0
wro4j,20965,0,0.3984925150871277,0
wro4j,21294,0,0.3984925150871277,0
wro4j,21577,0,0.3984925150871277,0
wro4j,21861,0,0.3984925150871277,0
wro4j,21655,0,0.3984925150871277,0
wro4j,21282,0,0.3984925150871277,0
wro4j,21293,0,0.3984925150871277,0
wro4j,21264,0,0.3984925150871277,0
wro4j,21862,0,0.3984925150871277,0
wro4j,21537,0,0.3984925150871277,0
wro4j,21063,0,0.3984925150871277,0
wro4j,20856,0,0.3984925150871277,0
wro4j,21021,0,0.3984925150871277,0
wro4j,21525,0,0.3984925150871277,0
wro4j,21283,0,0.3984925150871277,0
wro4j,21299,0,0.3984925150871277,0
wro4j,21046,0,0.3984925150871277,0
wro4j,21440,0,0.3984925150871277,0
wro4j,21492,0,0.3984925150871277,0
wro4j,21154,0,0.3984925150871277,0
wro4j,21157,0,0.3984925150871277,0
wro4j,21682,0,0.3984925150871277,0
wro4j,21385,0,0.3984925150871277,0
wro4j,20935,0,0.3984925150871277,0
wro4j,20827,0,0.3984925150871277,0
wro4j,21852,0,0.3984925150871277,0
wro4j,21201,0,0.3984925150871277,0
wro4j,20917,0,0.3984925150871277,0
wro4j,21043,0,0.3984925150871277,0
wro4j,21770,0,0.3984925150871277,0
wro4j,21663,0,0.3984925150871277,0
wro4j,21287,0,0.3984925150871277,0
wro4j,21513,0,0.3984925150871277,0
wro4j,20988,0,0.3984925150871277,0
wro4j,21811,0,0.3984925150871277,0
wro4j,20920,0,0.3984925150871277,0
wro4j,20839,0,0.3984925150871277,0
wro4j,21691,0,0.3984925150871277,0
wro4j,21242,0,0.3984925150871277,0
wro4j,21024,0,0.3984925150871277,0
wro4j,20942,0,0.3984925150871277,0
wro4j,21557,1,0.3984925150871277,0
wro4j,20921,0,0.3984925150871277,0
wro4j,21197,0,0.3984925150871277,0
wro4j,21121,0,0.3984925150871277,0
wro4j,21025,0,0.3984925150871277,0
wro4j,20852,0,0.3984925150871277,0
wro4j,21086,0,0.3984925150871277,0
wro4j,21018,0,0.3984925150871277,0
wro4j,21620,0,0.3984925150871277,0
wro4j,21083,0,0.3984925150871277,0
wro4j,20928,0,0.3984925150871277,0
wro4j,21903,0,0.3984925150871277,0
wro4j,21419,0,0.3984925150871277,0
wro4j,21728,0,0.3984925150871277,0
wro4j,20859,0,0.3984925150871277,0
wro4j,21111,0,0.3984925150871277,0
wro4j,21832,0,0.3984925150871277,0
wro4j,21829,0,0.3984925150871277,0
wro4j,21199,0,0.3984925150871277,0
wro4j,21474,0,0.3984925150871277,0
wro4j,21532,0,0.3984925150871277,0
wro4j,21239,0,0.3984925150871277,0
wro4j,21866,0,0.3984925150871277,0
wro4j,21041,0,0.3984925150871277,0
wro4j,20943,0,0.3984925150871277,0
wro4j,21032,0,0.3984925150871277,0
wro4j,21480,0,0.3984925150871277,0
wro4j,21851,0,0.3984925150871277,0
wro4j,21453,0,0.3984925150871277,0
wro4j,20863,0,0.3984925150871277,0
wro4j,21205,0,0.3984925150871277,0
wro4j,21415,0,0.3984925150871277,0
wro4j,21408,0,0.3984925150871277,0
wro4j,21546,0,0.3984925150871277,0
wro4j,21235,0,0.3984925150871277,0
wro4j,21079,0,0.3984925150871277,0
wro4j,20906,0,0.3984925150871277,0
wro4j,21316,0,0.3984925150871277,0
wro4j,21243,0,0.3984925150871277,0
wro4j,21635,0,0.3984925150871277,0
wro4j,21371,0,0.3984925150871277,0
wro4j,21442,0,0.3984925150871277,0
wro4j,21147,0,0.3984925150871277,0
wro4j,21845,0,0.3984925150871277,0
wro4j,21071,1,0.3984925150871277,0
wro4j,21390,0,0.3984925150871277,0
wro4j,21077,0,0.3984925150871277,0
wro4j,21502,0,0.3984925150871277,0
wro4j,21638,0,0.3984925150871277,0
wro4j,21585,0,0.3984925150871277,0
wro4j,21745,0,0.3984925150871277,0
wro4j,20807,0,0.3984925150871277,0
wro4j,21905,0,0.3984925150871277,0
wro4j,20940,0,0.3984925150871277,0
wro4j,20955,0,0.3984925150871277,0
wro4j,21221,0,0.3984925150871277,0
wro4j,21776,0,0.3984925150871277,0
wro4j,21036,0,0.3984925150871277,0
wro4j,21365,0,0.3984925150871277,0
wro4j,21500,0,0.3984925150871277,0
wro4j,21889,0,0.3984925150871277,0
wro4j,21676,0,0.3984925150871277,0
wro4j,21217,0,0.3984925150871277,0
wro4j,21673,0,0.3984925150871277,0
wro4j,20907,0,0.3984925150871277,0
wro4j,21219,0,0.3984925150871277,0
wro4j,21793,0,0.3984925150871277,0
wro4j,20865,0,0.3984925150871277,0
wro4j,20861,0,0.3984925150871277,0
wro4j,21033,0,0.3984925150871277,0
wro4j,21836,0,0.3984925150871277,0
wro4j,21916,0,0.3984925150871277,0
wro4j,21465,0,0.3984925150871277,0
wro4j,20995,0,0.3984925150871277,0
wro4j,21266,0,0.3984925150871277,0
wro4j,21814,0,0.3984925150871277,0
wro4j,21238,0,0.3984925150871277,0
wro4j,21427,0,0.3984925150871277,0
wro4j,21372,0,0.3984925150871277,0
wro4j,21662,0,0.3984925150871277,0
wro4j,21279,0,0.3984925150871277,0
wro4j,21470,0,0.3984925150871277,0
wro4j,21735,0,0.3984925150871277,0
wro4j,21615,0,0.3984925150871277,0
wro4j,21596,1,0.3984925150871277,0
wro4j,21850,0,0.3984925150871277,0
wro4j,21068,0,0.3984925150871277,0
wro4j,21183,0,0.3984925150871277,0
wro4j,20990,0,0.3984925150871277,0
wro4j,21031,0,0.3984925150871277,0
wro4j,21733,0,0.3984925150871277,0
wro4j,21881,0,0.3984925150871277,0
wro4j,21387,0,0.3984925150871277,0
wro4j,21174,0,0.3984925150871277,0
wro4j,21378,0,0.3984925150871277,0
wro4j,20997,0,0.3984925150871277,0
wro4j,21626,0,0.3984925150871277,0
wro4j,21482,0,0.3984925150871277,0
wro4j,21880,0,0.3984925150871277,0
wro4j,21375,0,0.3984925150871277,0
wro4j,21790,0,0.3984925150871277,0
wro4j,21369,0,0.3984925150871277,0
wro4j,21884,1,0.3984925150871277,0
wro4j,21545,0,0.3984925150871277,0
wro4j,21184,0,0.3984925150871277,0
wro4j,21698,0,0.3984925150871277,0
wro4j,20923,0,0.3984925150871277,0
wro4j,21413,0,0.3984925150871277,0
wro4j,20837,0,0.3984925150871277,0
wro4j,21468,0,0.3984925150871277,0
wro4j,21323,0,0.3984925150871277,0
wro4j,21215,0,0.3984925150871277,0
wro4j,21918,0,0.3984925150871277,0
wro4j,21263,0,0.3984925150871277,0
wro4j,21434,0,0.3984925150871277,0
wro4j,21402,0,0.3984925150871277,0
wro4j,21374,0,0.3984925150871277,0
wro4j,21207,0,0.3984925150871277,0
wro4j,20791,0,0.3984925150871277,0
wro4j,21074,0,0.3984925150871277,0
wro4j,21785,0,0.3984925150871277,0
wro4j,20951,0,0.3984925150871277,0
wro4j,21350,0,0.3984925150871277,0
wro4j,21445,0,0.3984925150871277,0
wro4j,20963,0,0.3984925150871277,0
wro4j,21461,0,0.3984925150871277,0
wro4j,20847,0,0.3984925150871277,0
wro4j,21026,0,0.3984925150871277,0
wro4j,21285,0,0.3984925150871277,0
wro4j,21558,0,0.3984925150871277,0
wro4j,21376,0,0.3984925150871277,0
wro4j,21309,0,0.3984925150871277,0
wro4j,20845,0,0.3984925150871277,0
wro4j,21090,0,0.3984925150871277,0
wro4j,21805,0,0.3984925150871277,0
wro4j,21030,0,0.3984925150871277,0
wro4j,21360,0,0.3984925150871277,0
wro4j,21549,0,0.3984925150871277,0
wro4j,21410,1,0.3984925150871277,0
wro4j,21644,0,0.3984925150871277,0
wro4j,21847,0,0.3984925150871277,0
wro4j,21909,0,0.3984925150871277,0
wro4j,21004,0,0.3984925150871277,0
wro4j,21100,0,0.3984925150871277,0
wro4j,21058,0,0.3984925150871277,0
wro4j,21530,0,0.3984925150871277,0
wro4j,21504,0,0.3984925150871277,0
wro4j,21799,0,0.3984925150871277,0
wro4j,21352,0,0.3984925150871277,0
wro4j,20801,0,0.3984925150871277,0
wro4j,21589,0,0.3984925150871277,0
wro4j,21730,0,0.3984925150871277,0
wro4j,21906,0,0.3984925150871277,0
wro4j,21750,0,0.3984925150871277,0
wro4j,21657,0,0.3984925150871277,0
wro4j,21608,0,0.3984925150871277,0
wro4j,21308,0,0.3984925150871277,0
wro4j,21761,0,0.3984925150871277,0
wro4j,21163,0,0.3984925150871277,0
wro4j,21093,0,0.3984925150871277,0
wro4j,21267,0,0.3984925150871277,0
wro4j,21701,0,0.3984925150871277,0
wro4j,21640,0,0.3984925150871277,0
wro4j,21353,0,0.3984925150871277,0
wro4j,21320,0,0.3984925150871277,0
wro4j,20912,0,0.3984925150871277,0
wro4j,20842,0,0.3984925150871277,0
wro4j,21610,0,0.3984925150871277,0
wro4j,20994,0,0.3984925150871277,0
wro4j,20927,0,0.3984925150871277,0
wro4j,20926,0,0.3984925150871277,0
wro4j,21462,0,0.3984925150871277,0
wro4j,21584,0,0.3984925150871277,0
wro4j,21023,0,0.3984925150871277,0
wro4j,21200,0,0.3984925150871277,0
wro4j,21054,0,0.3984925150871277,0
wro4j,21042,0,0.3984925150871277,0
wro4j,21469,0,0.3984925150871277,0
wro4j,21590,0,0.3984925150871277,0
wro4j,21696,0,0.3984925150871277,0
wro4j,21604,0,0.3984925150871277,0
wro4j,20803,0,0.3984925150871277,0
wro4j,21796,0,0.3984925150871277,0
wro4j,21506,0,0.3984925150871277,0
wro4j,21000,0,0.3984925150871277,0
wro4j,21134,0,0.3984925150871277,0
wro4j,20815,0,0.3984925150871277,0
wro4j,21583,0,0.3984925150871277,0
wro4j,21710,0,0.3984925150871277,0
wro4j,21271,0,0.3984925150871277,0
wro4j,21646,0,0.3984925150871277,0
wro4j,21594,0,0.3984925150871277,0
wro4j,20974,0,0.3984925150871277,0
wro4j,21066,0,0.3984925150871277,0
wro4j,21666,0,0.3984925150871277,0
wro4j,21613,0,0.3984925150871277,0
wro4j,21234,0,0.3984925150871277,0
wro4j,21528,0,0.3984925150871277,0
wro4j,21317,0,0.3984925150871277,0
wro4j,21759,0,0.3984925150871277,0
wro4j,21061,0,0.3984925150871277,0
wro4j,21505,1,0.3984925150871277,0
wro4j,21208,0,0.3984925150871277,0
wro4j,20968,0,0.3984925150871277,0
wro4j,21334,0,0.3984925150871277,0
wro4j,21665,0,0.3984925150871277,0
wro4j,21230,0,0.3984925150871277,0
wro4j,20982,1,0.3984925150871277,0
wro4j,21005,0,0.3984925150871277,0
wro4j,21335,0,0.3984925150871277,0
wro4j,21693,0,0.3984925150871277,0
wro4j,21563,0,0.3984925150871277,0
wro4j,21719,0,0.3984925150871277,0
wro4j,21522,0,0.3984925150871277,0
wro4j,20782,0,0.3984925150871277,0
wro4j,21534,0,0.3984925150871277,0
wro4j,21722,0,0.3984925150871277,0
wro4j,20972,0,0.3984925150871277,0
wro4j,21472,0,0.3984925150871277,0
wro4j,21867,0,0.3984925150871277,0
wro4j,20844,0,0.3984925150871277,0
wro4j,21607,0,0.3984925150871277,0
wro4j,20967,0,0.3984925150871277,0
wro4j,21327,0,0.3984925150871277,0
wro4j,21810,0,0.3984925150871277,0
wro4j,21771,0,0.3984925150871277,0
wro4j,20992,0,0.3984925150871277,0
wro4j,21543,0,0.3984925150871277,0
wro4j,21907,0,0.3984925150871277,0
wro4j,21689,0,0.3984925150871277,0
wro4j,20862,0,0.3984925150871277,0
wro4j,21752,0,0.3984925150871277,0
wro4j,21165,0,0.3984925150871277,0
wro4j,20821,0,0.3984925150871277,0
wro4j,21152,0,0.3984925150871277,0
wro4j,20932,0,0.3984925150871277,0
wro4j,20914,0,0.3984925150871277,0
wro4j,21349,0,0.3984925150871277,0
wro4j,20905,0,0.3984925150871277,0
wro4j,20798,0,0.3984925150871277,0
wro4j,21401,0,0.3984925150871277,0
wro4j,21067,0,0.3984925150871277,0
wro4j,21447,0,0.3984925150871277,0
wro4j,21497,0,0.3984925150871277,0
wro4j,21550,0,0.3984925150871277,0
wro4j,21414,0,0.3984925150871277,0
wro4j,20779,0,0.3984925150871277,0
wro4j,21139,0,0.3984925150871277,0
wro4j,20855,0,0.3984925150871277,0
wro4j,20843,0,0.3984925150871277,0
wro4j,21010,0,0.3984925150871277,0
wro4j,21196,0,0.3984925150871277,0
wro4j,20896,0,0.3984925150871277,0
wro4j,20887,0,0.3984925150871277,0
wro4j,21723,0,0.3984925150871277,0
wro4j,21552,0,0.3984925150871277,0
wro4j,21251,0,0.3984925150871277,0
wro4j,20825,0,0.3984925150871277,0
wro4j,21361,0,0.3984925150871277,0
wro4j,21853,0,0.3984925150871277,0
wro4j,21403,0,0.3984925150871277,0
wro4j,21406,0,0.3984925150871277,0
wro4j,21516,0,0.3984925150871277,0
wro4j,21496,0,0.3984925150871277,0
wro4j,20931,0,0.3984925150871277,0
wro4j,21218,0,0.3984925150871277,0
wro4j,21893,0,0.3984925150871277,0
wro4j,21642,0,0.3984925150871277,0
wro4j,21578,0,0.3984925150871277,0
wro4j,21175,0,0.3984925150871277,0
wro4j,20871,0,0.3984925150871277,0
wro4j,20894,0,0.3984925150871277,0
wro4j,21393,0,0.3984925150871277,0
wro4j,21721,0,0.3984925150871277,0
wro4j,20820,0,0.3984925150871277,0
wro4j,21507,0,0.3984925150871277,0
wro4j,21085,0,0.3984925150871277,0
wro4j,21124,0,0.3984925150871277,0
wro4j,21062,0,0.3984925150871277,0
wro4j,21633,0,0.3984925150871277,0
wro4j,21426,0,0.3984925150871277,0
wro4j,21302,0,0.3984925150871277,0
wro4j,21452,0,0.3984925150871277,0
wro4j,21211,0,0.3984925150871277,0
wro4j,21417,0,0.3984925150871277,0
wro4j,21763,0,0.3984925150871277,0
wro4j,20818,0,0.3984925150871277,0
wro4j,21223,0,0.3984925150871277,0
wro4j,21459,0,0.3984925150871277,0
wro4j,21125,0,0.3984925150871277,0
wro4j,21435,0,0.3984925150871277,0
wro4j,21574,0,0.3984925150871277,0
wro4j,20949,0,0.3984925150871277,0
wro4j,20816,0,0.3984925150871277,0
wro4j,21027,0,0.3984925150871277,0
wro4j,21564,0,0.3984925150871277,0
wro4j,21471,0,0.3984925150871277,0
wro4j,20804,0,0.3984925150871277,0
wro4j,21622,0,0.3984925150871277,0
wro4j,21741,0,0.3984925150871277,0
wro4j,21437,0,0.3984925150871277,0
wro4j,21015,0,0.3984925150871277,0
wro4j,21795,0,0.3984925150871277,0
wro4j,21397,0,0.3984925150871277,0
wro4j,21625,0,0.3984925150871277,0
wro4j,21767,0,0.3984925150871277,0
wro4j,20788,0,0.3984925150871277,0
wro4j,21536,0,0.3984925150871277,0
wro4j,21518,0,0.3984925150871277,0
wro4j,21103,0,0.3984925150871277,0
wro4j,21307,0,0.3984925150871277,0
wro4j,21902,0,0.3984925150871277,0
wro4j,20922,0,0.3984925150871277,0
wro4j,21511,0,0.3984925150871277,0
wro4j,20930,0,0.3984925150871277,0
wro4j,21830,0,0.3984925150871277,0
wro4j,20873,0,0.3984925150871277,0
wro4j,21105,0,0.3984925150871277,0
wro4j,21273,0,0.3984925150871277,0
wro4j,21494,0,0.3984925150871277,0
wro4j,20800,0,0.3984925150871277,0
wro4j,21315,0,0.3984925150871277,0
wro4j,21690,0,0.3984925150871277,0
wro4j,20814,0,0.3984925150871277,0
wro4j,21716,0,0.3984925150871277,0
wro4j,21514,0,0.3984925150871277,0
wro4j,21433,0,0.3984925150871277,0
wro4j,21755,0,0.3984925150871277,0
wro4j,21827,0,0.3984925150871277,0
wro4j,20806,0,0.3984925150871277,0
wro4j,21672,0,0.3984925150871277,0
wro4j,21841,0,0.3984925150871277,0
wro4j,21454,0,0.3984925150871277,0
wro4j,21556,0,0.3984925150871277,0
wro4j,20792,0,0.3984925150871277,0
wro4j,21679,0,0.3984925150871277,0
wro4j,21248,0,0.3984925150871277,0
wro4j,21448,0,0.3984925150871277,0
wro4j,21198,0,0.3984925150871277,0
wro4j,21206,0,0.3984925150871277,0
wro4j,21456,0,0.3984925150871277,0
wro4j,21049,0,0.3984925150871277,0
wro4j,20924,0,0.3984925150871277,0
wro4j,21520,0,0.3984925150871277,0
wro4j,21295,0,0.3984925150871277,0
wro4j,21394,0,0.3984925150871277,0
wro4j,21188,0,0.3984925150871277,0
wro4j,21485,0,0.3984925150871277,0
wro4j,20977,0,0.3984925150871277,0
wro4j,21819,0,0.3984925150871277,0
wro4j,21838,0,0.3984925150871277,0
wro4j,20929,0,0.3984925150871277,0
wro4j,21523,0,0.3984925150871277,0
wro4j,21878,0,0.3984925150871277,0
wro4j,21517,0,0.3984925150871277,0
wro4j,21820,0,0.3984925150871277,0
wro4j,20911,0,0.3984925150871277,0
wro4j,21392,0,0.3984925150871277,0
wro4j,21855,0,0.3984925150871277,0
wro4j,21052,0,0.3984925150871277,0
wro4j,20962,0,0.3984925150871277,0
wro4j,21618,0,0.3984925150871277,0
wro4j,21078,0,0.3984925150871277,0
wro4j,21668,0,0.3984925150871277,0
wro4j,20966,0,0.3984925150871277,0
wro4j,21275,0,0.3984925150871277,0
wro4j,21915,0,0.3984925150871277,0
wro4j,21156,0,0.3984925150871277,0
wro4j,21715,0,0.3984925150871277,0
wro4j,21233,0,0.3984925150871277,0
wro4j,20797,0,0.3984925150871277,0
wro4j,20925,0,0.3984925150871277,0
wro4j,21569,0,0.3984925150871277,0
wro4j,20784,0,0.3984925150871277,0
wro4j,20960,0,0.3984925150871277,0
wro4j,21566,0,0.3984925150871277,0
wro4j,21839,0,0.3984925150871277,0
wro4j,21444,0,0.3984925150871277,0
wro4j,21686,0,0.3984925150871277,0
wro4j,21659,0,0.3984925150871277,0
wro4j,21007,0,0.3984925150871277,0
wro4j,21910,0,0.3984925150871277,0
wro4j,21214,0,0.3984925150871277,0
wro4j,21064,0,0.3984925150871277,0
wro4j,21894,0,0.3984925150871277,0
wro4j,21627,0,0.3984925150871277,0
wro4j,21762,0,0.3984925150871277,0
wro4j,21168,0,0.3984925150871277,0
wro4j,21338,0,0.3984925150871277,0
wro4j,21193,0,0.3984925150871277,0
wro4j,21732,0,0.3984925150871277,0
wro4j,21407,0,0.3984925150871277,0
wro4j,21265,0,0.3984925150871277,0
wro4j,21739,0,0.3984925150871277,0
wro4j,21329,0,0.3984925150871277,0
wro4j,21178,0,0.3984925150871277,0
wro4j,21226,0,0.3984925150871277,0
wro4j,21490,0,0.3984925150871277,0
wro4j,21544,0,0.3984925150871277,0
wro4j,20919,0,0.3984925150871277,0
wro4j,21420,0,0.3984925150871277,0
wro4j,21737,0,0.3984925150871277,0
wro4j,21876,0,0.3984925150871277,0
wro4j,21081,0,0.3984925150871277,0
wro4j,21455,0,0.3984925150871277,0
wro4j,20961,0,0.3984925150871277,0
wro4j,21057,0,0.3984925150871277,0
wro4j,20956,0,0.3984925150871277,0
wro4j,21653,0,0.3984925150871277,0
wro4j,21373,0,0.3984925150871277,0
wro4j,21681,0,0.3984925150871277,0
wro4j,20810,0,0.3984925150871277,0
wro4j,21291,0,0.3984925150871277,0
wro4j,21688,0,0.3984925150871277,0
wro4j,21791,0,0.3984925150871277,0
wro4j,21775,0,0.3984925150871277,0
wro4j,21828,0,0.3984925150871277,0
wro4j,21807,0,0.3984925150871277,0
wro4j,20999,0,0.3984925150871277,0
wro4j,21898,0,0.3984925150871277,0
wro4j,21754,0,0.3984925150871277,0
wro4j,21331,0,0.3984925150871277,0
wro4j,21508,0,0.3984925150871277,0
wro4j,21724,0,0.3984925150871277,0
wro4j,20853,0,0.3984925150871277,0
wro4j,21345,0,0.3984925150871277,0
wro4j,21084,0,0.3984925150871277,0
wro4j,21597,0,0.3984925150871277,0
wro4j,21400,0,0.3984925150871277,0
wro4j,21082,0,0.3984925150871277,0
wro4j,21381,0,0.3984925150871277,0
wro4j,21228,0,0.3984925150871277,0
wro4j,21592,0,0.3984925150871277,0
wro4j,21864,0,0.3984925150871277,0
wro4j,20812,0,0.3984925150871277,0
wro4j,21148,0,0.3984925150871277,0
wro4j,21671,0,0.3984925150871277,0
wro4j,21515,0,0.3984925150871277,0
wro4j,20888,0,0.3984925150871277,0
wro4j,21428,0,0.3984925150871277,0
wro4j,21687,0,0.3984925150871277,0
wro4j,20867,0,0.3984925150871277,0
wro4j,20978,0,0.3984925150871277,0
wro4j,21831,0,0.3984925150871277,0
wro4j,21816,0,0.3984925150871277,0
wro4j,20874,0,0.3984925150871277,0
wro4j,21740,0,0.3984925150871277,0
wro4j,21804,0,0.3984925150871277,0
wro4j,21600,0,0.3984925150871277,0
wro4j,21370,0,0.3984925150871277,0
wro4j,21119,0,0.3984925150871277,0
wro4j,21591,0,0.3984925150871277,0
wro4j,21113,0,0.3984925150871277,0
wro4j,21344,0,0.3984925150871277,0
wro4j,21748,0,0.3984925150871277,0
wro4j,21298,0,0.3984925150871277,0
wro4j,21245,0,0.3984925150871277,0
wro4j,21257,0,0.3984925150871277,0
wro4j,21684,0,0.3984925150871277,0
wro4j,21634,0,0.3984925150871277,0
wro4j,20780,0,0.3984925150871277,0
wro4j,21704,0,0.3984925150871277,0
wro4j,21297,0,0.3984925150871277,0
wro4j,20913,0,0.3984925150871277,0
wro4j,20910,0,0.3984925150871277,0
wro4j,20941,0,0.3984925150871277,0
wro4j,20915,0,0.3984925150871277,0
wro4j,21073,1,0.3984925150871277,0
wro4j,21123,0,0.3984925150871277,0
wro4j,21138,0,0.3984925150871277,0
wro4j,21411,0,0.3984925150871277,0
wro4j,21825,0,0.3984925150871277,0
wro4j,20794,0,0.3984925150871277,0
wro4j,21714,0,0.3984925150871277,0
wro4j,21749,0,0.3984925150871277,0
wro4j,20860,0,0.3984925150871277,0
wro4j,21432,0,0.3984925150871277,0
wro4j,21879,0,0.3984925150871277,0
wro4j,21039,0,0.3984925150871277,0
wro4j,21097,0,0.3984925150871277,0
wro4j,21333,0,0.3984925150871277,0
wro4j,21581,0,0.3984925150871277,0
wro4j,21587,0,0.3984925150871277,0
wro4j,21336,0,0.3984925150871277,0
wro4j,21216,0,0.3984925150871277,0
wro4j,21900,0,0.3984925150871277,0
wro4j,20870,0,0.3984925150871277,0
wro4j,21328,0,0.3984925150871277,0
wro4j,21489,0,0.3984925150871277,0
wro4j,20939,0,0.3984925150871277,0
wro4j,21555,0,0.3984925150871277,0
wro4j,20976,0,0.3984925150871277,0
wro4j,21786,0,0.3984925150871277,0
wro4j,21487,0,0.3984925150871277,0
wro4j,21351,0,0.3984925150871277,0
wro4j,21016,0,0.3984925150871277,0
wro4j,21362,0,0.3984925150871277,0
wro4j,21128,0,0.3984925150871277,0
wro4j,20971,1,0.3984925150871277,0
wro4j,20998,0,0.3984925150871277,0
wro4j,21158,0,0.3984925150871277,0
wro4j,21498,0,0.3984925150871277,0
wro4j,21020,0,0.3984925150871277,0
wro4j,21888,0,0.3984925150871277,0
wro4j,21548,0,0.3984925150871277,0
wro4j,21232,0,0.3984925150871277,0
wro4j,21914,0,0.3984925150871277,0
wro4j,20904,0,0.3984925150871277,0
wro4j,20895,0,0.3984925150871277,0
wro4j,21171,0,0.3984925150871277,0
wro4j,21339,0,0.3984925150871277,0
wro4j,20958,0,0.3984925150871277,0
wro4j,21501,0,0.3984925150871277,0
wro4j,20848,0,0.3984925150871277,0
wro4j,21055,0,0.3984925150871277,0
wro4j,20901,0,0.3984925150871277,0
wro4j,21110,0,0.3984925150871277,0
wro4j,20854,0,0.3984925150871277,0
wro4j,21446,0,0.3984925150871277,0
wro4j,20838,0,0.3984925150871277,0
wro4j,20796,0,0.3984925150871277,0
wro4j,20991,0,0.3984925150871277,0
wro4j,21899,0,0.3984925150871277,0
wro4j,21636,0,0.3984925150871277,0
wro4j,21803,0,0.3984925150871277,0
wro4j,21818,0,0.3984925150871277,0
wro4j,21342,0,0.3984925150871277,0
wro4j,21195,0,0.3984925150871277,0
wro4j,21579,0,0.3984925150871277,0
wro4j,21643,0,0.3984925150871277,0
wro4j,21801,0,0.3984925150871277,0
wro4j,21187,0,0.3984925150871277,0
wro4j,21789,0,0.3984925150871277,0
wro4j,21324,0,0.3984925150871277,0
wro4j,21155,0,0.3984925150871277,0
wro4j,21614,0,0.3984925150871277,0
wro4j,21576,0,0.3984925150871277,0
wro4j,21008,0,0.3984925150871277,0
wro4j,21162,0,0.3984925150871277,0
wro4j,21357,0,0.3984925150871277,0
wro4j,21674,0,0.3984925150871277,0
wro4j,21449,0,0.3984925150871277,0
wro4j,20785,0,0.3984925150871277,0
wro4j,21075,0,0.3984925150871277,0
wro4j,21261,0,0.3984925150871277,0
wro4j,21802,0,0.3984925150871277,0
wro4j,21849,0,0.3984925150871277,0
wro4j,21781,0,0.3984925150871277,0
wro4j,20819,0,0.3984925150871277,0
wro4j,21180,0,0.3984925150871277,0
wro4j,20984,0,0.3984925150871277,0
wro4j,21259,0,0.3984925150871277,0
wro4j,21439,0,0.3984925150871277,0
wro4j,20893,0,0.3984925150871277,0
wro4j,21210,0,0.3984925150871277,0
wro4j,20957,0,0.3984925150871277,0
wro4j,21386,0,0.3984925150871277,0
wro4j,20805,0,0.3984925150871277,0
wro4j,21824,0,0.3984925150871277,0
wro4j,21628,0,0.3984925150871277,0
wro4j,21276,0,0.3984925150871277,0
wro4j,21343,0,0.3984925150871277,0
wro4j,21887,0,0.3984925150871277,0
wro4j,20851,0,0.3984925150871277,0
wro4j,21423,0,0.3984925150871277,0
wro4j,20841,0,0.3984925150871277,0
wro4j,21692,0,0.3984925150871277,0
wro4j,21857,0,0.3984925150871277,0
wro4j,21700,0,0.3984925150871277,0
wro4j,21711,0,0.3984925150871277,0
wro4j,21806,0,0.3984925150871277,0
wro4j,20934,0,0.3984925150871277,0
wro4j,21782,0,0.3984925150871277,0
wro4j,21904,0,0.3984925150871277,0
wro4j,21363,0,0.3984925150871277,0
wro4j,20985,0,0.3984925150871277,0
wro4j,21727,0,0.3984925150871277,0
wro4j,20969,1,0.3984925150871277,0
wro4j,21256,0,0.3984925150871277,0
wro4j,21780,0,0.3984925150871277,0
wro4j,21812,0,0.3984925150871277,0
wro4j,21409,0,0.3984925150871277,0
wro4j,21725,0,0.3984925150871277,0
wro4j,21712,0,0.3984925150871277,0
wro4j,21573,0,0.3984925150871277,0
wro4j,21875,0,0.3984925150871277,0
wro4j,21051,0,0.3984925150871277,0
wro4j,21312,0,0.3984925150871277,0
wro4j,21718,0,0.3984925150871277,0
wro4j,21639,0,0.3984925150871277,0
wro4j,21430,0,0.3984925150871277,0
wro4j,21570,0,0.3984925150871277,0
wro4j,21744,0,0.3984925150871277,0
wro4j,21734,0,0.3984925150871277,0
wro4j,21912,0,0.3984925150871277,0
wro4j,21837,0,0.3984925150871277,0
wro4j,21240,0,0.3984925150871277,0
wro4j,21664,0,0.3984925150871277,0
wro4j,21101,0,0.3984925150871277,0
wro4j,20902,0,0.3984925150871277,0
wro4j,20781,0,0.3984925150871277,0
wro4j,20826,0,0.3984925150871277,0
wro4j,21475,0,0.3984925150871277,0
wro4j,21535,0,0.3984925150871277,0
wro4j,21858,0,0.3984925150871277,0
wro4j,21072,1,0.3984925150871277,0
wro4j,21865,0,0.3984925150871277,0
wro4j,21173,0,0.3984925150871277,0
wro4j,21731,0,0.3984925150871277,0
wro4j,21632,0,0.3984925150871277,0
wro4j,21580,0,0.3984925150871277,0
wro4j,21109,0,0.3984925150871277,0
wro4j,21011,0,0.3984925150871277,0
wro4j,21366,0,0.3984925150871277,0
wro4j,21788,0,0.3984925150871277,0
wro4j,20973,0,0.3984925150871277,0
wro4j,21436,0,0.3984925150871277,0
wro4j,21270,0,0.3984925150871277,0
wro4j,21431,0,0.3984925150871277,0
wro4j,21567,0,0.3984925150871277,0
wro4j,21641,0,0.3984925150871277,0
wro4j,21425,0,0.3984925150871277,0
wro4j,21464,0,0.3984925150871277,0
wro4j,21527,0,0.3984925150871277,0
wro4j,21383,0,0.3984925150871277,0
wro4j,21050,0,0.3984925150871277,0
wro4j,21236,0,0.3984925150871277,0
wro4j,21538,0,0.3984925150871277,0
wro4j,21647,0,0.3984925150871277,0
wro4j,21284,0,0.3984925150871277,0
wro4j,21022,0,0.3984925150871277,0
wro4j,21588,0,0.3984925150871277,0
wro4j,21146,0,0.3984925150871277,0
wro4j,21177,0,0.3984925150871277,0
wro4j,21521,0,0.3984925150871277,0
wro4j,21209,0,0.3984925150871277,0
wro4j,21891,0,0.3984925150871277,0
wro4j,21254,0,0.3984925150871277,0
wro4j,21087,0,0.3984925150871277,0
wro4j,21484,0,0.3984925150871277,0
wro4j,21277,0,0.3984925150871277,0
wro4j,21014,0,0.3984925150871277,0
wro4j,20898,0,0.3984925150871277,0
wro4j,21314,0,0.3984925150871277,0
wro4j,21575,0,0.3984925150871277,0
wro4j,21551,0,0.3984925150871277,0
wro4j,21250,0,0.3984925150871277,0
wro4j,21080,0,0.3984925150871277,0
wro4j,20937,0,0.3984925150871277,0
wro4j,21703,0,0.3984925150871277,0
wro4j,21006,0,0.3984925150871277,0
wro4j,21779,0,0.3984925150871277,0
wro4j,21104,0,0.3984925150871277,0
wro4j,21358,0,0.3984925150871277,0
wro4j,20889,0,0.3984925150871277,0
wro4j,21842,0,0.3984925150871277,0
wro4j,21161,0,0.3984925150871277,0
wro4j,21512,0,0.3984925150871277,0
wro4j,21840,0,0.3984925150871277,0
wro4j,20833,0,0.3984925150871277,0
wro4j,21102,0,0.3984925150871277,0
wro4j,21404,0,0.3984925150871277,0
wro4j,21458,0,0.3984925150871277,0
wro4j,21326,0,0.3984925150871277,0
wro4j,21368,0,0.3984925150871277,0
wro4j,20835,0,0.3984925150871277,0
wro4j,21220,0,0.3984925150871277,0
wro4j,21112,0,0.3984925150871277,0
wro4j,21060,0,0.3984925150871277,0
wro4j,21421,0,0.3984925150871277,0
wro4j,21304,0,0.3984925150871277,0
wro4j,21225,0,0.3984925150871277,0
wro4j,20970,1,0.3984925150871277,0
wro4j,21355,0,0.3984925150871277,0
wro4j,21565,0,0.3984925150871277,0
wro4j,21835,0,0.3984925150871277,0
wro4j,21919,0,0.3984925150871277,0
wro4j,21833,0,0.3984925150871277,0
wro4j,21451,0,0.3984925150871277,0
wro4j,21292,0,0.3984925150871277,0
wro4j,21319,0,0.3984925150871277,0
wro4j,21441,0,0.3984925150871277,0
wro4j,21467,0,0.3984925150871277,0
wro4j,21860,0,0.3984925150871277,0
wro4j,21249,0,0.3984925150871277,0
wro4j,21340,0,0.3984925150871277,0
wro4j,21524,0,0.3984925150871277,0
wro4j,21787,0,0.3984925150871277,0
wro4j,21115,0,0.3984925150871277,0
wro4j,21213,0,0.3984925150871277,0
wro4j,20802,0,0.3984925150871277,0
wro4j,21483,0,0.3984925150871277,0
wro4j,21729,0,0.3984925150871277,0
wro4j,21609,0,0.3984925150871277,0
wro4j,21660,0,0.3984925150871277,0
wro4j,20795,0,0.3984925150871277,0
wro4j,21658,0,0.3984925150871277,0
wro4j,20950,0,0.3984925150871277,0
wro4j,21848,0,0.3984925150871277,0
wro4j,21065,0,0.3984925150871277,0
wro4j,21526,0,0.3984925150871277,0
wro4j,21726,0,0.3984925150871277,0
wro4j,21288,0,0.3984925150871277,0
wro4j,21705,0,0.3984925150871277,0
wro4j,21367,0,0.3984925150871277,0
wro4j,21720,0,0.3984925150871277,0
wro4j,21019,0,0.3984925150871277,0
wro4j,21901,0,0.3984925150871277,0
wro4j,20945,0,0.3984925150871277,0
wro4j,21212,0,0.3984925150871277,0
wro4j,21136,0,0.3984925150871277,0
wro4j,21491,0,0.3984925150871277,0
wro4j,21047,0,0.3984925150871277,0
wro4j,21260,0,0.3984925150871277,0
wro4j,21854,0,0.3984925150871277,0
wro4j,20872,0,0.3984925150871277,0
wro4j,21822,0,0.3984925150871277,0
wro4j,20822,0,0.3984925150871277,0
wro4j,21654,0,0.3984925150871277,0
wro4j,21412,0,0.3984925150871277,0
wro4j,20869,0,0.3984925150871277,0
wro4j,21911,0,0.3984925150871277,0
wro4j,21131,0,0.3984925150871277,0
wro4j,20908,0,0.3984925150871277,0
wro4j,21602,0,0.3984925150871277,0
wro4j,20890,0,0.3984925150871277,0
wro4j,21076,0,0.3984925150871277,0
wro4j,21870,0,0.3984925150871277,0
wro4j,21137,0,0.3984925150871277,0
wro4j,21630,0,0.3984925150871277,0
wro4j,21269,0,0.3984925150871277,0
wro4j,20799,0,0.3984925150871277,0
wro4j,21356,0,0.3984925150871277,0
wro4j,20892,0,0.3984925150871277,0
wro4j,21048,0,0.3984925150871277,0
wro4j,21743,0,0.3984925150871277,0
wro4j,21144,0,0.3984925150871277,0
wro4j,20858,0,0.3984925150871277,0
wro4j,20786,0,0.3984925150871277,0
wro4j,21262,0,0.3984925150871277,0
wro4j,21529,0,0.3984925150871277,0
wro4j,20983,0,0.3984925150871277,0
wro4j,21778,0,0.3984925150871277,0
wro4j,21476,0,0.3984925150871277,0
wro4j,20936,0,0.3984925150871277,0
wro4j,21751,0,0.3984925150871277,0
wro4j,21621,0,0.3984925150871277,0
wro4j,21247,0,0.3984925150871277,0
wro4j,21892,0,0.3984925150871277,0
wro4j,21306,0,0.3984925150871277,0
wro4j,21118,0,0.3984925150871277,0
wro4j,21747,0,0.3984925150871277,0
wro4j,21346,0,0.3984925150871277,0
wro4j,21921,0,0.3984925150871277,0
wro4j,21176,0,0.3984925150871277,0
wro4j,21258,0,0.3984925150871277,0
zxing,1857,0,0.09581989049911503,0
zxing,1726,0,0.09581989049911503,0
zxing,1821,0,0.09581989049911503,0
zxing,1740,0,0.09581989049911503,0
zxing,1903,0,0.09581989049911503,0
zxing,1970,0,0.09581989049911503,0
zxing,1783,0,0.09581989049911503,0
zxing,1960,0,0.09581989049911503,0
zxing,1781,0,0.09581989049911503,0
zxing,1947,0,0.09581989049911503,0
zxing,1870,0,0.09581989049911503,0
zxing,1736,0,0.09581989049911503,0
zxing,1691,0,0.09581989049911503,0
zxing,1765,0,0.09581989049911503,0
zxing,1983,0,0.09581989049911503,0
zxing,1704,0,0.09581989049911503,0
zxing,1816,0,0.09581989049911503,0
zxing,1897,0,0.09581989049911503,0
zxing,1928,0,0.09581989049911503,0
zxing,1661,0,0.09581989049911503,0
zxing,1935,0,0.09581989049911503,0
zxing,1839,0,0.09581989049911503,0
zxing,1745,0,0.09581989049911503,0
zxing,1937,0,0.09581989049911503,0
zxing,1934,0,0.09581989049911503,0
zxing,1864,0,0.09581989049911503,0
zxing,1714,0,0.09581989049911503,0
zxing,1815,0,0.09581989049911503,0
zxing,1666,0,0.09581989049911503,0
zxing,1652,0,0.09581989049911503,0
zxing,1640,0,0.09581989049911503,0
zxing,1685,0,0.09581989049911503,0
zxing,1974,0,0.09581989049911503,0
zxing,1867,0,0.09581989049911503,0
zxing,1933,0,0.09581989049911503,0
zxing,1788,0,0.09581989049911503,0
zxing,1963,0,0.09581989049911503,0
zxing,1915,0,0.09581989049911503,0
zxing,1942,0,0.09581989049911503,0
zxing,1876,0,0.09581989049911503,0
zxing,1684,0,0.09581989049911503,0
zxing,1880,0,0.09581989049911503,0
zxing,1687,0,0.09581989049911503,0
zxing,1751,0,0.09581989049911503,0
zxing,1772,0,0.09581989049911503,0
zxing,1802,0,0.09581989049911503,0
zxing,1808,0,0.09581989049911503,0
zxing,1713,0,0.09581989049911503,0
zxing,1907,0,0.09581989049911503,0
zxing,1734,0,0.09581989049911503,0
zxing,1941,0,0.09581989049911503,0
zxing,1836,0,0.09581989049911503,0
zxing,1823,0,0.09581989049911503,0
zxing,1918,0,0.09581989049911503,0
zxing,1693,0,0.09581989049911503,0
zxing,1977,0,0.09581989049911503,0
zxing,1830,0,0.09581989049911503,0
zxing,1804,0,0.09581989049911503,0
zxing,1686,0,0.09581989049911503,0
zxing,1827,0,0.09581989049911503,0
zxing,1899,0,0.09581989049911503,0
zxing,1778,0,0.09581989049911503,0
zxing,1810,0,0.09581989049911503,0
zxing,1720,0,0.09581989049911503,0
zxing,1968,0,0.09581989049911503,0
zxing,1780,0,0.09581989049911503,0
zxing,1712,0,0.09581989049911503,0
zxing,1932,0,0.09581989049911503,0
zxing,1952,0,0.09581989049911503,0
zxing,1910,0,0.09581989049911503,0
zxing,1716,0,0.09581989049911503,0
zxing,1677,0,0.09581989049911503,0
zxing,1790,0,0.09581989049911503,0
zxing,1848,0,0.09581989049911503,0
zxing,1675,0,0.09581989049911503,0
zxing,1659,0,0.09581989049911503,0
zxing,1911,0,0.09581989049911503,0
zxing,1699,0,0.09581989049911503,0
zxing,1849,0,0.09581989049911503,0
zxing,1768,0,0.09581989049911503,0
zxing,1971,0,0.09581989049911503,0
zxing,1742,0,0.09581989049911503,0
zxing,1868,0,0.09581989049911503,0
zxing,1722,0,0.09581989049911503,0
zxing,1954,0,0.09581989049911503,0
zxing,1676,0,0.09581989049911503,0
zxing,1757,0,0.09581989049911503,0
zxing,1853,0,0.09581989049911503,0
zxing,1689,0,0.09581989049911503,0
zxing,1805,0,0.09581989049911503,0
zxing,1681,0,0.09581989049911503,0
zxing,1809,0,0.09581989049911503,0
zxing,1650,0,0.09581989049911503,0
zxing,1752,0,0.09581989049911503,0
zxing,1746,0,0.09581989049911503,0
zxing,1793,0,0.09581989049911503,0
zxing,1896,0,0.09581989049911503,0
zxing,1813,0,0.09581989049911503,0
zxing,1671,0,0.09581989049911503,0
zxing,1738,0,0.09581989049911503,0
zxing,1875,0,0.09581989049911503,0
zxing,1967,0,0.09581989049911503,0
zxing,1774,0,0.09581989049911503,0
zxing,1884,0,0.09581989049911503,0
zxing,1886,0,0.09581989049911503,0
zxing,1855,0,0.09581989049911503,0
zxing,1858,0,0.09581989049911503,0
zxing,1846,0,0.09581989049911503,0
zxing,1838,0,0.09581989049911503,0
zxing,1777,0,0.09581989049911503,0
zxing,1956,0,0.09581989049911503,0
zxing,1966,0,0.09581989049911503,0
zxing,1854,0,0.09581989049911503,0
zxing,1833,0,0.09581989049911503,0
zxing,1869,0,0.09581989049911503,0
zxing,1923,0,0.09581989049911503,0
zxing,1917,0,0.09581989049911503,0
zxing,1885,0,0.09581989049911503,0
zxing,1945,0,0.09581989049911503,0
zxing,1841,0,0.09581989049911503,0
zxing,1727,0,0.09581989049911503,0
zxing,1724,0,0.09581989049911503,0
zxing,1709,0,0.09581989049911503,0
zxing,1925,0,0.09581989049911503,0
zxing,1761,0,0.09581989049911503,0
zxing,1735,0,0.09581989049911503,0
zxing,1866,0,0.09581989049911503,0
zxing,1837,0,0.09581989049911503,0
zxing,1755,0,0.09581989049911503,0
zxing,1913,0,0.09581989049911503,0
zxing,1698,0,0.09581989049911503,0
zxing,1717,0,0.09581989049911503,0
zxing,1663,0,0.09581989049911503,0
zxing,1653,0,0.09581989049911503,0
zxing,1893,0,0.09581989049911503,0
zxing,1660,0,0.09581989049911503,0
zxing,1798,0,0.09581989049911503,0
zxing,1927,0,0.09581989049911503,0
zxing,1763,0,0.09581989049911503,0
zxing,1775,0,0.09581989049911503,0
zxing,1688,0,0.09581989049911503,0
zxing,1784,0,0.09581989049911503,0
zxing,1861,0,0.09581989049911503,0
zxing,1657,0,0.09581989049911503,0
zxing,1680,0,0.09581989049911503,0
zxing,1950,0,0.09581989049911503,0
zxing,1894,0,0.09581989049911503,0
zxing,1881,0,0.09581989049911503,0
zxing,1654,0,0.09581989049911503,0
zxing,1801,0,0.09581989049911503,0
zxing,1690,0,0.09581989049911503,0
zxing,1873,0,0.09581989049911503,0
zxing,1948,0,0.09581989049911503,0
zxing,1731,0,0.09581989049911503,0
zxing,1762,0,0.09581989049911503,0
zxing,1922,0,0.09581989049911503,0
zxing,1851,0,0.09581989049911503,0
zxing,1888,0,0.09581989049911503,0
zxing,1912,0,0.09581989049911503,0
zxing,1874,0,0.09581989049911503,0
zxing,1739,0,0.09581989049911503,0
zxing,1710,0,0.09581989049911503,0
zxing,1847,0,0.09581989049911503,0
zxing,1929,0,0.09581989049911503,0
zxing,1707,0,0.09581989049911503,0
zxing,1639,0,0.09581989049911503,0
zxing,1647,0,0.09581989049911503,0
zxing,1760,0,0.09581989049911503,0
zxing,1799,0,0.09581989049911503,0
zxing,1648,0,0.09581989049911503,0
zxing,1754,0,0.09581989049911503,0
zxing,1862,0,0.09581989049911503,0
zxing,1840,0,0.09581989049911503,0
zxing,1811,0,0.09581989049911503,0
zxing,1796,0,0.09581989049911503,0
zxing,1672,0,0.09581989049911503,0
zxing,1703,0,0.09581989049911503,0
zxing,1824,0,0.09581989049911503,0
zxing,1800,0,0.09581989049911503,0
zxing,1669,0,0.09581989049911503,0
zxing,1969,0,0.09581989049911503,0
zxing,1943,0,0.09581989049911503,0
zxing,1982,0,0.09581989049911503,0
zxing,1920,0,0.09581989049911503,0
zxing,1901,0,0.09581989049911503,0
zxing,1879,0,0.09581989049911503,0
zxing,1842,0,0.09581989049911503,0
zxing,1789,0,0.09581989049911503,0
zxing,1905,0,0.09581989049911503,0
zxing,1940,0,0.09581989049911503,0
zxing,1642,0,0.09581989049911503,0
zxing,1859,0,0.09581989049911503,0
zxing,1646,0,0.09581989049911503,0
zxing,1706,0,0.09581989049911503,0
zxing,1678,0,0.09581989049911503,0
zxing,1700,0,0.09581989049911503,0
zxing,1803,0,0.09581989049911503,0
zxing,1743,0,0.09581989049911503,0
zxing,1951,0,0.09581989049911503,0
zxing,1961,0,0.09581989049911503,0
zxing,1850,0,0.09581989049911503,0
zxing,1964,0,0.09581989049911503,0
zxing,1889,0,0.09581989049911503,0
zxing,1705,0,0.09581989049911503,0
zxing,1701,0,0.09581989049911503,0
zxing,1719,0,0.09581989049911503,0
zxing,1658,0,0.09581989049911503,0
zxing,1834,0,0.09581989049911503,0
zxing,1852,0,0.09581989049911503,0
zxing,1826,0,0.09581989049911503,0
zxing,1887,0,0.09581989049911503,0
zxing,1806,0,0.09581989049911503,0
zxing,1835,0,0.09581989049911503,0
zxing,1891,0,0.09581989049911503,0
zxing,1949,0,0.09581989049911503,0
zxing,1773,0,0.09581989049911503,0
zxing,1782,0,0.09581989049911503,0
zxing,1882,0,0.09581989049911503,0
zxing,1939,0,0.09581989049911503,0
zxing,1733,0,0.09581989049911503,0
zxing,1651,0,0.09581989049911503,0
zxing,1747,0,0.09581989049911503,0
zxing,1872,0,0.09581989049911503,0
zxing,1674,0,0.09581989049911503,0
zxing,1645,0,0.09581989049911503,0
zxing,1655,0,0.09581989049911503,0
zxing,1976,0,0.09581989049911503,0
zxing,1673,0,0.09581989049911503,0
zxing,1973,0,0.09581989049911503,0
zxing,1938,0,0.09581989049911503,0
zxing,1814,0,0.09581989049911503,0
zxing,1694,0,0.09581989049911503,0
zxing,1844,0,0.09581989049911503,0
zxing,1831,0,0.09581989049911503,0
zxing,1957,0,0.09581989049911503,0
zxing,1667,0,0.09581989049911503,0
zxing,1902,1,0.09581989049911503,0
zxing,1656,0,0.09581989049911503,0
zxing,1975,0,0.09581989049911503,0
zxing,1845,0,0.09581989049911503,0
zxing,1898,0,0.09581989049911503,0
zxing,1697,0,0.09581989049911503,0
zxing,1711,0,0.09581989049911503,0
zxing,1946,0,0.09581989049911503,0
zxing,1715,0,0.09581989049911503,0
zxing,1820,0,0.09581989049911503,0
zxing,1972,0,0.09581989049911503,0
zxing,1670,0,0.09581989049911503,0
zxing,1668,0,0.09581989049911503,0
zxing,1683,0,0.09581989049911503,0
zxing,1924,0,0.09581989049911503,0
zxing,1644,1,0.09581989049911503,0
zxing,1832,0,0.09581989049911503,0
zxing,1643,0,0.09581989049911503,0
zxing,1953,0,0.09581989049911503,0
zxing,1908,0,0.09581989049911503,0
zxing,1919,0,0.09581989049911503,0
zxing,1721,0,0.09581989049911503,0
zxing,1791,0,0.09581989049911503,0
zxing,1728,0,0.09581989049911503,0
zxing,1980,0,0.09581989049911503,0
zxing,1818,0,0.09581989049911503,0
zxing,1662,0,0.09581989049911503,0
zxing,1770,0,0.09581989049911503,0
zxing,1767,0,0.09581989049911503,0
zxing,1795,0,0.09581989049911503,0
zxing,1962,0,0.09581989049911503,0
zxing,1906,0,0.09581989049911503,0
zxing,1776,0,0.09581989049911503,0
zxing,1729,0,0.09581989049911503,0
zxing,1955,0,0.09581989049911503,0
zxing,1696,0,0.09581989049911503,0
zxing,1878,0,0.09581989049911503,0
zxing,1825,0,0.09581989049911503,0
zxing,1959,0,0.09581989049911503,0
zxing,1921,0,0.09581989049911503,0
zxing,1856,0,0.09581989049911503,0
zxing,1718,0,0.09581989049911503,0
zxing,1931,0,0.09581989049911503,0
zxing,1892,0,0.09581989049911503,0
zxing,1769,0,0.09581989049911503,0
zxing,1807,0,0.09581989049911503,0
zxing,1829,0,0.09581989049911503,0
zxing,1786,0,0.09581989049911503,0
zxing,1702,0,0.09581989049911503,0
zxing,1979,0,0.09581989049911503,0
zxing,1871,0,0.09581989049911503,0
zxing,1883,0,0.09581989049911503,0
zxing,1930,0,0.09581989049911503,0
zxing,1794,0,0.09581989049911503,0
zxing,1641,0,0.09581989049911503,0
zxing,1723,0,0.09581989049911503,0
zxing,1737,0,0.09581989049911503,0
zxing,1900,0,0.09581989049911503,0
zxing,1914,0,0.09581989049911503,0
zxing,1865,0,0.09581989049911503,0
zxing,1741,0,0.09581989049911503,0
zxing,1904,0,0.09581989049911503,0
zxing,1926,0,0.09581989049911503,0
zxing,1860,0,0.09581989049911503,0
zxing,1750,0,0.09581989049911503,0
zxing,1708,0,0.09581989049911503,0
zxing,1890,0,0.09581989049911503,0
zxing,1664,0,0.09581989049911503,0
zxing,1692,0,0.09581989049911503,0
zxing,1732,0,0.09581989049911503,0
zxing,1965,0,0.09581989049911503,0
zxing,1978,0,0.09581989049911503,0
zxing,1725,0,0.09581989049911503,0
zxing,1771,0,0.09581989049911503,0
zxing,1828,0,0.09581989049911503,0
