project,y_true,prob_flaky,pred_T1_Default,pred_T2_Max_F1,pred_T3_Recall_Constrained,pred_T4_Youdens_J,pred_T5_Prior_Shifted
assertj-core,0,0.016755879,0,0,0,0,0
assertj-core,0,0.0028253975,0,0,0,0,0
assertj-core,0,0.0038574918,0,0,0,0,0
assertj-core,0,0.023806356,0,0,0,0,0
assertj-core,0,0.007045428,0,0,0,0,0
assertj-core,0,0.0042790393,0,0,0,0,0
assertj-core,0,0.027010003,0,0,0,0,0
assertj-core,0,0.00637663,0,0,0,0,0
assertj-core,0,0.0038574918,0,0,0,0,0
assertj-core,0,0.013861836,0,0,0,0,0
assertj-core,0,0.004063313,0,0,0,0,0
assertj-core,0,0.0032442887,0,0,0,0,0
assertj-core,0,0.0019608391,0,0,0,0,0
assertj-core,0,0.1846209,0,0,0,1,1
assertj-core,0,0.017739447,0,0,0,0,0
assertj-core,0,0.027417123,0,0,0,0,0
assertj-core,0,0.00229293,0,0,0,0,0
assertj-core,0,0.004539334,0,0,0,0,0
assertj-core,0,0.041641045,0,0,0,1,0
assertj-core,0,0.002257509,0,0,0,0,0
assertj-core,0,0.0066036303,0,0,0,0,0
assertj-core,0,0.0026661456,0,0,0,0,0
assertj-core,0,0.01030798,0,0,0,0,0
assertj-core,0,0.017739447,0,0,0,0,0
assertj-core,0,0.06721667,0,0,0,1,1
assertj-core,0,0.019239072,0,0,0,0,0
assertj-core,0,0.027417123,0,0,0,0,0
assertj-core,0,0.0018600943,0,0,0,0,0
assertj-core,0,0.09443084,0,0,0,1,1
assertj-core,0,0.017739447,0,0,0,0,0
assertj-core,0,0.06721667,0,0,0,1,1
assertj-core,0,0.0017233619,0,0,0,0,0
assertj-core,0,0.027417123,0,0,0,0,0
assertj-core,0,0.0019608391,0,0,0,0,0
assertj-core,0,0.08422029,0,0,0,1,1
assertj-core,0,0.034554966,0,0,0,0,0
assertj-core,0,0.050026532,0,0,0,1,0
assertj-core,0,0.0017233619,0,0,0,0,0
assertj-core,0,0.09443084,0,0,0,1,1
assertj-core,0,0.0017233619,0,0,0,0,0
assertj-core,0,0.030388568,0,0,0,0,0
assertj-core,0,0.0017233619,0,0,0,0,0
assertj-core,0,0.030388568,0,0,0,0,0
assertj-core,0,0.017739447,0,0,0,0,0
assertj-core,0,0.030388568,0,0,0,0,0
assertj-core,0,0.017739447,0,0,0,0,0
assertj-core,0,0.06721667,0,0,0,1,1
assertj-core,0,0.0017233619,0,0,0,0,0
assertj-core,0,0.027417123,0,0,0,0,0
assertj-core,0,0.0017233619,0,0,0,0,0
assertj-core,0,0.08422029,0,0,0,1,1
assertj-core,0,0.001991829,0,0,0,0,0
assertj-core,0,0.050026532,0,0,0,1,0
assertj-core,0,0.017739447,0,0,0,0,0
assertj-core,0,0.030388568,0,0,0,0,0
assertj-core,0,0.0017233619,0,0,0,0,0
assertj-core,0,0.09443084,0,0,0,1,1
assertj-core,0,0.0017233619,0,0,0,0,0
assertj-core,0,0.054999053,0,0,0,1,1
assertj-core,0,0.023374215,0,0,0,0,0
assertj-core,0,0.027417123,0,0,0,0,0
assertj-core,0,0.020139407,0,0,0,0,0
assertj-core,0,0.030388568,0,0,0,0,0
assertj-core,0,0.0052309227,0,0,0,0,0
assertj-core,0,0.030388568,0,0,0,0,0
assertj-core,0,0.045709815,0,0,0,1,0
assertj-core,0,0.0021825773,0,0,0,0,0
assertj-core,0,0.0017233619,0,0,0,0,0
assertj-core,0,0.011225359,0,0,0,0,0
assertj-core,0,0.0023182936,0,0,0,0,0
assertj-core,0,0.0008904431,0,0,0,0,0
assertj-core,0,0.07194959,0,0,0,1,1
assertj-core,0,0.0017233619,0,0,0,0,0
assertj-core,0,0.08422029,0,0,0,1,1
assertj-core,0,0.041418593,0,0,0,1,0
assertj-core,0,0.002411075,0,0,0,0,0
assertj-core,0,0.0017233619,0,0,0,0,0
assertj-core,0,0.020124529,0,0,0,0,0
assertj-core,0,0.00796926,0,0,0,0,0
assertj-core,0,0.009707459,0,0,0,0,0
assertj-core,0,0.0027490961,0,0,0,0,0
assertj-core,0,0.0014300157,0,0,0,0,0
assertj-core,0,0.00096522184,0,0,0,0,0
assertj-core,0,0.0011760714,0,0,0,0,0
assertj-core,0,0.032505378,0,0,0,0,0
assertj-core,0,0.0028513123,0,0,0,0,0
assertj-core,0,0.014818597,0,0,0,0,0
assertj-core,0,0.017771475,0,0,0,0,0
assertj-core,0,0.0012062679,0,0,0,0,0
assertj-core,0,0.012687705,0,0,0,0,0
assertj-core,0,0.003035052,0,0,0,0,0
assertj-core,0,0.003069825,0,0,0,0,0
assertj-core,0,0.011733763,0,0,0,0,0
assertj-core,0,0.004528997,0,0,0,0,0
assertj-core,0,0.001500512,0,0,0,0,0
assertj-core,0,0.00076302316,0,0,0,0,0
assertj-core,0,0.0015544462,0,0,0,0,0
assertj-core,0,0.00064525864,0,0,0,0,0
assertj-core,0,0.008644998,0,0,0,0,0
assertj-core,0,0.0014755903,0,0,0,0,0
assertj-core,0,0.00091751537,0,0,0,0,0
assertj-core,0,0.025159106,0,0,0,0,0
assertj-core,0,0.009928869,0,0,0,0,0
assertj-core,0,0.016817564,0,0,0,0,0
assertj-core,0,0.0025991558,0,0,0,0,0
assertj-core,0,0.046697114,0,0,0,1,0
assertj-core,0,0.016817564,0,0,0,0,0
assertj-core,0,0.014103711,0,0,0,0,0
assertj-core,0,0.008973602,0,0,0,0,0
assertj-core,0,0.0063064587,0,0,0,0,0
assertj-core,0,0.005893605,0,0,0,0,0
assertj-core,0,0.014485331,0,0,0,0,0
assertj-core,0,0.0014545802,0,0,0,0,0
assertj-core,0,0.0021398612,0,0,0,0,0
assertj-core,0,0.0039040346,0,0,0,0,0
assertj-core,0,0.014485331,0,0,0,0,0
assertj-core,0,0.014308943,0,0,0,0,0
assertj-core,0,0.0074581862,0,0,0,0,0
assertj-core,0,0.0018611896,0,0,0,0,0
assertj-core,0,0.0042900653,0,0,0,0,0
assertj-core,0,0.0038422793,0,0,0,0,0
assertj-core,0,0.0073667252,0,0,0,0,0
assertj-core,0,0.028716825,0,0,0,0,0
assertj-core,0,0.011733763,0,0,0,0,0
assertj-core,0,0.0086907875,0,0,0,0,0
assertj-core,0,0.021881804,0,0,0,0,0
assertj-core,0,0.014426237,0,0,0,0,0
assertj-core,0,0.012961746,0,0,0,0,0
assertj-core,0,0.0005890072,0,0,0,0,0
assertj-core,0,0.025737677,0,0,0,0,0
assertj-core,0,0.0016131565,0,0,0,0,0
assertj-core,0,0.017701559,0,0,0,0,0
assertj-core,0,0.0015754527,0,0,0,0,0
assertj-core,0,0.03615586,0,0,0,0,0
assertj-core,0,0.0005246466,0,0,0,0,0
assertj-core,0,0.016135605,0,0,0,0,0
assertj-core,0,0.0015754527,0,0,0,0,0
assertj-core,0,0.03615586,0,0,0,0,0
assertj-core,0,0.00042039243,0,0,0,0,0
assertj-core,0,0.014480343,0,0,0,0,0
assertj-core,0,0.003475698,0,0,0,0,0
assertj-core,0,0.03615586,0,0,0,0,0
assertj-core,0,0.0015187293,0,0,0,0,0
assertj-core,0,0.0015187293,0,0,0,0,0
assertj-core,0,0.0015187293,0,0,0,0,0
assertj-core,0,0.011749582,0,0,0,0,0
assertj-core,0,0.002213596,0,0,0,0,0
assertj-core,0,0.014610719,0,0,0,0,0
assertj-core,0,0.0013846594,0,0,0,0,0
assertj-core,0,0.021532165,0,0,0,0,0
assertj-core,0,0.002277464,0,0,0,0,0
assertj-core,0,0.02732718,0,0,0,0,0
assertj-core,0,0.0015651108,0,0,0,0,0
assertj-core,0,0.029904243,0,0,0,0,0
assertj-core,0,0.002225116,0,0,0,0,0
assertj-core,0,0.023259236,0,0,0,0,0
assertj-core,0,0.002277464,0,0,0,0,0
assertj-core,0,0.014956512,0,0,0,0,0
assertj-core,0,0.0014664654,0,0,0,0,0
assertj-core,0,0.022553695,0,0,0,0,0
assertj-core,0,0.005616962,0,0,0,0,0
assertj-core,0,0.016596835,0,0,0,0,0
assertj-core,0,0.0014664654,0,0,0,0,0
assertj-core,0,0.022553695,0,0,0,0,0
assertj-core,0,0.0005246466,0,0,0,0,0
assertj-core,0,0.014956512,0,0,0,0,0
assertj-core,0,0.0016131565,0,0,0,0,0
assertj-core,0,0.018539188,0,0,0,0,0
assertj-core,0,0.021595951,0,0,0,0,0
assertj-core,0,0.01595991,0,0,0,0,0
assertj-core,0,0.00266458,0,0,0,0,0
assertj-core,0,0.0011092115,0,0,0,0,0
assertj-core,0,0.01250394,0,0,0,0,0
assertj-core,0,0.0012529732,0,0,0,0,0
assertj-core,0,0.0029001764,0,0,0,0,0
assertj-core,0,0.0014226774,0,0,0,0,0
assertj-core,0,0.0022472322,0,0,0,0,0
assertj-core,0,0.015801994,0,0,0,0,0
assertj-core,0,0.0014671925,0,0,0,0,0
assertj-core,0,0.018141674,0,0,0,0,0
assertj-core,0,0.0014664654,0,0,0,0,0
assertj-core,0,0.018608587,0,0,0,0,0
assertj-core,0,0.0015187293,0,0,0,0,0
assertj-core,0,0.010533637,0,0,0,0,0
assertj-core,0,0.001215693,0,0,0,0,0
assertj-core,0,0.011485595,0,0,0,0,0
assertj-core,0,0.0015015639,0,0,0,0,0
assertj-core,0,0.013942056,0,0,0,0,0
assertj-core,0,0.0016131565,0,0,0,0,0
assertj-core,0,0.016973117,0,0,0,0,0
assertj-core,0,0.0004719694,0,0,0,0,0
assertj-core,0,0.017700661,0,0,0,0,0
assertj-core,0,0.0004719694,0,0,0,0,0
assertj-core,0,0.013223151,0,0,0,0,0
assertj-core,0,0.000604844,0,0,0,0,0
assertj-core,0,0.031557318,0,0,0,0,0
assertj-core,0,0.00043215704,0,0,0,0,0
assertj-core,0,0.019649897,0,0,0,0,0
assertj-core,0,0.0010830888,0,0,0,0,0
assertj-core,0,0.021538666,0,0,0,0,0
assertj-core,0,0.0011878206,0,0,0,0,0
assertj-core,0,0.017767886,0,0,0,0,0
assertj-core,0,0.0011878206,0,0,0,0,0
assertj-core,0,0.021538666,0,0,0,0,0
assertj-core,0,0.0015015639,0,0,0,0,0
assertj-core,0,0.018141674,0,0,0,0,0
assertj-core,0,0.0014664654,0,0,0,0,0
assertj-core,0,0.018608587,0,0,0,0,0
assertj-core,0,0.00057557283,0,0,0,0,0
assertj-core,0,0.013051823,0,0,0,0,0
assertj-core,0,0.0321679,0,0,0,0,0
assertj-core,0,0.012339575,0,0,0,0,0
assertj-core,0,0.0029858863,0,0,0,0,0
assertj-core,0,0.003313487,0,0,0,0,0
assertj-core,0,0.012316693,0,0,0,0,0
assertj-core,0,0.037289176,0,0,0,0,0
assertj-core,0,0.010588893,0,0,0,0,0
assertj-core,0,0.15247032,0,0,0,1,1
assertj-core,0,0.58448625,1,1,1,1,1
assertj-core,0,0.17360298,0,0,0,1,1
assertj-core,0,0.616706,1,1,1,1,1
assertj-core,0,0.007349944,0,0,0,0,0
assertj-core,0,0.0007485916,0,0,0,0,0
assertj-core,0,0.001134597,0,0,0,0,0
assertj-core,0,0.00056066265,0,0,0,0,0
assertj-core,0,0.0019412356,0,0,0,0,0
assertj-core,0,0.005321008,0,0,0,0,0
assertj-core,0,0.0006283027,0,0,0,0,0
assertj-core,0,0.0006544424,0,0,0,0,0
assertj-core,0,0.0063405707,0,0,0,0,0
assertj-core,0,0.006602789,0,0,0,0,0
assertj-core,0,0.008599683,0,0,0,0,0
assertj-core,0,0.001407613,0,0,0,0,0
assertj-core,0,0.0045296806,0,0,0,0,0
assertj-core,0,0.00052303553,0,0,0,0,0
assertj-core,0,0.029545631,0,0,0,0,0
assertj-core,0,0.0007919654,0,0,0,0,0
assertj-core,0,0.0010190741,0,0,0,0,0
assertj-core,0,0.0010190741,0,0,0,0,0
assertj-core,0,0.0071008923,0,0,0,0,0
assertj-core,0,0.00043666209,0,0,0,0,0
assertj-core,0,0.00055149064,0,0,0,0,0
assertj-core,0,0.0014880019,0,0,0,0,0
assertj-core,0,0.006139183,0,0,0,0,0
assertj-core,0,0.0005847993,0,0,0,0,0
assertj-core,0,0.0008785077,0,0,0,0,0
assertj-core,0,0.0044960505,0,0,0,0,0
assertj-core,0,0.0018950566,0,0,0,0,0
assertj-core,0,0.006643724,0,0,0,0,0
assertj-core,0,0.0005372618,0,0,0,0,0
assertj-core,0,0.0003863858,0,0,0,0,0
assertj-core,0,0.0010999563,0,0,0,0,0
assertj-core,0,0.0021534858,0,0,0,0,0
assertj-core,0,0.10685337,0,0,0,1,1
assertj-core,0,0.42778128,0,1,1,1,1
assertj-core,0,0.006952386,0,0,0,0,0
assertj-core,0,0.04453501,0,0,0,1,0
assertj-core,0,0.00796311,0,0,0,0,0
assertj-core,0,0.056698125,0,0,0,1,1
assertj-core,0,0.009900654,0,0,0,0,0
assertj-core,0,0.052832987,0,0,0,1,1
assertj-core,0,0.007239724,0,0,0,0,0
assertj-core,0,0.053928055,0,0,0,1,1
assertj-core,0,0.00658482,0,0,0,0,0
assertj-core,0,0.050026532,0,0,0,1,0
assertj-core,0,0.006952386,0,0,0,0,0
assertj-core,0,0.04453501,0,0,0,1,0
assertj-core,0,0.006952386,0,0,0,0,0
assertj-core,0,0.04453501,0,0,0,1,0
assertj-core,0,0.00658482,0,0,0,0,0
assertj-core,0,0.052832987,0,0,0,1,1
assertj-core,0,0.00658482,0,0,0,0,0
assertj-core,0,0.052832987,0,0,0,1,1
assertj-core,0,0.006952386,0,0,0,0,0
assertj-core,0,0.053928055,0,0,0,1,1
assertj-core,0,0.006758471,0,0,0,0,0
assertj-core,0,0.050026532,0,0,0,1,0
assertj-core,0,0.00059035583,0,0,0,0,0
assertj-core,0,0.04484724,0,0,0,1,0
assertj-core,0,0.0009685055,0,0,0,0,0
assertj-core,0,0.04484724,0,0,0,1,0
assertj-core,0,0.004910841,0,0,0,0,0
assertj-core,0,0.040153485,0,0,0,1,0
assertj-core,0,0.0054438915,0,0,0,0,0
assertj-core,0,0.040153485,0,0,0,1,0
assertj-core,0,0.0054438915,0,0,0,0,0
assertj-core,0,0.040153485,0,0,0,1,0
assertj-core,0,0.0054438915,0,0,0,0,0
assertj-core,0,0.040153485,0,0,0,1,0
assertj-core,0,0.003210706,0,0,0,0,0
assertj-core,0,0.040187664,0,0,0,1,0
assertj-core,0,0.0017833402,0,0,0,0,0
assertj-core,0,0.034219462,0,0,0,0,0
assertj-core,0,0.005473384,0,0,0,0,0
assertj-core,0,0.068000264,0,0,0,1,1
assertj-core,0,0.005473384,0,0,0,0,0
assertj-core,0,0.05236747,0,0,0,1,1
assertj-core,0,0.0056999456,0,0,0,0,0
assertj-core,0,0.048633464,0,0,0,1,0
assertj-core,0,0.0056999456,0,0,0,0,0
assertj-core,0,0.05236747,0,0,0,1,1
assertj-core,0,0.004777149,0,0,0,0,0
assertj-core,0,0.05236747,0,0,0,1,1
assertj-core,0,0.0056999456,0,0,0,0,0
assertj-core,0,0.05236747,0,0,0,1,1
assertj-core,0,0.0053079887,0,0,0,0,0
assertj-core,0,0.050026532,0,0,0,1,0
assertj-core,0,0.0056228135,0,0,0,0,0
assertj-core,0,0.068000264,0,0,0,1,1
assertj-core,0,0.007466557,0,0,0,0,0
assertj-core,0,0.05236747,0,0,0,1,1
assertj-core,0,0.0056999456,0,0,0,0,0
assertj-core,0,0.05236747,0,0,0,1,1
assertj-core,0,0.0056999456,0,0,0,0,0
assertj-core,0,0.05236747,0,0,0,1,1
assertj-core,0,0.005473384,0,0,0,0,0
assertj-core,0,0.055297613,0,0,0,1,1
assertj-core,0,0.0056999456,0,0,0,0,0
assertj-core,0,0.050026532,0,0,0,1,0
assertj-core,0,0.008145947,0,0,0,0,0
assertj-core,0,0.04311075,0,0,0,1,0
assertj-core,0,0.0056999456,0,0,0,0,0
assertj-core,0,0.05236747,0,0,0,1,1
assertj-core,0,0.008145947,0,0,0,0,0
assertj-core,0,0.059675723,0,0,0,1,1
assertj-core,0,0.005473384,0,0,0,0,0
assertj-core,0,0.05236747,0,0,0,1,1
assertj-core,0,0.007608198,0,0,0,0,0
assertj-core,0,0.05236747,0,0,0,1,1
assertj-core,0,0.005473384,0,0,0,0,0
assertj-core,0,0.050026532,0,0,0,1,0
assertj-core,0,0.00092980085,0,0,0,0,0
assertj-core,0,0.05829221,0,0,0,1,1
assertj-core,0,0.0005242175,0,0,0,0,0
assertj-core,0,0.05236747,0,0,0,1,1
assertj-core,0,0.004437227,0,0,0,0,0
assertj-core,0,0.035523888,0,0,0,0,0
assertj-core,0,0.004831037,0,0,0,0,0
assertj-core,0,0.035523888,0,0,0,0,0
assertj-core,0,0.004668146,0,0,0,0,0
assertj-core,0,0.051035967,0,0,0,1,0
assertj-core,0,0.0053485828,0,0,0,0,0
assertj-core,0,0.050026532,0,0,0,1,0
assertj-core,0,0.0044208076,0,0,0,0,0
assertj-core,0,0.050026532,0,0,0,1,0
assertj-core,0,0.004668146,0,0,0,0,0
assertj-core,0,0.061711587,0,0,0,1,1
assertj-core,0,0.004668146,0,0,0,0,0
assertj-core,0,0.051035967,0,0,0,1,0
assertj-core,0,0.0064909384,0,0,0,0,0
assertj-core,0,0.051035967,0,0,0,1,0
assertj-core,0,0.004668146,0,0,0,0,0
assertj-core,0,0.061711587,0,0,0,1,1
assertj-core,0,0.0044208076,0,0,0,0,0
assertj-core,0,0.050026532,0,0,0,1,0
assertj-core,0,0.00658482,0,0,0,0,0
assertj-core,0,0.054386944,0,0,0,1,1
assertj-core,0,0.0044208076,0,0,0,0,0
assertj-core,0,0.050026532,0,0,0,1,0
assertj-core,0,0.0044208076,0,0,0,0,0
assertj-core,0,0.050026532,0,0,0,1,0
assertj-core,0,0.0044208076,0,0,0,0,0
assertj-core,0,0.050026532,0,0,0,1,0
assertj-core,0,0.0071514575,0,0,0,0,0
assertj-core,0,0.050026532,0,0,0,1,0
assertj-core,0,0.0071956506,0,0,0,0,0
assertj-core,0,0.061711587,0,0,0,1,1
assertj-core,0,0.0044208076,0,0,0,0,0
assertj-core,0,0.050026532,0,0,0,1,0
assertj-core,0,0.00082917226,0,0,0,0,0
assertj-core,0,0.04034942,0,0,0,1,0
assertj-core,0,0.00096911134,0,0,0,0,0
assertj-core,0,0.04034942,0,0,0,1,0
assertj-core,0,0.005473384,0,0,0,0,0
assertj-core,0,0.06946369,0,0,0,1,1
assertj-core,0,0.005473384,0,0,0,0,0
assertj-core,0,0.04205288,0,0,0,1,0
assertj-core,0,0.0056999456,0,0,0,0,0
assertj-core,0,0.047482334,0,0,0,1,0
assertj-core,0,0.005473384,0,0,0,0,0
assertj-core,0,0.040153485,0,0,0,1,0
assertj-core,0,0.007933039,0,0,0,0,0
assertj-core,0,0.038350135,0,0,0,0,0
assertj-core,0,0.005473384,0,0,0,0,0
assertj-core,0,0.040153485,0,0,0,1,0
assertj-core,0,0.0050969278,0,0,0,0,0
assertj-core,0,0.040153485,0,0,0,1,0
assertj-core,0,0.005473384,0,0,0,0,0
assertj-core,0,0.06946369,0,0,0,1,1
assertj-core,0,0.0056999456,0,0,0,0,0
assertj-core,0,0.047482334,0,0,0,1,0
assertj-core,0,0.005473384,0,0,0,0,0
assertj-core,0,0.045395657,0,0,0,1,0
assertj-core,0,0.0056999456,0,0,0,0,0
assertj-core,0,0.047482334,0,0,0,1,0
assertj-core,0,0.005473384,0,0,0,0,0
assertj-core,0,0.04534932,0,0,0,1,0
assertj-core,0,0.0056999456,0,0,0,0,0
assertj-core,0,0.04534932,0,0,0,1,0
assertj-core,0,0.009085025,0,0,0,0,0
assertj-core,0,0.03704216,0,0,0,0,0
assertj-core,0,0.005473384,0,0,0,0,0
assertj-core,0,0.040153485,0,0,0,1,0
assertj-core,0,0.008145947,0,0,0,0,0
assertj-core,0,0.06918593,0,0,0,1,1
assertj-core,0,0.0050969278,0,0,0,0,0
assertj-core,0,0.040153485,0,0,0,1,0
assertj-core,0,0.0056999456,0,0,0,0,0
assertj-core,0,0.047482334,0,0,0,1,0
assertj-core,0,0.005473384,0,0,0,0,0
assertj-core,0,0.04205288,0,0,0,1,0
assertj-core,0,0.00078449736,0,0,0,0,0
assertj-core,0,0.052885238,0,0,0,1,1
assertj-core,0,0.002258379,0,0,0,0,0
assertj-core,0,0.047482334,0,0,0,1,0
assertj-core,0,0.0027362758,0,0,0,0,0
assertj-core,0,0.047482334,0,0,0,1,0
assertj-core,0,0.0025874856,0,0,0,0,0
assertj-core,0,0.047482334,0,0,0,1,0
assertj-core,0,0.0045240596,0,0,0,0,0
assertj-core,0,0.054386944,0,0,0,1,1
assertj-core,0,0.0045240596,0,0,0,0,0
assertj-core,0,0.054386944,0,0,0,1,1
assertj-core,0,0.004777149,0,0,0,0,0
assertj-core,0,0.05547922,0,0,0,1,1
assertj-core,0,0.0045240596,0,0,0,0,0
assertj-core,0,0.054386944,0,0,0,1,1
assertj-core,0,0.0045240596,0,0,0,0,0
assertj-core,0,0.054386944,0,0,0,1,1
assertj-core,0,0.004777149,0,0,0,0,0
assertj-core,0,0.05547922,0,0,0,1,1
assertj-core,0,0.0045240596,0,0,0,0,0
assertj-core,0,0.054386944,0,0,0,1,1
assertj-core,0,0.004777149,0,0,0,0,0
assertj-core,0,0.067018636,0,0,0,1,1
assertj-core,0,0.002125333,0,0,0,0,0
assertj-core,0,0.04453501,0,0,0,1,0
assertj-core,0,0.0031639182,0,0,0,0,0
assertj-core,0,0.04034942,0,0,0,1,0
assertj-core,0,0.005473384,0,0,0,0,0
assertj-core,0,0.06946369,0,0,0,1,1
assertj-core,0,0.0056999456,0,0,0,0,0
assertj-core,0,0.04205288,0,0,0,1,0
assertj-core,0,0.0056999456,0,0,0,0,0
assertj-core,0,0.040153485,0,0,0,1,0
assertj-core,0,0.0056999456,0,0,0,0,0
assertj-core,0,0.047482334,0,0,0,1,0
assertj-core,0,0.004777149,0,0,0,0,0
assertj-core,0,0.045395657,0,0,0,1,0
assertj-core,0,0.005473384,0,0,0,0,0
assertj-core,0,0.04205288,0,0,0,1,0
assertj-core,0,0.004777149,0,0,0,0,0
assertj-core,0,0.035705008,0,0,0,0,0
assertj-core,0,0.005473384,0,0,0,0,0
assertj-core,0,0.06946369,0,0,0,1,1
assertj-core,0,0.005473384,0,0,0,0,0
assertj-core,0,0.04205288,0,0,0,1,0
assertj-core,0,0.0056999456,0,0,0,0,0
assertj-core,0,0.045395657,0,0,0,1,0
assertj-core,0,0.008234186,0,0,0,0,0
assertj-core,0,0.04205288,0,0,0,1,0
assertj-core,0,0.005473384,0,0,0,0,0
assertj-core,0,0.047482334,0,0,0,1,0
assertj-core,0,0.0056999456,0,0,0,0,0
assertj-core,0,0.04534932,0,0,0,1,0
assertj-core,0,0.009085025,0,0,0,0,0
assertj-core,0,0.04311075,0,0,0,1,0
assertj-core,0,0.0056999456,0,0,0,0,0
assertj-core,0,0.047482334,0,0,0,1,0
assertj-core,0,0.008145947,0,0,0,0,0
assertj-core,0,0.059675723,0,0,0,1,1
assertj-core,0,0.0056999456,0,0,0,0,0
assertj-core,0,0.047482334,0,0,0,1,0
assertj-core,0,0.007170279,0,0,0,0,0
assertj-core,0,0.047482334,0,0,0,1,0
assertj-core,0,0.005473384,0,0,0,0,0
assertj-core,0,0.04205288,0,0,0,1,0
assertj-core,0,0.003161944,0,0,0,0,0
assertj-core,0,0.052885238,0,0,0,1,1
assertj-core,0,0.00057060167,0,0,0,0,0
assertj-core,0,0.047482334,0,0,0,1,0
assertj-core,0,0.0026322622,0,0,0,0,0
assertj-core,0,0.047482334,0,0,0,1,0
assertj-core,0,0.0033018682,0,0,0,0,0
assertj-core,0,0.04835993,0,0,0,1,0
assertj-core,0,0.006857215,0,0,0,0,0
assertj-core,0,0.04205288,0,0,0,1,0
assertj-core,0,0.006857215,0,0,0,0,0
assertj-core,0,0.04205288,0,0,0,1,0
assertj-core,0,0.006857215,0,0,0,0,0
assertj-core,0,0.04205288,0,0,0,1,0
assertj-core,0,0.0061866366,0,0,0,0,0
assertj-core,0,0.04205288,0,0,0,1,0
assertj-core,0,0.006857215,0,0,0,0,0
assertj-core,0,0.04205288,0,0,0,1,0
assertj-core,0,0.006857215,0,0,0,0,0
assertj-core,0,0.04205288,0,0,0,1,0
assertj-core,0,0.006857215,0,0,0,0,0
assertj-core,0,0.062617205,0,0,0,1,1
assertj-core,0,0.006857215,0,0,0,0,0
assertj-core,0,0.062617205,0,0,0,1,1
assertj-core,0,0.006857215,0,0,0,0,0
assertj-core,0,0.03640151,0,0,0,0,0
assertj-core,0,0.006857215,0,0,0,0,0
assertj-core,0,0.04205288,0,0,0,1,0
assertj-core,0,0.006857215,0,0,0,0,0
assertj-core,0,0.04205288,0,0,0,1,0
assertj-core,0,0.006857215,0,0,0,0,0
assertj-core,0,0.04205288,0,0,0,1,0
assertj-core,0,0.0061866366,0,0,0,0,0
assertj-core,0,0.04205288,0,0,0,1,0
assertj-core,0,0.010264062,0,0,0,0,0
assertj-core,0,0.024750892,0,0,0,0,0
assertj-core,0,0.0061866366,0,0,0,0,0
assertj-core,0,0.04205288,0,0,0,1,0
assertj-core,0,0.006857215,0,0,0,0,0
assertj-core,0,0.04205288,0,0,0,1,0
assertj-core,0,0.0061866366,0,0,0,0,0
assertj-core,0,0.04205288,0,0,0,1,0
assertj-core,0,0.010264062,0,0,0,0,0
assertj-core,0,0.027673388,0,0,0,0,0
assertj-core,0,0.007466557,0,0,0,0,0
assertj-core,0,0.04205288,0,0,0,1,0
assertj-core,0,0.0060783233,0,0,0,0,0
assertj-core,0,0.04729565,0,0,0,1,0
assertj-core,0,0.0061866366,0,0,0,0,0
assertj-core,0,0.062617205,0,0,0,1,1
assertj-core,0,0.0057614045,0,0,0,0,0
assertj-core,0,0.062617205,0,0,0,1,1
assertj-core,0,0.006857215,0,0,0,0,0
assertj-core,0,0.045395657,0,0,0,1,0
assertj-core,0,0.0005242175,0,0,0,0,0
assertj-core,0,0.048350923,0,0,0,1,0
assertj-core,0,0.00093669497,0,0,0,0,0
assertj-core,0,0.04205288,0,0,0,1,0
assertj-core,0,0.0054001627,0,0,0,0,0
assertj-core,0,0.031528667,0,0,0,0,0
assertj-core,0,0.0054001627,0,0,0,0,0
assertj-core,0,0.031528667,0,0,0,0,0
assertj-core,0,0.0054001627,0,0,0,0,0
assertj-core,0,0.031528667,0,0,0,0,0
assertj-core,0,0.0054001627,0,0,0,0,0
assertj-core,0,0.031528667,0,0,0,0,0
assertj-core,0,0.0052313996,0,0,0,0,0
assertj-core,0,0.031528667,0,0,0,0,0
assertj-core,0,0.0052313996,0,0,0,0,0
assertj-core,0,0.035649918,0,0,0,0,0
assertj-core,0,0.0052313996,0,0,0,0,0
assertj-core,0,0.031528667,0,0,0,0,0
assertj-core,0,0.0072725206,0,0,0,0,0
assertj-core,0,0.031528667,0,0,0,0,0
assertj-core,0,0.0054001627,0,0,0,0,0
assertj-core,0,0.031528667,0,0,0,0,0
assertj-core,0,0.005517557,0,0,0,0,0
assertj-core,0,0.016499275,0,0,0,0,0
assertj-core,0,0.0061866366,0,0,0,0,0
assertj-core,0,0.050026532,0,0,0,1,0
assertj-core,0,0.0045240596,0,0,0,0,0
assertj-core,0,0.040153485,0,0,0,1,0
assertj-core,0,0.004910841,0,0,0,0,0
assertj-core,0,0.034219462,0,0,0,0,0
assertj-core,0,0.00682775,0,0,0,0,0
assertj-core,0,0.045395657,0,0,0,1,0
assertj-core,0,0.004910841,0,0,0,0,0
assertj-core,0,0.040153485,0,0,0,1,0
assertj-core,0,0.0061866366,0,0,0,0,0
assertj-core,0,0.04205288,0,0,0,1,0
assertj-core,0,0.005473384,0,0,0,0,0
assertj-core,0,0.04205288,0,0,0,1,0
assertj-core,0,0.0061866366,0,0,0,0,0
assertj-core,0,0.04205288,0,0,0,1,0
assertj-core,0,0.0061866366,0,0,0,0,0
assertj-core,0,0.044712517,0,0,0,1,0
assertj-core,0,0.015956463,0,0,0,0,0
assertj-core,0,0.002802667,0,0,0,0,0
assertj-core,0,0.002802667,0,0,0,0,0
assertj-core,0,0.01048311,0,0,0,0,0
assertj-core,0,0.0014281266,0,0,0,0,0
assertj-core,0,0.03127339,0,0,0,0,0
assertj-core,0,0.011854663,0,0,0,0,0
assertj-core,0,0.017251167,0,0,0,0,0
assertj-core,0,0.0030571932,0,0,0,0,0
assertj-core,0,0.013013603,0,0,0,0,0
assertj-core,0,0.003049229,0,0,0,0,0
assertj-core,0,0.013013603,0,0,0,0,0
assertj-core,0,0.0021370975,0,0,0,0,0
assertj-core,0,0.0021370975,0,0,0,0,0
assertj-core,0,0.013589294,0,0,0,0,0
assertj-core,0,0.0012327665,0,0,0,0,0
assertj-core,0,0.021072917,0,0,0,0,0
assertj-core,0,0.013052264,0,0,0,0,0
assertj-core,0,0.014046104,0,0,0,0,0
assertj-core,0,0.0074532283,0,0,0,0,0
assertj-core,0,0.0016005117,0,0,0,0,0
assertj-core,0,0.0015058345,0,0,0,0,0
assertj-core,0,0.0017773743,0,0,0,0,0
assertj-core,0,0.03642506,0,0,0,0,0
assertj-core,0,0.008520301,0,0,0,0,0
assertj-core,0,0.0038531045,0,0,0,0,0
assertj-core,0,0.023376947,0,0,0,0,0
assertj-core,0,0.0024596234,0,0,0,0,0
assertj-core,0,0.0021825773,0,0,0,0,0
assertj-core,0,0.00841593,0,0,0,0,0
assertj-core,0,0.023376947,0,0,0,0,0
assertj-core,0,0.0014805164,0,0,0,0,0
assertj-core,0,0.018344032,0,0,0,0,0
assertj-core,0,0.0051072077,0,0,0,0,0
assertj-core,0,0.009407256,0,0,0,0,0
assertj-core,0,0.0020612658,0,0,0,0,0
assertj-core,0,0.0013656918,0,0,0,0,0
assertj-core,0,0.0022633162,0,0,0,0,0
assertj-core,0,0.022773497,0,0,0,0,0
assertj-core,0,0.009162325,0,0,0,0,0
assertj-core,0,0.0020612658,0,0,0,0,0
assertj-core,0,0.0013656918,0,0,0,0,0
assertj-core,0,0.0016120004,0,0,0,0,0
assertj-core,0,0.022773497,0,0,0,0,0
assertj-core,0,0.024768127,0,0,0,0,0
assertj-core,0,0.006857215,0,0,0,0,0
assertj-core,0,0.009407256,0,0,0,0,0
assertj-core,0,0.0013579114,0,0,0,0,0
assertj-core,0,0.0013656918,0,0,0,0,0
assertj-core,0,0.0016120004,0,0,0,0,0
assertj-core,0,0.022773497,0,0,0,0,0
assertj-core,0,0.009407256,0,0,0,0,0
assertj-core,0,0.0013579114,0,0,0,0,0
assertj-core,0,0.002101284,0,0,0,0,0
assertj-core,0,0.0009618547,0,0,0,0,0
assertj-core,0,0.022773497,0,0,0,0,0
assertj-core,0,0.022145461,0,0,0,0,0
assertj-core,0,0.006857215,0,0,0,0,0
assertj-core,0,0.006254928,0,0,0,0,0
assertj-core,0,0.0016005117,0,0,0,0,0
assertj-core,0,0.0023863646,0,0,0,0,0
assertj-core,0,0.0017544659,0,0,0,0,0
assertj-core,0,0.022773497,0,0,0,0,0
assertj-core,0,0.0067268526,0,0,0,0,0
assertj-core,0,0.0036993185,0,0,0,0,0
assertj-core,0,0.0028873107,0,0,0,0,0
assertj-core,0,0.0009618547,0,0,0,0,0
assertj-core,0,0.022773497,0,0,0,0,0
assertj-core,0,0.009407256,0,0,0,0,0
assertj-core,0,0.0016005117,0,0,0,0,0
assertj-core,0,0.002101284,0,0,0,0,0
assertj-core,0,0.0022633162,0,0,0,0,0
assertj-core,0,0.022773497,0,0,0,0,0
assertj-core,0,0.0067395517,0,0,0,0,0
assertj-core,0,0.002948085,0,0,0,0,0
assertj-core,0,0.002270687,0,0,0,0,0
assertj-core,0,0.001984061,0,0,0,0,0
assertj-core,0,0.022773497,0,0,0,0,0
assertj-core,0,0.009407256,0,0,0,0,0
assertj-core,0,0.0013579114,0,0,0,0,0
assertj-core,0,0.0013656918,0,0,0,0,0
assertj-core,0,0.0022633162,0,0,0,0,0
assertj-core,0,0.022773497,0,0,0,0,0
assertj-core,0,0.0067395517,0,0,0,0,0
assertj-core,0,0.0015266037,0,0,0,0,0
assertj-core,0,0.0013665452,0,0,0,0,0
assertj-core,0,0.0004992261,0,0,0,0,0
assertj-core,0,0.022773497,0,0,0,0,0
assertj-core,0,0.009407256,0,0,0,0,0
assertj-core,0,0.0019646634,0,0,0,0,0
assertj-core,0,0.0013665452,0,0,0,0,0
assertj-core,0,0.0009624566,0,0,0,0,0
assertj-core,0,0.0183711,0,0,0,0,0
assertj-core,0,0.0067395517,0,0,0,0,0
assertj-core,0,0.0015093489,0,0,0,0,0
assertj-core,0,0.001930711,0,0,0,0,0
assertj-core,0,0.0016120004,0,0,0,0,0
assertj-core,0,0.022773497,0,0,0,0,0
assertj-core,0,0.009407256,0,0,0,0,0
assertj-core,0,0.0012951918,0,0,0,0,0
assertj-core,0,0.004231899,0,0,0,0,0
assertj-core,0,0.00069562776,0,0,0,0,0
assertj-core,0,0.022773497,0,0,0,0,0
assertj-core,0,0.009407256,0,0,0,0,0
assertj-core,0,0.003082351,0,0,0,0,0
assertj-core,0,0.0013656918,0,0,0,0,0
assertj-core,0,0.0023528254,0,0,0,0,0
assertj-core,0,0.022773497,0,0,0,0,0
assertj-core,0,0.0056418227,0,0,0,0,0
assertj-core,0,0.003925217,0,0,0,0,0
assertj-core,0,0.0012878862,0,0,0,0,0
assertj-core,0,0.0022633162,0,0,0,0,0
assertj-core,0,0.019509371,0,0,0,0,0
assertj-core,0,0.009407256,0,0,0,0,0
assertj-core,0,0.0012951918,0,0,0,0,0
assertj-core,0,0.0013665452,0,0,0,0,0
assertj-core,0,0.0005434003,0,0,0,0,0
assertj-core,0,0.022773497,0,0,0,0,0
assertj-core,0,0.009407256,0,0,0,0,0
assertj-core,0,0.0013579114,0,0,0,0,0
assertj-core,0,0.0023863646,0,0,0,0,0
assertj-core,0,0.0009555366,0,0,0,0,0
assertj-core,0,0.022773497,0,0,0,0,0
assertj-core,0,0.0014399415,0,0,0,0,0
assertj-core,0,0.017773762,0,0,0,0,0
assertj-core,0,0.0021856907,0,0,0,0,0
assertj-core,0,0.017773762,0,0,0,0,0
assertj-core,0,0.00566825,0,0,0,0,0
assertj-core,0,0.0016005117,0,0,0,0,0
assertj-core,0,0.0013656918,0,0,0,0,0
assertj-core,0,0.0022633162,0,0,0,0,0
assertj-core,0,0.022773497,0,0,0,0,0
assertj-core,0,0.0067268526,0,0,0,0,0
assertj-core,0,0.0024292192,0,0,0,0,0
assertj-core,0,0.001930711,0,0,0,0,0
assertj-core,0,0.0032318626,0,0,0,0,0
assertj-core,0,0.022773497,0,0,0,0,0
assertj-core,0,0.006254928,0,0,0,0,0
assertj-core,0,0.0026607013,0,0,0,0,0
assertj-core,0,0.004090118,0,0,0,0,0
assertj-core,0,0.0014217821,0,0,0,0,0
assertj-core,0,0.022773497,0,0,0,0,0
assertj-core,0,0.018344032,0,0,0,0,0
assertj-core,0,0.0051072077,0,0,0,0,0
assertj-core,0,0.025839023,0,0,0,0,0
assertj-core,0,0.006857215,0,0,0,0,0
assertj-core,0,0.025839023,0,0,0,0,0
assertj-core,0,0.006857215,0,0,0,0,0
assertj-core,0,0.025839023,0,0,0,0,0
assertj-core,0,0.006857215,0,0,0,0,0
assertj-core,0,0.022145461,0,0,0,0,0
assertj-core,0,0.006857215,0,0,0,0,0
assertj-core,0,0.025839023,0,0,0,0,0
assertj-core,0,0.008979261,0,0,0,0,0
assertj-core,0,0.025839023,0,0,0,0,0
assertj-core,0,0.006857215,0,0,0,0,0
assertj-core,0,0.025839023,0,0,0,0,0
assertj-core,0,0.0061866366,0,0,0,0,0
assertj-core,0,0.025839023,0,0,0,0,0
assertj-core,0,0.006857215,0,0,0,0,0
assertj-core,0,0.0033526628,0,0,0,0,0
assertj-core,0,0.019274807,0,0,0,0,0
assertj-core,1,0.0023366685,0,0,0,0,0
assertj-core,0,0.0011986409,0,0,0,0,0
assertj-core,0,0.0009976774,0,0,0,0,0
assertj-core,0,0.00066994433,0,0,0,0,0
assertj-core,0,0.004326429,0,0,0,0,0
assertj-core,0,0.020971863,0,0,0,0,0
assertj-core,0,0.0017706839,0,0,0,0,0
assertj-core,0,0.012916775,0,0,0,0,0
assertj-core,0,0.015303443,0,0,0,0,0
assertj-core,0,0.000732843,0,0,0,0,0
assertj-core,0,0.00044469477,0,0,0,0,0
assertj-core,0,0.0029430464,0,0,0,0,0
assertj-core,0,0.005473384,0,0,0,0,0
assertj-core,0,0.050026532,0,0,0,1,0
assertj-core,0,0.005473384,0,0,0,0,0
assertj-core,0,0.05094862,0,0,0,1,0
assertj-core,0,0.005473384,0,0,0,0,0
assertj-core,0,0.050026532,0,0,0,1,0
assertj-core,0,0.005473384,0,0,0,0,0
assertj-core,0,0.05094862,0,0,0,1,0
assertj-core,0,0.005473384,0,0,0,0,0
assertj-core,0,0.05094862,0,0,0,1,0
assertj-core,0,0.005473384,0,0,0,0,0
assertj-core,0,0.050026532,0,0,0,1,0
assertj-core,0,0.005473384,0,0,0,0,0
assertj-core,0,0.050026532,0,0,0,1,0
assertj-core,0,0.007608198,0,0,0,0,0
assertj-core,0,0.050026532,0,0,0,1,0
assertj-core,0,0.005473384,0,0,0,0,0
assertj-core,0,0.050026532,0,0,0,1,0
assertj-core,0,0.005473384,0,0,0,0,0
assertj-core,0,0.054386944,0,0,0,1,1
assertj-core,0,0.005473384,0,0,0,0,0
assertj-core,0,0.050026532,0,0,0,1,0
assertj-core,0,0.0056228135,0,0,0,0,0
assertj-core,0,0.050026532,0,0,0,1,0
assertj-core,0,0.0053485828,0,0,0,0,0
assertj-core,0,0.054386944,0,0,0,1,1
assertj-core,0,0.005473384,0,0,0,0,0
assertj-core,0,0.050026532,0,0,0,1,0
assertj-core,0,0.005473384,0,0,0,0,0
assertj-core,0,0.052832987,0,0,0,1,1
assertj-core,0,0.0056228135,0,0,0,0,0
assertj-core,0,0.050026532,0,0,0,1,0
assertj-core,0,0.007608198,0,0,0,0,0
assertj-core,0,0.050026532,0,0,0,1,0
assertj-core,0,0.005473384,0,0,0,0,0
assertj-core,0,0.04937341,0,0,0,1,0
assertj-core,0,0.005473384,0,0,0,0,0
assertj-core,0,0.054386944,0,0,0,1,1
assertj-core,0,0.0045716288,0,0,0,0,0
assertj-core,0,0.05529873,0,0,0,1,1
assertj-core,0,0.0010915457,0,0,0,0,0
assertj-core,0,0.0461894,0,0,0,1,0
assertj-core,0,0.005473384,0,0,0,0,0
assertj-core,0,0.068000264,0,0,0,1,1
assertj-core,0,0.007608198,0,0,0,0,0
assertj-core,0,0.05236747,0,0,0,1,1
assertj-core,0,0.0056999456,0,0,0,0,0
assertj-core,0,0.05236747,0,0,0,1,1
assertj-core,0,0.005473384,0,0,0,0,0
assertj-core,0,0.050026532,0,0,0,1,0
assertj-core,0,0.0050969278,0,0,0,0,0
assertj-core,0,0.04937341,0,0,0,1,0
assertj-core,0,0.005473384,0,0,0,0,0
assertj-core,0,0.05236747,0,0,0,1,1
assertj-core,0,0.004975032,0,0,0,0,0
assertj-core,0,0.04453501,0,0,0,1,0
assertj-core,0,0.005473384,0,0,0,0,0
assertj-core,0,0.068000264,0,0,0,1,1
assertj-core,0,0.007466557,0,0,0,0,0
assertj-core,0,0.05236747,0,0,0,1,1
assertj-core,0,0.007922422,0,0,0,0,0
assertj-core,0,0.05236747,0,0,0,1,1
assertj-core,0,0.0056999456,0,0,0,0,0
assertj-core,0,0.05236747,0,0,0,1,1
assertj-core,0,0.005473384,0,0,0,0,0
assertj-core,0,0.050026532,0,0,0,1,0
assertj-core,0,0.005473384,0,0,0,0,0
assertj-core,0,0.043028213,0,0,0,1,0
assertj-core,0,0.008145947,0,0,0,0,0
assertj-core,0,0.04311075,0,0,0,1,0
assertj-core,0,0.0056999456,0,0,0,0,0
assertj-core,0,0.05236747,0,0,0,1,1
assertj-core,0,0.009085025,0,0,0,0,0
assertj-core,0,0.03569978,0,0,0,0,0
assertj-core,0,0.005473384,0,0,0,0,0
assertj-core,0,0.05236747,0,0,0,1,1
assertj-core,0,0.005473384,0,0,0,0,0
assertj-core,0,0.05236747,0,0,0,1,1
assertj-core,0,0.005473384,0,0,0,0,0
assertj-core,0,0.05236747,0,0,0,1,1
assertj-core,0,0.0005242175,0,0,0,0,0
assertj-core,0,0.054573238,0,0,0,1,1
assertj-core,0,0.00092980085,0,0,0,0,0
assertj-core,0,0.0569197,0,0,0,1,1
assertj-core,0,0.0033018682,0,0,0,0,0
assertj-core,0,0.05236747,0,0,0,1,1
assertj-core,0,0.0025874856,0,0,0,0,0
assertj-core,0,0.05236747,0,0,0,1,1
assertj-core,0,0.016340641,0,0,0,0,0
assertj-core,0,0.001159835,0,0,0,0,0
assertj-core,0,0.016340641,0,0,0,0,0
assertj-core,0,0.0009279564,0,0,0,0,0
assertj-core,0,0.016652487,0,0,0,0,0
assertj-core,0,0.022966811,0,0,0,0,0
assertj-core,0,0.0006556916,0,0,0,0,0
assertj-core,0,0.021199599,0,0,0,0,0
assertj-core,0,0.005473384,0,0,0,0,0
assertj-core,0,0.0501536,0,0,0,1,0
assertj-core,0,0.005473384,0,0,0,0,0
assertj-core,0,0.04835993,0,0,0,1,0
assertj-core,0,0.005473384,0,0,0,0,0
assertj-core,0,0.04835993,0,0,0,1,0
assertj-core,0,0.005473384,0,0,0,0,0
assertj-core,0,0.0501536,0,0,0,1,0
assertj-core,0,0.007170279,0,0,0,0,0
assertj-core,0,0.04835993,0,0,0,1,0
assertj-core,0,0.0095266,0,0,0,0,0
assertj-core,0,0.047906622,0,0,0,1,0
assertj-core,0,0.005473384,0,0,0,0,0
assertj-core,0,0.052162636,0,0,0,1,1
assertj-core,0,0.005473384,0,0,0,0,0
assertj-core,0,0.0501536,0,0,0,1,0
assertj-core,0,0.005473384,0,0,0,0,0
assertj-core,0,0.055547774,0,0,0,1,1
assertj-core,0,0.005473384,0,0,0,0,0
assertj-core,0,0.04313831,0,0,0,1,0
assertj-core,0,0.005473384,0,0,0,0,0
assertj-core,0,0.0461894,0,0,0,1,0
assertj-core,0,0.005473384,0,0,0,0,0
assertj-core,0,0.0461894,0,0,0,1,0
assertj-core,0,0.005473384,0,0,0,0,0
assertj-core,0,0.0501536,0,0,0,1,0
assertj-core,0,0.005473384,0,0,0,0,0
assertj-core,0,0.0501536,0,0,0,1,0
assertj-core,0,0.009085025,0,0,0,0,0
assertj-core,0,0.0501536,0,0,0,1,0
assertj-core,0,0.005473384,0,0,0,0,0
assertj-core,0,0.0501536,0,0,0,1,0
assertj-core,0,0.005473384,0,0,0,0,0
assertj-core,0,0.04835993,0,0,0,1,0
assertj-core,0,0.0028873107,0,0,0,0,0
assertj-core,0,0.04835993,0,0,0,1,0
assertj-core,0,0.004437227,0,0,0,0,0
assertj-core,0,0.041557927,0,0,0,1,0
assertj-core,0,0.006059305,0,0,0,0,0
assertj-core,0,0.088339366,0,0,0,1,1
assertj-core,0,0.001930711,0,0,0,0,0
assertj-core,0,0.0501536,0,0,0,1,0
assertj-core,0,0.0029409358,0,0,0,0,0
assertj-core,0,0.0501536,0,0,0,1,0
assertj-core,0,0.0025932083,0,0,0,0,0
assertj-core,0,0.023179114,0,0,0,0,0
assertj-core,0,0.0005082078,0,0,0,0,0
assertj-core,0,0.0005964252,0,0,0,0,0
assertj-core,0,0.036929224,0,0,0,0,0
assertj-core,0,0.0031213702,0,0,0,0,0
assertj-core,0,0.0039107087,0,0,0,0,0
assertj-core,0,0.028065499,0,0,0,0,0
assertj-core,0,0.02672663,0,0,0,0,0
assertj-core,0,0.0020317682,0,0,0,0,0
assertj-core,0,0.019195784,0,0,0,0,0
assertj-core,0,0.00878862,0,0,0,0,0
assertj-core,0,0.0014599082,0,0,0,0,0
assertj-core,0,0.02533273,0,0,0,0,0
assertj-core,0,0.0042930157,0,0,0,0,0
assertj-core,0,0.0025508152,0,0,0,0,0
assertj-core,0,0.02533273,0,0,0,0,0
assertj-core,0,0.027503267,0,0,0,0,0
assertj-core,0,0.029743478,0,0,0,0,0
assertj-core,0,0.0007542392,0,0,0,0,0
assertj-core,0,0.031071065,0,0,0,0,0
assertj-core,0,0.02672663,0,0,0,0,0
assertj-core,0,0.0007542392,0,0,0,0,0
assertj-core,0,0.031071065,0,0,0,0,0
assertj-core,0,0.029743478,0,0,0,0,0
assertj-core,0,0.0007542392,0,0,0,0,0
assertj-core,0,0.031071065,0,0,0,0,0
assertj-core,0,0.007170279,0,0,0,0,0
assertj-core,0,0.050026532,0,0,0,1,0
assertj-core,0,0.005473384,0,0,0,0,0
assertj-core,0,0.05094862,0,0,0,1,0
assertj-core,0,0.007608198,0,0,0,0,0
assertj-core,0,0.050026532,0,0,0,1,0
assertj-core,0,0.005473384,0,0,0,0,0
assertj-core,0,0.05094862,0,0,0,1,0
assertj-core,0,0.005473384,0,0,0,0,0
assertj-core,0,0.05094862,0,0,0,1,0
assertj-core,0,0.005473384,0,0,0,0,0
assertj-core,0,0.050026532,0,0,0,1,0
assertj-core,0,0.007608198,0,0,0,0,0
assertj-core,0,0.050026532,0,0,0,1,0
assertj-core,0,0.005473384,0,0,0,0,0
assertj-core,0,0.050026532,0,0,0,1,0
assertj-core,0,0.005473384,0,0,0,0,0
assertj-core,0,0.050026532,0,0,0,1,0
assertj-core,0,0.0074350834,0,0,0,0,0
assertj-core,0,0.050026532,0,0,0,1,0
assertj-core,0,0.005473384,0,0,0,0,0
assertj-core,0,0.050026532,0,0,0,1,0
assertj-core,0,0.005473384,0,0,0,0,0
assertj-core,0,0.050026532,0,0,0,1,0
assertj-core,0,0.0053485828,0,0,0,0,0
assertj-core,0,0.054386944,0,0,0,1,1
assertj-core,0,0.005473384,0,0,0,0,0
assertj-core,0,0.050026532,0,0,0,1,0
assertj-core,0,0.005473384,0,0,0,0,0
assertj-core,0,0.050026532,0,0,0,1,0
assertj-core,0,0.007170279,0,0,0,0,0
assertj-core,0,0.050026532,0,0,0,1,0
assertj-core,0,0.0053485828,0,0,0,0,0
assertj-core,0,0.054386944,0,0,0,1,1
assertj-core,0,0.005473384,0,0,0,0,0
assertj-core,0,0.050026532,0,0,0,1,0
assertj-core,0,0.008848408,0,0,0,0,0
assertj-core,0,0.054386944,0,0,0,1,1
assertj-core,0,0.0023349694,0,0,0,0,0
assertj-core,0,0.05529873,0,0,0,1,1
assertj-core,0,0.0023995086,0,0,0,0,0
assertj-core,0,0.0461894,0,0,0,1,0
assertj-core,0,0.010781708,0,0,0,0,0
assertj-core,0,0.062617205,0,0,0,1,1
assertj-core,0,0.0056999456,0,0,0,0,0
assertj-core,0,0.047482334,0,0,0,1,0
assertj-core,0,0.005473384,0,0,0,0,0
assertj-core,0,0.04205288,0,0,0,1,0
assertj-core,0,0.0056999456,0,0,0,0,0
assertj-core,0,0.047482334,0,0,0,1,0
assertj-core,0,0.0053079887,0,0,0,0,0
assertj-core,0,0.046436425,0,0,0,1,0
assertj-core,0,0.005473384,0,0,0,0,0
assertj-core,0,0.04205288,0,0,0,1,0
assertj-core,0,0.004975032,0,0,0,0,0
assertj-core,0,0.04034942,0,0,0,1,0
assertj-core,0,0.005473384,0,0,0,0,0
assertj-core,0,0.062617205,0,0,0,1,1
assertj-core,0,0.009213378,0,0,0,0,0
assertj-core,0,0.047482334,0,0,0,1,0
assertj-core,0,0.0056999456,0,0,0,0,0
assertj-core,0,0.047482334,0,0,0,1,0
assertj-core,0,0.005473384,0,0,0,0,0
assertj-core,0,0.04205288,0,0,0,1,0
assertj-core,0,0.005473384,0,0,0,0,0
assertj-core,0,0.047482334,0,0,0,1,0
assertj-core,0,0.0056999456,0,0,0,0,0
assertj-core,0,0.04534932,0,0,0,1,0
assertj-core,0,0.008145947,0,0,0,0,0
assertj-core,0,0.039048303,0,0,0,0,0
assertj-core,0,0.0056999456,0,0,0,0,0
assertj-core,0,0.047482334,0,0,0,1,0
assertj-core,0,0.008145947,0,0,0,0,0
assertj-core,0,0.04311075,0,0,0,1,0
assertj-core,0,0.0056999456,0,0,0,0,0
assertj-core,0,0.047482334,0,0,0,1,0
assertj-core,0,0.0056999456,0,0,0,0,0
assertj-core,0,0.047482334,0,0,0,1,0
assertj-core,0,0.007608198,0,0,0,0,0
assertj-core,0,0.04205288,0,0,0,1,0
assertj-core,0,0.0052702175,0,0,0,0,0
assertj-core,0,0.052885238,0,0,0,1,1
assertj-core,0,0.0052702175,0,0,0,0,0
assertj-core,0,0.047482334,0,0,0,1,0
assertj-core,0,0.0018296246,0,0,0,0,0
assertj-core,0,0.047482334,0,0,0,1,0
assertj-core,0,0.0026464134,0,0,0,0,0
assertj-core,0,0.047482334,0,0,0,1,0
assertj-core,0,0.006857215,0,0,0,0,0
assertj-core,0,0.040153485,0,0,0,1,0
assertj-core,0,0.005473384,0,0,0,0,0
assertj-core,0,0.06946369,0,0,0,1,1
assertj-core,0,0.0056999456,0,0,0,0,0
assertj-core,0,0.047482334,0,0,0,1,0
assertj-core,0,0.005473384,0,0,0,0,0
assertj-core,0,0.04205288,0,0,0,1,0
assertj-core,0,0.0056999456,0,0,0,0,0
assertj-core,0,0.0501536,0,0,0,1,0
assertj-core,0,0.0050969278,0,0,0,0,0
assertj-core,0,0.045395657,0,0,0,1,0
assertj-core,0,0.005473384,0,0,0,0,0
assertj-core,0,0.04205288,0,0,0,1,0
assertj-core,0,0.004777149,0,0,0,0,0
assertj-core,0,0.035705008,0,0,0,0,0
assertj-core,0,0.005473384,0,0,0,0,0
assertj-core,0,0.06946369,0,0,0,1,1
assertj-core,0,0.005473384,0,0,0,0,0
assertj-core,0,0.04205288,0,0,0,1,0
assertj-core,0,0.005473384,0,0,0,0,0
assertj-core,0,0.04205288,0,0,0,1,0
assertj-core,0,0.005473384,0,0,0,0,0
assertj-core,0,0.04205288,0,0,0,1,0
assertj-core,0,0.005473384,0,0,0,0,0
assertj-core,0,0.047482334,0,0,0,1,0
assertj-core,0,0.005473384,0,0,0,0,0
assertj-core,0,0.040153485,0,0,0,1,0
assertj-core,0,0.009085025,0,0,0,0,0
assertj-core,0,0.03704216,0,0,0,0,0
assertj-core,0,0.0056999456,0,0,0,0,0
assertj-core,0,0.047482334,0,0,0,1,0
assertj-core,0,0.008145947,0,0,0,0,0
assertj-core,0,0.03704216,0,0,0,0,0
assertj-core,0,0.0056999456,0,0,0,0,0
assertj-core,0,0.047482334,0,0,0,1,0
assertj-core,0,0.0056999456,0,0,0,0,0
assertj-core,0,0.047482334,0,0,0,1,0
assertj-core,0,0.005473384,0,0,0,0,0
assertj-core,0,0.04205288,0,0,0,1,0
assertj-core,0,0.0052702175,0,0,0,0,0
assertj-core,0,0.052885238,0,0,0,1,1
assertj-core,0,0.00078449736,0,0,0,0,0
assertj-core,0,0.047482334,0,0,0,1,0
assertj-core,0,0.0025135404,0,0,0,0,0
assertj-core,0,0.047482334,0,0,0,1,0
assertj-core,0,0.0025874856,0,0,0,0,0
assertj-core,0,0.047482334,0,0,0,1,0
assertj-core,0,0.0044208076,0,0,0,0,0
assertj-core,0,0.050026532,0,0,0,1,0
assertj-core,0,0.007007063,0,0,0,0,0
assertj-core,0,0.052832987,0,0,0,1,1
assertj-core,0,0.0044208076,0,0,0,0,0
assertj-core,0,0.050026532,0,0,0,1,0
assertj-core,0,0.0044208076,0,0,0,0,0
assertj-core,0,0.050026532,0,0,0,1,0
assertj-core,0,0.0044208076,0,0,0,0,0
assertj-core,0,0.050026532,0,0,0,1,0
assertj-core,0,0.0044208076,0,0,0,0,0
assertj-core,0,0.050026532,0,0,0,1,0
assertj-core,0,0.0044208076,0,0,0,0,0
assertj-core,0,0.050026532,0,0,0,1,0
assertj-core,0,0.0044208076,0,0,0,0,0
assertj-core,0,0.050026532,0,0,0,1,0
assertj-core,0,0.0044208076,0,0,0,0,0
assertj-core,0,0.055384733,0,0,0,1,1
assertj-core,0,0.0044208076,0,0,0,0,0
assertj-core,0,0.050026532,0,0,0,1,0
assertj-core,0,0.0044208076,0,0,0,0,0
assertj-core,0,0.050026532,0,0,0,1,0
assertj-core,0,0.0044208076,0,0,0,0,0
assertj-core,0,0.050026532,0,0,0,1,0
assertj-core,0,0.00658482,0,0,0,0,0
assertj-core,0,0.054386944,0,0,0,1,1
assertj-core,0,0.0044208076,0,0,0,0,0
assertj-core,0,0.050026532,0,0,0,1,0
assertj-core,0,0.0044208076,0,0,0,0,0
assertj-core,0,0.050026532,0,0,0,1,0
assertj-core,0,0.00082917226,0,0,0,0,0
assertj-core,0,0.04034942,0,0,0,1,0
assertj-core,0,0.0024945296,0,0,0,0,0
assertj-core,0,0.04034942,0,0,0,1,0
assertj-core,0,0.0021165684,0,0,0,0,0
assertj-core,0,0.020962367,0,0,0,0,0
assertj-core,0,0.001100144,0,0,0,0,0
assertj-core,0,0.005617729,0,0,0,0,0
assertj-core,0,0.06721667,0,0,0,1,1
assertj-core,0,0.006857215,0,0,0,0,0
assertj-core,0,0.06721667,0,0,0,1,1
assertj-core,0,0.006857215,0,0,0,0,0
assertj-core,0,0.06721667,0,0,0,1,1
assertj-core,0,0.006857215,0,0,0,0,0
assertj-core,0,0.06721667,0,0,0,1,1
assertj-core,0,0.006857215,0,0,0,0,0
assertj-core,0,0.06721667,0,0,0,1,1
assertj-core,0,0.006857215,0,0,0,0,0
assertj-core,0,0.06721667,0,0,0,1,1
assertj-core,0,0.006857215,0,0,0,0,0
assertj-core,0,0.040153485,0,0,0,1,0
assertj-core,0,0.006857215,0,0,0,0,0
assertj-core,0,0.04205288,0,0,0,1,0
assertj-core,0,0.006857215,0,0,0,0,0
assertj-core,0,0.040153485,0,0,0,1,0
assertj-core,0,0.0054001627,0,0,0,0,0
assertj-core,0,0.035263933,0,0,0,0,0
assertj-core,0,0.006857215,0,0,0,0,0
assertj-core,0,0.03640151,0,0,0,0,0
assertj-core,0,0.009036252,0,0,0,0,0
assertj-core,0,0.040153485,0,0,0,1,0
assertj-core,0,0.0054001627,0,0,0,0,0
assertj-core,0,0.03735524,0,0,0,0,0
assertj-core,0,0.0052313996,0,0,0,0,0
assertj-core,0,0.03640151,0,0,0,0,0
assertj-core,0,0.009459665,0,0,0,0,0
assertj-core,0,0.04205288,0,0,0,1,0
assertj-core,0,0.009085025,0,0,0,0,0
assertj-core,0,0.040153485,0,0,0,1,0
assertj-core,0,0.006857215,0,0,0,0,0
assertj-core,0,0.04205288,0,0,0,1,0
assertj-core,0,0.0061866366,0,0,0,0,0
assertj-core,0,0.040153485,0,0,0,1,0
assertj-core,0,0.006857215,0,0,0,0,0
assertj-core,0,0.03640151,0,0,0,0,0
assertj-core,0,0.006857215,0,0,0,0,0
assertj-core,0,0.03640151,0,0,0,0,0
assertj-core,0,0.006857215,0,0,0,0,0
assertj-core,0,0.06721667,0,0,0,1,1
assertj-core,0,0.009085025,0,0,0,0,0
assertj-core,0,0.040153485,0,0,0,1,0
assertj-core,0,0.062278826,0,0,0,1,1
assertj-core,0,0.0086071165,0,0,0,0,0
assertj-core,0,0.00052668765,0,0,0,0,0
assertj-core,0,0.012064789,0,0,0,0,0
assertj-core,0,0.005370647,0,0,0,0,0
assertj-core,0,0.0005819854,0,0,0,0,0
assertj-core,0,0.022752363,0,0,0,0,0
assertj-core,0,0.0055445298,0,0,0,0,0
assertj-core,0,0.0026471964,0,0,0,0,0
assertj-core,0,0.00276912,0,0,0,0,0
assertj-core,0,0.02154063,0,0,0,0,0
assertj-core,0,0.018878402,0,0,0,0,0
assertj-core,0,0.01759664,0,0,0,0,0
assertj-core,0,0.017257126,0,0,0,0,0
assertj-core,0,0.005691274,0,0,0,0,0
assertj-core,0,0.013460535,0,0,0,0,0
assertj-core,0,0.00079683244,0,0,0,0,0
assertj-core,0,0.009696006,0,0,0,0,0
assertj-core,0,0.002497622,0,0,0,0,0
assertj-core,0,0.013052983,0,0,0,0,0
assertj-core,0,0.020005502,0,0,0,0,0
assertj-core,0,0.021875868,0,0,0,0,0
assertj-core,0,0.0061866366,0,0,0,0,0
assertj-core,0,0.034219462,0,0,0,0,0
assertj-core,0,0.0061866366,0,0,0,0,0
assertj-core,0,0.040153485,0,0,0,1,0
assertj-core,0,0.006857215,0,0,0,0,0
assertj-core,0,0.040153485,0,0,0,1,0
assertj-core,0,0.006857215,0,0,0,0,0
assertj-core,0,0.040153485,0,0,0,1,0
assertj-core,0,0.006857215,0,0,0,0,0
assertj-core,0,0.06721667,0,0,0,1,1
assertj-core,0,0.006857215,0,0,0,0,0
assertj-core,0,0.06721667,0,0,0,1,1
assertj-core,0,0.006857215,0,0,0,0,0
assertj-core,0,0.06721667,0,0,0,1,1
assertj-core,0,0.006857215,0,0,0,0,0
assertj-core,0,0.06721667,0,0,0,1,1
assertj-core,0,0.006857215,0,0,0,0,0
assertj-core,0,0.06721667,0,0,0,1,1
assertj-core,0,0.009036252,0,0,0,0,0
assertj-core,0,0.023724003,0,0,0,0,0
assertj-core,0,0.006857215,0,0,0,0,0
assertj-core,0,0.040153485,0,0,0,1,0
assertj-core,0,0.010198551,0,0,0,0,0
assertj-core,0,0.024750892,0,0,0,0,0
assertj-core,0,0.023187181,0,0,0,0,0
assertj-core,0,0.010264062,0,0,0,0,0
assertj-core,0,0.04205288,0,0,0,1,0
assertj-core,0,0.007922422,0,0,0,0,0
assertj-core,0,0.040153485,0,0,0,1,0
assertj-core,0,0.0060475944,0,0,0,0,0
assertj-core,0,0.040153485,0,0,0,1,0
assertj-core,0,0.012650605,0,0,0,0,0
assertj-core,0,0.1222609,0,0,0,1,1
assertj-core,0,0.05253272,0,0,0,1,1
assertj-core,0,0.0011716535,0,0,0,0,0
assertj-core,0,0.0010297186,0,0,0,0,0
assertj-core,0,0.00076050684,0,0,0,0,0
assertj-core,0,0.0011527472,0,0,0,0,0
assertj-core,0,0.011993635,0,0,0,0,0
assertj-core,0,0.05891915,0,0,0,1,1
assertj-core,0,0.04824054,0,0,0,1,0
assertj-core,0,0.02094278,0,0,0,0,0
assertj-core,0,0.06933801,0,0,0,1,1
assertj-core,0,0.005473384,0,0,0,0,0
assertj-core,0,0.062617205,0,0,0,1,1
assertj-core,0,0.005473384,0,0,0,0,0
assertj-core,0,0.062617205,0,0,0,1,1
assertj-core,0,0.0056999456,0,0,0,0,0
assertj-core,0,0.068000264,0,0,0,1,1
assertj-core,0,0.005473384,0,0,0,0,0
assertj-core,0,0.068000264,0,0,0,1,1
assertj-core,0,0.0061866366,0,0,0,0,0
assertj-core,0,0.040153485,0,0,0,1,0
assertj-core,0,0.0056999456,0,0,0,0,0
assertj-core,0,0.040153485,0,0,0,1,0
assertj-core,0,0.00093669497,0,0,0,0,0
assertj-core,0,0.053928055,0,0,0,1,1
assertj-core,0,0.00078449736,0,0,0,0,0
assertj-core,0,0.050026532,0,0,0,1,0
assertj-core,0,0.008884491,0,0,0,0,0
assertj-core,0,0.046147835,0,0,0,1,0
assertj-core,0,0.008884491,0,0,0,0,0
assertj-core,0,0.04835993,0,0,0,1,0
assertj-core,0,0.0012600819,0,0,0,0,0
assertj-core,0,0.04534932,0,0,0,1,0
assertj-core,0,0.0053485828,0,0,0,0,0
assertj-core,0,0.05236747,0,0,0,1,1
assertj-core,0,0.0053485828,0,0,0,0,0
assertj-core,0,0.050026532,0,0,0,1,0
assertj-core,0,0.0053485828,0,0,0,0,0
assertj-core,0,0.05236747,0,0,0,1,1
assertj-core,0,0.0053485828,0,0,0,0,0
assertj-core,0,0.05236747,0,0,0,1,1
assertj-core,0,0.0074350834,0,0,0,0,0
assertj-core,0,0.055297613,0,0,0,1,1
assertj-core,0,0.008046943,0,0,0,0,0
assertj-core,0,0.05236747,0,0,0,1,1
assertj-core,0,0.0053485828,0,0,0,0,0
assertj-core,0,0.05236747,0,0,0,1,1
assertj-core,0,0.0054946267,0,0,0,0,0
assertj-core,0,0.05236747,0,0,0,1,1
assertj-core,0,0.00796311,0,0,0,0,0
assertj-core,0,0.0569197,0,0,0,1,1
assertj-core,0,0.0053485828,0,0,0,0,0
assertj-core,0,0.05236747,0,0,0,1,1
assertj-core,0,0.0053485828,0,0,0,0,0
assertj-core,0,0.05236747,0,0,0,1,1
assertj-core,0,0.0053485828,0,0,0,0,0
assertj-core,0,0.05236747,0,0,0,1,1
assertj-core,0,0.0053485828,0,0,0,0,0
assertj-core,0,0.0569197,0,0,0,1,1
assertj-core,0,0.007007063,0,0,0,0,0
assertj-core,0,0.05236747,0,0,0,1,1
assertj-core,0,0.0053485828,0,0,0,0,0
assertj-core,0,0.05236747,0,0,0,1,1
assertj-core,0,0.00046013788,0,0,0,0,0
assertj-core,0,0.04980737,0,0,0,1,0
assertj-core,0,0.0009685055,0,0,0,0,0
assertj-core,0,0.047906622,0,0,0,1,0
assertj-core,0,0.005473384,0,0,0,0,0
assertj-core,0,0.06946369,0,0,0,1,1
assertj-core,0,0.0056999456,0,0,0,0,0
assertj-core,0,0.04205288,0,0,0,1,0
assertj-core,0,0.005473384,0,0,0,0,0
assertj-core,0,0.04205288,0,0,0,1,0
assertj-core,0,0.0056999456,0,0,0,0,0
assertj-core,0,0.047482334,0,0,0,1,0
assertj-core,0,0.0053079887,0,0,0,0,0
assertj-core,0,0.045395657,0,0,0,1,0
assertj-core,0,0.005473384,0,0,0,0,0
assertj-core,0,0.04205288,0,0,0,1,0
assertj-core,0,0.0062595513,0,0,0,0,0
assertj-core,0,0.035705008,0,0,0,0,0
assertj-core,0,0.005473384,0,0,0,0,0
assertj-core,0,0.06946369,0,0,0,1,1
assertj-core,0,0.0056999456,0,0,0,0,0
assertj-core,0,0.047482334,0,0,0,1,0
assertj-core,0,0.007170279,0,0,0,0,0
assertj-core,0,0.045395657,0,0,0,1,0
assertj-core,0,0.0056999456,0,0,0,0,0
assertj-core,0,0.047482334,0,0,0,1,0
assertj-core,0,0.005473384,0,0,0,0,0
assertj-core,0,0.05236747,0,0,0,1,1
assertj-core,0,0.005855526,0,0,0,0,0
assertj-core,0,0.04534932,0,0,0,1,0
assertj-core,0,0.008145947,0,0,0,0,0
assertj-core,0,0.03704216,0,0,0,0,0
assertj-core,0,0.0056999456,0,0,0,0,0
assertj-core,0,0.047482334,0,0,0,1,0
assertj-core,0,0.009085025,0,0,0,0,0
assertj-core,0,0.06918593,0,0,0,1,1
assertj-core,0,0.005473384,0,0,0,0,0
assertj-core,0,0.04205288,0,0,0,1,0
assertj-core,0,0.0056999456,0,0,0,0,0
assertj-core,0,0.047482334,0,0,0,1,0
assertj-core,0,0.0056999456,0,0,0,0,0
assertj-core,0,0.047482334,0,0,0,1,0
assertj-core,0,0.0052702175,0,0,0,0,0
assertj-core,0,0.052885238,0,0,0,1,1
assertj-core,0,0.002258379,0,0,0,0,0
assertj-core,0,0.047482334,0,0,0,1,0
assertj-core,0,0.0025321492,0,0,0,0,0
assertj-core,0,0.047482334,0,0,0,1,0
assertj-core,0,0.0033739689,0,0,0,0,0
assertj-core,0,0.047482334,0,0,0,1,0
assertj-core,0,0.005473384,0,0,0,0,0
assertj-core,0,0.13090084,0,0,0,1,1
assertj-core,0,0.0038157934,0,0,0,0,0
assertj-core,0,0.04534932,0,0,0,1,0
assertj-core,0,0.009713246,0,0,0,0,0
assertj-core,0,0.11763086,0,0,0,1,1
assertj-core,0,0.0063861907,0,0,0,0,0
assertj-core,0,0.031528667,0,0,0,0,0
assertj-core,0,0.0061866366,0,0,0,0,0
assertj-core,0,0.14567828,0,0,0,1,1
assertj-core,0,0.005473384,0,0,0,0,0
assertj-core,0,0.11763086,0,0,0,1,1
assertj-core,0,0.0061866366,0,0,0,0,0
assertj-core,0,0.04626897,0,0,0,1,0
assertj-core,0,0.008597235,0,0,0,0,0
assertj-core,0,0.04205288,0,0,0,1,0
assertj-core,0,0.006857215,0,0,0,0,0
assertj-core,0,0.040153485,0,0,0,1,0
assertj-core,0,0.015330851,0,0,0,0,0
assertj-core,0,0.117105424,0,0,0,1,1
assertj-core,0,0.004777149,0,0,0,0,0
assertj-core,0,0.04034942,0,0,0,1,0
assertj-core,0,0.006857215,0,0,0,0,0
assertj-core,0,0.04205288,0,0,0,1,0
assertj-core,0,0.0061866366,0,0,0,0,0
assertj-core,0,0.04205288,0,0,0,1,0
assertj-core,0,0.0061866366,0,0,0,0,0
assertj-core,0,0.031528667,0,0,0,0,0
assertj-core,0,0.0061866366,0,0,0,0,0
assertj-core,0,0.040153485,0,0,0,1,0
assertj-core,0,0.0061866366,0,0,0,0,0
assertj-core,0,0.031528667,0,0,0,0,0
assertj-core,0,0.005473384,0,0,0,0,0
assertj-core,0,0.04113266,0,0,0,1,0
assertj-core,0,0.0061866366,0,0,0,0,0
assertj-core,0,0.040153485,0,0,0,1,0
assertj-core,0,0.010198551,0,0,0,0,0
assertj-core,0,0.018618917,0,0,0,0,0
assertj-core,0,0.0061866366,0,0,0,0,0
assertj-core,0,0.040153485,0,0,0,1,0
assertj-core,0,0.009561273,0,0,0,0,0
assertj-core,0,0.017841786,0,0,0,0,0
assertj-core,0,0.0057614045,0,0,0,0,0
assertj-core,0,0.031841375,0,0,0,0,0
assertj-core,0,0.006857215,0,0,0,0,0
assertj-core,0,0.031841375,0,0,0,0,0
assertj-core,0,0.0095266,0,0,0,0,0
assertj-core,0,0.021903303,0,0,0,0,0
assertj-core,0,0.010557386,0,0,0,0,0
assertj-core,0,0.031841375,0,0,0,0,0
assertj-core,0,0.0035750668,0,0,0,0,0
assertj-core,0,0.03727271,0,0,0,0,0
assertj-core,0,0.00093669497,0,0,0,0,0
assertj-core,0,0.040153485,0,0,0,1,0
assertj-core,0,0.009305519,0,0,0,0,0
assertj-core,0,0.06721667,0,0,0,1,1
assertj-core,0,0.0089134555,0,0,0,0,0
assertj-core,0,0.068000264,0,0,0,1,1
assertj-core,0,0.0061866366,0,0,0,0,0
assertj-core,0,0.06721667,0,0,0,1,1
assertj-core,0,0.0089134555,0,0,0,0,0
assertj-core,0,0.06721667,0,0,0,1,1
assertj-core,0,0.0089134555,0,0,0,0,0
assertj-core,0,0.06721667,0,0,0,1,1
assertj-core,0,0.009305519,0,0,0,0,0
assertj-core,0,0.029694151,0,0,0,0,0
assertj-core,0,0.0056999456,0,0,0,0,0
assertj-core,0,0.068000264,0,0,0,1,1
assertj-core,0,0.005473384,0,0,0,0,0
assertj-core,0,0.050026532,0,0,0,1,0
assertj-core,0,0.0053079887,0,0,0,0,0
assertj-core,0,0.04937341,0,0,0,1,0
assertj-core,0,0.0061866366,0,0,0,0,0
assertj-core,0,0.05236747,0,0,0,1,1
assertj-core,0,0.007378772,0,0,0,0,0
assertj-core,0,0.04453501,0,0,0,1,0
assertj-core,0,0.0061866366,0,0,0,0,0
assertj-core,0,0.04937341,0,0,0,1,0
assertj-core,0,0.005473384,0,0,0,0,0
assertj-core,0,0.050026532,0,0,0,1,0
assertj-core,0,0.0056999456,0,0,0,0,0
assertj-core,0,0.050026532,0,0,0,1,0
assertj-core,0,0.0073632323,0,0,0,0,0
assertj-core,0,0.051035967,0,0,0,1,0
assertj-core,0,0.007608198,0,0,0,0,0
assertj-core,0,0.050026532,0,0,0,1,0
assertj-core,0,0.0056999456,0,0,0,0,0
assertj-core,0,0.068000264,0,0,0,1,1
assertj-core,0,0.009085025,0,0,0,0,0
assertj-core,0,0.050026532,0,0,0,1,0
assertj-core,0,0.0056999456,0,0,0,0,0
assertj-core,0,0.05236747,0,0,0,1,1
assertj-core,0,0.0061866366,0,0,0,0,0
assertj-core,0,0.04937341,0,0,0,1,0
assertj-core,0,0.0061866366,0,0,0,0,0
assertj-core,0,0.04937341,0,0,0,1,0
assertj-core,0,0.0089134555,0,0,0,0,0
assertj-core,0,0.06721667,0,0,0,1,1
assertj-core,0,0.007170279,0,0,0,0,0
assertj-core,0,0.050026532,0,0,0,1,0
assertj-core,0,0.002317621,0,0,0,0,0
assertj-core,0,0.022513567,0,0,0,0,0
assertj-core,0,0.013712946,0,0,0,0,0
assertj-core,0,0.0010600975,0,0,0,0,0
assertj-core,0,0.0009521042,0,0,0,0,0
assertj-core,0,0.01633265,0,0,0,0,0
assertj-core,0,0.0023288457,0,0,0,0,0
assertj-core,0,0.0024388314,0,0,0,0,0
assertj-core,0,0.018309712,0,0,0,0,0
assertj-core,0,0.0058681807,0,0,0,0,0
assertj-core,0,0.018033443,0,0,0,0,0
assertj-core,0,0.005653461,0,0,0,0,0
assertj-core,0,0.004789984,0,0,0,0,0
assertj-core,0,0.01303534,0,0,0,0,0
assertj-core,0,0.0015297339,0,0,0,0,0
assertj-core,0,0.0025474448,0,0,0,0,0
assertj-core,0,0.0012017894,0,0,0,0,0
assertj-core,0,0.0031022516,0,0,0,0,0
assertj-core,0,0.0061866366,0,0,0,0,0
assertj-core,0,0.050026532,0,0,0,1,0
assertj-core,0,0.0061866366,0,0,0,0,0
assertj-core,0,0.050026532,0,0,0,1,0
assertj-core,0,0.0056999456,0,0,0,0,0
assertj-core,0,0.050026532,0,0,0,1,0
assertj-core,0,0.023015017,0,0,0,0,0
assertj-core,0,0.006536862,0,0,0,0,0
assertj-core,0,0.02117041,0,0,0,0,0
assertj-core,0,0.00047208657,0,0,0,0,0
assertj-core,0,0.0016603897,0,0,0,0,0
assertj-core,0,0.010264062,0,0,0,0,0
assertj-core,0,0.050026532,0,0,0,1,0
assertj-core,0,0.0061866366,0,0,0,0,0
assertj-core,0,0.04937341,0,0,0,1,0
assertj-core,0,0.0089134555,0,0,0,0,0
assertj-core,0,0.06721667,0,0,0,1,1
assertj-core,0,0.009305519,0,0,0,0,0
assertj-core,0,0.06721667,0,0,0,1,1
assertj-core,0,0.008597235,0,0,0,0,0
assertj-core,0,0.06721667,0,0,0,1,1
assertj-core,0,0.0066363267,0,0,0,0,0
assertj-core,0,0.06721667,0,0,0,1,1
assertj-core,0,0.0089134555,0,0,0,0,0
assertj-core,0,0.06721667,0,0,0,1,1
assertj-core,0,0.009204245,0,0,0,0,0
assertj-core,0,0.046746552,0,0,0,1,0
assertj-core,0,0.0057614045,0,0,0,0,0
assertj-core,0,0.04937341,0,0,0,1,0
assertj-core,0,0.008573394,0,0,0,0,0
assertj-core,0,0.028866177,0,0,0,0,0
assertj-core,0,0.0061866366,0,0,0,0,0
assertj-core,0,0.04785058,0,0,0,1,0
assertj-core,0,0.0061866366,0,0,0,0,0
assertj-core,0,0.050026532,0,0,0,1,0
assertj-core,0,0.006355414,0,0,0,0,0
assertj-core,0,0.05236747,0,0,0,1,1
assertj-core,0,0.009085025,0,0,0,0,0
assertj-core,0,0.050026532,0,0,0,1,0
assertj-core,0,0.00038868273,0,0,0,0,0
assertj-core,0,0.052520107,0,0,0,1,1
assertj-core,0,0.00093669497,0,0,0,0,0
assertj-core,0,0.05236747,0,0,0,1,1
assertj-core,0,0.0025135404,0,0,0,0,0
assertj-core,0,0.04453501,0,0,0,1,0
assertj-core,0,0.0025684726,0,0,0,0,0
assertj-core,0,0.050026532,0,0,0,1,0
assertj-core,0,0.007608198,0,0,0,0,0
assertj-core,0,0.0461894,0,0,0,1,0
assertj-core,0,0.005473384,0,0,0,0,0
assertj-core,0,0.03970542,0,0,0,0,0
assertj-core,0,0.005473384,0,0,0,0,0
assertj-core,0,0.03970542,0,0,0,0,0
assertj-core,0,0.009085025,0,0,0,0,0
assertj-core,0,0.0461894,0,0,0,1,0
assertj-core,0,0.005473384,0,0,0,0,0
assertj-core,0,0.0461894,0,0,0,1,0
assertj-core,0,0.005473384,0,0,0,0,0
assertj-core,0,0.0461894,0,0,0,1,0
assertj-core,0,0.006857215,0,0,0,0,0
assertj-core,0,0.0461894,0,0,0,1,0
assertj-core,0,0.007608198,0,0,0,0,0
assertj-core,0,0.0461894,0,0,0,1,0
assertj-core,0,0.005473384,0,0,0,0,0
assertj-core,0,0.0461894,0,0,0,1,0
assertj-core,0,0.005473384,0,0,0,0,0
assertj-core,0,0.0461894,0,0,0,1,0
assertj-core,0,0.005473384,0,0,0,0,0
assertj-core,0,0.03970542,0,0,0,0,0
assertj-core,0,0.005473384,0,0,0,0,0
assertj-core,0,0.03970542,0,0,0,0,0
assertj-core,0,0.005473384,0,0,0,0,0
assertj-core,0,0.03970542,0,0,0,0,0
assertj-core,0,0.007608198,0,0,0,0,0
assertj-core,0,0.0461894,0,0,0,1,0
assertj-core,0,0.007608198,0,0,0,0,0
assertj-core,0,0.0461894,0,0,0,1,0
assertj-core,0,0.008848408,0,0,0,0,0
assertj-core,0,0.0461894,0,0,0,1,0
assertj-core,0,0.005473384,0,0,0,0,0
assertj-core,0,0.0461894,0,0,0,1,0
assertj-core,0,0.009085025,0,0,0,0,0
assertj-core,0,0.0461894,0,0,0,1,0
assertj-core,0,0.005473384,0,0,0,0,0
assertj-core,0,0.0461894,0,0,0,1,0
assertj-core,0,0.005473384,0,0,0,0,0
assertj-core,0,0.0461894,0,0,0,1,0
assertj-core,0,0.005473384,0,0,0,0,0
assertj-core,0,0.0461894,0,0,0,1,0
assertj-core,0,0.005473384,0,0,0,0,0
assertj-core,0,0.03970542,0,0,0,0,0
assertj-core,0,0.009085025,0,0,0,0,0
assertj-core,0,0.03970542,0,0,0,0,0
assertj-core,0,0.009431994,0,0,0,0,0
assertj-core,0,0.0461894,0,0,0,1,0
assertj-core,0,0.005465271,0,0,0,0,0
assertj-core,0,0.0765356,0,0,0,1,1
assertj-core,0,0.005465271,0,0,0,0,0
assertj-core,0,0.035759833,0,0,0,0,0
assertj-core,0,0.009688449,0,0,0,0,0
assertj-core,0,0.049083922,0,0,0,1,0
assertj-core,0,0.0006130493,0,0,0,0,0
assertj-core,0,0.0461894,0,0,0,1,0
assertj-core,0,0.008172814,0,0,0,0,0
assertj-core,0,0.05236747,0,0,0,1,1
assertj-core,0,0.012573897,0,0,0,0,0
assertj-core,0,0.050026532,0,0,0,1,0
assertj-core,0,0.008172814,0,0,0,0,0
assertj-core,0,0.05236747,0,0,0,1,1
assertj-core,0,0.012278415,0,0,0,0,0
assertj-core,0,0.05236747,0,0,0,1,1
assertj-core,0,0.008172814,0,0,0,0,0
assertj-core,0,0.05236747,0,0,0,1,1
assertj-core,0,0.011348488,0,0,0,0,0
assertj-core,0,0.05236747,0,0,0,1,1
assertj-core,0,0.008172814,0,0,0,0,0
assertj-core,0,0.05236747,0,0,0,1,1
assertj-core,0,0.008172814,0,0,0,0,0
assertj-core,0,0.05236747,0,0,0,1,1
assertj-core,0,0.021243831,0,0,0,0,0
assertj-core,0,0.05236747,0,0,0,1,1
assertj-core,0,0.008172814,0,0,0,0,0
assertj-core,0,0.053330302,0,0,0,1,1
assertj-core,0,0.008172814,0,0,0,0,0
assertj-core,0,0.0569197,0,0,0,1,1
assertj-core,0,0.008172814,0,0,0,0,0
assertj-core,0,0.05236747,0,0,0,1,1
assertj-core,0,0.008172814,0,0,0,0,0
assertj-core,0,0.0569197,0,0,0,1,1
assertj-core,0,0.008172814,0,0,0,0,0
assertj-core,0,0.04937341,0,0,0,1,0
assertj-core,0,0.008172814,0,0,0,0,0
assertj-core,0,0.05236747,0,0,0,1,1
assertj-core,0,0.00096137734,0,0,0,0,0
assertj-core,0,0.051651806,0,0,0,1,1
assertj-core,0,0.006182334,0,0,0,0,0
assertj-core,0,0.047906622,0,0,0,1,0
assertj-core,0,0.005473384,0,0,0,0,0
assertj-core,0,0.068000264,0,0,0,1,1
assertj-core,0,0.0056999456,0,0,0,0,0
assertj-core,0,0.05236747,0,0,0,1,1
assertj-core,0,0.0056999456,0,0,0,0,0
assertj-core,0,0.05236747,0,0,0,1,1
assertj-core,0,0.005473384,0,0,0,0,0
assertj-core,0,0.05236747,0,0,0,1,1
assertj-core,0,0.0066778986,0,0,0,0,0
assertj-core,0,0.04937341,0,0,0,1,0
assertj-core,0,0.005473384,0,0,0,0,0
assertj-core,0,0.05236747,0,0,0,1,1
assertj-core,0,0.004975032,0,0,0,0,0
assertj-core,0,0.04453501,0,0,0,1,0
assertj-core,0,0.005473384,0,0,0,0,0
assertj-core,0,0.068000264,0,0,0,1,1
assertj-core,0,0.0056999456,0,0,0,0,0
assertj-core,0,0.055297613,0,0,0,1,1
assertj-core,0,0.0056999456,0,0,0,0,0
assertj-core,0,0.05236747,0,0,0,1,1
assertj-core,0,0.005473384,0,0,0,0,0
assertj-core,0,0.05236747,0,0,0,1,1
assertj-core,0,0.005473384,0,0,0,0,0
assertj-core,0,0.0569197,0,0,0,1,1
assertj-core,0,0.009213378,0,0,0,0,0
assertj-core,0,0.050026532,0,0,0,1,0
assertj-core,0,0.009085025,0,0,0,0,0
assertj-core,0,0.03704216,0,0,0,0,0
assertj-core,0,0.0056999456,0,0,0,0,0
assertj-core,0,0.05236747,0,0,0,1,1
assertj-core,0,0.008145947,0,0,0,0,0
assertj-core,0,0.035523888,0,0,0,0,0
assertj-core,0,0.0056999456,0,0,0,0,0
assertj-core,0,0.05236747,0,0,0,1,1
assertj-core,0,0.005473384,0,0,0,0,0
assertj-core,0,0.05236747,0,0,0,1,1
assertj-core,0,0.0056999456,0,0,0,0,0
assertj-core,0,0.05236747,0,0,0,1,1
assertj-core,0,0.00093669497,0,0,0,0,0
assertj-core,0,0.05829221,0,0,0,1,1
assertj-core,0,0.00093669497,0,0,0,0,0
assertj-core,0,0.05236747,0,0,0,1,1
assertj-core,0,0.0018296246,0,0,0,0,0
assertj-core,0,0.05236747,0,0,0,1,1
assertj-core,0,0.0026897795,0,0,0,0,0
assertj-core,0,0.05236747,0,0,0,1,1
assertj-core,0,0.00042897082,0,0,0,0,0
assertj-core,0,0.026356477,0,0,0,0,0
assertj-core,0,0.089700714,0,0,0,1,1
assertj-core,0,0.2023906,0,0,1,1,1
assertj-core,0,0.0013765207,0,0,0,0,0
assertj-core,0,0.0022314538,0,0,0,0,0
assertj-core,0,0.00092969224,0,0,0,0,0
assertj-core,0,0.046896446,0,0,0,1,0
assertj-core,0,0.043402724,0,0,0,1,0
assertj-core,0,0.0013359924,0,0,0,0,0
assertj-core,0,0.0043772836,0,0,0,0,0
assertj-core,0,0.0013342985,0,0,0,0,0
assertj-core,0,0.006857215,0,0,0,0,0
assertj-core,0,0.04205288,0,0,0,1,0
assertj-core,0,0.006857215,0,0,0,0,0
assertj-core,0,0.04205288,0,0,0,1,0
assertj-core,0,0.0061866366,0,0,0,0,0
assertj-core,0,0.04205288,0,0,0,1,0
assertj-core,0,0.006857215,0,0,0,0,0
assertj-core,0,0.03640151,0,0,0,0,0
assertj-core,0,0.0061866366,0,0,0,0,0
assertj-core,0,0.04205288,0,0,0,1,0
assertj-core,0,0.0095266,0,0,0,0,0
assertj-core,0,0.04205288,0,0,0,1,0
assertj-core,0,0.006857215,0,0,0,0,0
assertj-core,0,0.04205288,0,0,0,1,0
assertj-core,0,0.006857215,0,0,0,0,0
assertj-core,0,0.03612758,0,0,0,0,0
assertj-core,0,0.0056999456,0,0,0,0,0
assertj-core,0,0.04205288,0,0,0,1,0
assertj-core,0,0.006857215,0,0,0,0,0
assertj-core,0,0.04205288,0,0,0,1,0
assertj-core,0,0.006894717,0,0,0,0,0
assertj-core,0,0.021875868,0,0,0,0,0
assertj-core,0,0.0021920332,0,0,0,0,0
assertj-core,0,0.0021920332,0,0,0,0,0
assertj-core,0,0.007659924,0,0,0,0,0
assertj-core,0,0.0045240596,0,0,0,0,0
assertj-core,0,0.04645125,0,0,0,1,0
assertj-core,0,0.0045240596,0,0,0,0,0
assertj-core,0,0.05240334,0,0,0,1,1
assertj-core,0,0.0012713651,0,0,0,0,0
assertj-core,0,0.0015197841,0,0,0,0,0
assertj-core,0,0.012709837,0,0,0,0,0
assertj-core,0,0.014068575,0,0,0,0,0
assertj-core,0,0.018725231,0,0,0,0,0
assertj-core,0,0.0026808581,0,0,0,0,0
assertj-core,0,0.03313145,0,0,0,0,0
assertj-core,0,0.016577063,0,0,0,0,0
assertj-core,0,0.014068575,0,0,0,0,0
assertj-core,0,0.018725231,0,0,0,0,0
assertj-core,0,0.0034835385,0,0,0,0,0
assertj-core,0,0.03313145,0,0,0,0,0
assertj-core,0,0.016577063,0,0,0,0,0
assertj-core,0,0.0008919104,0,0,0,0,0
assertj-core,0,0.009969418,0,0,0,0,0
assertj-core,0,0.016148495,0,0,0,0,0
assertj-core,0,0.016974771,0,0,0,0,0
assertj-core,0,0.011638093,0,0,0,0,0
assertj-core,0,0.00071750407,0,0,0,0,0
assertj-core,0,0.028843591,0,0,0,0,0
assertj-core,0,0.016684188,0,0,0,0,0
assertj-core,0,0.0025802867,0,0,0,0,0
assertj-core,0,0.00096881326,0,0,0,0,0
assertj-core,0,0.011670642,0,0,0,0,0
assertj-core,0,0.016577063,0,0,0,0,0
assertj-core,0,0.0049272496,0,0,0,0,0
assertj-core,0,0.0033833296,0,0,0,0,0
assertj-core,0,0.0007813538,0,0,0,0,0
assertj-core,0,0.0007934773,0,0,0,0,0
assertj-core,0,0.0007025345,0,0,0,0,0
assertj-core,0,0.0006024962,0,0,0,0,0
assertj-core,0,0.024097847,0,0,0,0,0
assertj-core,0,0.015831077,0,0,0,0,0
assertj-core,0,0.0013433454,0,0,0,0,0
assertj-core,0,0.025212822,0,0,0,0,0
assertj-core,0,0.0011264355,0,0,0,0,0
assertj-core,0,0.0005835379,0,0,0,0,0
assertj-core,0,0.00082576723,0,0,0,0,0
assertj-core,0,0.0008519815,0,0,0,0,0
assertj-core,0,0.021260355,0,0,0,0,0
assertj-core,0,0.031054122,0,0,0,0,0
assertj-core,0,0.0038273118,0,0,0,0,0
assertj-core,0,0.005797775,0,0,0,0,0
assertj-core,0,0.0007934773,0,0,0,0,0
assertj-core,0,0.00064417196,0,0,0,0,0
assertj-core,0,0.0005519418,0,0,0,0,0
assertj-core,0,0.0010935835,0,0,0,0,0
assertj-core,0,0.007859272,0,0,0,0,0
assertj-core,0,0.0019300387,0,0,0,0,0
assertj-core,0,0.030342005,0,0,0,0,0
assertj-core,0,0.00043070732,0,0,0,0,0
assertj-core,0,0.004009596,0,0,0,0,0
assertj-core,0,0.0029047495,0,0,0,0,0
assertj-core,0,0.0005519602,0,0,0,0,0
assertj-core,0,0.004429587,0,0,0,0,0
assertj-core,0,0.0029047495,0,0,0,0,0
assertj-core,0,0.0027620082,0,0,0,0,0
assertj-core,0,0.0039028705,0,0,0,0,0
assertj-core,0,0.0028403332,0,0,0,0,0
assertj-core,0,0.013371148,0,0,0,0,0
assertj-core,0,0.0019124965,0,0,0,0,0
assertj-core,0,0.028817356,0,0,0,0,0
assertj-core,0,0.0016335796,0,0,0,0,0
assertj-core,0,0.024977526,0,0,0,0,0
assertj-core,0,0.003170099,0,0,0,0,0
assertj-core,0,0.00080492196,0,0,0,0,0
assertj-core,0,0.0007652329,0,0,0,0,0
assertj-core,0,0.005670137,0,0,0,0,0
assertj-core,0,0.0014301015,0,0,0,0,0
assertj-core,0,0.019168334,0,0,0,0,0
assertj-core,0,0.0019090925,0,0,0,0,0
assertj-core,0,0.00067927194,0,0,0,0,0
assertj-core,0,0.0035904043,0,0,0,0,0
assertj-core,0,0.014939323,0,0,0,0,0
assertj-core,0,0.023860915,0,0,0,0,0
assertj-core,0,0.006707277,0,0,0,0,0
assertj-core,0,0.0013720054,0,0,0,0,0
assertj-core,0,0.008843826,0,0,0,0,0
assertj-core,0,0.0009118845,0,0,0,0,0
assertj-core,0,0.0015011752,0,0,0,0,0
assertj-core,0,0.015919877,0,0,0,0,0
assertj-core,0,0.0014301015,0,0,0,0,0
assertj-core,0,0.0022402082,0,0,0,0,0
assertj-core,0,0.0005864755,0,0,0,0,0
assertj-core,0,0.0067288694,0,0,0,0,0
assertj-core,0,0.0019090925,0,0,0,0,0
assertj-core,0,0.02604619,0,0,0,0,0
assertj-core,0,0.015462756,0,0,0,0,0
assertj-core,0,0.004090068,0,0,0,0,0
assertj-core,0,0.010340907,0,0,0,0,0
assertj-core,0,0.0047791647,0,0,0,0,0
assertj-core,0,0.00088898244,0,0,0,0,0
assertj-core,0,0.008935454,0,0,0,0,0
assertj-core,0,0.017416622,0,0,0,0,0
assertj-core,0,0.033059705,0,0,0,0,0
assertj-core,0,0.017159844,0,0,0,0,0
assertj-core,0,0.01781797,0,0,0,0,0
assertj-core,0,0.017416622,0,0,0,0,0
assertj-core,0,0.016576193,0,0,0,0,0
assertj-core,0,0.017609056,0,0,0,0,0
assertj-core,0,0.017609056,0,0,0,0,0
assertj-core,0,0.027444802,0,0,0,0,0
assertj-core,0,0.017212326,0,0,0,0,0
assertj-core,0,0.0188861,0,0,0,0,0
assertj-core,0,0.0038746581,0,0,0,0,0
assertj-core,0,0.00039209038,0,0,0,0,0
assertj-core,0,0.014683607,0,0,0,0,0
assertj-core,0,0.028232459,0,0,0,0,0
assertj-core,0,0.046060324,0,0,0,1,0
assertj-core,0,0.014522675,0,0,0,0,0
assertj-core,0,0.014858344,0,0,0,0,0
assertj-core,0,0.024184644,0,0,0,0,0
assertj-core,0,0.018981779,0,0,0,0,0
assertj-core,0,0.014522675,0,0,0,0,0
assertj-core,0,0.014858344,0,0,0,0,0
assertj-core,0,0.0037486549,0,0,0,0,0
assertj-core,0,0.0037486549,0,0,0,0,0
assertj-core,0,0.0040791784,0,0,0,0,0
assertj-core,0,0.017857417,0,0,0,0,0
assertj-core,0,0.05875366,0,0,0,1,1
assertj-core,0,0.012043136,0,0,0,0,0
assertj-core,0,0.01640268,0,0,0,0,0
assertj-core,0,0.03120209,0,0,0,0,0
assertj-core,0,0.014351829,0,0,0,0,0
assertj-core,0,0.0035449013,0,0,0,0,0
assertj-core,0,0.027839517,0,0,0,0,0
assertj-core,0,0.00082297466,0,0,0,0,0
assertj-core,0,0.0007934312,0,0,0,0,0
assertj-core,0,0.019075638,0,0,0,0,0
assertj-core,0,0.023643276,0,0,0,0,0
assertj-core,0,0.0012743858,0,0,0,0,0
assertj-core,0,0.0010920214,0,0,0,0,0
assertj-core,0,0.0075164977,0,0,0,0,0
assertj-core,0,0.025212822,0,0,0,0,0
assertj-core,0,0.008268716,0,0,0,0,0
assertj-core,0,0.00065365393,0,0,0,0,0
assertj-core,0,0.02044831,0,0,0,0,0
assertj-core,0,0.011873574,0,0,0,0,0
assertj-core,0,0.0012865044,0,0,0,0,0
assertj-core,0,0.004558636,0,0,0,0,0
assertj-core,0,0.04391591,0,0,0,1,0
assertj-core,0,0.00061297946,0,0,0,0,0
assertj-core,0,0.023469767,0,0,0,0,0
assertj-core,0,0.016577063,0,0,0,0,0
assertj-core,0,0.00066860963,0,0,0,0,0
assertj-core,0,0.0006366595,0,0,0,0,0
assertj-core,0,0.025579251,0,0,0,0,0
assertj-core,0,0.00065191346,0,0,0,0,0
assertj-core,0,0.023216188,0,0,0,0,0
assertj-core,0,0.025672024,0,0,0,0,0
assertj-core,0,0.0012359729,0,0,0,0,0
assertj-core,0,0.0018675535,0,0,0,0,0
assertj-core,0,0.022491235,0,0,0,0,0
assertj-core,0,0.0006130318,0,0,0,0,0
assertj-core,0,0.013293987,0,0,0,0,0
assertj-core,0,0.024348477,0,0,0,0,0
assertj-core,0,0.049887307,0,0,0,1,0
assertj-core,0,0.016577063,0,0,0,0,0
assertj-core,0,0.028232459,0,0,0,0,0
assertj-core,0,0.0019115993,0,0,0,0,0
assertj-core,0,0.023433296,0,0,0,0,0
assertj-core,0,0.00082455913,0,0,0,0,0
assertj-core,0,0.031268917,0,0,0,0,0
assertj-core,0,0.014424251,0,0,0,0,0
assertj-core,0,0.017857417,0,0,0,0,0
assertj-core,0,0.044712696,0,0,0,1,0
assertj-core,0,0.022491235,0,0,0,0,0
assertj-core,0,0.027252525,0,0,0,0,0
assertj-core,0,0.02082569,0,0,0,0,0
assertj-core,0,0.017857417,0,0,0,0,0
assertj-core,0,0.0022929844,0,0,0,0,0
assertj-core,0,0.012993201,0,0,0,0,0
assertj-core,0,0.012629235,0,0,0,0,0
assertj-core,0,0.023433296,0,0,0,0,0
assertj-core,0,0.0016009856,0,0,0,0,0
assertj-core,0,0.016577063,0,0,0,0,0
assertj-core,0,0.05875366,0,0,0,1,1
assertj-core,0,0.016640803,0,0,0,0,0
assertj-core,0,0.012921714,0,0,0,0,0
assertj-core,0,0.024348477,0,0,0,0,0
assertj-core,0,0.045222484,0,0,0,1,0
assertj-core,0,0.05875366,0,0,0,1,1
assertj-core,0,0.024348477,0,0,0,0,0
assertj-core,0,0.049887307,0,0,0,1,0
assertj-core,0,0.016577063,0,0,0,0,0
assertj-core,0,0.017609056,0,0,0,0,0
assertj-core,0,0.014173551,0,0,0,0,0
assertj-core,0,0.009822822,0,0,0,0,0
assertj-core,0,0.0019355677,0,0,0,0,0
assertj-core,0,0.021575863,0,0,0,0,0
assertj-core,0,0.030219855,0,0,0,0,0
assertj-core,0,0.001499111,0,0,0,0,0
assertj-core,0,0.05875366,0,0,0,1,1
assertj-core,0,0.016577063,0,0,0,0,0
assertj-core,0,0.024348477,0,0,0,0,0
assertj-core,0,0.045222484,0,0,0,1,0
assertj-core,0,0.0024195933,0,0,0,0,0
assertj-core,0,0.007968495,0,0,0,0,0
assertj-core,0,0.00204871,0,0,0,0,0
assertj-core,0,0.019594463,0,0,0,0,0
assertj-core,0,0.020319019,0,0,0,0,0
assertj-core,0,0.019594463,0,0,0,0,0
assertj-core,0,0.009482783,0,0,0,0,0
assertj-core,0,0.00183143,0,0,0,0,0
assertj-core,0,0.002061714,0,0,0,0,0
assertj-core,0,0.04666667,0,0,0,1,0
assertj-core,0,0.0019607572,0,0,0,0,0
assertj-core,0,0.028348181,0,0,0,0,0
assertj-core,0,0.0016775307,0,0,0,0,0
assertj-core,0,0.025598655,0,0,0,0,0
assertj-core,0,0.0017537343,0,0,0,0,0
assertj-core,0,0.0011493543,0,0,0,0,0
assertj-core,0,0.0007001061,0,0,0,0,0
assertj-core,0,0.031772032,0,0,0,0,0
assertj-core,0,0.00061620935,0,0,0,0,0
assertj-core,0,0.028232459,0,0,0,0,0
assertj-core,0,0.0013379379,0,0,0,0,0
assertj-core,0,0.0013864473,0,0,0,0,0
assertj-core,0,0.047583237,0,0,0,1,0
assertj-core,0,0.030907253,0,0,0,0,0
assertj-core,0,0.037490815,0,0,0,0,0
assertj-core,0,0.02696053,0,0,0,0,0
assertj-core,0,0.014768164,0,0,0,0,0
assertj-core,0,0.019169591,0,0,0,0,0
assertj-core,0,0.00087977556,0,0,0,0,0
assertj-core,0,0.000506861,0,0,0,0,0
assertj-core,0,0.002539963,0,0,0,0,0
assertj-core,0,0.0045725396,0,0,0,0,0
assertj-core,0,0.012198815,0,0,0,0,0
assertj-core,0,0.0026806106,0,0,0,0,0
assertj-core,0,0.0037346233,0,0,0,0,0
assertj-core,0,0.0019822915,0,0,0,0,0
assertj-core,0,0.012769457,0,0,0,0,0
assertj-core,0,0.0136905275,0,0,0,0,0
assertj-core,0,0.015413006,0,0,0,0,0
assertj-core,0,0.020278469,0,0,0,0,0
assertj-core,0,0.0073376563,0,0,0,0,0
assertj-core,0,0.031533938,0,0,0,0,0
assertj-core,0,0.027137319,0,0,0,0,0
assertj-core,0,0.0012409769,0,0,0,0,0
assertj-core,0,0.0188951,0,0,0,0,0
assertj-core,0,0.01155584,0,0,0,0,0
assertj-core,0,0.014401586,0,0,0,0,0
assertj-core,0,0.0007073096,0,0,0,0,0
assertj-core,0,0.0011343192,0,0,0,0,0
assertj-core,0,0.06326007,0,0,0,1,1
assertj-core,0,0.014351829,0,0,0,0,0
assertj-core,0,0.026163515,0,0,0,0,0
assertj-core,0,0.019191165,0,0,0,0,0
assertj-core,0,0.0011114278,0,0,0,0,0
assertj-core,0,0.025984794,0,0,0,0,0
assertj-core,0,0.016577063,0,0,0,0,0
assertj-core,0,0.027377866,0,0,0,0,0
assertj-core,0,0.022247983,0,0,0,0,0
assertj-core,0,0.0005219461,0,0,0,0,0
assertj-core,0,0.030008622,0,0,0,0,0
assertj-core,0,0.000585938,0,0,0,0,0
assertj-core,0,0.022247983,0,0,0,0,0
assertj-core,0,0.009538988,0,0,0,0,0
assertj-core,0,0.017582804,0,0,0,0,0
assertj-core,0,0.0011252129,0,0,0,0,0
assertj-core,0,0.025819005,0,0,0,0,0
assertj-core,0,0.014760964,0,0,0,0,0
assertj-core,0,0.0006012517,0,0,0,0,0
assertj-core,0,0.00051512354,0,0,0,0,0
assertj-core,0,0.02779566,0,0,0,0,0
assertj-core,0,0.019283822,0,0,0,0,0
assertj-core,0,0.00058138085,0,0,0,0,0
assertj-core,0,0.030843113,0,0,0,0,0
assertj-core,0,0.027137319,0,0,0,0,0
assertj-core,0,0.006824976,0,0,0,0,0
assertj-core,0,0.024993736,0,0,0,0,0
assertj-core,0,0.024127722,0,0,0,0,0
assertj-core,0,0.009401428,0,0,0,0,0
assertj-core,0,0.012921714,0,0,0,0,0
assertj-core,0,0.02816415,0,0,0,0,0
assertj-core,0,0.016577063,0,0,0,0,0
assertj-core,0,0.014351829,0,0,0,0,0
assertj-core,0,0.005600925,0,0,0,0,0
assertj-core,0,0.006114019,0,0,0,0,0
assertj-core,0,0.0037486549,0,0,0,0,0
assertj-core,0,0.024725985,0,0,0,0,0
assertj-core,0,0.016577063,0,0,0,0,0
assertj-core,0,0.033696007,0,0,0,0,0
assertj-core,0,0.0033534816,0,0,0,0,0
assertj-core,0,0.014419695,0,0,0,0,0
assertj-core,0,0.028232459,0,0,0,0,0
assertj-core,0,0.001967489,0,0,0,0,0
assertj-core,0,0.016203199,0,0,0,0,0
assertj-core,0,0.01511812,0,0,0,0,0
assertj-core,0,0.016577063,0,0,0,0,0
assertj-core,0,0.012769457,0,0,0,0,0
assertj-core,0,0.016577063,0,0,0,0,0
assertj-core,0,0.024993736,0,0,0,0,0
assertj-core,0,0.0055405195,0,0,0,0,0
assertj-core,0,0.017416622,0,0,0,0,0
assertj-core,0,0.008882237,0,0,0,0,0
assertj-core,0,0.0510007,0,0,0,1,0
assertj-core,0,0.028312134,0,0,0,0,0
assertj-core,0,0.0024155132,0,0,0,0,0
assertj-core,0,0.017648041,0,0,0,0,0
assertj-core,0,0.008260692,0,0,0,0,0
assertj-core,0,0.03542246,0,0,0,0,0
assertj-core,0,0.031156516,0,0,0,0,0
assertj-core,0,0.054736238,0,0,0,1,1
assertj-core,0,0.030907253,0,0,0,0,0
assertj-core,0,0.031268917,0,0,0,0,0
assertj-core,0,0.02837267,0,0,0,0,0
assertj-core,0,0.016577063,0,0,0,0,0
assertj-core,0,0.016577063,0,0,0,0,0
assertj-core,0,0.020518389,0,0,0,0,0
assertj-core,0,0.009482783,0,0,0,0,0
assertj-core,0,0.014401586,0,0,0,0,0
assertj-core,0,0.014161818,0,0,0,0,0
assertj-core,0,0.025512347,0,0,0,0,0
assertj-core,0,0.016589677,0,0,0,0,0
assertj-core,0,0.0054387795,0,0,0,0,0
assertj-core,0,0.0046111257,0,0,0,0,0
assertj-core,0,0.0005943609,0,0,0,0,0
assertj-core,0,0.0015755435,0,0,0,0,0
assertj-core,0,0.03446332,0,0,0,0,0
assertj-core,0,0.0021712047,0,0,0,0,0
assertj-core,0,0.0021712047,0,0,0,0,0
assertj-core,0,0.012466121,0,0,0,0,0
assertj-core,0,0.004472378,0,0,0,0,0
assertj-core,0,0.010541,0,0,0,0,0
assertj-core,0,0.001853098,0,0,0,0,0
assertj-core,0,0.0005721263,0,0,0,0,0
assertj-core,0,0.013631744,0,0,0,0,0
assertj-core,0,0.0065422454,0,0,0,0,0
assertj-core,0,0.0014567184,0,0,0,0,0
assertj-core,0,0.0061390023,0,0,0,0,0
assertj-core,0,0.01184089,0,0,0,0,0
assertj-core,0,0.003653717,0,0,0,0,0
assertj-core,0,0.00067660335,0,0,0,0,0
assertj-core,0,0.009469084,0,0,0,0,0
assertj-core,0,0.020598821,0,0,0,0,0
assertj-core,0,0.005320314,0,0,0,0,0
assertj-core,0,0.014156639,0,0,0,0,0
assertj-core,0,0.0025156697,0,0,0,0,0
assertj-core,0,0.017010255,0,0,0,0,0
assertj-core,0,0.0006685271,0,0,0,0,0
assertj-core,0,0.04428984,0,0,0,1,0
assertj-core,0,0.0006419876,0,0,0,0,0
assertj-core,0,0.012357219,0,0,0,0,0
assertj-core,0,0.00086030486,0,0,0,0,0
assertj-core,0,0.0006153182,0,0,0,0,0
assertj-core,0,0.015611359,0,0,0,0,0
assertj-core,0,0.0019677456,0,0,0,0,0
assertj-core,0,0.044546537,0,0,0,1,0
assertj-core,0,0.00085305097,0,0,0,0,0
assertj-core,0,0.0022602535,0,0,0,0,0
assertj-core,0,0.0025194725,0,0,0,0,0
assertj-core,0,0.057244323,0,0,0,1,1
assertj-core,0,0.00059913285,0,0,0,0,0
assertj-core,0,0.009064566,0,0,0,0,0
assertj-core,0,0.000713863,0,0,0,0,0
assertj-core,0,0.000584358,0,0,0,0,0
assertj-core,0,0.06848243,0,0,0,1,1
assertj-core,0,0.010672097,0,0,0,0,0
assertj-core,0,0.014156639,0,0,0,0,0
assertj-core,0,0.0007572908,0,0,0,0,0
assertj-core,0,0.0006959089,0,0,0,0,0
assertj-core,0,0.0044470406,0,0,0,0,0
assertj-core,0,0.0007572908,0,0,0,0,0
assertj-core,0,0.0006544833,0,0,0,0,0
assertj-core,0,0.0011106329,0,0,0,0,0
assertj-core,0,0.016661603,0,0,0,0,0
assertj-core,0,0.012357219,0,0,0,0,0
assertj-core,0,0.04428984,0,0,0,1,0
assertj-core,0,0.00056190084,0,0,0,0,0
assertj-core,0,0.0012090482,0,0,0,0,0
assertj-core,0,0.00047538034,0,0,0,0,0
assertj-core,0,0.0005508786,0,0,0,0,0
assertj-core,0,0.015074787,0,0,0,0,0
assertj-core,0,0.01580146,0,0,0,0,0
assertj-core,0,0.00095312303,0,0,0,0,0
assertj-core,0,0.015276012,0,0,0,0,0
assertj-core,0,0.0036412384,0,0,0,0,0
assertj-core,0,0.003922891,0,0,0,0,0
assertj-core,0,0.057535887,0,0,0,1,1
assertj-core,0,0.0014464092,0,0,0,0,0
assertj-core,0,0.000947657,0,0,0,0,0
assertj-core,0,0.012916046,0,0,0,0,0
assertj-core,0,0.0011779839,0,0,0,0,0
assertj-core,0,0.0011779839,0,0,0,0,0
assertj-core,0,0.044546537,0,0,0,1,0
assertj-core,0,0.0007912404,0,0,0,0,0
assertj-core,0,0.012650229,0,0,0,0,0
assertj-core,0,0.0009769431,0,0,0,0,0
assertj-core,0,0.0009769431,0,0,0,0,0
assertj-core,0,0.0011401105,0,0,0,0,0
assertj-core,0,0.044546537,0,0,0,1,0
assertj-core,0,0.0010749835,0,0,0,0,0
assertj-core,0,0.0025871769,0,0,0,0,0
assertj-core,0,0.05823836,0,0,0,1,1
assertj-core,0,0.0011401105,0,0,0,0,0
assertj-core,0,0.0011401105,0,0,0,0,0
assertj-core,0,0.011209148,0,0,0,0,0
assertj-core,0,0.0015442725,0,0,0,0,0
assertj-core,0,0.0020888706,0,0,0,0,0
assertj-core,0,0.04010686,0,0,0,1,0
assertj-core,0,0.0011779839,0,0,0,0,0
assertj-core,0,0.0579368,0,0,0,1,1
assertj-core,0,0.002777761,0,0,0,0,0
assertj-core,0,0.0010256603,0,0,0,0,0
assertj-core,0,0.0009847084,0,0,0,0,0
assertj-core,0,0.015596139,0,0,0,0,0
assertj-core,0,0.0025194725,0,0,0,0,0
assertj-core,0,0.005762727,0,0,0,0,0
assertj-core,0,0.0010462073,0,0,0,0,0
assertj-core,0,0.008427987,0,0,0,0,0
assertj-core,0,0.010389883,0,0,0,0,0
assertj-core,0,0.019220348,0,0,0,0,0
assertj-core,0,0.04428984,0,0,0,1,0
assertj-core,0,0.00063826004,0,0,0,0,0
assertj-core,0,0.00052608456,0,0,0,0,0
assertj-core,0,0.010520913,0,0,0,0,0
assertj-core,0,0.001191491,0,0,0,0,0
assertj-core,0,0.0009769431,0,0,0,0,0
assertj-core,0,0.044929415,0,0,0,1,0
assertj-core,0,0.00059913285,0,0,0,0,0
assertj-core,0,0.00058394234,0,0,0,0,0
assertj-core,0,0.00059913285,0,0,0,0,0
assertj-core,0,0.059038874,0,0,0,1,1
assertj-core,0,0.0006815162,0,0,0,0,0
assertj-core,0,0.016788244,0,0,0,0,0
assertj-core,0,0.0008331279,0,0,0,0,0
assertj-core,0,0.00055659,0,0,0,0,0
assertj-core,0,0.06654401,0,0,0,1,1
assertj-core,0,0.0016664966,0,0,0,0,0
assertj-core,0,0.010389569,0,0,0,0,0
assertj-core,0,0.001028063,0,0,0,0,0
assertj-core,0,0.00083857134,0,0,0,0,0
assertj-core,0,0.0009225356,0,0,0,0,0
assertj-core,0,0.00083857134,0,0,0,0,0
assertj-core,0,0.00083857134,0,0,0,0,0
assertj-core,0,0.012357219,0,0,0,0,0
assertj-core,0,0.00086030486,0,0,0,0,0
assertj-core,0,0.053360213,0,0,0,1,1
assertj-core,0,0.002086707,0,0,0,0,0
assertj-core,0,0.00060244626,0,0,0,0,0
assertj-core,0,0.00077168655,0,0,0,0,0
assertj-core,0,0.050151918,0,0,0,1,0
assertj-core,0,0.000571845,0,0,0,0,0
assertj-core,0,0.0006153182,0,0,0,0,0
assertj-core,0,0.016661603,0,0,0,0,0
assertj-core,0,0.0012101255,0,0,0,0,0
assertj-core,0,0.0019823208,0,0,0,0,0
assertj-core,0,0.017586881,0,0,0,0,0
assertj-core,0,0.0011368077,0,0,0,0,0
assertj-core,0,0.060734034,0,0,0,1,1
assertj-core,0,0.0011136832,0,0,0,0,0
assertj-core,0,0.000440706,0,0,0,0,0
assertj-core,0,0.0023168493,0,0,0,0,0
assertj-core,0,0.024261452,0,0,0,0,0
assertj-core,0,0.006314388,0,0,0,0,0
assertj-core,0,0.005577232,0,0,0,0,0
assertj-core,0,0.00088975014,0,0,0,0,0
assertj-core,0,0.0005304426,0,0,0,0,0
assertj-core,0,0.046638537,0,0,0,1,0
assertj-core,0,0.000562793,0,0,0,0,0
assertj-core,0,0.0005304426,0,0,0,0,0
assertj-core,0,0.000600413,0,0,0,0,0
assertj-core,0,0.0019940967,0,0,0,0,0
assertj-core,0,0.06483024,0,0,0,1,1
assertj-core,0,0.0070840884,0,0,0,0,0
assertj-core,0,0.0037186581,0,0,0,0,0
assertj-core,0,0.0066728024,0,0,0,0,0
assertj-core,0,0.0012254845,0,0,0,0,0
assertj-core,0,0.00047014898,0,0,0,0,0
assertj-core,0,0.0042407233,0,0,0,0,0
assertj-core,0,0.0008084214,0,0,0,0,0
assertj-core,0,0.01393723,0,0,0,0,0
assertj-core,0,0.006314388,0,0,0,0,0
assertj-core,0,0.0054511973,0,0,0,0,0
assertj-core,0,0.0010383703,0,0,0,0,0
assertj-core,0,0.0015364229,0,0,0,0,0
assertj-core,0,0.06303059,0,0,0,1,1
assertj-core,0,0.0010127288,0,0,0,0,0
assertj-core,0,0.0020954818,0,0,0,0,0
assertj-core,0,0.002994928,0,0,0,0,0
assertj-core,0,0.011883895,0,0,0,0,0
assertj-core,0,0.0006102316,0,0,0,0,0
assertj-core,0,0.0061086486,0,0,0,0,0
assertj-core,0,0.007638385,0,0,0,0,0
assertj-core,0,0.0006474825,0,0,0,0,0
assertj-core,0,0.0003891857,0,0,0,0,0
assertj-core,0,0.045108907,0,0,0,1,0
assertj-core,0,0.0003891857,0,0,0,0,0
assertj-core,0,0.0014829335,0,0,0,0,0
assertj-core,0,0.019937439,0,0,0,0,0
assertj-core,0,0.012206424,0,0,0,0,0
assertj-core,0,0.0568889,0,0,0,1,1
assertj-core,0,0.002539504,0,0,0,0,0
assertj-core,0,0.0007662775,0,0,0,0,0
assertj-core,0,0.0005057144,0,0,0,0,0
assertj-core,0,0.0007621323,0,0,0,0,0
assertj-core,0,0.0006959089,0,0,0,0,0
assertj-core,0,0.0025291257,0,0,0,0,0
assertj-core,0,0.01649513,0,0,0,0,0
assertj-core,0,0.009282649,0,0,0,0,0
assertj-core,0,0.0010607889,0,0,0,0,0
assertj-core,0,0.0009880606,0,0,0,0,0
assertj-core,0,0.05475687,0,0,0,1,1
assertj-core,0,0.000440706,0,0,0,0,0
assertj-core,0,0.015611359,0,0,0,0,0
assertj-core,0,0.019796638,0,0,0,0,0
assertj-core,0,0.0006544833,0,0,0,0,0
assertj-core,0,0.0036921373,0,0,0,0,0
assertj-core,0,0.0568889,0,0,0,1,1
assertj-core,0,0.0010392012,0,0,0,0,0
assertj-core,0,0.081415795,0,0,0,1,1
assertj-core,0,0.006314388,0,0,0,0,0
assertj-core,0,0.0010006913,0,0,0,0,0
assertj-core,0,0.0029064904,0,0,0,0,0
assertj-core,0,0.011170538,0,0,0,0,0
assertj-core,0,0.07260447,0,0,0,1,1
assertj-core,0,0.0014124918,0,0,0,0,0
assertj-core,0,0.06983676,0,0,0,1,1
assertj-core,0,0.0013203451,0,0,0,0,0
assertj-core,0,0.010262531,0,0,0,0,0
assertj-core,0,0.007360967,0,0,0,0,0
assertj-core,0,0.0005983659,0,0,0,0,0
assertj-core,0,0.00059872784,0,0,0,0,0
assertj-core,0,0.00043919036,0,0,0,0,0
assertj-core,0,0.0004996815,0,0,0,0,0
assertj-core,0,0.008814153,0,0,0,0,0
assertj-core,0,0.05232031,0,0,0,1,1
assertj-core,0,0.01666672,0,0,0,0,0
assertj-core,0,0.0019786844,0,0,0,0,0
assertj-core,0,0.05232031,0,0,0,1,1
assertj-core,0,0.032449804,0,0,0,0,0
assertj-core,0,0.0020593097,0,0,0,0,0
assertj-core,0,0.068680555,0,0,0,1,1
assertj-core,0,0.015276012,0,0,0,0,0
assertj-core,0,0.0005673903,0,0,0,0,0
assertj-core,0,0.013629589,0,0,0,0,0
assertj-core,0,0.009282649,0,0,0,0,0
assertj-core,0,0.0008431937,0,0,0,0,0
assertj-core,0,0.0008431937,0,0,0,0,0
assertj-core,0,0.06303059,0,0,0,1,1
assertj-core,0,0.014566737,0,0,0,0,0
assertj-core,0,0.006314388,0,0,0,0,0
assertj-core,0,0.0051168646,0,0,0,0,0
assertj-core,0,0.00095998374,0,0,0,0,0
assertj-core,0,0.06303059,0,0,0,1,1
assertj-core,0,0.009792879,0,0,0,0,0
assertj-core,0,0.0075827865,0,0,0,0,0
assertj-core,0,0.067156814,0,0,0,1,1
assertj-core,0,0.023105113,0,0,0,0,0
assertj-core,0,0.00068558083,0,0,0,0,0
assertj-core,0,0.06303059,0,0,0,1,1
assertj-core,0,0.0006509434,0,0,0,0,0
assertj-core,0,0.00809585,0,0,0,0,0
assertj-core,0,0.0011846957,0,0,0,0,0
assertj-core,0,0.06315127,0,0,0,1,1
assertj-core,0,0.011461912,0,0,0,0,0
assertj-core,0,0.00088975014,0,0,0,0,0
assertj-core,0,0.00045303194,0,0,0,0,0
assertj-core,0,0.00045034388,0,0,0,0,0
assertj-core,0,0.00190577,0,0,0,0,0
assertj-core,0,0.060734034,0,0,0,1,1
assertj-core,0,0.016443348,0,0,0,0,0
assertj-core,0,0.00022319132,0,0,0,0,0
assertj-core,0,0.0071189343,0,0,0,0,0
assertj-core,0,0.055860125,0,0,0,1,1
assertj-core,0,0.00022319132,0,0,0,0,0
assertj-core,0,0.020821884,0,0,0,0,0
assertj-core,0,0.0030940145,0,0,0,0,0
assertj-core,0,0.0033831752,0,0,0,0,0
assertj-core,0,0.059776373,0,0,0,1,1
assertj-core,0,0.009197152,0,0,0,0,0
assertj-core,0,0.0013936722,0,0,0,0,0
assertj-core,0,0.0012268546,0,0,0,0,0
assertj-core,0,0.0015614883,0,0,0,0,0
assertj-core,0,0.00093799713,0,0,0,0,0
assertj-core,0,0.00093799713,0,0,0,0,0
assertj-core,0,0.0010350859,0,0,0,0,0
assertj-core,0,0.0010350859,0,0,0,0,0
assertj-core,0,0.02185995,0,0,0,0,0
assertj-core,0,0.00111847,0,0,0,0,0
assertj-core,0,0.016349535,0,0,0,0,0
assertj-core,0,0.0054169865,0,0,0,0,0
assertj-core,0,0.007041459,0,0,0,0,0
assertj-core,0,0.001077946,0,0,0,0,0
assertj-core,0,0.0027467206,0,0,0,0,0
assertj-core,0,0.0010168107,0,0,0,0,0
assertj-core,0,0.00050956436,0,0,0,0,0
assertj-core,0,0.0007974865,0,0,0,0,0
assertj-core,0,0.00064627687,0,0,0,0,0
assertj-core,0,0.00061930664,0,0,0,0,0
assertj-core,0,0.0008752017,0,0,0,0,0
assertj-core,0,0.0007508733,0,0,0,0,0
assertj-core,0,0.0005937446,0,0,0,0,0
assertj-core,0,0.0007842433,0,0,0,0,0
assertj-core,0,0.047254212,0,0,0,1,0
assertj-core,0,0.008341157,0,0,0,0,0
assertj-core,0,0.001984453,0,0,0,0,0
assertj-core,0,0.0036919266,0,0,0,0,0
assertj-core,0,0.00490427,0,0,0,0,0
assertj-core,0,0.0038149543,0,0,0,0,0
assertj-core,0,0.00809585,0,0,0,0,0
assertj-core,0,0.00094176584,0,0,0,0,0
assertj-core,0,0.0051168646,0,0,0,0,0
assertj-core,0,0.0009775902,0,0,0,0,0
assertj-core,0,0.002887628,0,0,0,0,0
assertj-core,0,0.0009880606,0,0,0,0,0
assertj-core,0,0.0027502913,0,0,0,0,0
assertj-core,0,0.0042407233,0,0,0,0,0
assertj-core,0,0.08048419,0,0,0,1,1
assertj-core,0,0.014332072,0,0,0,0,0
assertj-core,0,0.0018631766,0,0,0,0,0
assertj-core,0,0.020242063,0,0,0,0,0
assertj-core,0,0.0063647255,0,0,0,0,0
assertj-core,0,0.008953588,0,0,0,0,0
assertj-core,0,0.0014541722,0,0,0,0,0
assertj-core,0,0.0068605873,0,0,0,0,0
assertj-core,0,0.0027161348,0,0,0,0,0
assertj-core,0,0.0015027468,0,0,0,0,0
assertj-core,0,0.0016979704,0,0,0,0,0
assertj-core,0,0.0009847084,0,0,0,0,0
assertj-core,0,0.057535887,0,0,0,1,1
assertj-core,0,0.0010115736,0,0,0,0,0
assertj-core,0,0.0025241612,0,0,0,0,0
assertj-core,0,0.0020055522,0,0,0,0,0
assertj-core,0,0.00097349,0,0,0,0,0
assertj-core,0,0.0008165167,0,0,0,0,0
assertj-core,0,0.008127168,0,0,0,0,0
assertj-core,0,0.0018505018,0,0,0,0,0
assertj-core,0,0.018120533,0,0,0,0,0
assertj-core,0,0.0058036763,0,0,0,0,0
assertj-core,0,0.001433924,0,0,0,0,0
assertj-core,0,0.0014478767,0,0,0,0,0
assertj-core,0,0.008953588,0,0,0,0,0
assertj-core,0,0.0010009244,0,0,0,0,0
assertj-core,0,0.005648027,0,0,0,0,0
assertj-core,0,0.00095998374,0,0,0,0,0
assertj-core,0,0.00047222563,0,0,0,0,0
assertj-core,0,0.0003891857,0,0,0,0,0
assertj-core,0,0.0003891857,0,0,0,0,0
assertj-core,0,0.03706516,0,0,0,0,0
assertj-core,0,0.0003891857,0,0,0,0,0
assertj-core,0,0.0003891857,0,0,0,0,0
assertj-core,0,0.0003891857,0,0,0,0,0
assertj-core,0,0.011491931,0,0,0,0,0
assertj-core,0,0.011491931,0,0,0,0,0
assertj-core,0,0.002128021,0,0,0,0,0
assertj-core,0,0.079999186,0,0,0,1,1
assertj-core,0,0.0011442793,0,0,0,0,0
assertj-core,0,0.0054804175,0,0,0,0,0
assertj-core,0,0.010541329,0,0,0,0,0
assertj-core,0,0.00096678047,0,0,0,0,0
assertj-core,0,0.007041459,0,0,0,0,0
assertj-core,0,0.001077946,0,0,0,0,0
assertj-core,0,0.002128021,0,0,0,0,0
assertj-core,0,0.002128021,0,0,0,0,0
assertj-core,0,0.0012075946,0,0,0,0,0
assertj-core,0,0.0012827537,0,0,0,0,0
assertj-core,0,0.0010607889,0,0,0,0,0
assertj-core,0,0.0012218399,0,0,0,0,0
assertj-core,0,0.0012379433,0,0,0,0,0
assertj-core,0,0.01699067,0,0,0,0,0
assertj-core,0,0.002105025,0,0,0,0,0
assertj-core,0,0.01649513,0,0,0,0,0
assertj-core,0,0.0011589018,0,0,0,0,0
assertj-core,0,0.01898741,0,0,0,0,0
assertj-core,0,0.00094135903,0,0,0,0,0
assertj-core,0,0.0041699177,0,0,0,0,0
assertj-core,0,0.0012268546,0,0,0,0,0
assertj-core,0,0.001120253,0,0,0,0,0
assertj-core,0,0.0012938257,0,0,0,0,0
assertj-core,0,0.05630854,0,0,0,1,1
assertj-core,0,0.004342761,0,0,0,0,0
assertj-core,0,0.0010138022,0,0,0,0,0
assertj-core,0,0.0031223658,0,0,0,0,0
assertj-core,0,0.009189334,0,0,0,0,0
assertj-core,0,0.015611359,0,0,0,0,0
assertj-core,0,0.009197152,0,0,0,0,0
assertj-core,0,0.00094135903,0,0,0,0,0
assertj-core,0,0.003492746,0,0,0,0,0
assertj-core,0,0.014547975,0,0,0,0,0
assertj-core,0,0.0010838164,0,0,0,0,0
assertj-core,0,0.001036497,0,0,0,0,0
assertj-core,0,0.04572139,0,0,0,1,0
assertj-core,0,0.002175258,0,0,0,0,0
assertj-core,0,0.0018040119,0,0,0,0,0
assertj-core,0,0.00651639,0,0,0,0,0
assertj-core,0,0.07914239,0,0,0,1,1
assertj-core,0,0.0015214013,0,0,0,0,0
assertj-core,0,0.010262531,0,0,0,0,0
assertj-core,0,0.0015192053,0,0,0,0,0
assertj-core,0,0.0012808596,0,0,0,0,0
assertj-core,0,0.00110911,0,0,0,0,0
assertj-core,0,0.0011351375,0,0,0,0,0
assertj-core,0,0.0031825274,0,0,0,0,0
assertj-core,0,0.013629589,0,0,0,0,0
assertj-core,0,0.051488046,0,0,0,1,1
assertj-core,0,0.0010607889,0,0,0,0,0
assertj-core,0,0.078332484,0,0,0,1,1
assertj-core,0,0.002162285,0,0,0,0,0
assertj-core,0,0.0049245735,0,0,0,0,0
assertj-core,0,0.0062848376,0,0,0,0,0
assertj-core,0,0.010541329,0,0,0,0,0
assertj-core,0,0.00096678047,0,0,0,0,0
assertj-core,0,0.007982498,0,0,0,0,0
assertj-core,0,0.001077946,0,0,0,0,0
assertj-core,0,0.0030245492,0,0,0,0,0
assertj-core,0,0.011633794,0,0,0,0,0
assertj-core,0,0.0026031432,0,0,0,0,0
assertj-core,0,0.004231881,0,0,0,0,0
assertj-core,0,0.001036497,0,0,0,0,0
assertj-core,0,0.0012323874,0,0,0,0,0
assertj-core,0,0.001036497,0,0,0,0,0
assertj-core,0,0.0018040119,0,0,0,0,0
assertj-core,0,0.0018040119,0,0,0,0,0
assertj-core,0,0.051488046,0,0,0,1,1
assertj-core,0,0.021696856,0,0,0,0,0
assertj-core,0,0.0010459074,0,0,0,0,0
assertj-core,0,0.051488046,0,0,0,1,1
assertj-core,0,0.010246744,0,0,0,0,0
assertj-core,0,0.0012379433,0,0,0,0,0
assertj-core,0,0.015611359,0,0,0,0,0
assertj-core,0,0.0017709486,0,0,0,0,0
assertj-core,0,0.014275418,0,0,0,0,0
assertj-core,0,0.0021815982,0,0,0,0,0
assertj-core,0,0.0034101526,0,0,0,0,0
assertj-core,0,0.001036497,0,0,0,0,0
assertj-core,0,0.0011094698,0,0,0,0,0
assertj-core,0,0.0011911244,0,0,0,0,0
assertj-core,0,0.057535887,0,0,0,1,1
assertj-core,0,0.0012903983,0,0,0,0,0
assertj-core,0,0.014240935,0,0,0,0,0
assertj-core,0,0.0062472303,0,0,0,0,0
assertj-core,0,0.005648027,0,0,0,0,0
assertj-core,0,0.0024029731,0,0,0,0,0
assertj-core,0,0.057535887,0,0,0,1,1
assertj-core,0,0.010246744,0,0,0,0,0
assertj-core,0,0.0077739456,0,0,0,0,0
assertj-core,0,0.051799577,0,0,0,1,1
assertj-core,0,0.024779774,0,0,0,0,0
assertj-core,0,0.0023632622,0,0,0,0,0
assertj-core,0,0.045959186,0,0,0,1,0
assertj-core,0,0.002124122,0,0,0,0,0
assertj-core,0,0.0062848376,0,0,0,0,0
assertj-core,0,0.010262531,0,0,0,0,0
assertj-core,0,0.0015436816,0,0,0,0,0
assertj-core,0,0.002124122,0,0,0,0,0
assertj-core,0,0.002258914,0,0,0,0,0
assertj-core,0,0.051899944,0,0,0,1,1
assertj-core,0,0.001077946,0,0,0,0,0
assertj-core,0,0.0030245492,0,0,0,0,0
assertj-core,0,0.018153124,0,0,0,0,0
assertj-core,0,0.0019029586,0,0,0,0,0
assertj-core,0,0.012750734,0,0,0,0,0
assertj-core,0,0.001036497,0,0,0,0,0
assertj-core,0,0.0013756637,0,0,0,0,0
assertj-core,0,0.0014817041,0,0,0,0,0
assertj-core,0,0.0018040119,0,0,0,0,0
assertj-core,0,0.0028530525,0,0,0,0,0
assertj-core,0,0.009282649,0,0,0,0,0
assertj-core,0,0.0011634479,0,0,0,0,0
assertj-core,0,0.06662835,0,0,0,1,1
assertj-core,0,0.004403195,0,0,0,0,0
assertj-core,0,0.001516415,0,0,0,0,0
assertj-core,0,0.0011136832,0,0,0,0,0
assertj-core,0,0.0032986042,0,0,0,0,0
assertj-core,0,0.00094714883,0,0,0,0,0
assertj-core,0,0.06797839,0,0,0,1,1
assertj-core,0,0.0010255518,0,0,0,0,0
assertj-core,0,0.009963061,0,0,0,0,0
assertj-core,0,0.0012379433,0,0,0,0,0
assertj-core,0,0.0011136832,0,0,0,0,0
assertj-core,0,0.06848243,0,0,0,1,1
assertj-core,0,0.0018702896,0,0,0,0,0
assertj-core,0,0.012206424,0,0,0,0,0
assertj-core,0,0.0013936722,0,0,0,0,0
assertj-core,0,0.0014258513,0,0,0,0,0
assertj-core,0,0.0012218399,0,0,0,0,0
assertj-core,0,0.0012218399,0,0,0,0,0
assertj-core,0,0.0013756637,0,0,0,0,0
assertj-core,0,0.0014164492,0,0,0,0,0
assertj-core,0,0.012505,0,0,0,0,0
assertj-core,0,0.009071782,0,0,0,0,0
assertj-core,0,0.054345906,0,0,0,1,1
assertj-core,0,0.0015853196,0,0,0,0,0
assertj-core,0,0.0010607889,0,0,0,0,0
assertj-core,0,0.0011136832,0,0,0,0,0
assertj-core,0,0.0010607889,0,0,0,0,0
assertj-core,0,0.0014539555,0,0,0,0,0
assertj-core,0,0.0713151,0,0,0,1,1
assertj-core,0,0.009064566,0,0,0,0,0
assertj-core,0,0.0013239854,0,0,0,0,0
assertj-core,0,0.007569178,0,0,0,0,0
assertj-core,0,0.0019579532,0,0,0,0,0
assertj-core,0,0.0010749835,0,0,0,0,0
assertj-core,0,0.00095312303,0,0,0,0,0
assertj-core,0,0.064932145,0,0,0,1,1
assertj-core,0,0.0034506824,0,0,0,0,0
assertj-core,0,0.0012231383,0,0,0,0,0
assertj-core,0,0.0011508611,0,0,0,0,0
assertj-core,0,0.0012218399,0,0,0,0,0
assertj-core,0,0.015089692,0,0,0,0,0
assertj-core,0,0.00141108,0,0,0,0,0
assertj-core,0,0.003937383,0,0,0,0,0
assertj-core,0,0.0017592291,0,0,0,0,0
assertj-core,0,0.0015125263,0,0,0,0,0
assertj-core,0,0.056972742,0,0,0,1,1
assertj-core,0,0.002208826,0,0,0,0,0
assertj-core,0,0.0034506824,0,0,0,0,0
assertj-core,0,0.0036621809,0,0,0,0,0
assertj-core,0,0.064932145,0,0,0,1,1
assertj-core,0,0.0034253462,0,0,0,0,0
assertj-core,0,0.0014360968,0,0,0,0,0
assertj-core,0,0.0015888519,0,0,0,0,0
assertj-core,0,0.0012961297,0,0,0,0,0
assertj-core,0,0.006354854,0,0,0,0,0
assertj-core,0,0.001193961,0,0,0,0,0
assertj-core,0,0.0014723353,0,0,0,0,0
assertj-core,0,0.009180355,0,0,0,0,0
assertj-core,0,0.0011911244,0,0,0,0,0
assertj-core,0,0.056972742,0,0,0,1,1
assertj-core,0,0.0012218399,0,0,0,0,0
assertj-core,0,0.001981506,0,0,0,0,0
assertj-core,0,0.05946734,0,0,0,1,1
assertj-core,0,0.010186101,0,0,0,0,0
assertj-core,0,0.0040515736,0,0,0,0,0
assertj-core,0,0.0013900144,0,0,0,0,0
assertj-core,0,0.001120253,0,0,0,0,0
assertj-core,0,0.015276012,0,0,0,0,0
assertj-core,0,0.0017902547,0,0,0,0,0
assertj-core,0,0.0042575193,0,0,0,0,0
assertj-core,0,0.0014599276,0,0,0,0,0
assertj-core,0,0.013556485,0,0,0,0,0
assertj-core,0,0.07248335,0,0,0,1,1
assertj-core,0,0.0011791297,0,0,0,0,0
assertj-core,0,0.0034990131,0,0,0,0,0
assertj-core,0,0.0060998457,0,0,0,0,0
assertj-core,0,0.006987931,0,0,0,0,0
assertj-core,0,0.0015442725,0,0,0,0,0
assertj-core,0,0.001191491,0,0,0,0,0
assertj-core,0,0.0010373318,0,0,0,0,0
assertj-core,0,0.04010686,0,0,0,1,0
assertj-core,0,0.000984045,0,0,0,0,0
assertj-core,0,0.005762727,0,0,0,0,0
assertj-core,0,0.0019004117,0,0,0,0,0
assertj-core,0,0.014325626,0,0,0,0,0
assertj-core,0,0.0010532447,0,0,0,0,0
assertj-core,0,0.051488046,0,0,0,1,1
assertj-core,0,0.0010009244,0,0,0,0,0
assertj-core,0,0.0012827537,0,0,0,0,0
assertj-core,0,0.0012827537,0,0,0,0,0
assertj-core,0,0.017040372,0,0,0,0,0
assertj-core,0,0.0018702896,0,0,0,0,0
assertj-core,0,0.009071782,0,0,0,0,0
assertj-core,0,0.0014818155,0,0,0,0,0
assertj-core,0,0.05241354,0,0,0,1,1
assertj-core,0,0.0012218399,0,0,0,0,0
assertj-core,0,0.0012218399,0,0,0,0,0
assertj-core,0,0.0012827537,0,0,0,0,0
assertj-core,0,0.009071782,0,0,0,0,0
assertj-core,0,0.0011368077,0,0,0,0,0
assertj-core,0,0.06848243,0,0,0,1,1
assertj-core,0,0.0045224,0,0,0,0,0
assertj-core,0,0.0008912587,0,0,0,0,0
assertj-core,0,0.0012095988,0,0,0,0,0
assertj-core,0,0.009963061,0,0,0,0,0
assertj-core,0,0.0012815697,0,0,0,0,0
assertj-core,0,0.060596675,0,0,0,1,1
assertj-core,0,0.0021893606,0,0,0,0,0
assertj-core,0,0.0022679316,0,0,0,0,0
assertj-core,0,0.0011136832,0,0,0,0,0
assertj-core,0,0.0026585283,0,0,0,0,0
assertj-core,0,0.0026585283,0,0,0,0,0
assertj-core,0,0.06723809,0,0,0,1,1
assertj-core,0,0.0026585283,0,0,0,0,0
assertj-core,0,0.017681934,0,0,0,0,0
assertj-core,0,0.0011380813,0,0,0,0,0
assertj-core,0,0.0012218399,0,0,0,0,0
assertj-core,0,0.060596675,0,0,0,1,1
assertj-core,0,0.0036412384,0,0,0,0,0
assertj-core,0,0.011040544,0,0,0,0,0
assertj-core,0,0.0010617181,0,0,0,0,0
assertj-core,0,0.0009880606,0,0,0,0,0
assertj-core,0,0.0012379433,0,0,0,0,0
assertj-core,0,0.0011530827,0,0,0,0,0
assertj-core,0,0.0012379433,0,0,0,0,0
assertj-core,0,0.0010532447,0,0,0,0,0
assertj-core,0,0.0035680959,0,0,0,0,0
assertj-core,0,0.014325626,0,0,0,0,0
assertj-core,0,0.0018702896,0,0,0,0,0
assertj-core,0,0.051488046,0,0,0,1,1
assertj-core,0,0.0010617181,0,0,0,0,0
assertj-core,0,0.007506885,0,0,0,0,0
assertj-core,0,0.0010881807,0,0,0,0,0
assertj-core,0,0.015276012,0,0,0,0,0
assertj-core,0,0.0027301747,0,0,0,0,0
assertj-core,0,0.009071782,0,0,0,0,0
assertj-core,0,0.0014183809,0,0,0,0,0
assertj-core,0,0.040423702,0,0,0,1,0
assertj-core,0,0.0010607889,0,0,0,0,0
assertj-core,0,0.0011530827,0,0,0,0,0
assertj-core,0,0.0010607889,0,0,0,0,0
assertj-core,0,0.0010628048,0,0,0,0,0
assertj-core,0,0.012505,0,0,0,0,0
assertj-core,0,0.009184212,0,0,0,0,0
assertj-core,0,0.003633723,0,0,0,0,0
assertj-core,0,0.0010607889,0,0,0,0,0
assertj-core,0,0.046638537,0,0,0,1,0
assertj-core,0,0.051488046,0,0,0,1,1
assertj-core,0,0.0014818155,0,0,0,0,0
assertj-core,0,0.012505,0,0,0,0,0
assertj-core,0,0.003820166,0,0,0,0,0
assertj-core,0,0.0012218399,0,0,0,0,0
assertj-core,0,0.001036497,0,0,0,0,0
assertj-core,0,0.015596139,0,0,0,0,0
assertj-core,0,0.0018211537,0,0,0,0,0
assertj-core,0,0.04427659,0,0,0,1,0
assertj-core,0,0.002850312,0,0,0,0,0
assertj-core,0,0.0012218399,0,0,0,0,0
assertj-core,0,0.0041228756,0,0,0,0,0
assertj-core,0,0.02300143,0,0,0,0,0
assertj-core,0,0.002128021,0,0,0,0,0
assertj-core,0,0.0010617181,0,0,0,0,0
assertj-core,0,0.059776373,0,0,0,1,1
assertj-core,0,0.0012815697,0,0,0,0,0
assertj-core,0,0.0012815697,0,0,0,0,0
assertj-core,0,0.0015065337,0,0,0,0,0
assertj-core,0,0.0011351375,0,0,0,0,0
assertj-core,0,0.0025338454,0,0,0,0,0
assertj-core,0,0.00095998374,0,0,0,0,0
assertj-core,0,0.0014614925,0,0,0,0,0
assertj-core,0,0.0029741472,0,0,0,0,0
assertj-core,0,0.02185995,0,0,0,0,0
assertj-core,0,0.0011653946,0,0,0,0,0
assertj-core,0,0.014275418,0,0,0,0,0
assertj-core,0,0.00096678047,0,0,0,0,0
assertj-core,0,0.0068605873,0,0,0,0,0
assertj-core,0,0.0011260235,0,0,0,0,0
assertj-core,0,0.0011357443,0,0,0,0,0
assertj-core,0,0.00083074294,0,0,0,0,0
assertj-core,0,0.0006634864,0,0,0,0,0
assertj-core,0,0.00071157474,0,0,0,0,0
assertj-core,0,0.0006634864,0,0,0,0,0
assertj-core,0,0.0006467985,0,0,0,0,0
assertj-core,0,0.0006634864,0,0,0,0,0
assertj-core,0,0.0006467985,0,0,0,0,0
assertj-core,0,0.003741423,0,0,0,0,0
assertj-core,0,0.0005214971,0,0,0,0,0
assertj-core,0,0.058968734,0,0,0,1,1
assertj-core,0,0.01612314,0,0,0,0,0
assertj-core,0,0.0020284555,0,0,0,0,0
assertj-core,0,0.004541712,0,0,0,0,0
assertj-core,0,0.004451664,0,0,0,0,0
assertj-core,0,0.0044007706,0,0,0,0,0
assertj-core,0,0.00617053,0,0,0,0,0
assertj-core,0,0.0009638402,0,0,0,0,0
assertj-core,0,0.0051168646,0,0,0,0,0
assertj-core,0,0.0009775902,0,0,0,0,0
assertj-core,0,0.0029514956,0,0,0,0,0
assertj-core,0,0.0012794719,0,0,0,0,0
assertj-core,0,0.0010459074,0,0,0,0,0
assertj-core,0,0.0020770214,0,0,0,0,0
assertj-core,0,0.08048419,0,0,0,1,1
assertj-core,0,0.0018631766,0,0,0,0,0
assertj-core,0,0.0021740412,0,0,0,0,0
assertj-core,0,0.017412992,0,0,0,0,0
assertj-core,0,0.0043404363,0,0,0,0,0
assertj-core,0,0.008953588,0,0,0,0,0
assertj-core,0,0.00094135903,0,0,0,0,0
assertj-core,0,0.0068605873,0,0,0,0,0
assertj-core,0,0.0011057463,0,0,0,0,0
assertj-core,0,0.0010138022,0,0,0,0,0
assertj-core,0,0.0024590364,0,0,0,0,0
assertj-core,0,0.0011889923,0,0,0,0,0
assertj-core,0,0.057535887,0,0,0,1,1
assertj-core,0,0.003687457,0,0,0,0,0
assertj-core,0,0.0013080686,0,0,0,0,0
assertj-core,0,0.0011889923,0,0,0,0,0
assertj-core,0,0.0021272232,0,0,0,0,0
assertj-core,0,0.0030684378,0,0,0,0,0
assertj-core,0,0.0027794654,0,0,0,0,0
assertj-core,0,0.008127168,0,0,0,0,0
assertj-core,0,0.021746716,0,0,0,0,0
assertj-core,0,0.0017111461,0,0,0,0,0
assertj-core,0,0.0015370314,0,0,0,0,0
assertj-core,0,0.0060869167,0,0,0,0,0
assertj-core,0,0.007159805,0,0,0,0,0
assertj-core,0,0.0009638402,0,0,0,0,0
assertj-core,0,0.0051168646,0,0,0,0,0
assertj-core,0,0.00095998374,0,0,0,0,0
assertj-core,0,0.0005337099,0,0,0,0,0
assertj-core,0,0.0009364287,0,0,0,0,0
assertj-core,0,0.0008254238,0,0,0,0,0
assertj-core,0,0.033297665,0,0,0,0,0
assertj-core,0,0.00047186972,0,0,0,0,0
assertj-core,0,0.0003891857,0,0,0,0,0
assertj-core,0,0.0010621176,0,0,0,0,0
assertj-core,0,0.0020423469,0,0,0,0,0
assertj-core,0,0.003865908,0,0,0,0,0
assertj-core,0,0.0048986,0,0,0,0,0
assertj-core,0,0.078332484,0,0,0,1,1
assertj-core,0,0.0048426213,0,0,0,0,0
assertj-core,0,0.0011442793,0,0,0,0,0
assertj-core,0,0.008953588,0,0,0,0,0
assertj-core,0,0.0010985897,0,0,0,0,0
assertj-core,0,0.0068605873,0,0,0,0,0
assertj-core,0,0.0012903983,0,0,0,0,0
assertj-core,0,0.0011442793,0,0,0,0,0
assertj-core,0,0.0011442793,0,0,0,0,0
assertj-core,0,0.00093799713,0,0,0,0,0
assertj-core,0,0.0010607889,0,0,0,0,0
assertj-core,0,0.0009880606,0,0,0,0,0
assertj-core,0,0.0012379433,0,0,0,0,0
assertj-core,0,0.0009880606,0,0,0,0,0
assertj-core,0,0.011895149,0,0,0,0,0
assertj-core,0,0.0020284555,0,0,0,0,0
assertj-core,0,0.015611359,0,0,0,0,0
assertj-core,0,0.0011442793,0,0,0,0,0
assertj-core,0,0.011040544,0,0,0,0,0
assertj-core,0,0.0012815697,0,0,0,0,0
assertj-core,0,0.0014047968,0,0,0,0,0
assertj-core,0,0.0013380954,0,0,0,0,0
assertj-core,0,0.0010881807,0,0,0,0,0
assertj-core,0,0.001036497,0,0,0,0,0
assertj-core,0,0.051799577,0,0,0,1,1
assertj-core,0,0.0013380954,0,0,0,0,0
assertj-core,0,0.00093799713,0,0,0,0,0
assertj-core,0,0.00093799713,0,0,0,0,0
assertj-core,0,0.0046399343,0,0,0,0,0
assertj-core,0,0.015611359,0,0,0,0,0
assertj-core,0,0.008316281,0,0,0,0,0
assertj-core,0,0.0014183809,0,0,0,0,0
assertj-core,0,0.0032230678,0,0,0,0,0
assertj-core,0,0.018974302,0,0,0,0,0
assertj-core,0,0.00084671215,0,0,0,0,0
assertj-core,0,0.0012218399,0,0,0,0,0
assertj-core,0,0.04572139,0,0,0,1,0
assertj-core,0,0.011895149,0,0,0,0,0
assertj-core,0,0.0018803881,0,0,0,0,0
assertj-core,0,0.0017154026,0,0,0,0,0
assertj-core,0,0.081415795,0,0,0,1,1
assertj-core,0,0.0055018514,0,0,0,0,0
assertj-core,0,0.008953588,0,0,0,0,0
assertj-core,0,0.00094135903,0,0,0,0,0
assertj-core,0,0.0010006913,0,0,0,0,0
assertj-core,0,0.00110911,0,0,0,0,0
assertj-core,0,0.0011617391,0,0,0,0,0
assertj-core,0,0.0031825274,0,0,0,0,0
assertj-core,0,0.016645603,0,0,0,0,0
assertj-core,0,0.04427659,0,0,0,1,0
assertj-core,0,0.0010607889,0,0,0,0,0
assertj-core,0,0.078332484,0,0,0,1,1
assertj-core,0,0.0049245735,0,0,0,0,0
assertj-core,0,0.0043404363,0,0,0,0,0
assertj-core,0,0.0030245492,0,0,0,0,0
assertj-core,0,0.004247373,0,0,0,0,0
assertj-core,0,0.0016127111,0,0,0,0,0
assertj-core,0,0.007041459,0,0,0,0,0
assertj-core,0,0.001077946,0,0,0,0,0
assertj-core,0,0.0015327026,0,0,0,0,0
assertj-core,0,0.0043404363,0,0,0,0,0
assertj-core,0,0.0012903983,0,0,0,0,0
assertj-core,0,0.001036497,0,0,0,0,0
assertj-core,0,0.0010135754,0,0,0,0,0
assertj-core,0,0.001036497,0,0,0,0,0
assertj-core,0,0.0026456586,0,0,0,0,0
assertj-core,0,0.003941206,0,0,0,0,0
assertj-core,0,0.0028530525,0,0,0,0,0
assertj-core,0,0.04291028,0,0,0,1,0
assertj-core,0,0.020992192,0,0,0,0,0
assertj-core,0,0.0021667967,0,0,0,0,0
assertj-core,0,0.04427659,0,0,0,1,0
assertj-core,0,0.020563629,0,0,0,0,0
assertj-core,0,0.0020770214,0,0,0,0,0
assertj-core,0,0.051488046,0,0,0,1,1
assertj-core,0,0.009294404,0,0,0,0,0
assertj-core,0,0.0010607889,0,0,0,0,0
assertj-core,0,0.013629589,0,0,0,0,0
assertj-core,0,0.0011327628,0,0,0,0,0
assertj-core,0,0.0077739456,0,0,0,0,0
assertj-core,0,0.0010617181,0,0,0,0,0
assertj-core,0,0.0011136832,0,0,0,0,0
assertj-core,0,0.0010607889,0,0,0,0,0
assertj-core,0,0.0011530827,0,0,0,0,0
assertj-core,0,0.0012379433,0,0,0,0,0
assertj-core,0,0.051799577,0,0,0,1,1
assertj-core,0,0.0010607889,0,0,0,0,0
assertj-core,0,0.013629589,0,0,0,0,0
assertj-core,0,0.0062472303,0,0,0,0,0
assertj-core,0,0.0051168646,0,0,0,0,0
assertj-core,0,0.0010461131,0,0,0,0,0
assertj-core,0,0.051799577,0,0,0,1,1
assertj-core,0,0.009914152,0,0,0,0,0
assertj-core,0,0.009282649,0,0,0,0,0
assertj-core,0,0.051799577,0,0,0,1,1
assertj-core,0,0.02122539,0,0,0,0,0
assertj-core,0,0.002025397,0,0,0,0,0
assertj-core,0,0.046353612,0,0,0,1,0
assertj-core,0,0.0015860588,0,0,0,0,0
assertj-core,0,0.0011442793,0,0,0,0,0
assertj-core,0,0.0118999975,0,0,0,0,0
assertj-core,0,0.0015192053,0,0,0,0,0
assertj-core,0,0.002258914,0,0,0,0,0
assertj-core,0,0.002258914,0,0,0,0,0
assertj-core,0,0.050786342,0,0,0,1,0
assertj-core,0,0.0011057463,0,0,0,0,0
assertj-core,0,0.0043404363,0,0,0,0,0
assertj-core,0,0.015611359,0,0,0,0,0
assertj-core,0,0.001094667,0,0,0,0,0
assertj-core,0,0.0011136832,0,0,0,0,0
assertj-core,0,0.0009880606,0,0,0,0,0
assertj-core,0,0.0010607889,0,0,0,0,0
assertj-core,0,0.0021126152,0,0,0,0,0
assertj-core,0,0.0018040119,0,0,0,0,0
assertj-core,0,0.001984453,0,0,0,0,0
assertj-core,0,0.026469227,0,0,0,0,0
assertj-core,0,0.056131322,0,0,0,1,1
assertj-core,0,0.00063068146,0,0,0,0,0
assertj-core,0,0.0004549198,0,0,0,0,0
assertj-core,0,0.0004549198,0,0,0,0,0
assertj-core,0,0.04832243,0,0,0,1,0
assertj-core,0,0.02359412,0,0,0,0,0
assertj-core,0,0.0006135947,0,0,0,0,0
assertj-core,0,0.0006135947,0,0,0,0,0
assertj-core,0,0.04832243,0,0,0,1,0
assertj-core,0,0.021424875,0,0,0,0,0
assertj-core,0,0.0018841919,0,0,0,0,0
assertj-core,0,0.000640483,0,0,0,0,0
assertj-core,0,0.0006764692,0,0,0,0,0
assertj-core,0,0.013396895,0,0,0,0,0
assertj-core,0,0.008555673,0,0,0,0,0
assertj-core,0,0.05281122,0,0,0,1,1
assertj-core,0,0.021096336,0,0,0,0,0
assertj-core,0,0.008361181,0,0,0,0,0
assertj-core,0,0.039042477,0,0,0,0,0
assertj-core,0,0.00057673623,0,0,0,0,0
assertj-core,0,0.013140358,0,0,0,0,0
assertj-core,0,0.04832243,0,0,0,1,0
assertj-core,0,0.00050770334,0,0,0,0,0
assertj-core,0,0.017823044,0,0,0,0,0
assertj-core,0,0.0053663845,0,0,0,0,0
assertj-core,0,0.045441978,0,0,0,1,0
assertj-core,0,0.017458027,0,0,0,0,0
assertj-core,0,0.008361181,0,0,0,0,0
assertj-core,0,0.05281122,0,0,0,1,1
assertj-core,0,0.057191946,0,0,0,1,1
assertj-core,0,0.0040017203,0,0,0,0,0
assertj-core,0,0.016661603,0,0,0,0,0
assertj-core,0,0.0012291401,0,0,0,0,0
assertj-core,0,0.0018682709,0,0,0,0,0
assertj-core,0,0.0026824523,0,0,0,0,0
assertj-core,0,0.0010532447,0,0,0,0,0
assertj-core,0,0.004514955,0,0,0,0,0
assertj-core,0,0.060596675,0,0,0,1,1
assertj-core,0,0.0012291401,0,0,0,0,0
assertj-core,0,0.011040544,0,0,0,0,0
assertj-core,0,0.0008431937,0,0,0,0,0
assertj-core,0,0.0007958861,0,0,0,0,0
assertj-core,0,0.060596675,0,0,0,1,1
assertj-core,0,0.0010628048,0,0,0,0,0
assertj-core,0,0.008222173,0,0,0,0,0
assertj-core,0,0.0010730543,0,0,0,0,0
assertj-core,0,0.0008431937,0,0,0,0,0
assertj-core,0,0.0010730543,0,0,0,0,0
assertj-core,0,0.0007958861,0,0,0,0,0
assertj-core,0,0.0010532447,0,0,0,0,0
assertj-core,0,0.0019853616,0,0,0,0,0
assertj-core,0,0.014325626,0,0,0,0,0
assertj-core,0,0.010672097,0,0,0,0,0
assertj-core,0,0.051488046,0,0,0,1,1
assertj-core,0,0.0009615083,0,0,0,0,0
assertj-core,0,0.00037547923,0,0,0,0,0
assertj-core,0,0.015596139,0,0,0,0,0
assertj-core,0,0.0014797976,0,0,0,0,0
assertj-core,0,0.009282649,0,0,0,0,0
assertj-core,0,0.036066506,0,0,0,0,0
assertj-core,0,0.001132262,0,0,0,0,0
assertj-core,0,0.0011906821,0,0,0,0,0
assertj-core,0,0.00046299797,0,0,0,0,0
assertj-core,0,0.012206424,0,0,0,0,0
assertj-core,0,0.0010617181,0,0,0,0,0
assertj-core,0,0.010389883,0,0,0,0,0
assertj-core,0,0.003864371,0,0,0,0,0
assertj-core,0,0.00061510707,0,0,0,0,0
assertj-core,0,0.012023178,0,0,0,0,0
assertj-core,0,0.003175969,0,0,0,0,0
assertj-core,0,0.005470626,0,0,0,0,0
assertj-core,0,0.00035409708,0,0,0,0,0
assertj-core,0,0.000449481,0,0,0,0,0
assertj-core,0,0.0024346125,0,0,0,0,0
assertj-core,0,0.0012258478,0,0,0,0,0
assertj-core,0,0.003093022,0,0,0,0,0
assertj-core,0,0.018858073,0,0,0,0,0
assertj-core,0,0.000581727,0,0,0,0,0
assertj-core,0,0.0010006946,0,0,0,0,0
assertj-core,0,0.006920603,0,0,0,0,0
assertj-core,0,0.0008265013,0,0,0,0,0
assertj-core,0,0.0010657589,0,0,0,0,0
assertj-core,0,0.014617134,0,0,0,0,0
assertj-core,0,0.0032795863,0,0,0,0,0
assertj-core,0,0.006717333,0,0,0,0,0
assertj-core,0,0.0069553885,0,0,0,0,0
assertj-core,0,0.003422385,0,0,0,0,0
assertj-core,0,0.004229382,0,0,0,0,0
assertj-core,0,0.0032795863,0,0,0,0,0
assertj-core,0,0.0014296323,0,0,0,0,0
assertj-core,0,0.0032795863,0,0,0,0,0
assertj-core,0,0.0024384602,0,0,0,0,0
assertj-core,0,0.0039723963,0,0,0,0,0
assertj-core,0,0.010039986,0,0,0,0,0
assertj-core,0,0.0012439105,0,0,0,0,0
assertj-core,0,0.0151892565,0,0,0,0,0
assertj-core,0,0.0033117787,0,0,0,0,0
assertj-core,0,0.0008967099,0,0,0,0,0
assertj-core,0,0.020908916,0,0,0,0,0
assertj-core,0,0.0111601725,0,0,0,0,0
assertj-core,0,0.0011265954,0,0,0,0,0
assertj-core,0,0.0012490381,0,0,0,0,0
assertj-core,0,0.024083413,0,0,0,0,0
assertj-core,0,0.021667438,0,0,0,0,0
assertj-core,0,0.03342926,0,0,0,0,0
assertj-core,0,0.013573739,0,0,0,0,0
assertj-core,0,0.021667438,0,0,0,0,0
assertj-core,0,0.03342926,0,0,0,0,0
assertj-core,0,0.013624315,0,0,0,0,0
assertj-core,0,0.021667438,0,0,0,0,0
assertj-core,0,0.03342926,0,0,0,0,0
assertj-core,0,0.013980996,0,0,0,0,0
assertj-core,0,0.016641326,0,0,0,0,0
assertj-core,0,0.03342926,0,0,0,0,0
assertj-core,0,0.010861335,0,0,0,0,0
assertj-core,0,0.022372361,0,0,0,0,0
assertj-core,0,0.013074268,0,0,0,0,0
assertj-core,0,0.012909313,0,0,0,0,0
assertj-core,0,0.04427659,0,0,0,1,0
assertj-core,0,0.00082388014,0,0,0,0,0
assertj-core,0,0.0011442793,0,0,0,0,0
assertj-core,0,0.015611359,0,0,0,0,0
assertj-core,0,0.002128021,0,0,0,0,0
assertj-core,0,0.0038240475,0,0,0,0,0
assertj-core,0,0.006338874,0,0,0,0,0
assertj-core,0,0.0011368077,0,0,0,0,0
assertj-core,0,0.0008431937,0,0,0,0,0
assertj-core,0,0.00040332947,0,0,0,0,0
assertj-core,0,0.04404449,0,0,0,1,0
assertj-core,0,0.0010383703,0,0,0,0,0
assertj-core,0,0.0048986,0,0,0,0,0
assertj-core,0,0.018565165,0,0,0,0,0
assertj-core,0,0.009197152,0,0,0,0,0
assertj-core,0,0.0011368077,0,0,0,0,0
assertj-core,0,0.0068285516,0,0,0,0,0
assertj-core,0,0.0008431937,0,0,0,0,0
assertj-core,0,0.0011136832,0,0,0,0,0
assertj-core,0,0.00047014898,0,0,0,0,0
assertj-core,0,0.05119926,0,0,0,1,0
assertj-core,0,0.0010617281,0,0,0,0,0
assertj-core,0,0.0013825143,0,0,0,0,0
assertj-core,0,0.08467218,0,0,0,1,1
assertj-core,0,0.00809585,0,0,0,0,0
assertj-core,0,0.0032744997,0,0,0,0,0
assertj-core,0,0.0020087967,0,0,0,0,0
assertj-core,0,0.0011589018,0,0,0,0,0
assertj-core,0,0.0012037555,0,0,0,0,0
assertj-core,0,0.0012037555,0,0,0,0,0
assertj-core,0,0.0051396256,0,0,0,0,0
assertj-core,0,0.015611359,0,0,0,0,0
assertj-core,0,0.0011442793,0,0,0,0,0
assertj-core,0,0.003055052,0,0,0,0,0
assertj-core,0,0.009197152,0,0,0,0,0
assertj-core,0,0.0014159535,0,0,0,0,0
assertj-core,0,0.0027075626,0,0,0,0,0
assertj-core,0,0.00038428532,0,0,0,0,0
assertj-core,0,0.04404449,0,0,0,1,0
assertj-core,0,0.00088975014,0,0,0,0,0
assertj-core,0,0.0018367987,0,0,0,0,0
assertj-core,0,0.016645603,0,0,0,0,0
assertj-core,0,0.008953588,0,0,0,0,0
assertj-core,0,0.0054437113,0,0,0,0,0
assertj-core,0,0.0068285516,0,0,0,0,0
assertj-core,0,0.0010373318,0,0,0,0,0
assertj-core,0,0.0010607889,0,0,0,0,0
assertj-core,0,0.00047014898,0,0,0,0,0
assertj-core,0,0.05119926,0,0,0,1,0
assertj-core,0,0.0010617281,0,0,0,0,0
assertj-core,0,0.0040588384,0,0,0,0,0
assertj-core,0,0.0011442793,0,0,0,0,0
assertj-core,0,0.008953588,0,0,0,0,0
assertj-core,0,0.00094135903,0,0,0,0,0
assertj-core,0,0.0011589018,0,0,0,0,0
assertj-core,0,0.019177986,0,0,0,0,0
assertj-core,0,0.0008431937,0,0,0,0,0
assertj-core,0,0.037785616,0,0,0,0,0
assertj-core,0,0.0037190998,0,0,0,0,0
assertj-core,0,0.019177986,0,0,0,0,0
assertj-core,0,0.0037190998,0,0,0,0,0
assertj-core,0,0.0037190998,0,0,0,0,0
assertj-core,0,0.003943931,0,0,0,0,0
assertj-core,0,0.0051384065,0,0,0,0,0
assertj-core,0,0.0017434583,0,0,0,0,0
assertj-core,0,0.007768063,0,0,0,0,0
assertj-core,0,0.00529316,0,0,0,0,0
assertj-core,0,0.0038423615,0,0,0,0,0
assertj-core,0,0.0035712013,0,0,0,0,0
assertj-core,0,0.0010474994,0,0,0,0,0
assertj-core,0,0.04384283,0,0,0,1,0
assertj-core,0,0.0004335914,0,0,0,0,0
assertj-core,0,0.0008997524,0,0,0,0,0
assertj-core,0,0.0024445632,0,0,0,0,0
assertj-core,0,0.0068087787,0,0,0,0,0
assertj-core,0,0.00088354666,0,0,0,0,0
assertj-core,0,0.0015733787,0,0,0,0,0
assertj-core,0,0.015596139,0,0,0,0,0
assertj-core,0,0.0010617181,0,0,0,0,0
assertj-core,0,0.0010617181,0,0,0,0,0
assertj-core,0,0.0027075626,0,0,0,0,0
assertj-core,0,0.0027075626,0,0,0,0,0
assertj-core,0,0.03665886,0,0,0,0,0
assertj-core,0,0.0010617281,0,0,0,0,0
assertj-core,0,0.08467218,0,0,0,1,1
assertj-core,0,0.002285473,0,0,0,0,0
assertj-core,0,0.005462437,0,0,0,0,0
assertj-core,0,0.0013294005,0,0,0,0,0
assertj-core,0,0.008389287,0,0,0,0,0
assertj-core,0,0.0018985079,0,0,0,0,0
assertj-core,0,0.0007516884,0,0,0,0,0
assertj-core,0,0.0031244091,0,0,0,0,0
assertj-core,0,0.0008655615,0,0,0,0,0
assertj-core,0,0.0005308211,0,0,0,0,0
assertj-core,0,0.0008719803,0,0,0,0,0
assertj-core,0,0.018532395,0,0,0,0,0
assertj-core,0,0.0011442793,0,0,0,0,0
assertj-core,0,0.008953588,0,0,0,0,0
assertj-core,0,0.003149958,0,0,0,0,0
assertj-core,0,0.0010373318,0,0,0,0,0
assertj-core,0,0.0008431937,0,0,0,0,0
assertj-core,0,0.04404449,0,0,0,1,0
assertj-core,0,0.00088975014,0,0,0,0,0
assertj-core,0,0.002128021,0,0,0,0,0
assertj-core,0,0.018565165,0,0,0,0,0
assertj-core,0,0.006910906,0,0,0,0,0
assertj-core,0,0.0014183809,0,0,0,0,0
assertj-core,0,0.0014124918,0,0,0,0,0
assertj-core,0,0.0008431937,0,0,0,0,0
assertj-core,0,0.03783399,0,0,0,0,0
assertj-core,0,0.0010617281,0,0,0,0,0
assertj-core,0,0.0012758808,0,0,0,0,0
assertj-core,0,0.0048518106,0,0,0,0,0
assertj-core,0,0.0010009244,0,0,0,0,0
assertj-core,0,0.0047231233,0,0,0,0,0
assertj-core,0,0.02156445,0,0,0,0,0
assertj-core,0,0.00059750595,0,0,0,0,0
assertj-core,0,0.00044943046,0,0,0,0,0
assertj-core,0,0.04404449,0,0,0,1,0
assertj-core,0,0.0008693715,0,0,0,0,0
assertj-core,0,0.003055052,0,0,0,0,0
assertj-core,0,0.015611359,0,0,0,0,0
assertj-core,0,0.00809585,0,0,0,0,0
assertj-core,0,0.0026597083,0,0,0,0,0
assertj-core,0,0.0008431937,0,0,0,0,0
assertj-core,0,0.0026876696,0,0,0,0,0
assertj-core,0,0.04404449,0,0,0,1,0
assertj-core,0,0.0010617281,0,0,0,0,0
assertj-core,0,0.0023119608,0,0,0,0,0
assertj-core,0,0.02156445,0,0,0,0,0
assertj-core,0,0.0018340765,0,0,0,0,0
assertj-core,0,0.008953588,0,0,0,0,0
assertj-core,0,0.0011546111,0,0,0,0,0
assertj-core,0,0.00062326924,0,0,0,0,0
assertj-core,0,0.00086599996,0,0,0,0,0
assertj-core,0,0.04266744,0,0,0,1,0
assertj-core,0,0.0009447806,0,0,0,0,0
assertj-core,0,0.0018693497,0,0,0,0,0
assertj-core,0,0.013629589,0,0,0,0,0
assertj-core,0,0.0009638402,0,0,0,0,0
assertj-core,0,0.0009638402,0,0,0,0,0
assertj-core,0,0.0008431937,0,0,0,0,0
assertj-core,0,0.0010373318,0,0,0,0,0
assertj-core,0,0.05119926,0,0,0,1,0
assertj-core,0,0.0010383703,0,0,0,0,0
assertj-core,0,0.019326445,0,0,0,0,0
assertj-core,0,0.0052351924,0,0,0,0,0
assertj-core,0,0.00094135903,0,0,0,0,0
assertj-core,0,0.00147928,0,0,0,0,0
assertj-core,0,0.004664009,0,0,0,0,0
assertj-core,0,0.0030944676,0,0,0,0,0
assertj-core,0,0.03783399,0,0,0,0,0
assertj-core,0,0.00088975014,0,0,0,0,0
assertj-core,0,0.0011437469,0,0,0,0,0
assertj-core,0,0.018575734,0,0,0,0,0
assertj-core,0,0.0011437469,0,0,0,0,0
assertj-core,0,0.0013340057,0,0,0,0,0
assertj-core,0,0.0013936722,0,0,0,0,0
assertj-core,0,0.00057492894,0,0,0,0,0
assertj-core,0,0.0005298523,0,0,0,0,0
assertj-core,0,0.047912512,0,0,0,1,0
assertj-core,0,0.00088975014,0,0,0,0,0
assertj-core,0,0.0018367987,0,0,0,0,0
assertj-core,0,0.018565165,0,0,0,0,0
assertj-core,0,0.0026808148,0,0,0,0,0
assertj-core,0,0.00094176584,0,0,0,0,0
assertj-core,0,0.0008431937,0,0,0,0,0
assertj-core,0,0.0008431937,0,0,0,0,0
assertj-core,0,0.04404449,0,0,0,1,0
assertj-core,0,0.00088975014,0,0,0,0,0
assertj-core,0,0.0014797976,0,0,0,0,0
assertj-core,0,0.0030211606,0,0,0,0,0
assertj-core,0,0.00809585,0,0,0,0,0
assertj-core,0,0.0010617181,0,0,0,0,0
assertj-core,0,0.0011846957,0,0,0,0,0
assertj-core,0,0.08619427,0,0,0,1,1
assertj-core,0,0.0009447806,0,0,0,0,0
assertj-core,0,0.0008801566,0,0,0,0,0
assertj-core,0,0.0011589018,0,0,0,0,0
assertj-core,0,0.07711015,0,0,0,1,1
assertj-core,0,0.011582656,0,0,0,0,0
assertj-core,0,0.0012815697,0,0,0,0,0
assertj-core,0,0.0008875482,0,0,0,0,0
assertj-core,0,0.0028081762,0,0,0,0,0
assertj-core,0,0.00044100606,0,0,0,0,0
assertj-core,0,0.003876337,0,0,0,0,0
assertj-core,0,0.0035038944,0,0,0,0,0
assertj-core,0,0.011970586,0,0,0,0,0
assertj-core,0,0.01961283,0,0,0,0,0
assertj-core,0,0.0065573435,0,0,0,0,0
assertj-core,0,0.0037190998,0,0,0,0,0
assertj-core,0,0.0030843387,0,0,0,0,0
assertj-core,0,0.00096619077,0,0,0,0,0
assertj-core,0,0.0016547454,0,0,0,0,0
assertj-core,0,0.0039439793,0,0,0,0,0
assertj-core,0,0.0016547454,0,0,0,0,0
assertj-core,0,0.0008387024,0,0,0,0,0
assertj-core,0,0.004512405,0,0,0,0,0
assertj-core,0,0.00045193033,0,0,0,0,0
assertj-core,0,0.0010415677,0,0,0,0,0
assertj-core,0,0.0026620582,0,0,0,0,0
assertj-core,0,0.043812994,0,0,0,1,0
assertj-core,0,0.0026620582,0,0,0,0,0
assertj-core,0,0.00439568,0,0,0,0,0
assertj-core,0,0.016645603,0,0,0,0,0
assertj-core,0,0.011040544,0,0,0,0,0
assertj-core,0,0.0014541722,0,0,0,0,0
assertj-core,0,0.0027075626,0,0,0,0,0
assertj-core,0,0.03896382,0,0,0,0,0
assertj-core,0,0.0038240475,0,0,0,0,0
assertj-core,0,0.015611359,0,0,0,0,0
assertj-core,0,0.011040544,0,0,0,0,0
assertj-core,0,0.00094135903,0,0,0,0,0
assertj-core,0,0.0381127,0,0,0,0,0
assertj-core,0,0.00097124063,0,0,0,0,0
assertj-core,0,0.013629589,0,0,0,0,0
assertj-core,0,0.003232875,0,0,0,0,0
assertj-core,0,0.04857653,0,0,0,1,0
assertj-core,0,0.0011248217,0,0,0,0,0
assertj-core,0,0.0010314878,0,0,0,0,0
assertj-core,0,0.0010314878,0,0,0,0,0
assertj-core,0,0.0780799,0,0,0,1,1
assertj-core,0,0.004094629,0,0,0,0,0
assertj-core,0,0.008953588,0,0,0,0,0
assertj-core,0,0.0036232893,0,0,0,0,0
assertj-core,0,0.0008431937,0,0,0,0,0
assertj-core,0,0.0026876696,0,0,0,0,0
assertj-core,0,0.0062848376,0,0,0,0,0
assertj-core,0,0.015611359,0,0,0,0,0
assertj-core,0,0.008420873,0,0,0,0,0
assertj-core,0,0.00094135903,0,0,0,0,0
assertj-core,0,0.0008431937,0,0,0,0,0
assertj-core,0,0.04398853,0,0,0,1,0
assertj-core,0,0.013629589,0,0,0,0,0
assertj-core,0,0.0011141961,0,0,0,0,0
assertj-core,0,0.047064777,0,0,0,1,0
assertj-core,0,0.0032504527,0,0,0,0,0
assertj-core,0,0.0014124918,0,0,0,0,0
assertj-core,0,0.000984045,0,0,0,0,0
assertj-core,0,0.013629589,0,0,0,0,0
assertj-core,0,0.0015443786,0,0,0,0,0
assertj-core,0,0.041754913,0,0,0,1,0
assertj-core,0,0.0010617181,0,0,0,0,0
assertj-core,0,0.0026456586,0,0,0,0,0
assertj-core,0,0.00082388014,0,0,0,0,0
assertj-core,0,0.016993925,0,0,0,0,0
assertj-core,0,0.00439568,0,0,0,0,0
assertj-core,0,0.040463123,0,0,0,1,0
assertj-core,0,0.0012815697,0,0,0,0,0
assertj-core,0,0.0008431937,0,0,0,0,0
assertj-core,0,0.0010373318,0,0,0,0,0
assertj-core,0,0.0020369792,0,0,0,0,0
assertj-core,0,0.015611359,0,0,0,0,0
assertj-core,0,0.009071782,0,0,0,0,0
assertj-core,0,0.0010617181,0,0,0,0,0
assertj-core,0,0.037785616,0,0,0,0,0
assertj-core,0,0.0009654321,0,0,0,0,0
assertj-core,0,0.020821884,0,0,0,0,0
assertj-core,0,0.0011589018,0,0,0,0,0
assertj-core,0,0.00094135903,0,0,0,0,0
assertj-core,0,0.059776373,0,0,0,1,1
assertj-core,0,0.0036171027,0,0,0,0,0
assertj-core,0,0.00147928,0,0,0,0,0
assertj-core,0,0.0012268546,0,0,0,0,0
assertj-core,0,0.0011351375,0,0,0,0,0
assertj-core,0,0.005802199,0,0,0,0,0
assertj-core,0,0.00095998374,0,0,0,0,0
assertj-core,0,0.002215584,0,0,0,0,0
assertj-core,0,0.0030304485,0,0,0,0,0
assertj-core,0,0.02185995,0,0,0,0,0
assertj-core,0,0.00071529683,0,0,0,0,0
assertj-core,0,0.008953588,0,0,0,0,0
assertj-core,0,0.003998312,0,0,0,0,0
assertj-core,0,0.007041459,0,0,0,0,0
assertj-core,0,0.001077946,0,0,0,0,0
assertj-core,0,0.0013688515,0,0,0,0,0
assertj-core,0,0.0011471749,0,0,0,0,0
assertj-core,0,0.00057598995,0,0,0,0,0
assertj-core,0,0.0014410047,0,0,0,0,0
assertj-core,0,0.00057598995,0,0,0,0,0
assertj-core,0,0.0006739532,0,0,0,0,0
assertj-core,0,0.00057598995,0,0,0,0,0
assertj-core,0,0.0006467985,0,0,0,0,0
assertj-core,0,0.00097022136,0,0,0,0,0
assertj-core,0,0.0007107283,0,0,0,0,0
assertj-core,0,0.05490044,0,0,0,1,1
assertj-core,0,0.008341157,0,0,0,0,0
assertj-core,0,0.001984453,0,0,0,0,0
assertj-core,0,0.0019796027,0,0,0,0,0
assertj-core,0,0.004451664,0,0,0,0,0
assertj-core,0,0.0050151977,0,0,0,0,0
assertj-core,0,0.006338874,0,0,0,0,0
assertj-core,0,0.00094176584,0,0,0,0,0
assertj-core,0,0.005802199,0,0,0,0,0
assertj-core,0,0.0025338454,0,0,0,0,0
assertj-core,0,0.003764999,0,0,0,0,0
assertj-core,0,0.0011530827,0,0,0,0,0
assertj-core,0,0.0010390378,0,0,0,0,0
assertj-core,0,0.0020853789,0,0,0,0,0
assertj-core,0,0.08048419,0,0,0,1,1
assertj-core,0,0.0020423469,0,0,0,0,0
assertj-core,0,0.0018631766,0,0,0,0,0
assertj-core,0,0.020242063,0,0,0,0,0
assertj-core,0,0.002258914,0,0,0,0,0
assertj-core,0,0.008953588,0,0,0,0,0
assertj-core,0,0.0047231233,0,0,0,0,0
assertj-core,0,0.007959607,0,0,0,0,0
assertj-core,0,0.0011057463,0,0,0,0,0
assertj-core,0,0.0012579623,0,0,0,0,0
assertj-core,0,0.0035185784,0,0,0,0,0
assertj-core,0,0.00077311596,0,0,0,0,0
assertj-core,0,0.057535887,0,0,0,1,1
assertj-core,0,0.0004456405,0,0,0,0,0
assertj-core,0,0.0101746805,0,0,0,0,0
assertj-core,0,0.0009621567,0,0,0,0,0
assertj-core,0,0.0010350859,0,0,0,0,0
assertj-core,0,0.0010810682,0,0,0,0,0
assertj-core,0,0.0038396614,0,0,0,0,0
assertj-core,0,0.008127168,0,0,0,0,0
assertj-core,0,0.015601514,0,0,0,0,0
assertj-core,0,0.001954195,0,0,0,0,0
assertj-core,0,0.0012852773,0,0,0,0,0
assertj-core,0,0.00056377635,0,0,0,0,0
assertj-core,0,0.008953588,0,0,0,0,0
assertj-core,0,0.0010009244,0,0,0,0,0
assertj-core,0,0.005648027,0,0,0,0,0
assertj-core,0,0.0009775902,0,0,0,0,0
assertj-core,0,0.0005809336,0,0,0,0,0
assertj-core,0,0.00079246104,0,0,0,0,0
assertj-core,0,0.0003891857,0,0,0,0,0
assertj-core,0,0.03706516,0,0,0,0,0
assertj-core,0,0.00053759804,0,0,0,0,0
assertj-core,0,0.00053759804,0,0,0,0,0
assertj-core,0,0.0003891857,0,0,0,0,0
assertj-core,0,0.008612208,0,0,0,0,0
assertj-core,0,0.0018631766,0,0,0,0,0
assertj-core,0,0.003242781,0,0,0,0,0
assertj-core,0,0.079999186,0,0,0,1,1
assertj-core,0,0.011633794,0,0,0,0,0
assertj-core,0,0.0062848376,0,0,0,0,0
assertj-core,0,0.004278763,0,0,0,0,0
assertj-core,0,0.0015436816,0,0,0,0,0
assertj-core,0,0.007770845,0,0,0,0,0
assertj-core,0,0.001077946,0,0,0,0,0
assertj-core,0,0.0030245492,0,0,0,0,0
assertj-core,0,0.0040588384,0,0,0,0,0
assertj-core,0,0.0010138022,0,0,0,0,0
assertj-core,0,0.0034101526,0,0,0,0,0
assertj-core,0,0.0009880606,0,0,0,0,0
assertj-core,0,0.012750734,0,0,0,0,0
assertj-core,0,0.0011136832,0,0,0,0,0
assertj-core,0,0.0018040119,0,0,0,0,0
assertj-core,0,0.0018040119,0,0,0,0,0
assertj-core,0,0.015611359,0,0,0,0,0
assertj-core,0,0.0048426213,0,0,0,0,0
assertj-core,0,0.012206424,0,0,0,0,0
assertj-core,0,0.00094135903,0,0,0,0,0
assertj-core,0,0.004231881,0,0,0,0,0
assertj-core,0,0.0011351375,0,0,0,0,0
assertj-core,0,0.0014258513,0,0,0,0,0
assertj-core,0,0.0014258513,0,0,0,0,0
assertj-core,0,0.051799577,0,0,0,1,1
assertj-core,0,0.001304462,0,0,0,0,0
assertj-core,0,0.001077946,0,0,0,0,0
assertj-core,0,0.001077946,0,0,0,0,0
assertj-core,0,0.0051990217,0,0,0,0,0
assertj-core,0,0.018952884,0,0,0,0,0
assertj-core,0,0.010262531,0,0,0,0,0
assertj-core,0,0.0033397216,0,0,0,0,0
assertj-core,0,0.0014047968,0,0,0,0,0
assertj-core,0,0.015783738,0,0,0,0,0
assertj-core,0,0.0010838164,0,0,0,0,0
assertj-core,0,0.0010607889,0,0,0,0,0
assertj-core,0,0.042022448,0,0,0,1,0
assertj-core,0,0.0020870126,0,0,0,0,0
assertj-core,0,0.002175258,0,0,0,0,0
assertj-core,0,0.00651639,0,0,0,0,0
assertj-core,0,0.07914239,0,0,0,1,1
assertj-core,0,0.0020947454,0,0,0,0,0
assertj-core,0,0.014275418,0,0,0,0,0
assertj-core,0,0.00147928,0,0,0,0,0
assertj-core,0,0.0019429392,0,0,0,0,0
assertj-core,0,0.0017656385,0,0,0,0,0
assertj-core,0,0.0024266795,0,0,0,0,0
assertj-core,0,0.0011351375,0,0,0,0,0
assertj-core,0,0.014539684,0,0,0,0,0
assertj-core,0,0.059776373,0,0,0,1,1
assertj-core,0,0.0010607889,0,0,0,0,0
assertj-core,0,0.078332484,0,0,0,1,1
assertj-core,0,0.0015860588,0,0,0,0,0
assertj-core,0,0.0015327026,0,0,0,0,0
assertj-core,0,0.0011442793,0,0,0,0,0
assertj-core,0,0.010262531,0,0,0,0,0
assertj-core,0,0.00096678047,0,0,0,0,0
assertj-core,0,0.009606359,0,0,0,0,0
assertj-core,0,0.0021754545,0,0,0,0,0
assertj-core,0,0.002124122,0,0,0,0,0
assertj-core,0,0.0040588384,0,0,0,0,0
assertj-core,0,0.0010138022,0,0,0,0,0
assertj-core,0,0.0011911244,0,0,0,0,0
assertj-core,0,0.0010373318,0,0,0,0,0
assertj-core,0,0.0017928069,0,0,0,0,0
assertj-core,0,0.0035808128,0,0,0,0,0
assertj-core,0,0.008341157,0,0,0,0,0
assertj-core,0,0.003941206,0,0,0,0,0
assertj-core,0,0.051488046,0,0,0,1,1
assertj-core,0,0.018999336,0,0,0,0,0
assertj-core,0,0.0073280316,0,0,0,0,0
assertj-core,0,0.059776373,0,0,0,1,1
assertj-core,0,0.02188928,0,0,0,0,0
assertj-core,0,0.0019957046,0,0,0,0,0
assertj-core,0,0.059776373,0,0,0,1,1
assertj-core,0,0.0129164355,0,0,0,0,0
assertj-core,0,0.0011136832,0,0,0,0,0
assertj-core,0,0.018153124,0,0,0,0,0
assertj-core,0,0.0011834387,0,0,0,0,0
assertj-core,0,0.012206424,0,0,0,0,0
assertj-core,0,0.0014159535,0,0,0,0,0
assertj-core,0,0.0010881807,0,0,0,0,0
assertj-core,0,0.0010607889,0,0,0,0,0
assertj-core,0,0.001126679,0,0,0,0,0
assertj-core,0,0.0012095988,0,0,0,0,0
assertj-core,0,0.051799577,0,0,0,1,1
assertj-core,0,0.00095998374,0,0,0,0,0
assertj-core,0,0.014539684,0,0,0,0,0
assertj-core,0,0.0062472303,0,0,0,0,0
assertj-core,0,0.0068205786,0,0,0,0,0
assertj-core,0,0.00096342625,0,0,0,0,0
assertj-core,0,0.051799577,0,0,0,1,1
assertj-core,0,0.009294404,0,0,0,0,0
assertj-core,0,0.009040928,0,0,0,0,0
assertj-core,0,0.051799577,0,0,0,1,1
assertj-core,0,0.025293935,0,0,0,0,0
assertj-core,0,0.021949923,0,0,0,0,0
assertj-core,0,0.045959186,0,0,0,1,0
assertj-core,0,0.0011442793,0,0,0,0,0
assertj-core,0,0.0048426213,0,0,0,0,0
assertj-core,0,0.010262531,0,0,0,0,0
assertj-core,0,0.0014541722,0,0,0,0,0
assertj-core,0,0.003242781,0,0,0,0,0
assertj-core,0,0.0048426213,0,0,0,0,0
assertj-core,0,0.051899944,0,0,0,1,1
assertj-core,0,0.0031223658,0,0,0,0,0
assertj-core,0,0.0046739033,0,0,0,0,0
assertj-core,0,0.015611359,0,0,0,0,0
assertj-core,0,0.0010138022,0,0,0,0,0
assertj-core,0,0.001120253,0,0,0,0,0
assertj-core,0,0.0010373318,0,0,0,0,0
assertj-core,0,0.001120253,0,0,0,0,0
assertj-core,0,0.0010373318,0,0,0,0,0
assertj-core,0,0.012207121,0,0,0,0,0
assertj-core,0,0.001984453,0,0,0,0,0
assertj-core,0,0.013629589,0,0,0,0,0
assertj-core,0,0.002429789,0,0,0,0,0
assertj-core,0,0.0023473226,0,0,0,0,0
assertj-core,0,0.06989326,0,0,0,1,1
assertj-core,0,0.00154202,0,0,0,0,0
assertj-core,0,0.0009944272,0,0,0,0,0
assertj-core,0,0.0033480646,0,0,0,0,0
assertj-core,0,0.00097315566,0,0,0,0,0
assertj-core,0,0.0020264527,0,0,0,0,0
assertj-core,0,0.016212124,0,0,0,0,0
assertj-core,0,0.05823836,0,0,0,1,1
assertj-core,0,0.0010749835,0,0,0,0,0
assertj-core,0,0.0014164492,0,0,0,0,0
assertj-core,0,0.018952884,0,0,0,0,0
assertj-core,0,0.0029099334,0,0,0,0,0
assertj-core,0,0.0010607889,0,0,0,0,0
assertj-core,0,0.018153124,0,0,0,0,0
assertj-core,0,0.0011442793,0,0,0,0,0
assertj-core,0,0.0010212804,0,0,0,0,0
assertj-core,0,0.0010212804,0,0,0,0,0
assertj-core,0,0.0034792142,0,0,0,0,0
assertj-core,0,0.027405988,0,0,0,0,0
assertj-core,0,0.0022854004,0,0,0,0,0
assertj-core,0,0.046729397,0,0,0,1,0
assertj-core,0,0.004514955,0,0,0,0,0
assertj-core,0,0.0047998615,0,0,0,0,0
assertj-core,0,0.06654401,0,0,0,1,1
assertj-core,0,0.010389883,0,0,0,0,0
assertj-core,0,0.014451397,0,0,0,0,0
assertj-core,0,0.001036497,0,0,0,0,0
assertj-core,0,0.007936349,0,0,0,0,0
assertj-core,0,0.06848243,0,0,0,1,1
assertj-core,0,0.0018702896,0,0,0,0,0
assertj-core,0,0.009184212,0,0,0,0,0
assertj-core,0,0.0011510103,0,0,0,0,0
assertj-core,0,0.001036497,0,0,0,0,0
assertj-core,0,0.0012218399,0,0,0,0,0
assertj-core,0,0.0012095988,0,0,0,0,0
assertj-core,0,0.0011911244,0,0,0,0,0
assertj-core,0,0.0014164492,0,0,0,0,0
assertj-core,0,0.015276012,0,0,0,0,0
assertj-core,0,0.01429718,0,0,0,0,0
assertj-core,0,0.06308914,0,0,0,1,1
assertj-core,0,0.0011400861,0,0,0,0,0
assertj-core,0,0.0020410828,0,0,0,0,0
assertj-core,0,0.00095456885,0,0,0,0,0
assertj-core,0,0.00095456885,0,0,0,0,0
assertj-core,0,0.06295424,0,0,0,1,1
assertj-core,0,0.010076851,0,0,0,0,0
assertj-core,0,0.008016819,0,0,0,0,0
assertj-core,0,0.0021952111,0,0,0,0,0
assertj-core,0,0.0010316431,0,0,0,0,0
assertj-core,0,0.0014380723,0,0,0,0,0
assertj-core,0,0.08075631,0,0,0,1,1
assertj-core,0,0.0012393992,0,0,0,0,0
assertj-core,0,0.0006544833,0,0,0,0,0
assertj-core,0,0.0006544833,0,0,0,0,0
assertj-core,0,0.012916046,0,0,0,0,0
assertj-core,0,0.0012975797,0,0,0,0,0
assertj-core,0,0.0012975797,0,0,0,0,0
assertj-core,0,0.05241354,0,0,0,1,1
assertj-core,0,0.00071628694,0,0,0,0,0
assertj-core,0,0.00071628694,0,0,0,0,0
assertj-core,0,0.0007235607,0,0,0,0,0
assertj-core,0,0.060871445,0,0,0,1,1
assertj-core,0,0.012916046,0,0,0,0,0
assertj-core,0,0.0012095988,0,0,0,0,0
assertj-core,0,0.0010881807,0,0,0,0,0
assertj-core,0,0.001036497,0,0,0,0,0
assertj-core,0,0.05241354,0,0,0,1,1
assertj-core,0,0.0009535345,0,0,0,0,0
assertj-core,0,0.0012975797,0,0,0,0,0
assertj-core,0,0.067563064,0,0,0,1,1
assertj-core,0,0.0012218399,0,0,0,0,0
assertj-core,0,0.0012218399,0,0,0,0,0
assertj-core,0,0.0010425389,0,0,0,0,0
assertj-core,0,0.01618082,0,0,0,0,0
assertj-core,0,0.0006959089,0,0,0,0,0
assertj-core,0,0.060871445,0,0,0,1,1
assertj-core,0,0.012916046,0,0,0,0,0
assertj-core,0,0.05241354,0,0,0,1,1
assertj-core,0,0.001036497,0,0,0,0,0
assertj-core,0,0.0010881807,0,0,0,0,0
assertj-core,0,0.015276012,0,0,0,0,0
assertj-core,0,0.0043067634,0,0,0,0,0
assertj-core,0,0.0043067634,0,0,0,0,0
assertj-core,0,0.0010532447,0,0,0,0,0
assertj-core,0,0.012357219,0,0,0,0,0
assertj-core,0,0.06308914,0,0,0,1,1
assertj-core,0,0.004501674,0,0,0,0,0
assertj-core,0,0.0011401105,0,0,0,0,0
assertj-core,0,0.0125586605,0,0,0,0,0
assertj-core,0,0.0039455756,0,0,0,0,0
assertj-core,0,0.0037461696,0,0,0,0,0
assertj-core,0,0.062191695,0,0,0,1,1
assertj-core,0,0.003864371,0,0,0,0,0
assertj-core,0,0.0018702896,0,0,0,0,0
assertj-core,0,0.015276012,0,0,0,0,0
assertj-core,0,0.0010255518,0,0,0,0,0
assertj-core,0,0.067563064,0,0,0,1,1
assertj-core,0,0.00095312303,0,0,0,0,0
assertj-core,0,0.0011911244,0,0,0,0,0
assertj-core,0,0.0013167672,0,0,0,0,0
assertj-core,0,0.014325626,0,0,0,0,0
assertj-core,0,0.0042538918,0,0,0,0,0
assertj-core,0,0.011754589,0,0,0,0,0
assertj-core,0,0.0010134315,0,0,0,0,0
assertj-core,0,0.05241354,0,0,0,1,1
assertj-core,0,0.0012095988,0,0,0,0,0
assertj-core,0,0.0012095988,0,0,0,0,0
assertj-core,0,0.001036497,0,0,0,0,0
assertj-core,0,0.012357219,0,0,0,0,0
assertj-core,0,0.0036684459,0,0,0,0,0
assertj-core,0,0.0042575193,0,0,0,0,0
assertj-core,0,0.06848243,0,0,0,1,1
assertj-core,0,0.0033972596,0,0,0,0,0
assertj-core,0,0.0013167672,0,0,0,0,0
assertj-core,0,0.03767755,0,0,0,0,0
assertj-core,0,0.023772454,0,0,0,0,0
assertj-core,0,0.0057801255,0,0,0,0,0
assertj-core,0,0.013800036,0,0,0,0,0
assertj-core,0,0.008627778,0,0,0,0,0
assertj-core,0,0.001229403,0,0,0,0,0
assertj-core,0,0.0043919506,0,0,0,0,0
assertj-core,0,0.0049787443,0,0,0,0,0
assertj-core,0,0.0018649333,0,0,0,0,0
assertj-core,0,0.025544064,0,0,0,0,0
assertj-core,0,0.005932517,0,0,0,0,0
assertj-core,0,0.016560623,0,0,0,0,0
assertj-core,0,0.0026419067,0,0,0,0,0
assertj-core,0,0.0030822984,0,0,0,0,0
assertj-core,0,0.009082312,0,0,0,0,0
assertj-core,0,0.0017238919,0,0,0,0,0
assertj-core,0,0.014317031,0,0,0,0,0
assertj-core,0,0.009450166,0,0,0,0,0
assertj-core,0,0.001242892,0,0,0,0,0
assertj-core,0,0.04419316,0,0,0,1,0
assertj-core,0,0.004493377,0,0,0,0,0
assertj-core,0,0.023352275,0,0,0,0,0
assertj-core,0,0.010950453,0,0,0,0,0
assertj-core,0,0.0037587404,0,0,0,0,0
assertj-core,0,0.068680555,0,0,0,1,1
assertj-core,0,0.007936142,0,0,0,0,0
assertj-core,0,0.00543788,0,0,0,0,0
assertj-core,0,0.011040544,0,0,0,0,0
assertj-core,0,0.009221155,0,0,0,0,0
assertj-core,0,0.021334108,0,0,0,0,0
assertj-core,0,0.009221155,0,0,0,0,0
assertj-core,0,0.05921142,0,0,0,1,1
assertj-core,0,0.005235076,0,0,0,0,0
assertj-core,0,0.009460991,0,0,0,0,0
assertj-core,0,0.01140851,0,0,0,0,0
assertj-core,0,0.009082759,0,0,0,0,0
assertj-core,0,0.017001925,0,0,0,0,0
assertj-core,0,0.0035418016,0,0,0,0,0
assertj-core,0,0.0026673905,0,0,0,0,0
assertj-core,0,0.0031749138,0,0,0,0,0
assertj-core,0,0.009548272,0,0,0,0,0
assertj-core,0,0.068680555,0,0,0,1,1
assertj-core,0,0.005373325,0,0,0,0,0
assertj-core,0,0.009918502,0,0,0,0,0
assertj-core,0,0.014044103,0,0,0,0,0
assertj-core,0,0.008814545,0,0,0,0,0
assertj-core,0,0.01890469,0,0,0,0,0
assertj-core,0,0.003374498,0,0,0,0,0
assertj-core,0,0.0065310732,0,0,0,0,0
assertj-core,0,0.016757358,0,0,0,0,0
assertj-core,0,0.07260447,0,0,0,1,1
assertj-core,0,0.008814545,0,0,0,0,0
assertj-core,0,0.0010714199,0,0,0,0,0
assertj-core,0,0.0028969336,0,0,0,0,0
assertj-core,0,0.0022962836,0,0,0,0,0
assertj-core,0,0.00036553218,0,0,0,0,0
assertj-core,0,0.018132912,0,0,0,0,0
assertj-core,0,0.0013776716,0,0,0,0,0
assertj-core,0,0.0009638402,0,0,0,0,0
assertj-core,0,0.015649995,0,0,0,0,0
assertj-core,0,0.0004117625,0,0,0,0,0
assertj-core,0,0.013372393,0,0,0,0,0
assertj-core,0,0.006314388,0,0,0,0,0
assertj-core,0,0.00094905304,0,0,0,0,0
assertj-core,0,0.038111173,0,0,0,0,0
assertj-core,0,0.00094512006,0,0,0,0,0
assertj-core,0,0.0143728955,0,0,0,0,0
assertj-core,0,0.035503358,0,0,0,0,0
assertj-core,0,0.045594323,0,0,0,1,0
assertj-core,0,0.00045034388,0,0,0,0,0
assertj-core,0,0.0016659773,0,0,0,0,0
assertj-core,0,0.05429502,0,0,0,1,1
assertj-core,0,0.0064866315,0,0,0,0,0
assertj-core,0,0.0009944414,0,0,0,0,0
assertj-core,0,0.0024032737,0,0,0,0,0
assertj-core,0,0.014124134,0,0,0,0,0
assertj-core,0,0.009112099,0,0,0,0,0
assertj-core,0,0.05921142,0,0,0,1,1
assertj-core,0,0.0043383967,0,0,0,0,0
assertj-core,0,0.009221155,0,0,0,0,0
assertj-core,0,0.05921142,0,0,0,1,1
assertj-core,0,0.0004620899,0,0,0,0,0
assertj-core,0,0.009221155,0,0,0,0,0
assertj-core,0,0.011040544,0,0,0,0,0
assertj-core,0,0.021334108,0,0,0,0,0
assertj-core,0,0.008239307,0,0,0,0,0
assertj-core,0,0.009265203,0,0,0,0,0
assertj-core,0,0.021334108,0,0,0,0,0
assertj-core,0,0.007996531,0,0,0,0,0
assertj-core,0,0.012704962,0,0,0,0,0
assertj-core,0,0.008312047,0,0,0,0,0
assertj-core,0,0.014784545,0,0,0,0,0
assertj-core,0,0.0021547864,0,0,0,0,0
assertj-core,0,0.00058867916,0,0,0,0,0
assertj-core,0,0.0067701386,0,0,0,0,0
assertj-core,0,0.020821884,0,0,0,0,0
assertj-core,0,0.005265181,0,0,0,0,0
assertj-core,0,0.001185784,0,0,0,0,0
assertj-core,0,0.059776373,0,0,0,1,1
assertj-core,0,0.001185784,0,0,0,0,0
assertj-core,0,0.004031302,0,0,0,0,0
assertj-core,0,0.0015065337,0,0,0,0,0
assertj-core,0,0.0053944336,0,0,0,0,0
assertj-core,0,0.002262402,0,0,0,0,0
assertj-core,0,0.00095998374,0,0,0,0,0
assertj-core,0,0.0030418525,0,0,0,0,0
assertj-core,0,0.0014614925,0,0,0,0,0
assertj-core,0,0.02185995,0,0,0,0,0
assertj-core,0,0.0024352807,0,0,0,0,0
assertj-core,0,0.008953588,0,0,0,0,0
assertj-core,0,0.0036232893,0,0,0,0,0
assertj-core,0,0.0075713806,0,0,0,0,0
assertj-core,0,0.0011057463,0,0,0,0,0
assertj-core,0,0.0011057463,0,0,0,0,0
assertj-core,0,0.00060694135,0,0,0,0,0
assertj-core,0,0.00057598995,0,0,0,0,0
assertj-core,0,0.00050404517,0,0,0,0,0
assertj-core,0,0.00057598995,0,0,0,0,0
assertj-core,0,0.000562793,0,0,0,0,0
assertj-core,0,0.00057598995,0,0,0,0,0
assertj-core,0,0.00051828864,0,0,0,0,0
assertj-core,0,0.00057598995,0,0,0,0,0
assertj-core,0,0.0005007488,0,0,0,0,0
assertj-core,0,0.040610347,0,0,0,1,0
assertj-core,0,0.009149841,0,0,0,0,0
assertj-core,0,0.0018040119,0,0,0,0,0
assertj-core,0,0.002154485,0,0,0,0,0
assertj-core,0,0.004146795,0,0,0,0,0
assertj-core,0,0.0016196003,0,0,0,0,0
assertj-core,0,0.0064866315,0,0,0,0,0
assertj-core,0,0.0011634479,0,0,0,0,0
assertj-core,0,0.0051168646,0,0,0,0,0
assertj-core,0,0.002262402,0,0,0,0,0
assertj-core,0,0.002887628,0,0,0,0,0
assertj-core,0,0.0011530827,0,0,0,0,0
assertj-core,0,0.0017656385,0,0,0,0,0
assertj-core,0,0.0011018259,0,0,0,0,0
assertj-core,0,0.08048419,0,0,0,1,1
assertj-core,0,0.0061325417,0,0,0,0,0
assertj-core,0,0.0018631766,0,0,0,0,0
assertj-core,0,0.020242063,0,0,0,0,0
assertj-core,0,0.0011442793,0,0,0,0,0
assertj-core,0,0.014275418,0,0,0,0,0
assertj-core,0,0.0037057172,0,0,0,0,0
assertj-core,0,0.007041459,0,0,0,0,0
assertj-core,0,0.0012579623,0,0,0,0,0
assertj-core,0,0.0010138022,0,0,0,0,0
assertj-core,0,0.0013080686,0,0,0,0,0
assertj-core,0,0.0042087096,0,0,0,0,0
assertj-core,0,0.057535887,0,0,0,1,1
assertj-core,0,0.00053733453,0,0,0,0,0
assertj-core,0,0.0012994795,0,0,0,0,0
assertj-core,0,0.0012315495,0,0,0,0,0
assertj-core,0,0.0022160893,0,0,0,0,0
assertj-core,0,0.0011593871,0,0,0,0,0
assertj-core,0,0.012207121,0,0,0,0,0
assertj-core,0,0.0018040119,0,0,0,0,0
assertj-core,0,0.018120533,0,0,0,0,0
assertj-core,0,0.0014919185,0,0,0,0,0
assertj-core,0,0.0017666034,0,0,0,0,0
assertj-core,0,0.0009864433,0,0,0,0,0
assertj-core,0,0.00809585,0,0,0,0,0
assertj-core,0,0.0012815697,0,0,0,0,0
assertj-core,0,0.0063013723,0,0,0,0,0
assertj-core,0,0.00095998374,0,0,0,0,0
assertj-core,0,0.0005337099,0,0,0,0,0
assertj-core,0,0.0020887037,0,0,0,0,0
assertj-core,0,0.00053759804,0,0,0,0,0
assertj-core,0,0.03706516,0,0,0,0,0
assertj-core,0,0.00053759804,0,0,0,0,0
assertj-core,0,0.00038026719,0,0,0,0,0
assertj-core,0,0.0003891857,0,0,0,0,0
assertj-core,0,0.0018631766,0,0,0,0,0
assertj-core,0,0.0018631766,0,0,0,0,0
assertj-core,0,0.0011442793,0,0,0,0,0
assertj-core,0,0.08058465,0,0,0,1,1
assertj-core,0,0.002258914,0,0,0,0,0
assertj-core,0,0.0038240475,0,0,0,0,0
assertj-core,0,0.004031302,0,0,0,0,0
assertj-core,0,0.0011282526,0,0,0,0,0
assertj-core,0,0.007982498,0,0,0,0,0
assertj-core,0,0.001077946,0,0,0,0,0
assertj-core,0,0.0011442793,0,0,0,0,0
assertj-core,0,0.002258914,0,0,0,0,0
assertj-core,0,0.0039802487,0,0,0,0,0
assertj-core,0,0.003435375,0,0,0,0,0
assertj-core,0,0.0009880606,0,0,0,0,0
assertj-core,0,0.0013900144,0,0,0,0,0
assertj-core,0,0.0009880606,0,0,0,0,0
assertj-core,0,0.0028530525,0,0,0,0,0
assertj-core,0,0.008341157,0,0,0,0,0
assertj-core,0,0.015611359,0,0,0,0,0
assertj-core,0,0.0028952647,0,0,0,0,0
assertj-core,0,0.012206424,0,0,0,0,0
assertj-core,0,0.00094135903,0,0,0,0,0
assertj-core,0,0.0012268546,0,0,0,0,0
assertj-core,0,0.0015614883,0,0,0,0,0
assertj-core,0,0.0011911244,0,0,0,0,0
assertj-core,0,0.0011911244,0,0,0,0,0
assertj-core,0,0.051799577,0,0,0,1,1
assertj-core,0,0.001356261,0,0,0,0,0
assertj-core,0,0.0011357443,0,0,0,0,0
assertj-core,0,0.0026224123,0,0,0,0,0
assertj-core,0,0.0049245735,0,0,0,0,0
assertj-core,0,0.018565165,0,0,0,0,0
assertj-core,0,0.009197152,0,0,0,0,0
assertj-core,0,0.00094135903,0,0,0,0,0
assertj-core,0,0.0027502913,0,0,0,0,0
assertj-core,0,0.015783738,0,0,0,0,0
assertj-core,0,0.0010454208,0,0,0,0,0
assertj-core,0,0.0010607889,0,0,0,0,0
assertj-core,0,0.04572139,0,0,0,1,0
assertj-core,0,0.003941206,0,0,0,0,0
assertj-core,0,0.0018040119,0,0,0,0,0
assertj-core,0,0.0029804576,0,0,0,0,0
assertj-core,0,0.080824815,0,0,0,1,1
assertj-core,0,0.0076931096,0,0,0,0,0
assertj-core,0,0.008953588,0,0,0,0,0
assertj-core,0,0.00147928,0,0,0,0,0
assertj-core,0,0.002557869,0,0,0,0,0
assertj-core,0,0.0018069898,0,0,0,0,0
assertj-core,0,0.0014047968,0,0,0,0,0
assertj-core,0,0.001191734,0,0,0,0,0
assertj-core,0,0.014240935,0,0,0,0,0
assertj-core,0,0.051488046,0,0,0,1,1
assertj-core,0,0.0010607889,0,0,0,0,0
assertj-core,0,0.078332484,0,0,0,1,1
assertj-core,0,0.0062848376,0,0,0,0,0
assertj-core,0,0.0049245735,0,0,0,0,0
assertj-core,0,0.0051990217,0,0,0,0,0
assertj-core,0,0.0054169865,0,0,0,0,0
assertj-core,0,0.0031463997,0,0,0,0,0
assertj-core,0,0.007777643,0,0,0,0,0
assertj-core,0,0.0011057463,0,0,0,0,0
assertj-core,0,0.002162285,0,0,0,0,0
assertj-core,0,0.011633794,0,0,0,0,0
assertj-core,0,0.0012075946,0,0,0,0,0
assertj-core,0,0.0012218399,0,0,0,0,0
assertj-core,0,0.0010373318,0,0,0,0,0
assertj-core,0,0.0017465184,0,0,0,0,0
assertj-core,0,0.0010373318,0,0,0,0,0
assertj-core,0,0.003941206,0,0,0,0,0
assertj-core,0,0.008341157,0,0,0,0,0
assertj-core,0,0.051488046,0,0,0,1,1
assertj-core,0,0.019698532,0,0,0,0,0
assertj-core,0,0.0014867868,0,0,0,0,0
assertj-core,0,0.051488046,0,0,0,1,1
assertj-core,0,0.021696856,0,0,0,0,0
assertj-core,0,0.0012913032,0,0,0,0,0
assertj-core,0,0.04427659,0,0,0,1,0
assertj-core,0,0.0129164355,0,0,0,0,0
assertj-core,0,0.0011136832,0,0,0,0,0
assertj-core,0,0.015611359,0,0,0,0,0
assertj-core,0,0.0010464307,0,0,0,0,0
assertj-core,0,0.012805045,0,0,0,0,0
assertj-core,0,0.0036171027,0,0,0,0,0
assertj-core,0,0.0012827537,0,0,0,0,0
assertj-core,0,0.0011136832,0,0,0,0,0
assertj-core,0,0.0011380813,0,0,0,0,0
assertj-core,0,0.0012827537,0,0,0,0,0
assertj-core,0,0.051799577,0,0,0,1,1
assertj-core,0,0.00093799713,0,0,0,0,0
assertj-core,0,0.011170538,0,0,0,0,0
assertj-core,0,0.0062472303,0,0,0,0,0
assertj-core,0,0.003230554,0,0,0,0,0
assertj-core,0,0.0010461131,0,0,0,0,0
assertj-core,0,0.051799577,0,0,0,1,1
assertj-core,0,0.009294404,0,0,0,0,0
assertj-core,0,0.009282649,0,0,0,0,0
assertj-core,0,0.051799577,0,0,0,1,1
assertj-core,0,0.025293935,0,0,0,0,0
assertj-core,0,0.0023632622,0,0,0,0,0
assertj-core,0,0.045959186,0,0,0,1,0
assertj-core,0,0.0030245492,0,0,0,0,0
assertj-core,0,0.0062848376,0,0,0,0,0
assertj-core,0,0.0118999975,0,0,0,0,0
assertj-core,0,0.0015436816,0,0,0,0,0
assertj-core,0,0.0051990217,0,0,0,0,0
assertj-core,0,0.0051990217,0,0,0,0,0
assertj-core,0,0.051899944,0,0,0,1,1
assertj-core,0,0.0010138022,0,0,0,0,0
assertj-core,0,0.0045715505,0,0,0,0,0
assertj-core,0,0.015834287,0,0,0,0,0
assertj-core,0,0.0015027468,0,0,0,0,0
assertj-core,0,0.0011911244,0,0,0,0,0
assertj-core,0,0.0009880606,0,0,0,0,0
assertj-core,0,0.0013756637,0,0,0,0,0
assertj-core,0,0.0011136832,0,0,0,0,0
assertj-core,0,0.0026707368,0,0,0,0,0
assertj-core,0,0.0026707368,0,0,0,0,0
assertj-core,0,0.0015003227,0,0,0,0,0
assertj-core,0,0.0010134315,0,0,0,0,0
assertj-core,0,0.0010332261,0,0,0,0,0
assertj-core,0,0.025037112,0,0,0,0,0
assertj-core,0,0.04725081,0,0,0,1,0
assertj-core,0,0.005529506,0,0,0,0,0
assertj-core,0,0.0010212804,0,0,0,0,0
assertj-core,0,0.0010212804,0,0,0,0,0
assertj-core,0,0.0013410565,0,0,0,0,0
assertj-core,0,0.03327503,0,0,0,0,0
assertj-core,0,0.0017045626,0,0,0,0,0
assertj-core,0,0.0093602175,0,0,0,0,0
assertj-core,0,0.010892834,0,0,0,0,0
assertj-core,0,0.0019244209,0,0,0,0,0
assertj-core,0,0.000919385,0,0,0,0,0
assertj-core,0,0.015611359,0,0,0,0,0
assertj-core,0,0.056018792,0,0,0,1,1
assertj-core,0,0.0006494097,0,0,0,0,0
assertj-core,0,0.0024073836,0,0,0,0,0
assertj-core,0,0.02185995,0,0,0,0,0
assertj-core,0,0.0010212804,0,0,0,0,0
assertj-core,0,0.0010212804,0,0,0,0,0
assertj-core,0,0.0011737624,0,0,0,0,0
assertj-core,0,0.04219235,0,0,0,1,0
assertj-core,0,0.001422397,0,0,0,0,0
assertj-core,0,0.0137002785,0,0,0,0,0
assertj-core,0,0.0026437491,0,0,0,0,0
assertj-core,0,0.0011603202,0,0,0,0,0
assertj-core,0,0.07146879,0,0,0,1,1
assertj-core,0,0.0006153182,0,0,0,0,0
assertj-core,0,0.016550655,0,0,0,0,0
assertj-core,0,0.0007494714,0,0,0,0,0
assertj-core,0,0.0007494714,0,0,0,0,0
assertj-core,0,0.071996726,0,0,0,1,1
assertj-core,0,0.0010462073,0,0,0,0,0
assertj-core,0,0.010086425,0,0,0,0,0
assertj-core,0,0.0005920491,0,0,0,0,0
assertj-core,0,0.0014158734,0,0,0,0,0
assertj-core,0,0.0007349793,0,0,0,0,0
assertj-core,0,0.00060438126,0,0,0,0,0
assertj-core,0,0.00066353794,0,0,0,0,0
assertj-core,0,0.0014215587,0,0,0,0,0
assertj-core,0,0.015276012,0,0,0,0,0
assertj-core,0,0.01580146,0,0,0,0,0
assertj-core,0,0.07248335,0,0,0,1,1
assertj-core,0,0.0013581222,0,0,0,0,0
assertj-core,0,0.0063731507,0,0,0,0,0
assertj-core,0,0.0011911244,0,0,0,0,0
assertj-core,0,0.0011911244,0,0,0,0,0
assertj-core,0,0.0014539555,0,0,0,0,0
assertj-core,0,0.06357459,0,0,0,1,1
assertj-core,0,0.01580146,0,0,0,0,0
assertj-core,0,0.014587773,0,0,0,0,0
assertj-core,0,0.0010625437,0,0,0,0,0
assertj-core,0,0.0017907679,0,0,0,0,0
assertj-core,0,0.07848772,0,0,0,1,1
assertj-core,0,0.0011637061,0,0,0,0,0
assertj-core,0,0.0012379433,0,0,0,0,0
assertj-core,0,0.0009769431,0,0,0,0,0
assertj-core,0,0.012495905,0,0,0,0,0
assertj-core,0,0.0010749835,0,0,0,0,0
assertj-core,0,0.0010749835,0,0,0,0,0
assertj-core,0,0.04507862,0,0,0,1,0
assertj-core,0,0.002999006,0,0,0,0,0
assertj-core,0,0.0011085887,0,0,0,0,0
assertj-core,0,0.003806998,0,0,0,0,0
assertj-core,0,0.05241354,0,0,0,1,1
assertj-core,0,0.012758521,0,0,0,0,0
assertj-core,0,0.0006494097,0,0,0,0,0
assertj-core,0,0.00061855244,0,0,0,0,0
assertj-core,0,0.00061855244,0,0,0,0,0
assertj-core,0,0.048205007,0,0,0,1,0
assertj-core,0,0.0014977554,0,0,0,0,0
assertj-core,0,0.0013506692,0,0,0,0,0
assertj-core,0,0.064932145,0,0,0,1,1
assertj-core,0,0.003435375,0,0,0,0,0
assertj-core,0,0.002680932,0,0,0,0,0
assertj-core,0,0.0011642084,0,0,0,0,0
assertj-core,0,0.010520913,0,0,0,0,0
assertj-core,0,0.0052714227,0,0,0,0,0
assertj-core,0,0.05241354,0,0,0,1,1
assertj-core,0,0.009393721,0,0,0,0,0
assertj-core,0,0.04546585,0,0,0,1,0
assertj-core,0,0.0010607889,0,0,0,0,0
assertj-core,0,0.0047941157,0,0,0,0,0
assertj-core,0,0.015596139,0,0,0,0,0
assertj-core,0,0.0010532447,0,0,0,0,0
assertj-core,0,0.0012291401,0,0,0,0,0
assertj-core,0,0.0043067634,0,0,0,0,0
assertj-core,0,0.010389569,0,0,0,0,0
assertj-core,0,0.06308914,0,0,0,1,1
assertj-core,0,0.0014600744,0,0,0,0,0
assertj-core,0,0.007313027,0,0,0,0,0
assertj-core,0,0.0043263803,0,0,0,0,0
assertj-core,0,0.017811295,0,0,0,0,0
assertj-core,0,0.05241354,0,0,0,1,1
assertj-core,0,0.0011136832,0,0,0,0,0
assertj-core,0,0.005024801,0,0,0,0,0
assertj-core,0,0.00085305097,0,0,0,0,0
assertj-core,0,0.015596139,0,0,0,0,0
assertj-core,0,0.0010642782,0,0,0,0,0
assertj-core,0,0.071033776,0,0,0,1,1
assertj-core,0,0.0005920491,0,0,0,0,0
assertj-core,0,0.000713863,0,0,0,0,0
assertj-core,0,0.0010206306,0,0,0,0,0
assertj-core,0,0.013066578,0,0,0,0,0
assertj-core,0,0.00079508376,0,0,0,0,0
assertj-core,0,0.012004523,0,0,0,0,0
assertj-core,0,0.0006869229,0,0,0,0,0
assertj-core,0,0.056018792,0,0,0,1,1
assertj-core,0,0.0014490443,0,0,0,0,0
assertj-core,0,0.00072190526,0,0,0,0,0
assertj-core,0,0.0006494097,0,0,0,0,0
assertj-core,0,0.011732552,0,0,0,0,0
assertj-core,0,0.0007581385,0,0,0,0,0
assertj-core,0,0.0010462073,0,0,0,0,0
assertj-core,0,0.014325626,0,0,0,0,0
assertj-core,0,0.062191695,0,0,0,1,1
assertj-core,0,0.0008331279,0,0,0,0,0
assertj-core,0,0.03767755,0,0,0,0,0
assertj-core,0,0.0028977671,0,0,0,0,0
assertj-core,0,0.005178556,0,0,0,0,0
assertj-core,0,0.00071932387,0,0,0,0,0
assertj-core,0,0.028626548,0,0,0,0,0
assertj-core,0,0.0028977671,0,0,0,0,0
assertj-core,0,0.006505259,0,0,0,0,0
assertj-core,0,0.029262114,0,0,0,0,0
assertj-core,0,0.0010469053,0,0,0,0,0
assertj-core,0,0.0010469053,0,0,0,0,0
assertj-core,0,0.013924314,0,0,0,0,0
assertj-core,0,0.0008435533,0,0,0,0,0
assertj-core,0,0.001026728,0,0,0,0,0
assertj-core,0,0.010354994,0,0,0,0,0
assertj-core,0,0.030730456,0,0,0,0,0
assertj-core,0,0.002865274,0,0,0,0,0
assertj-core,0,0.00809585,0,0,0,0,0
assertj-core,0,0.0062993276,0,0,0,0,0
assertj-core,0,0.011818459,0,0,0,0,0
assertj-core,0,0.00024529113,0,0,0,0,0
assertj-core,0,0.0040011504,0,0,0,0,0
assertj-core,0,0.02300143,0,0,0,0,0
assertj-core,0,0.003055052,0,0,0,0,0
assertj-core,0,0.0011546111,0,0,0,0,0
assertj-core,0,0.059776373,0,0,0,1,1
assertj-core,0,0.0013340057,0,0,0,0,0
assertj-core,0,0.00094135903,0,0,0,0,0
assertj-core,0,0.0013380954,0,0,0,0,0
assertj-core,0,0.0011617391,0,0,0,0,0
assertj-core,0,0.00093799713,0,0,0,0,0
assertj-core,0,0.00093799713,0,0,0,0,0
assertj-core,0,0.0014614925,0,0,0,0,0
assertj-core,0,0.0014614925,0,0,0,0,0
assertj-core,0,0.025556475,0,0,0,0,0
assertj-core,0,0.01367469,0,0,0,0,0
assertj-core,0,0.008953588,0,0,0,0,0
assertj-core,0,0.0034855288,0,0,0,0,0
assertj-core,0,0.005000149,0,0,0,0,0
assertj-core,0,0.00095520116,0,0,0,0,0
assertj-core,0,0.0011057463,0,0,0,0,0
assertj-core,0,0.00051828864,0,0,0,0,0
assertj-core,0,0.00070256565,0,0,0,0,0
assertj-core,0,0.0013627063,0,0,0,0,0
assertj-core,0,0.0011440635,0,0,0,0,0
assertj-core,0,0.0013526799,0,0,0,0,0
assertj-core,0,0.00057598995,0,0,0,0,0
assertj-core,0,0.0008730619,0,0,0,0,0
assertj-core,0,0.0011440635,0,0,0,0,0
assertj-core,0,0.0005007488,0,0,0,0,0
assertj-core,0,0.05490044,0,0,0,1,1
assertj-core,0,0.010588571,0,0,0,0,0
assertj-core,0,0.0025767193,0,0,0,0,0
assertj-core,0,0.0030327344,0,0,0,0,0
assertj-core,0,0.009974271,0,0,0,0,0
assertj-core,0,0.0030495317,0,0,0,0,0
assertj-core,0,0.006338874,0,0,0,0,0
assertj-core,0,0.0009638402,0,0,0,0,0
assertj-core,0,0.005648027,0,0,0,0,0
assertj-core,0,0.00095998374,0,0,0,0,0
assertj-core,0,0.0020928234,0,0,0,0,0
assertj-core,0,0.0009880606,0,0,0,0,0
assertj-core,0,0.0010459074,0,0,0,0,0
assertj-core,0,0.0013693151,0,0,0,0,0
assertj-core,0,0.08048419,0,0,0,1,1
assertj-core,0,0.008495856,0,0,0,0,0
assertj-core,0,0.0021740412,0,0,0,0,0
assertj-core,0,0.020242063,0,0,0,0,0
assertj-core,0,0.002258914,0,0,0,0,0
assertj-core,0,0.010262531,0,0,0,0,0
assertj-core,0,0.0015192053,0,0,0,0,0
assertj-core,0,0.007041459,0,0,0,0,0
assertj-core,0,0.001077946,0,0,0,0,0
assertj-core,0,0.0026224123,0,0,0,0,0
assertj-core,0,0.0011437692,0,0,0,0,0
assertj-core,0,0.0025704254,0,0,0,0,0
assertj-core,0,0.057535887,0,0,0,1,1
assertj-core,0,0.0004560915,0,0,0,0,0
assertj-core,0,0.001735108,0,0,0,0,0
assertj-core,0,0.0007912404,0,0,0,0,0
assertj-core,0,0.00097349,0,0,0,0,0
assertj-core,0,0.0021895168,0,0,0,0,0
assertj-core,0,0.0028530525,0,0,0,0,0
assertj-core,0,0.0018040119,0,0,0,0,0
assertj-core,0,0.021746716,0,0,0,0,0
assertj-core,0,0.0011468311,0,0,0,0,0
assertj-core,0,0.016701533,0,0,0,0,0
assertj-core,0,0.0012986739,0,0,0,0,0
assertj-core,0,0.008953588,0,0,0,0,0
assertj-core,0,0.0014818155,0,0,0,0,0
assertj-core,0,0.0051168646,0,0,0,0,0
assertj-core,0,0.00095998374,0,0,0,0,0
assertj-core,0,0.0004614053,0,0,0,0,0
assertj-core,0,0.0009364287,0,0,0,0,0
assertj-core,0,0.00038662786,0,0,0,0,0
assertj-core,0,0.036257684,0,0,0,0,0
assertj-core,0,0.0003891857,0,0,0,0,0
assertj-core,0,0.0003891857,0,0,0,0,0
assertj-core,0,0.0003891857,0,0,0,0,0
assertj-core,0,0.0018631766,0,0,0,0,0
assertj-core,0,0.0018631766,0,0,0,0,0
assertj-core,0,0.0040588384,0,0,0,0,0
assertj-core,0,0.078332484,0,0,0,1,1
assertj-core,0,0.0040588384,0,0,0,0,0
assertj-core,0,0.0062848376,0,0,0,0,0
assertj-core,0,0.010262531,0,0,0,0,0
assertj-core,0,0.00096678047,0,0,0,0,0
assertj-core,0,0.007041459,0,0,0,0,0
assertj-core,0,0.0012579623,0,0,0,0,0
assertj-core,0,0.011633794,0,0,0,0,0
assertj-core,0,0.002162285,0,0,0,0,0
assertj-core,0,0.002788051,0,0,0,0,0
assertj-core,0,0.0017465184,0,0,0,0,0
assertj-core,0,0.0010373318,0,0,0,0,0
assertj-core,0,0.0012218399,0,0,0,0,0
assertj-core,0,0.0010607889,0,0,0,0,0
assertj-core,0,0.0018040119,0,0,0,0,0
assertj-core,0,0.0029804576,0,0,0,0,0
assertj-core,0,0.015611359,0,0,0,0,0
assertj-core,0,0.0015327026,0,0,0,0,0
assertj-core,0,0.012206424,0,0,0,0,0
assertj-core,0,0.0036171027,0,0,0,0,0
assertj-core,0,0.0015716838,0,0,0,0,0
assertj-core,0,0.0014194443,0,0,0,0,0
assertj-core,0,0.0015125263,0,0,0,0,0
assertj-core,0,0.0012961297,0,0,0,0,0
assertj-core,0,0.057535887,0,0,0,1,1
assertj-core,0,0.0019265183,0,0,0,0,0
assertj-core,0,0.0012075946,0,0,0,0,0
assertj-core,0,0.0027675668,0,0,0,0,0
assertj-core,0,0.0051990217,0,0,0,0,0
assertj-core,0,0.018153124,0,0,0,0,0
assertj-core,0,0.009197152,0,0,0,0,0
assertj-core,0,0.00096678047,0,0,0,0,0
assertj-core,0,0.0036116606,0,0,0,0,0
assertj-core,0,0.01740282,0,0,0,0,0
assertj-core,0,0.001304462,0,0,0,0,0
assertj-core,0,0.0012379433,0,0,0,0,0
assertj-core,0,0.042022448,0,0,0,1,0
assertj-core,0,0.0020870126,0,0,0,0,0
assertj-core,0,0.0018040119,0,0,0,0,0
assertj-core,0,0.0029804576,0,0,0,0,0
assertj-core,0,0.081415795,0,0,0,1,1
assertj-core,0,0.0021190282,0,0,0,0,0
assertj-core,0,0.010262531,0,0,0,0,0
assertj-core,0,0.00096678047,0,0,0,0,0
assertj-core,0,0.001024146,0,0,0,0,0
assertj-core,0,0.0016825604,0,0,0,0,0
assertj-core,0,0.0031591544,0,0,0,0,0
assertj-core,0,0.0012196609,0,0,0,0,0
assertj-core,0,0.011170538,0,0,0,0,0
assertj-core,0,0.04291028,0,0,0,1,0
assertj-core,0,0.0010607889,0,0,0,0,0
assertj-core,0,0.079999186,0,0,0,1,1
assertj-core,0,0.0048426213,0,0,0,0,0
assertj-core,0,0.002258914,0,0,0,0,0
assertj-core,0,0.0015860588,0,0,0,0,0
assertj-core,0,0.004031302,0,0,0,0,0
assertj-core,0,0.004031302,0,0,0,0,0
assertj-core,0,0.007041459,0,0,0,0,0
assertj-core,0,0.001077946,0,0,0,0,0
assertj-core,0,0.0011442793,0,0,0,0,0
assertj-core,0,0.011633794,0,0,0,0,0
assertj-core,0,0.0012579623,0,0,0,0,0
assertj-core,0,0.0013756637,0,0,0,0,0
assertj-core,0,0.0012379433,0,0,0,0,0
assertj-core,0,0.0013167672,0,0,0,0,0
assertj-core,0,0.0009880606,0,0,0,0,0
assertj-core,0,0.0018040119,0,0,0,0,0
assertj-core,0,0.008341157,0,0,0,0,0
assertj-core,0,0.055971492,0,0,0,1,1
assertj-core,0,0.020992192,0,0,0,0,0
assertj-core,0,0.0014867868,0,0,0,0,0
assertj-core,0,0.051488046,0,0,0,1,1
assertj-core,0,0.044287406,0,0,0,1,0
assertj-core,0,0.001882074,0,0,0,0,0
assertj-core,0,0.059776373,0,0,0,1,1
assertj-core,0,0.013066578,0,0,0,0,0
assertj-core,0,0.0010607889,0,0,0,0,0
assertj-core,0,0.018153124,0,0,0,0,0
assertj-core,0,0.002466359,0,0,0,0,0
assertj-core,0,0.011919468,0,0,0,0,0
assertj-core,0,0.00094135903,0,0,0,0,0
assertj-core,0,0.0013167672,0,0,0,0,0
assertj-core,0,0.0012218399,0,0,0,0,0
assertj-core,0,0.0012947429,0,0,0,0,0
assertj-core,0,0.0013073251,0,0,0,0,0
assertj-core,0,0.051799577,0,0,0,1,1
assertj-core,0,0.0012579623,0,0,0,0,0
assertj-core,0,0.016645603,0,0,0,0,0
assertj-core,0,0.008196286,0,0,0,0,0
assertj-core,0,0.005000149,0,0,0,0,0
assertj-core,0,0.0010272738,0,0,0,0,0
assertj-core,0,0.051799577,0,0,0,1,1
assertj-core,0,0.0129164355,0,0,0,0,0
assertj-core,0,0.0077739456,0,0,0,0,0
assertj-core,0,0.044546537,0,0,0,1,0
assertj-core,0,0.024779774,0,0,0,0,0
assertj-core,0,0.0023632622,0,0,0,0,0
assertj-core,0,0.046353612,0,0,0,1,0
assertj-core,0,0.0030245492,0,0,0,0,0
assertj-core,0,0.0040588384,0,0,0,0,0
assertj-core,0,0.010541329,0,0,0,0,0
assertj-core,0,0.0015436816,0,0,0,0,0
assertj-core,0,0.0030245492,0,0,0,0,0
assertj-core,0,0.0051990217,0,0,0,0,0
assertj-core,0,0.051388957,0,0,0,1,0
assertj-core,0,0.0010138022,0,0,0,0,0
assertj-core,0,0.0017684273,0,0,0,0,0
assertj-core,0,0.018532395,0,0,0,0,0
assertj-core,0,0.007982498,0,0,0,0,0
assertj-core,0,0.001120253,0,0,0,0,0
assertj-core,0,0.0012095988,0,0,0,0,0
assertj-core,0,0.0012323874,0,0,0,0,0
assertj-core,0,0.0009654321,0,0,0,0,0
assertj-core,0,0.008341157,0,0,0,0,0
assertj-core,0,0.002175258,0,0,0,0,0
assertj-core,0,0.063634865,0,0,0,1,1
assertj-core,0,0.0006745658,0,0,0,0,0
assertj-core,0,0.0016664966,0,0,0,0,0
assertj-core,0,0.016661603,0,0,0,0,0
assertj-core,0,0.0015464873,0,0,0,0,0
assertj-core,0,0.000888666,0,0,0,0,0
assertj-core,0,0.0025194725,0,0,0,0,0
assertj-core,0,0.001569877,0,0,0,0,0
assertj-core,0,0.07146879,0,0,0,1,1
assertj-core,0,0.0010930154,0,0,0,0,0
assertj-core,0,0.013984197,0,0,0,0,0
assertj-core,0,0.0007693552,0,0,0,0,0
assertj-core,0,0.00080378633,0,0,0,0,0
assertj-core,0,0.06848243,0,0,0,1,1
assertj-core,0,0.0019004117,0,0,0,0,0
assertj-core,0,0.008953588,0,0,0,0,0
assertj-core,0,0.0010009244,0,0,0,0,0
assertj-core,0,0.0011911244,0,0,0,0,0
assertj-core,0,0.0012938257,0,0,0,0,0
assertj-core,0,0.0013900144,0,0,0,0,0
assertj-core,0,0.0015125263,0,0,0,0,0
assertj-core,0,0.0010255518,0,0,0,0,0
assertj-core,0,0.015276012,0,0,0,0,0
assertj-core,0,0.012206424,0,0,0,0,0
assertj-core,0,0.06308914,0,0,0,1,1
assertj-core,0,0.0011791297,0,0,0,0,0
assertj-core,0,0.0034990131,0,0,0,0,0
assertj-core,0,0.001036497,0,0,0,0,0
assertj-core,0,0.00095456885,0,0,0,0,0
assertj-core,0,0.07318797,0,0,0,1,1
assertj-core,0,0.01290602,0,0,0,0,0
assertj-core,0,0.0009632536,0,0,0,0,0
assertj-core,0,0.0011521303,0,0,0,0,0
assertj-core,0,0.0011620091,0,0,0,0,0
assertj-core,0,0.002688227,0,0,0,0,0
assertj-core,0,0.051467035,0,0,0,1,1
assertj-core,0,0.0011779839,0,0,0,0,0
assertj-core,0,0.0011779839,0,0,0,0,0
assertj-core,0,0.0010607889,0,0,0,0,0
assertj-core,0,0.0093760695,0,0,0,0,0
assertj-core,0,0.000634532,0,0,0,0,0
assertj-core,0,0.0004475186,0,0,0,0,0
assertj-core,0,0.00070536794,0,0,0,0,0
assertj-core,0,0.056018792,0,0,0,1,1
assertj-core,0,0.0031856298,0,0,0,0,0
assertj-core,0,0.0015381785,0,0,0,0,0
assertj-core,0,0.06633425,0,0,0,1,1
assertj-core,0,0.0013756637,0,0,0,0,0
assertj-core,0,0.0011911244,0,0,0,0,0
assertj-core,0,0.0125586605,0,0,0,0,0
assertj-core,0,0.012066768,0,0,0,0,0
assertj-core,0,0.0007559439,0,0,0,0,0
assertj-core,0,0.056018792,0,0,0,1,1
assertj-core,0,0.0011779839,0,0,0,0,0
assertj-core,0,0.049629807,0,0,0,1,0
assertj-core,0,0.0010607889,0,0,0,0,0
assertj-core,0,0.0004588836,0,0,0,0,0
assertj-core,0,0.015596139,0,0,0,0,0
assertj-core,0,0.0018702896,0,0,0,0,0
assertj-core,0,0.0010532447,0,0,0,0,0
assertj-core,0,0.010672097,0,0,0,0,0
assertj-core,0,0.013984197,0,0,0,0,0
assertj-core,0,0.06308914,0,0,0,1,1
assertj-core,0,0.0011791297,0,0,0,0,0
assertj-core,0,0.002840051,0,0,0,0,0
assertj-core,0,0.013829269,0,0,0,0,0
assertj-core,0,0.0018497151,0,0,0,0,0
assertj-core,0,0.0012218399,0,0,0,0,0
assertj-core,0,0.05241354,0,0,0,1,1
assertj-core,0,0.0010642782,0,0,0,0,0
assertj-core,0,0.0008306179,0,0,0,0,0
assertj-core,0,0.015276012,0,0,0,0,0
assertj-core,0,0.0006153182,0,0,0,0,0
assertj-core,0,0.069746554,0,0,0,1,1
assertj-core,0,0.000549928,0,0,0,0,0
assertj-core,0,0.00060438126,0,0,0,0,0
assertj-core,0,0.0007494714,0,0,0,0,0
assertj-core,0,0.014325626,0,0,0,0,0
assertj-core,0,0.0018702896,0,0,0,0,0
assertj-core,0,0.012206424,0,0,0,0,0
assertj-core,0,0.00096678047,0,0,0,0,0
assertj-core,0,0.05241354,0,0,0,1,1
assertj-core,0,0.001310343,0,0,0,0,0
assertj-core,0,0.0011911244,0,0,0,0,0
assertj-core,0,0.0011911244,0,0,0,0,0
assertj-core,0,0.063634865,0,0,0,1,1
assertj-core,0,0.0006745658,0,0,0,0,0
assertj-core,0,0.017010255,0,0,0,0,0
assertj-core,0,0.0006153182,0,0,0,0,0
assertj-core,0,0.0007785807,0,0,0,0,0
assertj-core,0,0.0012101255,0,0,0,0,0
assertj-core,0,0.076527156,0,0,0,1,1
assertj-core,0,0.001212541,0,0,0,0,0
assertj-core,0,0.01619411,0,0,0,0,0
assertj-core,0,0.024595413,0,0,0,0,0
assertj-core,0,0.0015085723,0,0,0,0,0
assertj-core,0,0.05410309,0,0,0,1,1
assertj-core,0,0.009393034,0,0,0,0,0
assertj-core,0,0.024595413,0,0,0,0,0
assertj-core,0,0.052944858,0,0,0,1,1
assertj-core,0,0.00048923766,0,0,0,0,0
assertj-core,0,0.014972115,0,0,0,0,0
assertj-core,0,0.001292876,0,0,0,0,0
assertj-core,0,0.020145476,0,0,0,0,0
assertj-core,0,0.052944858,0,0,0,1,1
assertj-core,0,0.009393034,0,0,0,0,0
assertj-core,0,0.08832977,0,0,0,1,1
assertj-core,0,0.0005097769,0,0,0,0,0
assertj-core,0,0.010893292,0,0,0,0,0
assertj-core,0,0.021189181,0,0,0,0,0
assertj-core,0,0.0054494888,0,0,0,0,0
assertj-core,0,0.008953588,0,0,0,0,0
assertj-core,0,0.0068605873,0,0,0,0,0
assertj-core,0,0.00048624777,0,0,0,0,0
assertj-core,0,0.0019841848,0,0,0,0,0
assertj-core,0,0.00038002947,0,0,0,0,0
assertj-core,0,0.0030946513,0,0,0,0,0
assertj-core,0,0.007842457,0,0,0,0,0
assertj-core,0,0.0010219548,0,0,0,0,0
assertj-core,0,0.00038002947,0,0,0,0,0
assertj-core,0,0.0036850753,0,0,0,0,0
assertj-core,0,0.00038002947,0,0,0,0,0
assertj-core,0,0.0019836552,0,0,0,0,0
assertj-core,0,0.05201447,0,0,0,1,1
assertj-core,0,0.009823106,0,0,0,0,0
assertj-core,0,0.018230204,0,0,0,0,0
assertj-core,0,0.004045198,0,0,0,0,0
assertj-core,0,0.010119893,0,0,0,0,0
assertj-core,0,0.004472586,0,0,0,0,0
assertj-core,0,0.0013236653,0,0,0,0,0
assertj-core,0,0.0004560915,0,0,0,0,0
assertj-core,0,0.0011791083,0,0,0,0,0
assertj-core,0,0.053143658,0,0,0,1,1
assertj-core,0,0.000429576,0,0,0,0,0
assertj-core,0,0.0015404725,0,0,0,0,0
assertj-core,0,0.00037982245,0,0,0,0,0
assertj-core,0,0.007850665,0,0,0,0,0
assertj-core,0,0.016054407,0,0,0,0,0
assertj-core,0,0.017271664,0,0,0,0,0
assertj-core,0,0.009620709,0,0,0,0,0
assertj-core,0,0.0026000487,0,0,0,0,0
assertj-core,0,0.0029661523,0,0,0,0,0
assertj-core,0,0.008953588,0,0,0,0,0
assertj-core,0,0.07465592,0,0,0,1,1
assertj-core,0,0.0010037171,0,0,0,0,0
assertj-core,0,0.00043873594,0,0,0,0,0
assertj-core,0,0.0015227579,0,0,0,0,0
assertj-core,0,0.0014744378,0,0,0,0,0
assertj-core,0,0.0047794958,0,0,0,0,0
assertj-core,0,0.0006685271,0,0,0,0,0
assertj-core,0,0.015611359,0,0,0,0,0
assertj-core,0,0.013303838,0,0,0,0,0
assertj-core,0,0.0005974532,0,0,0,0,0
assertj-core,0,0.0006174663,0,0,0,0,0
assertj-core,0,0.00053056976,0,0,0,0,0
assertj-core,0,0.0014610362,0,0,0,0,0
assertj-core,0,0.0005054756,0,0,0,0,0
assertj-core,0,0.0526401,0,0,0,1,1
assertj-core,0,0.0005276941,0,0,0,0,0
assertj-core,0,0.020242063,0,0,0,0,0
assertj-core,0,0.005816192,0,0,0,0,0
assertj-core,0,0.00617053,0,0,0,0,0
assertj-core,0,0.005648027,0,0,0,0,0
assertj-core,0,0.00038873052,0,0,0,0,0
assertj-core,0,0.001000066,0,0,0,0,0
assertj-core,0,0.0027622709,0,0,0,0,0
assertj-core,0,0.001000066,0,0,0,0,0
assertj-core,0,0.0016482546,0,0,0,0,0
assertj-core,0,0.001000066,0,0,0,0,0
assertj-core,0,0.0010853559,0,0,0,0,0
assertj-core,0,0.0011508326,0,0,0,0,0
assertj-core,0,0.0021439856,0,0,0,0,0
assertj-core,0,0.052241456,0,0,0,1,1
assertj-core,0,0.0101732975,0,0,0,0,0
assertj-core,0,0.0009314394,0,0,0,0,0
assertj-core,0,0.0009864433,0,0,0,0,0
assertj-core,0,0.0075150784,0,0,0,0,0
assertj-core,0,0.0010733124,0,0,0,0,0
assertj-core,0,0.018733226,0,0,0,0,0
assertj-core,0,0.009898592,0,0,0,0,0
assertj-core,0,0.0035966907,0,0,0,0,0
assertj-core,0,0.005648027,0,0,0,0,0
assertj-core,0,0.00038632995,0,0,0,0,0
assertj-core,0,0.004513551,0,0,0,0,0
assertj-core,0,0.0030412136,0,0,0,0,0
assertj-core,0,0.0064878026,0,0,0,0,0
assertj-core,0,0.0004419151,0,0,0,0,0
assertj-core,0,0.03706516,0,0,0,0,0
assertj-core,0,0.00044896032,0,0,0,0,0
assertj-core,0,0.0008942228,0,0,0,0,0
assertj-core,0,0.0011088722,0,0,0,0,0
assertj-core,0,0.07559212,0,0,0,1,1
assertj-core,0,0.004554959,0,0,0,0,0
assertj-core,0,0.0015768042,0,0,0,0,0
assertj-core,0,0.010356934,0,0,0,0,0
assertj-core,0,0.009197152,0,0,0,0,0
assertj-core,0,0.0068605873,0,0,0,0,0
assertj-core,0,0.0032882516,0,0,0,0,0
assertj-core,0,0.0009944519,0,0,0,0,0
assertj-core,0,0.0018879783,0,0,0,0,0
assertj-core,0,0.0017957867,0,0,0,0,0
assertj-core,0,0.00097349,0,0,0,0,0
assertj-core,0,0.0011437692,0,0,0,0,0
assertj-core,0,0.00332794,0,0,0,0,0
assertj-core,0,0.004860313,0,0,0,0,0
assertj-core,0,0.028121263,0,0,0,0,0
assertj-core,0,0.0007153183,0,0,0,0,0
assertj-core,0,0.0056658424,0,0,0,0,0
assertj-core,0,0.0007153183,0,0,0,0,0
assertj-core,0,0.009197152,0,0,0,0,0
assertj-core,0,0.005000149,0,0,0,0,0
assertj-core,0,0.002182409,0,0,0,0,0
assertj-core,0,0.0004945776,0,0,0,0,0
assertj-core,0,0.00038002947,0,0,0,0,0
assertj-core,0,0.00261791,0,0,0,0,0
assertj-core,0,0.00038515672,0,0,0,0,0
assertj-core,0,0.04945243,0,0,0,1,0
assertj-core,0,0.0006720149,0,0,0,0,0
assertj-core,0,0.0006720149,0,0,0,0,0
assertj-core,0,0.0005125363,0,0,0,0,0
assertj-core,0,0.0064443923,0,0,0,0,0
assertj-core,0,0.015678125,0,0,0,0,0
assertj-core,0,0.006314388,0,0,0,0,0
assertj-core,0,0.0013261366,0,0,0,0,0
assertj-core,0,0.009321199,0,0,0,0,0
assertj-core,0,0.0036450827,0,0,0,0,0
assertj-core,0,0.0012977405,0,0,0,0,0
assertj-core,0,0.039654136,0,0,0,0,0
assertj-core,0,0.004392476,0,0,0,0,0
assertj-core,0,0.01012179,0,0,0,0,0
assertj-core,0,0.0008858176,0,0,0,0,0
assertj-core,0,0.055971492,0,0,0,1,1
assertj-core,0,0.0010113105,0,0,0,0,0
assertj-core,0,0.00092635973,0,0,0,0,0
assertj-core,0,0.0010784258,0,0,0,0,0
assertj-core,0,0.00092635973,0,0,0,0,0
assertj-core,0,0.0069469097,0,0,0,0,0
assertj-core,0,0.0017788283,0,0,0,0,0
assertj-core,0,0.02163049,0,0,0,0,0
assertj-core,0,0.0017684273,0,0,0,0,0
assertj-core,0,0.01514999,0,0,0,0,0
assertj-core,0,0.00085596746,0,0,0,0,0
assertj-core,0,0.00047538034,0,0,0,0,0
assertj-core,0,0.056796122,0,0,0,1,1
assertj-core,0,0.00066353794,0,0,0,0,0
assertj-core,0,0.0007800496,0,0,0,0,0
assertj-core,0,0.072035335,0,0,0,1,1
assertj-core,0,0.013754773,0,0,0,0,0
assertj-core,0,0.0012792618,0,0,0,0,0
assertj-core,0,0.01307124,0,0,0,0,0
assertj-core,0,0.0007211719,0,0,0,0,0
assertj-core,0,0.0006426086,0,0,0,0,0
assertj-core,0,0.0012827537,0,0,0,0,0
assertj-core,0,0.050095223,0,0,0,1,0
assertj-core,0,0.021989832,0,0,0,0,0
assertj-core,0,0.08832977,0,0,0,1,1
assertj-core,0,0.00048923766,0,0,0,0,0
assertj-core,0,0.009393034,0,0,0,0,0
assertj-core,0,0.0011442793,0,0,0,0,0
assertj-core,0,0.018952884,0,0,0,0,0
assertj-core,0,0.051488046,0,0,0,1,1
assertj-core,0,0.0005733835,0,0,0,0,0
assertj-core,0,0.0011911244,0,0,0,0,0
assertj-core,0,0.0011911244,0,0,0,0,0
assertj-core,0,0.07346833,0,0,0,1,1
assertj-core,0,0.006587269,0,0,0,0,0
assertj-core,0,0.0015230312,0,0,0,0,0
assertj-core,0,0.00430391,0,0,0,0,0
assertj-core,0,0.015750935,0,0,0,0,0
assertj-core,0,0.0061385604,0,0,0,0,0
assertj-core,0,0.004805242,0,0,0,0,0
assertj-core,0,0.0018866819,0,0,0,0,0
assertj-core,0,0.0011097399,0,0,0,0,0
assertj-core,0,0.002374164,0,0,0,0,0
assertj-core,0,0.0013080686,0,0,0,0,0
assertj-core,0,0.0022789747,0,0,0,0,0
assertj-core,0,0.0022594882,0,0,0,0,0
assertj-core,0,0.008787366,0,0,0,0,0
assertj-core,0,0.007756039,0,0,0,0,0
assertj-core,0,0.00053947966,0,0,0,0,0
assertj-core,0,0.004744916,0,0,0,0,0
assertj-core,0,0.046472397,0,0,0,1,0
assertj-core,0,0.001010878,0,0,0,0,0
assertj-core,0,0.0015336177,0,0,0,0,0
assertj-core,0,0.0010219548,0,0,0,0,0
assertj-core,0,0.0010219548,0,0,0,0,0
assertj-core,0,0.007756039,0,0,0,0,0
assertj-core,0,0.00127803,0,0,0,0,0
assertj-core,0,0.008635846,0,0,0,0,0
assertj-core,0,0.0661565,0,0,0,1,1
assertj-core,0,0.00078971847,0,0,0,0,0
assertj-core,0,0.00078971847,0,0,0,0,0
assertj-core,0,0.0014489051,0,0,0,0,0
assertj-core,0,0.0009550133,0,0,0,0,0
assertj-core,0,0.051488046,0,0,0,1,1
assertj-core,0,0.00094225287,0,0,0,0,0
assertj-core,0,0.052784238,0,0,0,1,1
assertj-core,0,0.0022756215,0,0,0,0,0
assertj-core,0,0.0027131035,0,0,0,0,0
assertj-core,0,0.0036714522,0,0,0,0,0
assertj-core,0,0.09018838,0,0,0,1,1
assertj-core,0,0.002294066,0,0,0,0,0
assertj-core,0,0.012803459,0,0,0,0,0
assertj-core,0,0.021186735,0,0,0,0,0
assertj-core,0,0.00048923766,0,0,0,0,0
assertj-core,0,0.052944858,0,0,0,1,1
assertj-core,0,0.012149562,0,0,0,0,0
assertj-core,0,0.0222729,0,0,0,0,0
assertj-core,0,0.05410309,0,0,0,1,1
assertj-core,0,0.0013102132,0,0,0,0,0
assertj-core,0,0.009393034,0,0,0,0,0
assertj-core,0,0.0022389167,0,0,0,0,0
assertj-core,0,0.024595413,0,0,0,0,0
assertj-core,0,0.052944858,0,0,0,1,1
assertj-core,0,0.010893292,0,0,0,0,0
assertj-core,0,0.019177986,0,0,0,0,0
assertj-core,0,0.0063647255,0,0,0,0,0
assertj-core,0,0.001077946,0,0,0,0,0
assertj-core,0,0.0010535517,0,0,0,0,0
assertj-core,0,0.0004495806,0,0,0,0,0
assertj-core,0,0.0009451313,0,0,0,0,0
assertj-core,0,0.0015703234,0,0,0,0,0
assertj-core,0,0.001077946,0,0,0,0,0
assertj-core,0,0.047254212,0,0,0,1,0
assertj-core,0,0.0004495806,0,0,0,0,0
assertj-core,0,0.0015703234,0,0,0,0,0
assertj-core,0,0.0015703234,0,0,0,0,0
assertj-core,0,0.011323306,0,0,0,0,0
assertj-core,0,0.0027330404,0,0,0,0,0
assertj-core,0,0.005024801,0,0,0,0,0
assertj-core,0,0.057782434,0,0,0,1,1
assertj-core,0,0.015318945,0,0,0,0,0
assertj-core,0,0.00094225287,0,0,0,0,0
assertj-core,0,0.0012218399,0,0,0,0,0
assertj-core,0,0.0012218399,0,0,0,0,0
assertj-core,0,0.0011442793,0,0,0,0,0
assertj-core,0,0.016645603,0,0,0,0,0
assertj-core,0,0.0013900144,0,0,0,0,0
assertj-core,0,0.0017928069,0,0,0,0,0
assertj-core,0,0.053013187,0,0,0,1,1
assertj-core,0,0.0030957726,0,0,0,0,0
assertj-core,0,0.008942024,0,0,0,0,0
assertj-core,0,0.0051346687,0,0,0,0,0
assertj-core,0,0.055971492,0,0,0,1,1
assertj-core,0,0.0016949002,0,0,0,0,0
assertj-core,0,0.0051346687,0,0,0,0,0
assertj-core,0,0.013394147,0,0,0,0,0
assertj-core,0,0.005802199,0,0,0,0,0
assertj-core,0,0.0019405135,0,0,0,0,0
assertj-core,0,0.0016148762,0,0,0,0,0
assertj-core,0,0.0010219548,0,0,0,0,0
assertj-core,0,0.0013080686,0,0,0,0,0
assertj-core,0,0.0010390378,0,0,0,0,0
assertj-core,0,0.009102637,0,0,0,0,0
assertj-core,0,0.0016775251,0,0,0,0,0
assertj-core,0,0.022500478,0,0,0,0,0
assertj-core,0,0.0020250296,0,0,0,0,0
assertj-core,0,0.059818313,0,0,0,1,1
assertj-core,0,0.000996998,0,0,0,0,0
assertj-core,0,0.0014290402,0,0,0,0,0
assertj-core,0,0.0031476365,0,0,0,0,0
assertj-core,0,0.008794562,0,0,0,0,0
assertj-core,0,0.024851266,0,0,0,0,0
assertj-core,0,0.0030808893,0,0,0,0,0
assertj-core,0,0.0013936722,0,0,0,0,0
assertj-core,0,0.047974627,0,0,0,1,0
assertj-core,0,0.0011016867,0,0,0,0,0
assertj-core,0,0.004548557,0,0,0,0,0
assertj-core,0,0.0012490257,0,0,0,0,0
assertj-core,0,0.0021360614,0,0,0,0,0
assertj-core,0,0.02541141,0,0,0,0,0
assertj-core,0,0.002902505,0,0,0,0,0
assertj-core,0,0.047974627,0,0,0,1,0
assertj-core,0,0.0014493528,0,0,0,0,0
assertj-core,0,0.001448936,0,0,0,0,0
assertj-core,0,0.0010607889,0,0,0,0,0
assertj-core,0,0.0016105429,0,0,0,0,0
assertj-core,0,0.0014033141,0,0,0,0,0
assertj-core,0,0.022500478,0,0,0,0,0
assertj-core,0,0.0021165775,0,0,0,0,0
assertj-core,0,0.049564835,0,0,0,1,0
assertj-core,0,0.001115841,0,0,0,0,0
assertj-core,0,0.0016162836,0,0,0,0,0
assertj-core,0,0.0014649858,0,0,0,0,0
assertj-core,0,0.008569043,0,0,0,0,0
assertj-core,0,0.002258914,0,0,0,0,0
assertj-core,0,0.011633794,0,0,0,0,0
assertj-core,0,0.0014468072,0,0,0,0,0
assertj-core,0,0.018153124,0,0,0,0,0
assertj-core,0,0.0015860588,0,0,0,0,0
assertj-core,0,0.011040544,0,0,0,0,0
assertj-core,0,0.0010607889,0,0,0,0,0
assertj-core,0,0.0010607889,0,0,0,0,0
assertj-core,0,0.046638537,0,0,0,1,0
assertj-core,0,0.00093799713,0,0,0,0,0
assertj-core,0,0.0026032631,0,0,0,0,0
assertj-core,0,0.0021008023,0,0,0,0,0
assertj-core,0,0.016722688,0,0,0,0,0
assertj-core,0,0.009320525,0,0,0,0,0
assertj-core,0,0.0049662376,0,0,0,0,0
assertj-core,0,0.0013801411,0,0,0,0,0
assertj-core,0,0.0012490257,0,0,0,0,0
assertj-core,0,0.051069286,0,0,0,1,0
assertj-core,0,0.0031476365,0,0,0,0,0
assertj-core,0,0.02125243,0,0,0,0,0
assertj-core,0,0.0055501405,0,0,0,0,0
assertj-core,0,0.0028228622,0,0,0,0,0
assertj-core,0,0.059776373,0,0,0,1,1
assertj-core,0,0.010262531,0,0,0,0,0
assertj-core,0,0.0037057172,0,0,0,0,0
assertj-core,0,0.0011351375,0,0,0,0,0
assertj-core,0,0.0011617391,0,0,0,0,0
assertj-core,0,0.0012075946,0,0,0,0,0
assertj-core,0,0.0027675668,0,0,0,0,0
assertj-core,0,0.002215584,0,0,0,0,0
assertj-core,0,0.0031712896,0,0,0,0,0
assertj-core,0,0.02185995,0,0,0,0,0
assertj-core,0,0.008833901,0,0,0,0,0
assertj-core,0,0.010262531,0,0,0,0,0
assertj-core,0,0.0016127111,0,0,0,0,0
assertj-core,0,0.007041459,0,0,0,0,0
assertj-core,0,0.0031223658,0,0,0,0,0
assertj-core,0,0.0013947735,0,0,0,0,0
assertj-core,0,0.0006467985,0,0,0,0,0
assertj-core,0,0.00050404517,0,0,0,0,0
assertj-core,0,0.0006739532,0,0,0,0,0
assertj-core,0,0.000562793,0,0,0,0,0
assertj-core,0,0.003819277,0,0,0,0,0
assertj-core,0,0.000562793,0,0,0,0,0
assertj-core,0,0.0006373063,0,0,0,0,0
assertj-core,0,0.000948001,0,0,0,0,0
assertj-core,0,0.00056793384,0,0,0,0,0
assertj-core,0,0.047254212,0,0,0,1,0
assertj-core,0,0.0020870126,0,0,0,0,0
assertj-core,0,0.0020870126,0,0,0,0,0
assertj-core,0,0.003351492,0,0,0,0,0
assertj-core,0,0.0055501405,0,0,0,0,0
assertj-core,0,0.0021730256,0,0,0,0,0
assertj-core,0,0.004268911,0,0,0,0,0
assertj-core,0,0.00094176584,0,0,0,0,0
assertj-core,0,0.0051168646,0,0,0,0,0
assertj-core,0,0.0009775902,0,0,0,0,0
assertj-core,0,0.0011508611,0,0,0,0,0
assertj-core,0,0.0012379433,0,0,0,0,0
assertj-core,0,0.0010459074,0,0,0,0,0
assertj-core,0,0.0013693151,0,0,0,0,0
assertj-core,0,0.08048419,0,0,0,1,1
assertj-core,0,0.0018631766,0,0,0,0,0
assertj-core,0,0.011491931,0,0,0,0,0
assertj-core,0,0.017412992,0,0,0,0,0
assertj-core,0,0.0011442793,0,0,0,0,0
assertj-core,0,0.008953588,0,0,0,0,0
assertj-core,0,0.00147928,0,0,0,0,0
assertj-core,0,0.007770845,0,0,0,0,0
assertj-core,0,0.0012579623,0,0,0,0,0
assertj-core,0,0.0010138022,0,0,0,0,0
assertj-core,0,0.0013935998,0,0,0,0,0
assertj-core,0,0.0009621567,0,0,0,0,0
assertj-core,0,0.051799577,0,0,0,1,1
assertj-core,0,0.004370506,0,0,0,0,0
assertj-core,0,0.0013935998,0,0,0,0,0
assertj-core,0,0.00077311596,0,0,0,0,0
assertj-core,0,0.00097349,0,0,0,0,0
assertj-core,0,0.00089558115,0,0,0,0,0
assertj-core,0,0.00651639,0,0,0,0,0
assertj-core,0,0.001984453,0,0,0,0,0
assertj-core,0,0.021746716,0,0,0,0,0
assertj-core,0,0.001954195,0,0,0,0,0
assertj-core,0,0.005561725,0,0,0,0,0
assertj-core,0,0.0010277017,0,0,0,0,0
assertj-core,0,0.008953588,0,0,0,0,0
assertj-core,0,0.0014818155,0,0,0,0,0
assertj-core,0,0.005802199,0,0,0,0,0
assertj-core,0,0.00095998374,0,0,0,0,0
assertj-core,0,0.00047222563,0,0,0,0,0
assertj-core,0,0.00079246104,0,0,0,0,0
assertj-core,0,0.001012207,0,0,0,0,0
assertj-core,0,0.033297665,0,0,0,0,0
assertj-core,0,0.0010197117,0,0,0,0,0
assertj-core,0,0.0003891857,0,0,0,0,0
assertj-core,0,0.00053759804,0,0,0,0,0
assertj-core,0,0.007850665,0,0,0,0,0
assertj-core,0,0.003865908,0,0,0,0,0
assertj-core,0,0.0038713985,0,0,0,0,0
assertj-core,0,0.079999186,0,0,0,1,1
assertj-core,0,0.0023951626,0,0,0,0,0
assertj-core,0,0.004403195,0,0,0,0,0
assertj-core,0,0.003590551,0,0,0,0,0
assertj-core,0,0.0010985897,0,0,0,0,0
assertj-core,0,0.0068605873,0,0,0,0,0
assertj-core,0,0.0011057463,0,0,0,0,0
assertj-core,0,0.001259639,0,0,0,0,0
assertj-core,0,0.0011141961,0,0,0,0,0
assertj-core,0,0.0011260235,0,0,0,0,0
assertj-core,0,0.001036497,0,0,0,0,0
assertj-core,0,0.0010373318,0,0,0,0,0
assertj-core,0,0.001036497,0,0,0,0,0
assertj-core,0,0.0009880606,0,0,0,0,0
assertj-core,0,0.002159256,0,0,0,0,0
assertj-core,0,0.0027794654,0,0,0,0,0
assertj-core,0,0.015611359,0,0,0,0,0
assertj-core,0,0.002258914,0,0,0,0,0
assertj-core,0,0.012206424,0,0,0,0,0
assertj-core,0,0.00094135903,0,0,0,0,0
assertj-core,0,0.0012268546,0,0,0,0,0
assertj-core,0,0.0041228756,0,0,0,0,0
assertj-core,0,0.0012218399,0,0,0,0,0
assertj-core,0,0.0012218399,0,0,0,0,0
assertj-core,0,0.05630854,0,0,0,1,1
assertj-core,0,0.0037338429,0,0,0,0,0
assertj-core,0,0.0039802487,0,0,0,0,0
assertj-core,0,0.002788051,0,0,0,0,0
assertj-core,0,0.0052351924,0,0,0,0,0
assertj-core,0,0.018153124,0,0,0,0,0
assertj-core,0,0.008953588,0,0,0,0,0
assertj-core,0,0.00096678047,0,0,0,0,0
assertj-core,0,0.0013487276,0,0,0,0,0
assertj-core,0,0.014547975,0,0,0,0,0
assertj-core,0,0.0013380954,0,0,0,0,0
assertj-core,0,0.0037200507,0,0,0,0,0
assertj-core,0,0.053133424,0,0,0,1,1
assertj-core,0,0.0029804576,0,0,0,0,0
assertj-core,0,0.0018040119,0,0,0,0,0
assertj-core,0,0.01699067,0,0,0,0,0
assertj-core,0,0.080824815,0,0,0,1,1
assertj-core,0,0.0010138854,0,0,0,0,0
assertj-core,0,0.016349535,0,0,0,0,0
assertj-core,0,0.0015192053,0,0,0,0,0
assertj-core,0,0.0019429392,0,0,0,0,0
assertj-core,0,0.001916096,0,0,0,0,0
assertj-core,0,0.0011351375,0,0,0,0,0
assertj-core,0,0.0012196609,0,0,0,0,0
assertj-core,0,0.016993925,0,0,0,0,0
assertj-core,0,0.051467035,0,0,0,1,1
assertj-core,0,0.0010607889,0,0,0,0,0
assertj-core,0,0.078332484,0,0,0,1,1
assertj-core,0,0.0040588384,0,0,0,0,0
assertj-core,0,0.0030245492,0,0,0,0,0
assertj-core,0,0.0051990217,0,0,0,0,0
assertj-core,0,0.010541329,0,0,0,0,0
assertj-core,0,0.0015436816,0,0,0,0,0
assertj-core,0,0.007770845,0,0,0,0,0
assertj-core,0,0.0010138022,0,0,0,0,0
assertj-core,0,0.0030245492,0,0,0,0,0
assertj-core,0,0.0051396256,0,0,0,0,0
assertj-core,0,0.0026224123,0,0,0,0,0
assertj-core,0,0.012750734,0,0,0,0,0
assertj-core,0,0.0010135754,0,0,0,0,0
assertj-core,0,0.0011911244,0,0,0,0,0
assertj-core,0,0.001036497,0,0,0,0,0
assertj-core,0,0.0018040119,0,0,0,0,0
assertj-core,0,0.0018040119,0,0,0,0,0
assertj-core,0,0.04427659,0,0,0,1,0
assertj-core,0,0.018999336,0,0,0,0,0
assertj-core,0,0.0023581772,0,0,0,0,0
assertj-core,0,0.04427659,0,0,0,1,0
assertj-core,0,0.046735853,0,0,0,1,0
assertj-core,0,0.0013693151,0,0,0,0,0
assertj-core,0,0.051488046,0,0,0,1,1
assertj-core,0,0.009294404,0,0,0,0,0
assertj-core,0,0.0012379433,0,0,0,0,0
assertj-core,0,0.015611359,0,0,0,0,0
assertj-core,0,0.0021808706,0,0,0,0,0
assertj-core,0,0.012206424,0,0,0,0,0
assertj-core,0,0.001185784,0,0,0,0,0
assertj-core,0,0.0029064904,0,0,0,0,0
assertj-core,0,0.0010607889,0,0,0,0,0
assertj-core,0,0.0011530827,0,0,0,0,0
assertj-core,0,0.0010607889,0,0,0,0,0
assertj-core,0,0.044929415,0,0,0,1,0
assertj-core,0,0.0010607889,0,0,0,0,0
assertj-core,0,0.016993925,0,0,0,0,0
assertj-core,0,0.008196286,0,0,0,0,0
assertj-core,0,0.005000149,0,0,0,0,0
assertj-core,0,0.00096342625,0,0,0,0,0
assertj-core,0,0.051799577,0,0,0,1,1
assertj-core,0,0.013066578,0,0,0,0,0
assertj-core,0,0.009282649,0,0,0,0,0
assertj-core,0,0.044546537,0,0,0,1,0
assertj-core,0,0.021147754,0,0,0,0,0
assertj-core,0,0.0033684962,0,0,0,0,0
assertj-core,0,0.045959186,0,0,0,1,0
assertj-core,0,0.011633794,0,0,0,0,0
assertj-core,0,0.0062848376,0,0,0,0,0
assertj-core,0,0.010541329,0,0,0,0,0
assertj-core,0,0.0016127111,0,0,0,0,0
assertj-core,0,0.011633794,0,0,0,0,0
assertj-core,0,0.0013353582,0,0,0,0,0
assertj-core,0,0.051899944,0,0,0,1,1
assertj-core,0,0.0012579623,0,0,0,0,0
assertj-core,0,0.0043404363,0,0,0,0,0
assertj-core,0,0.018153124,0,0,0,0,0
assertj-core,0,0.0031223658,0,0,0,0,0
assertj-core,0,0.0014258513,0,0,0,0,0
assertj-core,0,0.0011136832,0,0,0,0,0
assertj-core,0,0.0012827537,0,0,0,0,0
assertj-core,0,0.0009880606,0,0,0,0,0
assertj-core,0,0.0018040119,0,0,0,0,0
assertj-core,0,0.001984453,0,0,0,0,0
assertj-core,0,0.013984197,0,0,0,0,0
assertj-core,0,0.00096678047,0,0,0,0,0
assertj-core,0,0.003864371,0,0,0,0,0
assertj-core,0,0.065818235,0,0,0,1,1
assertj-core,0,0.0022160567,0,0,0,0,0
assertj-core,0,0.002819187,0,0,0,0,0
assertj-core,0,0.0026437491,0,0,0,0,0
assertj-core,0,0.0015541798,0,0,0,0,0
assertj-core,0,0.069205955,0,0,0,1,1
assertj-core,0,0.00082433363,0,0,0,0,0
assertj-core,0,0.013984197,0,0,0,0,0
assertj-core,0,0.001028063,0,0,0,0,0
assertj-core,0,0.00073721394,0,0,0,0,0
assertj-core,0,0.065818235,0,0,0,1,1
assertj-core,0,0.005762727,0,0,0,0,0
assertj-core,0,0.012206424,0,0,0,0,0
assertj-core,0,0.00094135903,0,0,0,0,0
assertj-core,0,0.001310343,0,0,0,0,0
assertj-core,0,0.001120253,0,0,0,0,0
assertj-core,0,0.0034101526,0,0,0,0,0
assertj-core,0,0.00066575053,0,0,0,0,0
assertj-core,0,0.06622461,0,0,0,1,1
assertj-core,0,0.01290602,0,0,0,0,0
assertj-core,0,0.008160949,0,0,0,0,0
assertj-core,0,0.0015490339,0,0,0,0,0
assertj-core,0,0.00091593224,0,0,0,0,0
assertj-core,0,0.0011201254,0,0,0,0,0
assertj-core,0,0.051467035,0,0,0,1,1
assertj-core,0,0.0011368077,0,0,0,0,0
assertj-core,0,0.002786858,0,0,0,0,0
assertj-core,0,0.0010607889,0,0,0,0,0
assertj-core,0,0.0091631,0,0,0,0,0
assertj-core,0,0.000634532,0,0,0,0,0
assertj-core,0,0.006773728,0,0,0,0,0
assertj-core,0,0.0004996815,0,0,0,0,0
assertj-core,0,0.056018792,0,0,0,1,1
assertj-core,0,0.0014159535,0,0,0,0,0
assertj-core,0,0.0019570747,0,0,0,0,0
assertj-core,0,0.06633425,0,0,0,1,1
assertj-core,0,0.004231881,0,0,0,0,0
assertj-core,0,0.0025216413,0,0,0,0,0
assertj-core,0,0.0145580815,0,0,0,0,0
assertj-core,0,0.012206424,0,0,0,0,0
assertj-core,0,0.0006544833,0,0,0,0,0
assertj-core,0,0.062191695,0,0,0,1,1
assertj-core,0,0.0009638402,0,0,0,0,0
assertj-core,0,0.049629807,0,0,0,1,0
assertj-core,0,0.0010607889,0,0,0,0,0
assertj-core,0,0.0006249749,0,0,0,0,0
assertj-core,0,0.014269359,0,0,0,0,0
assertj-core,0,0.009799507,0,0,0,0,0
assertj-core,0,0.04546585,0,0,0,1,0
assertj-core,0,0.001036497,0,0,0,0,0
assertj-core,0,0.0006153182,0,0,0,0,0
assertj-core,0,0.0016664966,0,0,0,0,0
assertj-core,0,0.014325626,0,0,0,0,0
assertj-core,0,0.0006153182,0,0,0,0,0
assertj-core,0,0.06228601,0,0,0,1,1
assertj-core,0,0.008953588,0,0,0,0,0
assertj-core,0,0.00076383544,0,0,0,0,0
assertj-core,0,0.0005753628,0,0,0,0,0
assertj-core,0,0.016661603,0,0,0,0,0
assertj-core,0,0.002850423,0,0,0,0,0
assertj-core,0,0.016584286,0,0,0,0,0
assertj-core,0,0.00094135903,0,0,0,0,0
assertj-core,0,0.056972742,0,0,0,1,1
assertj-core,0,0.0005669181,0,0,0,0,0
assertj-core,0,0.0012938257,0,0,0,0,0
assertj-core,0,0.00054262776,0,0,0,0,0
assertj-core,0,0.008953588,0,0,0,0,0
assertj-core,0,0.000549928,0,0,0,0,0
assertj-core,0,0.016661603,0,0,0,0,0
assertj-core,0,0.0010462073,0,0,0,0,0
assertj-core,0,0.0009183931,0,0,0,0,0
assertj-core,0,0.060871445,0,0,0,1,1
assertj-core,0,0.014539684,0,0,0,0,0
assertj-core,0,0.0028311051,0,0,0,0,0
assertj-core,0,0.00090425723,0,0,0,0,0
assertj-core,0,0.037785616,0,0,0,0,0
assertj-core,0,0.0010607889,0,0,0,0,0
assertj-core,0,0.0010607889,0,0,0,0,0
assertj-core,0,0.008040053,0,0,0,0,0
assertj-core,0,0.00066178414,0,0,0,0,0
assertj-core,0,0.0017427397,0,0,0,0,0
assertj-core,0,0.019248202,0,0,0,0,0
assertj-core,0,0.010738165,0,0,0,0,0
assertj-core,0,0.08558683,0,0,0,1,1
assertj-core,0,0.0027252533,0,0,0,0,0
assertj-core,0,0.0014207934,0,0,0,0,0
assertj-core,0,0.005003559,0,0,0,0,0
assertj-core,0,0.0004639498,0,0,0,0,0
assertj-core,0,0.00045810806,0,0,0,0,0
assertj-core,0,0.0017370716,0,0,0,0,0
assertj-core,0,0.016645603,0,0,0,0,0
assertj-core,0,0.009282649,0,0,0,0,0
assertj-core,0,0.0381127,0,0,0,0,0
assertj-core,0,0.0010373318,0,0,0,0,0
assertj-core,0,0.024699751,0,0,0,0,0
assertj-core,0,0.002464982,0,0,0,0,0
assertj-core,0,0.011040544,0,0,0,0,0
assertj-core,0,0.04398853,0,0,0,1,0
assertj-core,0,0.0004426735,0,0,0,0,0
assertj-core,0,0.0019521241,0,0,0,0,0
assertj-core,0,0.0039207335,0,0,0,0,0
assertj-core,0,0.06821224,0,0,0,1,1
assertj-core,0,0.002466916,0,0,0,0,0
assertj-core,0,0.00090137165,0,0,0,0,0
assertj-core,0,0.0055496516,0,0,0,0,0
assertj-core,0,0.0014031269,0,0,0,0,0
assertj-core,0,0.00045810806,0,0,0,0,0
assertj-core,0,0.00048905,0,0,0,0,0
assertj-core,0,0.0016891138,0,0,0,0,0
assertj-core,0,0.1742405,0,0,0,1,1
assertj-core,0,0.0035434123,0,0,0,0,0
assertj-core,0,0.014275418,0,0,0,0,0
assertj-core,0,0.00040551389,0,0,0,0,0
assertj-core,0,0.00040551389,0,0,0,0,0
assertj-core,0,0.00038428532,0,0,0,0,0
assertj-core,0,0.0048993183,0,0,0,0,0
assertj-core,0,0.017013373,0,0,0,0,0
assertj-core,0,0.009282649,0,0,0,0,0
assertj-core,0,0.0008431937,0,0,0,0,0
assertj-core,0,0.037785616,0,0,0,0,0
assertj-core,0,0.019578248,0,0,0,0,0
assertj-core,0,0.011040544,0,0,0,0,0
assertj-core,0,0.0003962215,0,0,0,0,0
assertj-core,0,0.0015289037,0,0,0,0,0
assertj-core,0,0.04398853,0,0,0,1,0
assertj-core,0,0.00037547923,0,0,0,0,0
assertj-core,0,0.014566737,0,0,0,0,0
assertj-core,0,0.020453904,0,0,0,0,0
assertj-core,0,0.0011380813,0,0,0,0,0
assertj-core,0,0.025884157,0,0,0,0,0
assertj-core,0,0.0017992894,0,0,0,0,0
assertj-core,0,0.010956166,0,0,0,0,0
assertj-core,0,0.009282649,0,0,0,0,0
assertj-core,0,0.037785616,0,0,0,0,0
assertj-core,0,0.0008431937,0,0,0,0,0
assertj-core,0,0.0043005925,0,0,0,0,0
assertj-core,0,0.0695433,0,0,0,1,1
assertj-core,0,0.012206424,0,0,0,0,0
assertj-core,0,0.00040332947,0,0,0,0,0
assertj-core,0,0.00038428532,0,0,0,0,0
assertj-core,0,0.010956166,0,0,0,0,0
assertj-core,0,0.009282649,0,0,0,0,0
assertj-core,0,0.0008431937,0,0,0,0,0
assertj-core,0,0.0381127,0,0,0,0,0
assertj-core,0,0.016645603,0,0,0,0,0
assertj-core,0,0.056424063,0,0,0,1,1
assertj-core,0,0.00082388014,0,0,0,0,0
assertj-core,0,0.053976256,0,0,0,1,1
assertj-core,0,0.019088067,0,0,0,0,0
assertj-core,0,0.00133453,0,0,0,0,0
assertj-core,0,0.056424063,0,0,0,1,1
assertj-core,0,0.018697636,0,0,0,0,0
assertj-core,0,0.002236612,0,0,0,0,0
assertj-core,0,0.041754913,0,0,0,1,0
assertj-core,0,0.0014904672,0,0,0,0,0
assertj-core,0,0.021090029,0,0,0,0,0
assertj-core,0,0.0016659773,0,0,0,0,0
assertj-core,0,0.053976256,0,0,0,1,1
assertj-core,0,0.021090029,0,0,0,0,0
assertj-core,0,0.0012286503,0,0,0,0,0
assertj-core,0,0.012496281,0,0,0,0,0
assertj-core,0,0.009282649,0,0,0,0,0
assertj-core,0,0.03962383,0,0,0,0,0
assertj-core,0,0.016993925,0,0,0,0,0
assertj-core,0,0.0014230589,0,0,0,0,0
assertj-core,0,0.02342007,0,0,0,0,0
assertj-core,0,0.053935606,0,0,0,1,1
assertj-core,0,0.0010813521,0,0,0,0,0
assertj-core,0,0.006474277,0,0,0,0,0
assertj-core,0,0.018719805,0,0,0,0,0
assertj-core,0,0.0006059798,0,0,0,0,0
assertj-core,0,0.048691344,0,0,0,1,0
assertj-core,0,0.008493559,0,0,0,0,0
assertj-core,0,0.02067965,0,0,0,0,0
assertj-core,0,0.00054247444,0,0,0,0,0
assertj-core,0,0.048691344,0,0,0,1,0
assertj-core,0,0.008493559,0,0,0,0,0
assertj-core,0,0.0046663894,0,0,0,0,0
assertj-core,0,0.016381958,0,0,0,0,0
assertj-core,0,0.048691344,0,0,0,1,0
assertj-core,0,0.009393034,0,0,0,0,0
assertj-core,0,0.06248974,0,0,0,1,1
assertj-core,0,0.00048319664,0,0,0,0,0
assertj-core,0,0.011581226,0,0,0,0,0
assertj-core,0,0.015921364,0,0,0,0,0
assertj-core,0,0.002429789,0,0,0,0,0
assertj-core,0,0.0022532041,0,0,0,0,0
assertj-core,0,0.051467035,0,0,0,1,1
assertj-core,0,0.0008665604,0,0,0,0,0
assertj-core,0,0.0011617391,0,0,0,0,0
assertj-core,0,0.0022407721,0,0,0,0,0
assertj-core,0,0.00078419806,0,0,0,0,0
assertj-core,0,0.001682112,0,0,0,0,0
assertj-core,0,0.0009971244,0,0,0,0,0
assertj-core,0,0.020873977,0,0,0,0,0
assertj-core,0,0.0024073836,0,0,0,0,0
assertj-core,0,0.009064566,0,0,0,0,0
assertj-core,0,0.0048825783,0,0,0,0,0
assertj-core,0,0.0027918133,0,0,0,0,0
assertj-core,0,0.0007376,0,0,0,0,0
assertj-core,0,0.0006211726,0,0,0,0,0
assertj-core,0,0.00057598995,0,0,0,0,0
assertj-core,0,0.0010371458,0,0,0,0,0
assertj-core,0,0.0005158652,0,0,0,0,0
assertj-core,0,0.00051828864,0,0,0,0,0
assertj-core,0,0.0010614542,0,0,0,0,0
assertj-core,0,0.0004560915,0,0,0,0,0
assertj-core,0,0.0030561907,0,0,0,0,0
assertj-core,0,0.00048624777,0,0,0,0,0
assertj-core,0,0.046697695,0,0,0,1,0
assertj-core,0,0.009823106,0,0,0,0,0
assertj-core,0,0.007003865,0,0,0,0,0
assertj-core,0,0.022971291,0,0,0,0,0
assertj-core,0,0.0021558816,0,0,0,0,0
assertj-core,0,0.0009758845,0,0,0,0,0
assertj-core,0,0.0029099334,0,0,0,0,0
assertj-core,0,0.0011532403,0,0,0,0,0
assertj-core,0,0.0011232712,0,0,0,0,0
assertj-core,0,0.051799577,0,0,0,1,1
assertj-core,0,0.0011232712,0,0,0,0,0
assertj-core,0,0.0009808247,0,0,0,0,0
assertj-core,0,0.00092495646,0,0,0,0,0
assertj-core,0,0.0012196609,0,0,0,0,0
assertj-core,0,0.0011617391,0,0,0,0,0
assertj-core,0,0.0112018,0,0,0,0,0
assertj-core,0,0.0015222557,0,0,0,0,0
assertj-core,0,0.0029030403,0,0,0,0,0
assertj-core,0,0.015315599,0,0,0,0,0
assertj-core,0,0.0041715973,0,0,0,0,0
assertj-core,0,0.01831908,0,0,0,0,0
assertj-core,0,0.0063647255,0,0,0,0,0
assertj-core,0,0.0062472303,0,0,0,0,0
assertj-core,0,0.054259,0,0,0,1,1
assertj-core,0,0.0019285163,0,0,0,0,0
assertj-core,0,0.0010607889,0,0,0,0,0
assertj-core,0,0.0010459074,0,0,0,0,0
assertj-core,0,0.001586308,0,0,0,0,0
assertj-core,0,0.0015168174,0,0,0,0,0
assertj-core,0,0.0027100346,0,0,0,0,0
assertj-core,0,0.0013054201,0,0,0,0,0
assertj-core,0,0.02442568,0,0,0,0,0
assertj-core,0,0.0076769055,0,0,0,0,0
assertj-core,0,0.0035289726,0,0,0,0,0
assertj-core,0,0.00067908,0,0,0,0,0
assertj-core,0,0.00047114788,0,0,0,0,0
assertj-core,0,0.00048624777,0,0,0,0,0
assertj-core,0,0.0006309942,0,0,0,0,0
assertj-core,0,0.0526401,0,0,0,1,1
assertj-core,0,0.0005231745,0,0,0,0,0
assertj-core,0,0.017412992,0,0,0,0,0
assertj-core,0,0.0022877457,0,0,0,0,0
assertj-core,0,0.009064566,0,0,0,0,0
assertj-core,0,0.003641517,0,0,0,0,0
assertj-core,0,0.0045263837,0,0,0,0,0
assertj-core,0,0.00078419806,0,0,0,0,0
assertj-core,0,0.0010706307,0,0,0,0,0
assertj-core,0,0.00097349,0,0,0,0,0
assertj-core,0,0.0010537299,0,0,0,0,0
assertj-core,0,0.051799577,0,0,0,1,1
assertj-core,0,0.0010339397,0,0,0,0,0
assertj-core,0,0.0011437692,0,0,0,0,0
assertj-core,0,0.0046631927,0,0,0,0,0
assertj-core,0,0.0020007666,0,0,0,0,0
assertj-core,0,0.0028556185,0,0,0,0,0
assertj-core,0,0.0037438464,0,0,0,0,0
assertj-core,0,0.00593934,0,0,0,0,0
assertj-core,0,0.02542459,0,0,0,0,0
assertj-core,0,0.0005773159,0,0,0,0,0
assertj-core,0,0.0064703743,0,0,0,0,0
assertj-core,0,0.013904654,0,0,0,0,0
assertj-core,0,0.0053623472,0,0,0,0,0
assertj-core,0,0.0006909921,0,0,0,0,0
assertj-core,0,0.0044230814,0,0,0,0,0
assertj-core,0,0.0008942406,0,0,0,0,0
assertj-core,0,0.0004614053,0,0,0,0,0
assertj-core,0,0.00079246104,0,0,0,0,0
assertj-core,0,0.0010197117,0,0,0,0,0
assertj-core,0,0.0003891857,0,0,0,0,0
assertj-core,0,0.036257684,0,0,0,0,0
assertj-core,0,0.000352179,0,0,0,0,0
assertj-core,0,0.0071546477,0,0,0,0,0
assertj-core,0,0.0003891857,0,0,0,0,0
assertj-core,0,0.0057156,0,0,0,0,0
assertj-core,0,0.00056607474,0,0,0,0,0
assertj-core,0,0.001896198,0,0,0,0,0
assertj-core,0,0.078332484,0,0,0,1,1
assertj-core,0,0.002258914,0,0,0,0,0
assertj-core,0,0.002258914,0,0,0,0,0
assertj-core,0,0.00141108,0,0,0,0,0
assertj-core,0,0.0034506824,0,0,0,0,0
assertj-core,0,0.0074625895,0,0,0,0,0
assertj-core,0,0.0029096843,0,0,0,0,0
assertj-core,0,0.002162285,0,0,0,0,0
assertj-core,0,0.0051396256,0,0,0,0,0
assertj-core,0,0.0011102854,0,0,0,0,0
assertj-core,0,0.003389725,0,0,0,0,0
assertj-core,0,0.0012218399,0,0,0,0,0
assertj-core,0,0.0015390943,0,0,0,0,0
assertj-core,0,0.001304462,0,0,0,0,0
assertj-core,0,0.0033468192,0,0,0,0,0
assertj-core,0,0.011724963,0,0,0,0,0
assertj-core,0,0.008766968,0,0,0,0,0
assertj-core,0,0.0015385264,0,0,0,0,0
assertj-core,0,0.07795004,0,0,0,1,1
assertj-core,0,0.0020623736,0,0,0,0,0
assertj-core,0,0.002204917,0,0,0,0,0
assertj-core,0,0.0071951947,0,0,0,0,0
assertj-core,0,0.00055031176,0,0,0,0,0
assertj-core,0,0.0049965587,0,0,0,0,0
assertj-core,0,0.00078419806,0,0,0,0,0
assertj-core,0,0.0077766418,0,0,0,0,0
assertj-core,0,0.005435479,0,0,0,0,0
assertj-core,0,0.0004915042,0,0,0,0,0
assertj-core,0,0.00060804724,0,0,0,0,0
assertj-core,0,0.0005337099,0,0,0,0,0
assertj-core,0,0.00045657612,0,0,0,0,0
assertj-core,0,0.00052183995,0,0,0,0,0
assertj-core,0,0.00052183995,0,0,0,0,0
assertj-core,0,0.0011298476,0,0,0,0,0
assertj-core,0,0.0050861137,0,0,0,0,0
assertj-core,0,0.018153124,0,0,0,0,0
assertj-core,0,0.002258914,0,0,0,0,0
assertj-core,0,0.011177103,0,0,0,0,0
assertj-core,0,0.0008665604,0,0,0,0,0
assertj-core,0,0.0012196609,0,0,0,0,0
assertj-core,0,0.0011617391,0,0,0,0,0
assertj-core,0,0.0012196609,0,0,0,0,0
assertj-core,0,0.051799577,0,0,0,1,1
assertj-core,0,0.0031825274,0,0,0,0,0
assertj-core,0,0.002190858,0,0,0,0,0
assertj-core,0,0.00078419806,0,0,0,0,0
assertj-core,0,0.0008988844,0,0,0,0,0
assertj-core,0,0.022048999,0,0,0,0,0
assertj-core,0,0.008196286,0,0,0,0,0
assertj-core,0,0.0010838164,0,0,0,0,0
assertj-core,0,0.014547975,0,0,0,0,0
assertj-core,0,0.001264811,0,0,0,0,0
assertj-core,0,0.0010881807,0,0,0,0,0
assertj-core,0,0.036086313,0,0,0,0,0
assertj-core,0,0.009372611,0,0,0,0,0
assertj-core,0,0.0018209023,0,0,0,0,0
assertj-core,0,0.022971291,0,0,0,0,0
assertj-core,0,0.0142219905,0,0,0,0,0
assertj-core,0,0.067563064,0,0,0,1,1
assertj-core,0,0.0004197323,0,0,0,0,0
assertj-core,0,0.000429576,0,0,0,0,0
assertj-core,0,0.0004456405,0,0,0,0,0
assertj-core,0,0.00038873052,0,0,0,0,0
assertj-core,0,0.001401483,0,0,0,0,0
assertj-core,0,0.001401483,0,0,0,0,0
assertj-core,0,0.022971291,0,0,0,0,0
assertj-core,0,0.00076057564,0,0,0,0,0
assertj-core,0,0.009064566,0,0,0,0,0
assertj-core,0,0.0010134315,0,0,0,0,0
assertj-core,0,0.00053733453,0,0,0,0,0
assertj-core,0,0.051799577,0,0,0,1,1
assertj-core,0,0.0011057463,0,0,0,0,0
assertj-core,0,0.0027161348,0,0,0,0,0
assertj-core,0,0.081415795,0,0,0,1,1
assertj-core,0,0.0018975936,0,0,0,0,0
assertj-core,0,0.008196286,0,0,0,0,0
assertj-core,0,0.0010749835,0,0,0,0,0
assertj-core,0,0.0017639667,0,0,0,0,0
assertj-core,0,0.00110911,0,0,0,0,0
assertj-core,0,0.0012485994,0,0,0,0,0
assertj-core,0,0.0010699221,0,0,0,0,0
assertj-core,0,0.06932334,0,0,0,1,1
assertj-core,0,0.00048319664,0,0,0,0,0
assertj-core,0,0.008493559,0,0,0,0,0
assertj-core,0,0.014240935,0,0,0,0,0
assertj-core,0,0.051488046,0,0,0,1,1
assertj-core,0,0.0011617391,0,0,0,0,0
assertj-core,0,0.07739322,0,0,0,1,1
assertj-core,0,0.002128021,0,0,0,0,0
assertj-core,0,0.0019834728,0,0,0,0,0
assertj-core,0,0.0046399343,0,0,0,0,0
assertj-core,0,0.009064566,0,0,0,0,0
assertj-core,0,0.0049965587,0,0,0,0,0
assertj-core,0,0.000915202,0,0,0,0,0
assertj-core,0,0.0006685271,0,0,0,0,0
assertj-core,0,0.0013353582,0,0,0,0,0
assertj-core,0,0.0012109696,0,0,0,0,0
assertj-core,0,0.0036645194,0,0,0,0,0
assertj-core,0,0.0010607889,0,0,0,0,0
assertj-core,0,0.0013380954,0,0,0,0,0
assertj-core,0,0.0012379433,0,0,0,0,0
assertj-core,0,0.0075183907,0,0,0,0,0
assertj-core,0,0.006567235,0,0,0,0,0
assertj-core,0,0.027573599,0,0,0,0,0
assertj-core,0,0.0006696127,0,0,0,0,0
assertj-core,0,0.0556912,0,0,0,1,1
assertj-core,0,0.0063928654,0,0,0,0,0
assertj-core,0,0.024833284,0,0,0,0,0
assertj-core,0,0.0011136832,0,0,0,0,0
assertj-core,0,0.03619901,0,0,0,0,0
assertj-core,0,0.059776373,0,0,0,1,1
assertj-core,0,0.017426671,0,0,0,0,0
assertj-core,0,0.0021581992,0,0,0,0,0
assertj-core,0,0.0031825274,0,0,0,0,0
assertj-core,0,0.051467035,0,0,0,1,1
assertj-core,0,0.021254225,0,0,0,0,0
assertj-core,0,0.0009414403,0,0,0,0,0
assertj-core,0,0.0010459074,0,0,0,0,0
assertj-core,0,0.059776373,0,0,0,1,1
assertj-core,0,0.014240935,0,0,0,0,0
assertj-core,0,0.00095998374,0,0,0,0,0
assertj-core,0,0.06248974,0,0,0,1,1
assertj-core,0,0.0006428004,0,0,0,0,0
assertj-core,0,0.0066251704,0,0,0,0,0
assertj-core,0,0.01726086,0,0,0,0,0
assertj-core,0,0.00048319664,0,0,0,0,0
assertj-core,0,0.052944858,0,0,0,1,1
assertj-core,0,0.008493559,0,0,0,0,0
assertj-core,0,0.018719805,0,0,0,0,0
assertj-core,0,0.0005699044,0,0,0,0,0
assertj-core,0,0.05410309,0,0,0,1,1
assertj-core,0,0.011555938,0,0,0,0,0
assertj-core,0,0.0047233743,0,0,0,0,0
assertj-core,0,0.02067965,0,0,0,0,0
assertj-core,0,0.05410309,0,0,0,1,1
assertj-core,0,0.009393034,0,0,0,0,0
assertj-core,0,0.053824823,0,0,0,1,1
assertj-core,0,0.00048614532,0,0,0,0,0
assertj-core,0,0.0066615436,0,0,0,0,0
assertj-core,0,0.0038240475,0,0,0,0,0
assertj-core,0,0.004960955,0,0,0,0,0
assertj-core,0,0.08058465,0,0,0,1,1
assertj-core,0,0.0049954774,0,0,0,0,0
assertj-core,0,0.0011442793,0,0,0,0,0
assertj-core,0,0.0021551852,0,0,0,0,0
assertj-core,0,0.0024352807,0,0,0,0,0
assertj-core,0,0.0012330853,0,0,0,0,0
assertj-core,0,0.009507233,0,0,0,0,0
assertj-core,0,0.0012975797,0,0,0,0,0
assertj-core,0,0.0029757172,0,0,0,0,0
assertj-core,0,0.0009775902,0,0,0,0,0
assertj-core,0,0.0029064904,0,0,0,0,0
assertj-core,0,0.0010607889,0,0,0,0,0
assertj-core,0,0.0010607889,0,0,0,0,0
assertj-core,0,0.0011136832,0,0,0,0,0
assertj-core,0,0.0011617391,0,0,0,0,0
assertj-core,0,0.002262402,0,0,0,0,0
assertj-core,0,0.025037112,0,0,0,0,0
assertj-core,0,0.008196286,0,0,0,0,0
assertj-core,0,0.0044230814,0,0,0,0,0
assertj-core,0,0.00094607414,0,0,0,0,0
assertj-core,0,0.051799577,0,0,0,1,1
assertj-core,0,0.019578248,0,0,0,0,0
assertj-core,0,0.0029321958,0,0,0,0,0
assertj-core,0,0.0021447756,0,0,0,0,0
assertj-core,0,0.0011446397,0,0,0,0,0
assertj-core,0,0.0009808247,0,0,0,0,0
assertj-core,0,0.002931216,0,0,0,0,0
assertj-core,0,0.0012471945,0,0,0,0,0
assertj-core,0,0.00094607414,0,0,0,0,0
assertj-core,0,0.047254212,0,0,0,1,0
assertj-core,0,0.001183946,0,0,0,0,0
assertj-core,0,0.0012471945,0,0,0,0,0
assertj-core,0,0.0012471945,0,0,0,0,0
assertj-core,0,0.008886818,0,0,0,0,0
assertj-core,0,0.0027787122,0,0,0,0,0
assertj-core,0,0.012650617,0,0,0,0,0
assertj-core,0,0.009397667,0,0,0,0,0
assertj-core,0,0.051799577,0,0,0,1,1
assertj-core,0,0.016641326,0,0,0,0,0
assertj-core,0,0.0020462642,0,0,0,0,0
assertj-core,0,0.053429384,0,0,0,1,1
assertj-core,0,0.0038240475,0,0,0,0,0
assertj-core,0,0.0020721278,0,0,0,0,0
assertj-core,0,0.009064566,0,0,0,0,0
assertj-core,0,0.0048426213,0,0,0,0,0
assertj-core,0,0.00439568,0,0,0,0,0
assertj-core,0,0.046697695,0,0,0,1,0
assertj-core,0,0.0009808247,0,0,0,0,0
assertj-core,0,0.0048986,0,0,0,0,0
assertj-core,0,0.013629589,0,0,0,0,0
assertj-core,0,0.0011805273,0,0,0,0,0
assertj-core,0,0.0015065337,0,0,0,0,0
assertj-core,0,0.0010881807,0,0,0,0,0
assertj-core,0,0.0014420424,0,0,0,0,0
assertj-core,0,0.001036497,0,0,0,0,0
assertj-core,0,0.0016415798,0,0,0,0,0
assertj-core,0,0.008542154,0,0,0,0,0
assertj-core,0,0.018170964,0,0,0,0,0
assertj-core,0,0.059776373,0,0,0,1,1
assertj-core,0,0.0014339738,0,0,0,0,0
assertj-core,0,0.0014235786,0,0,0,0,0
assertj-core,0,0.012505,0,0,0,0,0
assertj-core,0,0.0018693497,0,0,0,0,0
assertj-core,0,0.041435465,0,0,0,1,0
assertj-core,0,0.0006278408,0,0,0,0,0
assertj-core,0,0.0010607889,0,0,0,0,0
assertj-core,0,0.0009880606,0,0,0,0,0
assertj-core,0,0.01012113,0,0,0,0,0
assertj-core,0,0.040077597,0,0,0,1,0
assertj-core,0,0.018170964,0,0,0,0,0
assertj-core,0,0.0045286,0,0,0,0,0
assertj-core,0,0.009393721,0,0,0,0,0
assertj-core,0,0.0063930624,0,0,0,0,0
assertj-core,0,0.042531103,0,0,0,1,0
assertj-core,0,0.064598285,0,0,0,1,1
assertj-core,0,0.005841337,0,0,0,0,0
assertj-core,0,0.015894871,0,0,0,0,0
assertj-core,0,0.013823491,0,0,0,0,0
assertj-core,0,0.019286014,0,0,0,0,0
assertj-core,0,0.0016145472,0,0,0,0,0
assertj-core,0,0.0009933931,0,0,0,0,0
assertj-core,0,0.00096727296,0,0,0,0,0
assertj-core,0,0.0011989585,0,0,0,0,0
assertj-core,0,0.0029427414,0,0,0,0,0
assertj-core,0,0.0018137573,0,0,0,0,0
assertj-core,0,0.0035467818,0,0,0,0,0
assertj-core,0,0.0062474194,0,0,0,0,0
assertj-core,0,0.051467035,0,0,0,1,1
assertj-core,0,0.0013487154,0,0,0,0,0
assertj-core,0,0.0016303657,0,0,0,0,0
assertj-core,0,0.0017250002,0,0,0,0,0
assertj-core,0,0.05058237,0,0,0,1,0
assertj-core,0,0.017820498,0,0,0,0,0
assertj-core,0,0.0013801411,0,0,0,0,0
assertj-core,0,0.0013801411,0,0,0,0,0
assertj-core,0,0.00052123,0,0,0,0,0
assertj-core,0,0.00089776434,0,0,0,0,0
assertj-core,0,0.0009924803,0,0,0,0,0
assertj-core,0,0.017131513,0,0,0,0,0
assertj-core,0,0.051467035,0,0,0,1,1
assertj-core,0,0.0015895996,0,0,0,0,0
assertj-core,0,0.0013801411,0,0,0,0,0
assertj-core,0,0.0016381425,0,0,0,0,0
assertj-core,0,0.00041372943,0,0,0,0,0
assertj-core,0,0.017585745,0,0,0,0,0
assertj-core,0,0.06633425,0,0,0,1,1
assertj-core,0,0.002641521,0,0,0,0,0
assertj-core,0,0.002000086,0,0,0,0,0
assertj-core,0,0.030362634,0,0,0,0,0
assertj-core,0,0.012251704,0,0,0,0,0
assertj-core,0,0.0012490257,0,0,0,0,0
assertj-core,0,0.0011518592,0,0,0,0,0
assertj-core,0,0.0021208257,0,0,0,0,0
assertj-core,0,0.04200513,0,0,0,1,0
assertj-core,0,0.012920625,0,0,0,0,0
assertj-core,0,0.0015800251,0,0,0,0,0
assertj-core,0,0.0043107113,0,0,0,0,0
assertj-core,0,0.0012913684,0,0,0,0,0
assertj-core,0,0.00422101,0,0,0,0,0
assertj-core,0,0.016462946,0,0,0,0,0
assertj-core,0,0.010280283,0,0,0,0,0
assertj-core,0,0.001780687,0,0,0,0,0
assertj-core,0,0.0014354761,0,0,0,0,0
assertj-core,0,0.0036900397,0,0,0,0,0
assertj-core,0,0.05726491,0,0,0,1,1
assertj-core,0,0.010262842,0,0,0,0,0
assertj-core,0,0.007936946,0,0,0,0,0
assertj-core,0,0.0063666413,0,0,0,0,0
assertj-core,0,0.005769205,0,0,0,0,0
assertj-core,0,0.08832918,0,0,0,1,1
assertj-core,0,0.0014236463,0,0,0,0,0
assertj-core,0,0.10579729,0,0,0,1,1
assertj-core,0,0.0014236463,0,0,0,0,0
assertj-core,0,0.060596675,0,0,0,1,1
assertj-core,0,0.006314388,0,0,0,0,0
assertj-core,0,0.0011530827,0,0,0,0,0
assertj-core,0,0.0024726572,0,0,0,0,0
assertj-core,0,0.0015295648,0,0,0,0,0
assertj-core,0,0.060596675,0,0,0,1,1
assertj-core,0,0.023220073,0,0,0,0,0
assertj-core,0,0.0021111278,0,0,0,0,0
assertj-core,0,0.0013485459,0,0,0,0,0
assertj-core,0,0.0029583164,0,0,0,0,0
assertj-core,0,0.0016906391,0,0,0,0,0
assertj-core,0,0.0022638654,0,0,0,0,0
assertj-core,0,0.010434555,0,0,0,0,0
assertj-core,0,0.018509487,0,0,0,0,0
assertj-core,0,0.044546537,0,0,0,1,0
assertj-core,0,0.00077506853,0,0,0,0,0
assertj-core,0,0.0017576587,0,0,0,0,0
assertj-core,0,0.00041372943,0,0,0,0,0
assertj-core,0,0.020134078,0,0,0,0,0
assertj-core,0,0.008953588,0,0,0,0,0
assertj-core,0,0.051799577,0,0,0,1,1
assertj-core,0,0.0016873996,0,0,0,0,0
assertj-core,0,0.07384752,0,0,0,1,1
assertj-core,0,0.0027957868,0,0,0,0,0
assertj-core,0,0.0012490257,0,0,0,0,0
assertj-core,0,0.002331617,0,0,0,0,0
assertj-core,0,0.0041741575,0,0,0,0,0
assertj-core,0,0.009332844,0,0,0,0,0
assertj-core,0,0.009000357,0,0,0,0,0
assertj-core,0,0.018170964,0,0,0,0,0
assertj-core,0,0.048865546,0,0,0,1,0
assertj-core,0,0.0015754626,0,0,0,0,0
assertj-core,0,0.0015069541,0,0,0,0,0
assertj-core,0,0.0063108862,0,0,0,0,0
assertj-core,0,0.06723809,0,0,0,1,1
assertj-core,0,0.010181026,0,0,0,0,0
assertj-core,0,0.0018384098,0,0,0,0,0
assertj-core,0,0.0015069541,0,0,0,0,0
assertj-core,0,0.009510395,0,0,0,0,0
assertj-core,0,0.0012353637,0,0,0,0,0
assertj-core,0,0.046638537,0,0,0,1,0
assertj-core,0,0.0010963806,0,0,0,0,0
assertj-core,0,0.012487212,0,0,0,0,0
assertj-core,0,0.05730974,0,0,0,1,1
assertj-core,0,0.070509925,0,0,0,1,1
assertj-core,0,0.0012927233,0,0,0,0,0
assertj-core,0,0.067158334,0,0,0,1,1
assertj-core,0,0.0013189167,0,0,0,0,0
assertj-core,0,0.09309515,0,0,0,1,1
assertj-core,0,0.0023871437,0,0,0,0,0
assertj-core,0,0.0021431064,0,0,0,0,0
assertj-core,0,0.0024328898,0,0,0,0,0
assertj-core,0,0.0005505675,0,0,0,0,0
assertj-core,0,0.024567682,0,0,0,0,0
assertj-core,0,0.014118796,0,0,0,0,0
assertj-core,0,0.007847033,0,0,0,0,0
assertj-core,0,0.021931944,0,0,0,0,0
assertj-core,0,0.0004572085,0,0,0,0,0
assertj-core,0,0.0004572085,0,0,0,0,0
assertj-core,0,0.0004572085,0,0,0,0,0
assertj-core,0,0.011019222,0,0,0,0,0
assertj-core,0,0.00065612263,0,0,0,0,0
assertj-core,0,0.002257131,0,0,0,0,0
assertj-core,0,0.0318109,0,0,0,0,0
assertj-core,0,0.0038958956,0,0,0,0,0
assertj-core,0,0.0083667375,0,0,0,0,0
assertj-core,0,0.009591494,0,0,0,0,0
assertj-core,0,0.005558809,0,0,0,0,0
assertj-core,0,0.090779915,0,0,0,1,1
assertj-core,0,0.00043793785,0,0,0,0,0
assertj-core,0,0.0051095802,0,0,0,0,0
assertj-core,0,0.009184212,0,0,0,0,0
assertj-core,0,0.013020454,0,0,0,0,0
assertj-core,0,0.0139174545,0,0,0,0,0
assertj-core,0,0.0058556483,0,0,0,0,0
assertj-core,0,0.06263072,0,0,0,1,1
assertj-core,0,0.00416089,0,0,0,0,0
assertj-core,0,0.0070408923,0,0,0,0,0
assertj-core,0,0.090096064,0,0,0,1,1
assertj-core,0,0.008216774,0,0,0,0,0
assertj-core,0,0.024453204,0,0,0,0,0
assertj-core,0,0.007106044,0,0,0,0,0
assertj-core,0,0.0047095325,0,0,0,0,0
assertj-core,0,0.018616652,0,0,0,0,0
assertj-core,0,0.004855991,0,0,0,0,0
assertj-core,0,0.0009778907,0,0,0,0,0
assertj-core,0,0.01250858,0,0,0,0,0
assertj-core,0,0.024453204,0,0,0,0,0
assertj-core,0,0.009320525,0,0,0,0,0
assertj-core,0,0.002679799,0,0,0,0,0
assertj-core,0,0.01949883,0,0,0,0,0
assertj-core,0,0.0011360856,0,0,0,0,0
assertj-core,0,0.0066726757,0,0,0,0,0
assertj-core,0,0.01250858,0,0,0,0,0
assertj-core,0,0.00905473,0,0,0,0,0
assertj-core,0,0.048776623,0,0,0,1,0
assertj-core,0,0.0005960083,0,0,0,0,0
assertj-core,0,0.073566146,0,0,0,1,1
assertj-core,0,0.00066546735,0,0,0,0,0
assertj-core,0,0.0005111558,0,0,0,0,0
assertj-core,0,0.010911927,0,0,0,0,0
assertj-core,0,0.0063808165,0,0,0,0,0
assertj-core,0,0.0013952691,0,0,0,0,0
assertj-core,0,0.036667228,0,0,0,0,0
assertj-core,0,0.022913096,0,0,0,0,0
assertj-core,0,0.0062472303,0,0,0,0,0
assertj-core,0,0.00039890799,0,0,0,0,0
assertj-core,0,0.0038503401,0,0,0,0,0
assertj-core,0,0.010911927,0,0,0,0,0
assertj-core,0,0.016550655,0,0,0,0,0
assertj-core,0,0.00399641,0,0,0,0,0
assertj-core,0,0.0148294475,0,0,0,0,0
assertj-core,0,0.0027056332,0,0,0,0,0
assertj-core,0,0.00020038415,0,0,0,0,0
assertj-core,0,0.02114358,0,0,0,0,0
assertj-core,0,0.00982594,0,0,0,0,0
assertj-core,0,0.0015365896,0,0,0,0,0
assertj-core,0,0.03904208,0,0,0,0,0
assertj-core,0,0.0019241524,0,0,0,0,0
assertj-core,0,0.010599163,0,0,0,0,0
assertj-core,0,0.0034458977,0,0,0,0,0
assertj-core,0,0.0048104897,0,0,0,0,0
assertj-core,0,0.0005269917,0,0,0,0,0
assertj-core,0,0.0052582347,0,0,0,0,0
assertj-core,0,0.00033575128,0,0,0,0,0
assertj-core,0,0.0020141285,0,0,0,0,0
assertj-core,0,0.0008161099,0,0,0,0,0
assertj-core,0,0.009597461,0,0,0,0,0
assertj-core,0,0.07260447,0,0,0,1,1
assertj-core,0,0.0004103696,0,0,0,0,0
assertj-core,0,0.009397667,0,0,0,0,0
assertj-core,0,0.007375999,0,0,0,0,0
assertj-core,0,0.016000893,0,0,0,0,0
assertj-core,0,0.012558591,0,0,0,0,0
assertj-core,0,0.009184212,0,0,0,0,0
assertj-core,0,0.0042103026,0,0,0,0,0
assertj-core,0,0.0043792003,0,0,0,0,0
assertj-core,0,0.016178165,0,0,0,0,0
assertj-core,0,0.009934063,0,0,0,0,0
assertj-core,0,0.07877396,0,0,0,1,1
assertj-core,0,0.0025963008,0,0,0,0,0
assertj-core,0,0.00029241643,0,0,0,0,0
assertj-core,0,0.014005398,0,0,0,0,0
assertj-core,0,0.10395853,0,0,0,1,1
assertj-core,0,0.000558629,0,0,0,0,0
assertj-core,0,0.0025661257,0,0,0,0,0
assertj-core,0,0.07877396,0,0,0,1,1
assertj-core,0,0.007992533,0,0,0,0,0
assertj-core,0,0.0006121802,0,0,0,0,0
assertj-core,0,0.07877396,0,0,0,1,1
assertj-core,0,0.001997225,0,0,0,0,0
assertj-core,0,0.004431865,0,0,0,0,0
assertj-core,0,0.004404918,0,0,0,0,0
assertj-core,0,0.01524721,0,0,0,0,0
assertj-core,0,0.0063928654,0,0,0,0,0
assertj-core,0,0.0008325661,0,0,0,0,0
assertj-core,0,0.0006624546,0,0,0,0,0
assertj-core,0,0.08044924,0,0,0,1,1
assertj-core,0,0.005463364,0,0,0,0,0
assertj-core,0,0.0015259628,0,0,0,0,0
assertj-core,0,0.009515912,0,0,0,0,0
assertj-core,0,0.07877396,0,0,0,1,1
assertj-core,0,0.00096976815,0,0,0,0,0
assertj-core,0,0.00032890736,0,0,0,0,0
assertj-core,0,0.004431865,0,0,0,0,0
assertj-core,0,0.060734034,0,0,0,1,1
assertj-core,0,0.0006293578,0,0,0,0,0
assertj-core,0,0.006043081,0,0,0,0,0
assertj-core,0,0.0061913324,0,0,0,0,0
assertj-core,0,0.0018688623,0,0,0,0,0
assertj-core,0,0.010139271,0,0,0,0,0
assertj-core,0,0.004994058,0,0,0,0,0
assertj-core,0,0.01326197,0,0,0,0,0
assertj-core,0,0.0051095802,0,0,0,0,0
assertj-core,0,0.0063928654,0,0,0,0,0
assertj-core,0,0.013020454,0,0,0,0,0
assertj-core,0,0.011902128,0,0,0,0,0
assertj-core,0,0.0143234655,0,0,0,0,0
assertj-core,0,0.020189323,0,0,0,0,0
assertj-core,0,0.002062984,0,0,0,0,0
assertj-core,0,0.0010009244,0,0,0,0,0
assertj-core,0,0.059776373,0,0,0,1,1
assertj-core,0,0.008953588,0,0,0,0,0
assertj-core,0,0.0012276535,0,0,0,0,0
assertj-core,0,0.001304462,0,0,0,0,0
assertj-core,0,0.0031097976,0,0,0,0,0
assertj-core,0,0.0017650988,0,0,0,0,0
assertj-core,0,0.00095998374,0,0,0,0,0
assertj-core,0,0.0010350859,0,0,0,0,0
assertj-core,0,0.0010350859,0,0,0,0,0
assertj-core,0,0.025037112,0,0,0,0,0
assertj-core,0,0.001748618,0,0,0,0,0
assertj-core,0,0.010262531,0,0,0,0,0
assertj-core,0,0.0023157794,0,0,0,0,0
assertj-core,0,0.007041459,0,0,0,0,0
assertj-core,0,0.0011831186,0,0,0,0,0
assertj-core,0,0.0015156731,0,0,0,0,0
assertj-core,0,0.001373314,0,0,0,0,0
assertj-core,0,0.001327507,0,0,0,0,0
assertj-core,0,0.0017571469,0,0,0,0,0
assertj-core,0,0.00080927426,0,0,0,0,0
assertj-core,0,0.0007684438,0,0,0,0,0
assertj-core,0,0.0005942338,0,0,0,0,0
assertj-core,0,0.000496817,0,0,0,0,0
assertj-core,0,0.001327507,0,0,0,0,0
assertj-core,0,0.0006380663,0,0,0,0,0
assertj-core,0,0.051388957,0,0,0,1,0
assertj-core,0,0.0102266995,0,0,0,0,0
assertj-core,0,0.0048369784,0,0,0,0,0
assertj-core,0,0.003942672,0,0,0,0,0
assertj-core,0,0.01124945,0,0,0,0,0
assertj-core,0,0.0040967357,0,0,0,0,0
assertj-core,0,0.003149958,0,0,0,0,0
assertj-core,0,0.0010617181,0,0,0,0,0
assertj-core,0,0.005802199,0,0,0,0,0
assertj-core,0,0.0009775902,0,0,0,0,0
assertj-core,0,0.0064176535,0,0,0,0,0
assertj-core,0,0.0010607889,0,0,0,0,0
assertj-core,0,0.0010219548,0,0,0,0,0
assertj-core,0,0.0042407233,0,0,0,0,0
assertj-core,0,0.08048419,0,0,0,1,1
assertj-core,0,0.008612208,0,0,0,0,0
assertj-core,0,0.0018631766,0,0,0,0,0
assertj-core,0,0.02066406,0,0,0,0,0
assertj-core,0,0.002062984,0,0,0,0,0
assertj-core,0,0.008953588,0,0,0,0,0
assertj-core,0,0.00147928,0,0,0,0,0
assertj-core,0,0.0068605873,0,0,0,0,0
assertj-core,0,0.0027161348,0,0,0,0,0
assertj-core,0,0.0012075946,0,0,0,0,0
assertj-core,0,0.0013080686,0,0,0,0,0
assertj-core,0,0.0025515372,0,0,0,0,0
assertj-core,0,0.05630854,0,0,0,1,1
assertj-core,0,0.0008578467,0,0,0,0,0
assertj-core,0,0.0012994795,0,0,0,0,0
assertj-core,0,0.0025704254,0,0,0,0,0
assertj-core,0,0.0010350859,0,0,0,0,0
assertj-core,0,0.00069962814,0,0,0,0,0
assertj-core,0,0.0038396614,0,0,0,0,0
assertj-core,0,0.008127168,0,0,0,0,0
assertj-core,0,0.019045465,0,0,0,0,0
assertj-core,0,0.0010589755,0,0,0,0,0
assertj-core,0,0.0012336917,0,0,0,0,0
assertj-core,0,0.0008530831,0,0,0,0,0
assertj-core,0,0.011040544,0,0,0,0,0
assertj-core,0,0.0010617181,0,0,0,0,0
assertj-core,0,0.0051168646,0,0,0,0,0
assertj-core,0,0.0011203218,0,0,0,0,0
assertj-core,0,0.00053015875,0,0,0,0,0
assertj-core,0,0.004975202,0,0,0,0,0
assertj-core,0,0.0003891857,0,0,0,0,0
assertj-core,0,0.036257684,0,0,0,0,0
assertj-core,0,0.0003891857,0,0,0,0,0
assertj-core,0,0.0004269233,0,0,0,0,0
assertj-core,0,0.00053759804,0,0,0,0,0
assertj-core,0,0.0020423469,0,0,0,0,0
assertj-core,0,0.0018631766,0,0,0,0,0
assertj-core,0,0.002128021,0,0,0,0,0
assertj-core,0,0.079999186,0,0,0,1,1
assertj-core,0,0.003055052,0,0,0,0,0
assertj-core,0,0.00439568,0,0,0,0,0
assertj-core,0,0.0054169865,0,0,0,0,0
assertj-core,0,0.00096678047,0,0,0,0,0
assertj-core,0,0.007041459,0,0,0,0,0
assertj-core,0,0.001077946,0,0,0,0,0
assertj-core,0,0.0028335832,0,0,0,0,0
assertj-core,0,0.002128021,0,0,0,0,0
assertj-core,0,0.0010871089,0,0,0,0,0
assertj-core,0,0.001310343,0,0,0,0,0
assertj-core,0,0.0011136832,0,0,0,0,0
assertj-core,0,0.0013756637,0,0,0,0,0
assertj-core,0,0.0010607889,0,0,0,0,0
assertj-core,0,0.0028530525,0,0,0,0,0
assertj-core,0,0.003941206,0,0,0,0,0
assertj-core,0,0.01649513,0,0,0,0,0
assertj-core,0,0.0011589018,0,0,0,0,0
assertj-core,0,0.013984197,0,0,0,0,0
assertj-core,0,0.00096678047,0,0,0,0,0
assertj-core,0,0.0010312211,0,0,0,0,0
assertj-core,0,0.0014194443,0,0,0,0,0
assertj-core,0,0.001120253,0,0,0,0,0
assertj-core,0,0.001120253,0,0,0,0,0
assertj-core,0,0.057535887,0,0,0,1,1
assertj-core,0,0.0014194443,0,0,0,0,0
assertj-core,0,0.0010871089,0,0,0,0,0
assertj-core,0,0.0059963665,0,0,0,0,0
assertj-core,0,0.002128021,0,0,0,0,0
assertj-core,0,0.016645603,0,0,0,0,0
assertj-core,0,0.0047231233,0,0,0,0,0
assertj-core,0,0.0047231233,0,0,0,0,0
assertj-core,0,0.00084671215,0,0,0,0,0
assertj-core,0,0.015783738,0,0,0,0,0
assertj-core,0,0.00084671215,0,0,0,0,0
assertj-core,0,0.0010607889,0,0,0,0,0
assertj-core,0,0.053133424,0,0,0,1,1
assertj-core,0,0.001984453,0,0,0,0,0
assertj-core,0,0.002159256,0,0,0,0,0
assertj-core,0,0.0018505018,0,0,0,0,0
assertj-core,0,0.07914239,0,0,0,1,1
assertj-core,0,0.0006483871,0,0,0,0,0
assertj-core,0,0.016349535,0,0,0,0,0
assertj-core,0,0.00096678047,0,0,0,0,0
assertj-core,0,0.0018317795,0,0,0,0,0
assertj-core,0,0.0010459074,0,0,0,0,0
assertj-core,0,0.0015614883,0,0,0,0,0
assertj-core,0,0.0013246917,0,0,0,0,0
assertj-core,0,0.016645603,0,0,0,0,0
assertj-core,0,0.059776373,0,0,0,1,1
assertj-core,0,0.0010607889,0,0,0,0,0
assertj-core,0,0.078332484,0,0,0,1,1
assertj-core,0,0.0048986,0,0,0,0,0
assertj-core,0,0.0030245492,0,0,0,0,0
assertj-core,0,0.0062848376,0,0,0,0,0
assertj-core,0,0.010541329,0,0,0,0,0
assertj-core,0,0.00096678047,0,0,0,0,0
assertj-core,0,0.009225779,0,0,0,0,0
assertj-core,0,0.0011729856,0,0,0,0,0
assertj-core,0,0.002258914,0,0,0,0,0
assertj-core,0,0.0051990217,0,0,0,0,0
assertj-core,0,0.0013947735,0,0,0,0,0
assertj-core,0,0.0016861958,0,0,0,0,0
assertj-core,0,0.0014817041,0,0,0,0,0
assertj-core,0,0.012750734,0,0,0,0,0
assertj-core,0,0.001036497,0,0,0,0,0
assertj-core,0,0.0020870126,0,0,0,0,0
assertj-core,0,0.0026707368,0,0,0,0,0
assertj-core,0,0.055971492,0,0,0,1,1
assertj-core,0,0.024927264,0,0,0,0,0
assertj-core,0,0.0018240069,0,0,0,0,0
assertj-core,0,0.051488046,0,0,0,1,1
assertj-core,0,0.024735281,0,0,0,0,0
assertj-core,0,0.0017051549,0,0,0,0,0
assertj-core,0,0.051488046,0,0,0,1,1
assertj-core,0,0.009294404,0,0,0,0,0
assertj-core,0,0.0010607889,0,0,0,0,0
assertj-core,0,0.015611359,0,0,0,0,0
assertj-core,0,0.0011834387,0,0,0,0,0
assertj-core,0,0.011172419,0,0,0,0,0
assertj-core,0,0.00094135903,0,0,0,0,0
assertj-core,0,0.0012218399,0,0,0,0,0
assertj-core,0,0.0028851384,0,0,0,0,0
assertj-core,0,0.0012218399,0,0,0,0,0
assertj-core,0,0.0033468192,0,0,0,0,0
assertj-core,0,0.051799577,0,0,0,1,1
assertj-core,0,0.00093799713,0,0,0,0,0
assertj-core,0,0.01070769,0,0,0,0,0
assertj-core,0,0.0063928654,0,0,0,0,0
assertj-core,0,0.005648027,0,0,0,0,0
assertj-core,0,0.0010706307,0,0,0,0,0
assertj-core,0,0.051799577,0,0,0,1,1
assertj-core,0,0.009294404,0,0,0,0,0
assertj-core,0,0.009282649,0,0,0,0,0
assertj-core,0,0.051799577,0,0,0,1,1
assertj-core,0,0.026369903,0,0,0,0,0
assertj-core,0,0.0023632622,0,0,0,0,0
assertj-core,0,0.053429384,0,0,0,1,1
assertj-core,0,0.0030245492,0,0,0,0,0
assertj-core,0,0.003242781,0,0,0,0,0
assertj-core,0,0.010262531,0,0,0,0,0
assertj-core,0,0.0023157794,0,0,0,0,0
assertj-core,0,0.0030245492,0,0,0,0,0
assertj-core,0,0.002258914,0,0,0,0,0
assertj-core,0,0.050786342,0,0,0,1,0
assertj-core,0,0.001077946,0,0,0,0,0
assertj-core,0,0.0051990217,0,0,0,0,0
assertj-core,0,0.015611359,0,0,0,0,0
assertj-core,0,0.0011357443,0,0,0,0,0
assertj-core,0,0.0013756637,0,0,0,0,0
assertj-core,0,0.0010607889,0,0,0,0,0
assertj-core,0,0.009589678,0,0,0,0,0
assertj-core,0,0.0011136832,0,0,0,0,0
assertj-core,0,0.0018040119,0,0,0,0,0
assertj-core,0,0.003941206,0,0,0,0,0
assertj-core,0,0.009071782,0,0,0,0,0
assertj-core,0,0.0010009244,0,0,0,0,0
assertj-core,0,0.005024801,0,0,0,0,0
assertj-core,0,0.013629589,0,0,0,0,0
assertj-core,0,0.04507862,0,0,0,1,0
assertj-core,0,0.0010607889,0,0,0,0,0
assertj-core,0,0.004518801,0,0,0,0,0
assertj-core,0,0.004514955,0,0,0,0,0
assertj-core,0,0.06654401,0,0,0,1,1
assertj-core,0,0.0019004117,0,0,0,0,0
assertj-core,0,0.012206424,0,0,0,0,0
assertj-core,0,0.002840051,0,0,0,0,0
assertj-core,0,0.001036497,0,0,0,0,0
assertj-core,0,0.06848243,0,0,0,1,1
assertj-core,0,0.005762727,0,0,0,0,0
assertj-core,0,0.012206424,0,0,0,0,0
assertj-core,0,0.00094135903,0,0,0,0,0
assertj-core,0,0.0012218399,0,0,0,0,0
assertj-core,0,0.0012827537,0,0,0,0,0
assertj-core,0,0.0012218399,0,0,0,0,0
assertj-core,0,0.0013756637,0,0,0,0,0
assertj-core,0,0.0010628048,0,0,0,0,0
assertj-core,0,0.015596139,0,0,0,0,0
assertj-core,0,0.012206424,0,0,0,0,0
assertj-core,0,0.054345906,0,0,0,1,1
assertj-core,0,0.0015853196,0,0,0,0,0
assertj-core,0,0.0010881807,0,0,0,0,0
assertj-core,0,0.0010881807,0,0,0,0,0
assertj-core,0,0.002840051,0,0,0,0,0
assertj-core,0,0.075304314,0,0,0,1,1
assertj-core,0,0.009064566,0,0,0,0,0
assertj-core,0,0.0009632536,0,0,0,0,0
assertj-core,0,0.0011791297,0,0,0,0,0
assertj-core,0,0.001083514,0,0,0,0,0
assertj-core,0,0.0012512971,0,0,0,0,0
assertj-core,0,0.059776373,0,0,0,1,1
assertj-core,0,0.0009758845,0,0,0,0,0
assertj-core,0,0.0009535345,0,0,0,0,0
assertj-core,0,0.0011136832,0,0,0,0,0
assertj-core,0,0.015089692,0,0,0,0,0
assertj-core,0,0.0013900144,0,0,0,0,0
assertj-core,0,0.0005669181,0,0,0,0,0
assertj-core,0,0.0011911244,0,0,0,0,0
assertj-core,0,0.05241354,0,0,0,1,1
assertj-core,0,0.0011510103,0,0,0,0,0
assertj-core,0,0.0011510103,0,0,0,0,0
assertj-core,0,0.059776373,0,0,0,1,1
assertj-core,0,0.0014258513,0,0,0,0,0
assertj-core,0,0.0012827537,0,0,0,0,0
assertj-core,0,0.013829269,0,0,0,0,0
assertj-core,0,0.0111526875,0,0,0,0,0
assertj-core,0,0.003207675,0,0,0,0,0
assertj-core,0,0.05241354,0,0,0,1,1
assertj-core,0,0.0009758845,0,0,0,0,0
assertj-core,0,0.051198624,0,0,0,1,0
assertj-core,0,0.0010607889,0,0,0,0,0
assertj-core,0,0.0005123705,0,0,0,0,0
assertj-core,0,0.012505,0,0,0,0,0
assertj-core,0,0.003864371,0,0,0,0,0
assertj-core,0,0.003864371,0,0,0,0,0
assertj-core,0,0.0010255518,0,0,0,0,0
assertj-core,0,0.012206424,0,0,0,0,0
assertj-core,0,0.054345906,0,0,0,1,1
assertj-core,0,0.003407031,0,0,0,0,0
assertj-core,0,0.00485638,0,0,0,0,0
assertj-core,0,0.0116197765,0,0,0,0,0
assertj-core,0,0.010282215,0,0,0,0,0
assertj-core,0,0.05241354,0,0,0,1,1
assertj-core,0,0.0014258513,0,0,0,0,0
assertj-core,0,0.002685347,0,0,0,0,0
assertj-core,0,0.0010532447,0,0,0,0,0
assertj-core,0,0.014325626,0,0,0,0,0
assertj-core,0,0.0010532447,0,0,0,0,0
assertj-core,0,0.051488046,0,0,0,1,1
assertj-core,0,0.0036232893,0,0,0,0,0
assertj-core,0,0.0012095988,0,0,0,0,0
assertj-core,0,0.0010881807,0,0,0,0,0
assertj-core,0,0.012505,0,0,0,0,0
assertj-core,0,0.0037084525,0,0,0,0,0
assertj-core,0,0.009282649,0,0,0,0,0
assertj-core,0,0.0010009244,0,0,0,0,0
assertj-core,0,0.05241354,0,0,0,1,1
assertj-core,0,0.001036497,0,0,0,0,0
assertj-core,0,0.001036497,0,0,0,0,0
assertj-core,0,0.0012095988,0,0,0,0,0
assertj-core,0,0.059776373,0,0,0,1,1
assertj-core,0,0.0010617181,0,0,0,0,0
assertj-core,0,0.0019004117,0,0,0,0,0
assertj-core,0,0.014325626,0,0,0,0,0
assertj-core,0,0.0014464092,0,0,0,0,0
assertj-core,0,0.0010881807,0,0,0,0,0
assertj-core,0,0.00072848523,0,0,0,0,0
assertj-core,0,0.00092054426,0,0,0,0,0
assertj-core,0,0.00092054426,0,0,0,0,0
assertj-core,0,0.00052662037,0,0,0,0,0
assertj-core,0,0.00052662037,0,0,0,0,0
assertj-core,0,0.05244903,0,0,0,1,1
assertj-core,0,0.002041551,0,0,0,0,0
assertj-core,0,0.00072848523,0,0,0,0,0
assertj-core,0,0.00072848523,0,0,0,0,0
assertj-core,0,0.03062124,0,0,0,0,0
assertj-core,0,0.003653717,0,0,0,0,0
assertj-core,0,0.011634364,0,0,0,0,0
assertj-core,0,0.0005958879,0,0,0,0,0
assertj-core,0,0.0008788904,0,0,0,0,0
assertj-core,0,0.0041644443,0,0,0,0,0
assertj-core,0,0.00064497767,0,0,0,0,0
assertj-core,0,0.00075274246,0,0,0,0,0
assertj-core,0,0.0010253857,0,0,0,0,0
assertj-core,0,0.0075584142,0,0,0,0,0
assertj-core,0,0.0032054728,0,0,0,0,0
assertj-core,0,0.0011280735,0,0,0,0,0
assertj-core,0,0.0014722764,0,0,0,0,0
assertj-core,0,0.010208317,0,0,0,0,0
assertj-core,0,0.03416691,0,0,0,0,0
assertj-core,0,0.003107178,0,0,0,0,0
assertj-core,0,0.002610792,0,0,0,0,0
assertj-core,0,0.011621399,0,0,0,0,0
assertj-core,0,0.0028884355,0,0,0,0,0
assertj-core,0,0.014101111,0,0,0,0,0
assertj-core,0,0.0032125148,0,0,0,0,0
assertj-core,0,0.0057616774,0,0,0,0,0
assertj-core,0,0.020572504,0,0,0,0,0
assertj-core,0,0.006326538,0,0,0,0,0
assertj-core,0,0.0031970034,0,0,0,0,0
assertj-core,0,0.0074742823,0,0,0,0,0
assertj-core,0,0.002231447,0,0,0,0,0
assertj-core,0,0.012505,0,0,0,0,0
assertj-core,0,0.0036639764,0,0,0,0,0
assertj-core,0,0.002231447,0,0,0,0,0
assertj-core,0,0.001431282,0,0,0,0,0
assertj-core,0,0.009071782,0,0,0,0,0
assertj-core,0,0.0010373318,0,0,0,0,0
assertj-core,0,0.0005123705,0,0,0,0,0
assertj-core,0,0.0009880606,0,0,0,0,0
assertj-core,0,0.04180113,0,0,0,1,0
assertj-core,0,0.0015375043,0,0,0,0,0
assertj-core,0,0.015276012,0,0,0,0,0
assertj-core,0,0.005024801,0,0,0,0,0
assertj-core,0,0.009282649,0,0,0,0,0
assertj-core,0,0.0011634479,0,0,0,0,0
assertj-core,0,0.0009880606,0,0,0,0,0
assertj-core,0,0.0009880606,0,0,0,0,0
assertj-core,0,0.040077597,0,0,0,1,0
assertj-core,0,0.0027075626,0,0,0,0,0
assertj-core,0,0.001414853,0,0,0,0,0
assertj-core,0,0.009295563,0,0,0,0,0
assertj-core,0,0.0129164355,0,0,0,0,0
assertj-core,0,0.0016419283,0,0,0,0,0
assertj-core,0,0.049890436,0,0,0,1,0
assertj-core,0,0.0010963806,0,0,0,0,0
assertj-core,0,0.06550672,0,0,0,1,1
assertj-core,0,0.0045969235,0,0,0,0,0
assertj-core,0,0.0012690815,0,0,0,0,0
assertj-core,0,0.004852043,0,0,0,0,0
assertj-core,0,0.0012690815,0,0,0,0,0
assertj-core,0,0.00617053,0,0,0,0,0
assertj-core,0,0.0008772024,0,0,0,0,0
assertj-core,0,0.001036497,0,0,0,0,0
assertj-core,0,0.001414853,0,0,0,0,0
assertj-core,0,0.0815852,0,0,0,1,1
assertj-core,0,0.0050151977,0,0,0,0,0
assertj-core,0,0.005024801,0,0,0,0,0
assertj-core,0,0.0032420594,0,0,0,0,0
assertj-core,0,0.0011634479,0,0,0,0,0
assertj-core,0,0.0010963806,0,0,0,0,0
assertj-core,0,0.0015364229,0,0,0,0,0
assertj-core,0,0.00089802535,0,0,0,0,0
assertj-core,0,0.0063013723,0,0,0,0,0
assertj-core,0,0.00095998374,0,0,0,0,0
assertj-core,0,0.015596139,0,0,0,0,0
assertj-core,0,0.007351291,0,0,0,0,0
assertj-core,0,0.051488046,0,0,0,1,1
assertj-core,0,0.0009880606,0,0,0,0,0
assertj-core,0,0.0005123705,0,0,0,0,0
assertj-core,0,0.00371485,0,0,0,0,0
assertj-core,0,0.008953588,0,0,0,0,0
assertj-core,0,0.0010617181,0,0,0,0,0
assertj-core,0,0.021668615,0,0,0,0,0
assertj-core,0,0.0015230312,0,0,0,0,0
assertj-core,0,0.0015607779,0,0,0,0,0
assertj-core,0,0.0015710914,0,0,0,0,0
assertj-core,0,0.0038660895,0,0,0,0,0
assertj-core,0,0.007903582,0,0,0,0,0
assertj-core,0,0.042022448,0,0,0,1,0
assertj-core,0,0.001414853,0,0,0,0,0
assertj-core,0,0.0021275815,0,0,0,0,0
assertj-core,0,0.021147754,0,0,0,0,0
assertj-core,0,0.0015915758,0,0,0,0,0
assertj-core,0,0.009801141,0,0,0,0,0
assertj-core,0,0.04014732,0,0,0,1,0
assertj-core,0,0.0015915758,0,0,0,0,0
assertj-core,0,0.0018522923,0,0,0,0,0
assertj-core,0,0.013107663,0,0,0,0,0
assertj-core,0,0.012505,0,0,0,0,0
assertj-core,0,0.007351291,0,0,0,0,0
assertj-core,0,0.051488046,0,0,0,1,1
assertj-core,0,0.0014159535,0,0,0,0,0
assertj-core,0,0.0009654321,0,0,0,0,0
assertj-core,0,0.0026456586,0,0,0,0,0
assertj-core,0,0.0011273522,0,0,0,0,0
assertj-core,0,0.0129164355,0,0,0,0,0
assertj-core,0,0.04427659,0,0,0,1,0
assertj-core,0,0.0009654321,0,0,0,0,0
assertj-core,0,0.00044388376,0,0,0,0,0
assertj-core,0,0.0010383703,0,0,0,0,0
assertj-core,0,0.0098298285,0,0,0,0,0
assertj-core,0,0.0036412384,0,0,0,0,0
assertj-core,0,0.0029978997,0,0,0,0,0
assertj-core,0,0.008380588,0,0,0,0,0
assertj-core,0,0.0015915758,0,0,0,0,0
assertj-core,0,0.0060433275,0,0,0,0,0
assertj-core,0,0.0095298635,0,0,0,0,0
assertj-core,0,0.0015915758,0,0,0,0,0
assertj-core,0,0.0010135754,0,0,0,0,0
assertj-core,0,0.00082388014,0,0,0,0,0
assertj-core,0,0.036149345,0,0,0,0,0
assertj-core,0,0.002310738,0,0,0,0,0
assertj-core,0,0.045864105,0,0,0,1,0
assertj-core,0,0.004162503,0,0,0,0,0
assertj-core,0,0.005629929,0,0,0,0,0
assertj-core,0,0.0024397539,0,0,0,0,0
assertj-core,0,0.0024397539,0,0,0,0,0
assertj-core,0,0.007985478,0,0,0,0,0
assertj-core,0,0.008337954,0,0,0,0,0
assertj-core,0,0.0024397539,0,0,0,0,0
assertj-core,0,0.0038252508,0,0,0,0,0
assertj-core,0,0.0015343057,0,0,0,0,0
assertj-core,0,0.004152537,0,0,0,0,0
assertj-core,0,0.008024693,0,0,0,0,0
assertj-core,0,0.056498725,0,0,0,1,1
assertj-core,0,0.0010999322,0,0,0,0,0
assertj-core,0,0.006314388,0,0,0,0,0
assertj-core,0,0.001949339,0,0,0,0,0
assertj-core,0,0.078296274,0,0,0,1,1
assertj-core,0,0.0028975203,0,0,0,0,0
assertj-core,0,0.0013487154,0,0,0,0,0
assertj-core,0,0.0013576294,0,0,0,0,0
assertj-core,0,0.03995753,0,0,0,0,0
assertj-core,0,0.020985283,0,0,0,0,0
assertj-core,0,0.0013176316,0,0,0,0,0
assertj-core,0,0.060041346,0,0,0,1,1
assertj-core,0,0.016437627,0,0,0,0,0
assertj-core,0,0.002802623,0,0,0,0,0
assertj-core,0,0.055250976,0,0,0,1,1
assertj-core,0,0.022709405,0,0,0,0,0
assertj-core,0,0.0016656051,0,0,0,0,0
assertj-core,0,0.059776373,0,0,0,1,1
assertj-core,0,0.008953588,0,0,0,0,0
assertj-core,0,0.021090029,0,0,0,0,0
assertj-core,0,0.0047967215,0,0,0,0,0
assertj-core,0,0.0019420645,0,0,0,0,0
assertj-core,0,0.0019420645,0,0,0,0,0
assertj-core,0,0.051488046,0,0,0,1,1
assertj-core,0,0.007665327,0,0,0,0,0
assertj-core,0,0.016295154,0,0,0,0,0
assertj-core,0,0.0010617281,0,0,0,0,0
assertj-core,0,0.0073224213,0,0,0,0,0
assertj-core,0,0.008077748,0,0,0,0,0
assertj-core,0,0.0033113807,0,0,0,0,0
assertj-core,0,0.012505,0,0,0,0,0
assertj-core,0,0.008953588,0,0,0,0,0
assertj-core,0,0.00096678047,0,0,0,0,0
assertj-core,0,0.001437548,0,0,0,0,0
assertj-core,0,0.0015623033,0,0,0,0,0
assertj-core,0,0.00567564,0,0,0,0,0
assertj-core,0,0.004145334,0,0,0,0,0
assertj-core,0,0.04200513,0,0,0,1,0
assertj-core,0,0.0014069376,0,0,0,0,0
assertj-core,0,0.015276012,0,0,0,0,0
assertj-core,0,0.0014164492,0,0,0,0,0
assertj-core,0,0.008953588,0,0,0,0,0
assertj-core,0,0.0012276535,0,0,0,0,0
assertj-core,0,0.0009654321,0,0,0,0,0
assertj-core,0,0.040423702,0,0,0,1,0
assertj-core,0,0.0018522923,0,0,0,0,0
assertj-core,0,0.0027821525,0,0,0,0,0
assertj-core,0,0.0042015617,0,0,0,0,0
assertj-core,0,0.06349559,0,0,0,1,1
assertj-core,0,0.014275418,0,0,0,0,0
assertj-core,0,0.00094135903,0,0,0,0,0
assertj-core,0,0.0009654321,0,0,0,0,0
assertj-core,0,0.0010135754,0,0,0,0,0
assertj-core,0,0.018870022,0,0,0,0,0
assertj-core,0,0.002441212,0,0,0,0,0
assertj-core,0,0.0017287015,0,0,0,0,0
assertj-core,0,0.0017287015,0,0,0,0,0
assertj-core,0,0.030998882,0,0,0,0,0
assertj-core,0,0.0026876696,0,0,0,0,0
assertj-core,0,0.0013493558,0,0,0,0,0
assertj-core,0,0.0129164355,0,0,0,0,0
assertj-core,0,0.014275418,0,0,0,0,0
assertj-core,0,0.0037132245,0,0,0,0,0
assertj-core,0,0.045501404,0,0,0,1,0
assertj-core,0,0.0010374137,0,0,0,0,0
assertj-core,0,0.003047186,0,0,0,0,0
assertj-core,0,0.014539684,0,0,0,0,0
assertj-core,0,0.0093676485,0,0,0,0,0
assertj-core,0,0.0013361246,0,0,0,0,0
assertj-core,0,0.0013531954,0,0,0,0,0
assertj-core,0,0.009180291,0,0,0,0,0
assertj-core,0,0.0013361246,0,0,0,0,0
assertj-core,0,0.00023258835,0,0,0,0,0
assertj-core,0,0.06303059,0,0,0,1,1
assertj-core,0,0.017369267,0,0,0,0,0
assertj-core,0,0.002325415,0,0,0,0,0
assertj-core,0,0.0040702308,0,0,0,0,0
assertj-core,0,0.003710613,0,0,0,0,0
assertj-core,0,0.00028952086,0,0,0,0,0
assertj-core,0,0.0568889,0,0,0,1,1
assertj-core,0,0.015921364,0,0,0,0,0
assertj-core,0,0.00195764,0,0,0,0,0
assertj-core,0,0.010638268,0,0,0,0,0
assertj-core,0,0.00063533505,0,0,0,0,0
assertj-core,0,0.05041392,0,0,0,1,0
assertj-core,0,0.001505871,0,0,0,0,0
assertj-core,0,0.015360213,0,0,0,0,0
assertj-core,0,0.009282649,0,0,0,0,0
assertj-core,0,0.06303059,0,0,0,1,1
assertj-core,0,0.05714343,0,0,0,1,1
assertj-core,0,0.006328107,0,0,0,0,0
assertj-core,0,0.00023618154,0,0,0,0,0
assertj-core,0,0.01188301,0,0,0,0,0
assertj-core,0,0.056424063,0,0,0,1,1
assertj-core,0,0.00043098623,0,0,0,0,0
assertj-core,0,0.015538547,0,0,0,0,0
assertj-core,0,0.062655985,0,0,0,1,1
assertj-core,0,0.00022319132,0,0,0,0,0
assertj-core,0,0.015538547,0,0,0,0,0
assertj-core,0,0.062655985,0,0,0,1,1
assertj-core,0,0.00023618154,0,0,0,0,0
assertj-core,0,0.017158365,0,0,0,0,0
assertj-core,0,0.002342633,0,0,0,0,0
assertj-core,0,0.0037506053,0,0,0,0,0
assertj-core,0,0.0010817158,0,0,0,0,0
assertj-core,0,0.0014218573,0,0,0,0,0
assertj-core,0,0.061812,0,0,0,1,1
assertj-core,0,0.017158365,0,0,0,0,0
assertj-core,0,0.0010662905,0,0,0,0,0
assertj-core,0,0.003620908,0,0,0,0,0
assertj-core,0,0.0015674239,0,0,0,0,0
assertj-core,0,0.00052183995,0,0,0,0,0
assertj-core,0,0.06598616,0,0,0,1,1
assertj-core,0,0.0005686984,0,0,0,0,0
assertj-core,0,0.011863474,0,0,0,0,0
assertj-core,0,0.0005556687,0,0,0,0,0
assertj-core,0,0.0005686984,0,0,0,0,0
assertj-core,0,0.0005304795,0,0,0,0,0
assertj-core,0,0.00073400326,0,0,0,0,0
assertj-core,0,0.00073400326,0,0,0,0,0
assertj-core,0,0.0038590827,0,0,0,0,0
assertj-core,0,0.0005304795,0,0,0,0,0
assertj-core,0,0.01270794,0,0,0,0,0
assertj-core,0,0.0031777476,0,0,0,0,0
assertj-core,0,0.0007228419,0,0,0,0,0
assertj-core,0,0.00071719027,0,0,0,0,0
assertj-core,0,0.0011498245,0,0,0,0,0
assertj-core,0,0.0016839578,0,0,0,0,0
assertj-core,0,0.00053381396,0,0,0,0,0
assertj-core,0,0.00073400326,0,0,0,0,0
assertj-core,0,0.0071500563,0,0,0,0,0
assertj-core,0,0.00071719027,0,0,0,0,0
assertj-core,0,0.00071719027,0,0,0,0,0
assertj-core,0,0.0032005857,0,0,0,0,0
assertj-core,0,0.0011691694,0,0,0,0,0
assertj-core,0,0.001164388,0,0,0,0,0
assertj-core,0,0.0032413048,0,0,0,0,0
assertj-core,0,0.0035926225,0,0,0,0,0
assertj-core,0,0.0010633578,0,0,0,0,0
assertj-core,0,0.002292569,0,0,0,0,0
assertj-core,0,0.0016994533,0,0,0,0,0
assertj-core,0,0.0046754074,0,0,0,0,0
assertj-core,0,0.0005523271,0,0,0,0,0
assertj-core,0,0.00061484275,0,0,0,0,0
assertj-core,0,0.00077112345,0,0,0,0,0
assertj-core,0,0.0018194234,0,0,0,0,0
assertj-core,0,0.0032049853,0,0,0,0,0
assertj-core,0,0.00068942754,0,0,0,0,0
assertj-core,0,0.0005011105,0,0,0,0,0
assertj-core,0,0.006311702,0,0,0,0,0
assertj-core,0,0.0011243942,0,0,0,0,0
assertj-core,0,0.005327602,0,0,0,0,0
assertj-core,0,0.003638999,0,0,0,0,0
assertj-core,0,0.0049420805,0,0,0,0,0
assertj-core,0,0.001141749,0,0,0,0,0
assertj-core,0,0.001141749,0,0,0,0,0
assertj-core,0,0.0060691684,0,0,0,0,0
assertj-core,0,0.00280396,0,0,0,0,0
assertj-core,0,0.0024544518,0,0,0,0,0
assertj-core,0,0.0015657531,0,0,0,0,0
assertj-core,0,0.00068942754,0,0,0,0,0
assertj-core,0,0.00058882707,0,0,0,0,0
assertj-core,0,0.0034766411,0,0,0,0,0
assertj-core,0,0.0006075855,0,0,0,0,0
assertj-core,0,0.005633146,0,0,0,0,0
assertj-core,0,0.0012917547,0,0,0,0,0
assertj-core,0,0.0012408633,0,0,0,0,0
assertj-core,0,0.00046524385,0,0,0,0,0
assertj-core,0,0.00056397816,0,0,0,0,0
assertj-core,0,0.0033833296,0,0,0,0,0
assertj-core,0,0.0004280397,0,0,0,0,0
assertj-core,0,0.0004458408,0,0,0,0,0
assertj-core,0,0.0025219305,0,0,0,0,0
assertj-core,0,0.00091161433,0,0,0,0,0
assertj-core,0,0.00091161433,0,0,0,0,0
assertj-core,0,0.0026215904,0,0,0,0,0
assertj-core,0,0.007316206,0,0,0,0,0
assertj-core,0,0.009172409,0,0,0,0,0
assertj-core,0,0.017648341,0,0,0,0,0
assertj-core,0,0.00056178175,0,0,0,0,0
assertj-core,0,0.0063511156,0,0,0,0,0
assertj-core,0,0.0009406436,0,0,0,0,0
assertj-core,0,0.0011243942,0,0,0,0,0
assertj-core,0,0.016034178,0,0,0,0,0
assertj-core,0,0.00061416044,0,0,0,0,0
assertj-core,0,0.0008924136,0,0,0,0,0
assertj-core,0,0.0076216618,0,0,0,0,0
assertj-core,0,0.0008003925,0,0,0,0,0
assertj-core,0,0.004775304,0,0,0,0,0
assertj-core,0,0.0021371972,0,0,0,0,0
assertj-core,0,0.004775304,0,0,0,0,0
assertj-core,0,0.0008749598,0,0,0,0,0
assertj-core,0,0.0008003925,0,0,0,0,0
assertj-core,0,0.0103103295,0,0,0,0,0
assertj-core,0,0.001141749,0,0,0,0,0
assertj-core,0,0.002715703,0,0,0,0,0
assertj-core,0,0.0103103295,0,0,0,0,0
assertj-core,0,0.020043232,0,0,0,0,0
assertj-core,0,0.0006075855,0,0,0,0,0
assertj-core,0,0.0029754909,0,0,0,0,0
assertj-core,0,0.004029702,0,0,0,0,0
assertj-core,0,0.005860294,0,0,0,0,0
assertj-core,0,0.0047952556,0,0,0,0,0
assertj-core,0,0.005860294,0,0,0,0,0
assertj-core,0,0.0047952556,0,0,0,0,0
assertj-core,0,0.005860294,0,0,0,0,0
assertj-core,0,0.0047952556,0,0,0,0,0
assertj-core,0,0.005860294,0,0,0,0,0
assertj-core,0,0.0064901453,0,0,0,0,0
assertj-core,0,0.00091161433,0,0,0,0,0
assertj-core,0,0.0103103295,0,0,0,0,0
assertj-core,0,0.0060210014,0,0,0,0,0
assertj-core,0,0.0009965332,0,0,0,0,0
assertj-core,0,0.0083430335,0,0,0,0,0
assertj-core,0,0.0038761564,0,0,0,0,0
assertj-core,0,0.001141749,0,0,0,0,0
assertj-core,0,0.0047952556,0,0,0,0,0
assertj-core,0,0.006311702,0,0,0,0,0
assertj-core,0,0.01982923,0,0,0,0,0
assertj-core,0,0.0006075855,0,0,0,0,0
assertj-core,0,0.0029754909,0,0,0,0,0
assertj-core,0,0.0036840984,0,0,0,0,0
assertj-core,0,0.0023508866,0,0,0,0,0
assertj-core,0,0.003922796,0,0,0,0,0
assertj-core,0,0.001141749,0,0,0,0,0
assertj-core,0,0.0047952556,0,0,0,0,0
assertj-core,0,0.005860294,0,0,0,0,0
assertj-core,0,0.012470459,0,0,0,0,0
assertj-core,0,0.0015254689,0,0,0,0,0
assertj-core,0,0.008817082,0,0,0,0,0
assertj-core,0,0.01019345,0,0,0,0,0
assertj-core,0,0.00058939244,0,0,0,0,0
assertj-core,0,0.09464616,0,0,0,1,1
assertj-core,0,0.062236015,0,0,0,1,1
assertj-core,0,0.02231954,0,0,0,0,0
assertj-core,0,0.01637503,0,0,0,0,0
assertj-core,0,0.0043648263,0,0,0,0,0
assertj-core,0,0.014559456,0,0,0,0,0
assertj-core,0,0.0015148008,0,0,0,0,0
assertj-core,0,0.0015148008,0,0,0,0,0
assertj-core,0,0.0015048562,0,0,0,0,0
assertj-core,0,0.025119998,0,0,0,0,0
assertj-core,0,0.0015148008,0,0,0,0,0
assertj-core,0,0.0027100386,0,0,0,0,0
assertj-core,0,0.007438653,0,0,0,0,0
assertj-core,0,0.01420301,0,0,0,0,0
assertj-core,0,0.00053879846,0,0,0,0,0
assertj-core,0,0.019335536,0,0,0,0,0
assertj-core,0,0.0065671974,0,0,0,0,0
assertj-core,0,0.005049871,0,0,0,0,0
assertj-core,0,0.019335536,0,0,0,0,0
assertj-core,0,0.017833013,0,0,0,0,0
assertj-core,0,0.019335536,0,0,0,0,0
assertj-core,0,0.028328154,0,0,0,0,0
assertj-core,0,0.024003217,0,0,0,0,0
assertj-core,0,0.0028848448,0,0,0,0,0
assertj-core,0,0.00036185092,0,0,0,0,0
assertj-core,0,0.0071043884,0,0,0,0,0
assertj-core,0,0.013051823,0,0,0,0,0
assertj-core,0,0.0074652564,0,0,0,0,0
assertj-core,0,0.0024445923,0,0,0,0,0
assertj-core,0,0.024843086,0,0,0,0,0
assertj-core,0,0.011275255,0,0,0,0,0
assertj-core,0,0.031452443,0,0,0,0,0
assertj-core,0,0.011922962,0,0,0,0,0
assertj-core,0,0.0014335602,0,0,0,0,0
assertj-core,0,0.00035944508,0,0,0,0,0
assertj-core,0,0.02860371,0,0,0,0,0
assertj-core,0,0.008727195,0,0,0,0,0
assertj-core,0,0.0012829474,0,0,0,0,0
assertj-core,0,0.0012922223,0,0,0,0,0
assertj-core,0,0.0051170196,0,0,0,0,0
assertj-core,0,0.0030944676,0,0,0,0,0
assertj-core,0,0.02474913,0,0,0,0,0
assertj-core,0,0.0013694728,0,0,0,0,0
assertj-core,0,0.0056035067,0,0,0,0,0
assertj-core,0,0.00047764508,0,0,0,0,0
assertj-core,0,0.0005762945,0,0,0,0,0
assertj-core,0,0.00046481058,0,0,0,0,0
assertj-core,0,0.00047764508,0,0,0,0,0
assertj-core,0,0.0010407934,0,0,0,0,0
assertj-core,0,0.004779439,0,0,0,0,0
assertj-core,0,0.016734116,0,0,0,0,0
assertj-core,0,0.012441033,0,0,0,0,0
assertj-core,0,0.008617551,0,0,0,0,0
assertj-core,0,0.00044525258,0,0,0,0,0
assertj-core,0,0.0003965943,0,0,0,0,0
assertj-core,0,0.0006409486,0,0,0,0,0
assertj-core,0,0.0017122321,0,0,0,0,0
assertj-core,0,0.0078476835,0,0,0,0,0
assertj-core,0,0.0005845521,0,0,0,0,0
assertj-core,0,0.02753003,0,0,0,0,0
assertj-core,0,0.012703072,0,0,0,0,0
assertj-core,0,0.00683457,0,0,0,0,0
assertj-core,0,0.01688495,0,0,0,0,0
assertj-core,0,0.034005545,0,0,0,0,0
assertj-core,0,0.00094316044,0,0,0,0,0
assertj-core,0,0.00061825983,0,0,0,0,0
assertj-core,0,0.0014488774,0,0,0,0,0
assertj-core,0,0.0019190018,0,0,0,0,0
assertj-core,0,0.0007447217,0,0,0,0,0
assertj-core,0,0.0126396045,0,0,0,0,0
assertj-core,0,0.0019619782,0,0,0,0,0
assertj-core,0,0.0008924136,0,0,0,0,0
assertj-core,0,0.0008648714,0,0,0,0,0
assertj-core,0,0.007059074,0,0,0,0,0
assertj-core,0,0.00068231166,0,0,0,0,0
assertj-core,0,0.001141749,0,0,0,0,0
assertj-core,0,0.075064294,0,0,0,1,1
assertj-core,0,0.007916577,0,0,0,0,0
assertj-core,0,0.004572872,0,0,0,0,0
assertj-core,0,0.015660098,0,0,0,0,0
assertj-core,0,0.018959356,0,0,0,0,0
assertj-core,0,0.021468047,0,0,0,0,0
assertj-core,0,0.008384092,0,0,0,0,0
assertj-core,0,0.0051167742,0,0,0,0,0
assertj-core,0,0.009641344,0,0,0,0,0
assertj-core,0,0.000930032,0,0,0,0,0
assertj-core,0,0.00091161433,0,0,0,0,0
assertj-core,0,0.02105224,0,0,0,0,0
assertj-core,0,0.0075759003,0,0,0,0,0
assertj-core,0,0.0013261662,0,0,0,0,0
assertj-core,0,0.0103667285,0,0,0,0,0
assertj-core,0,0.010252036,0,0,0,0,0
assertj-core,0,0.0008648714,0,0,0,0,0
assertj-core,0,0.0013214307,0,0,0,0,0
assertj-core,0,0.00080974936,0,0,0,0,0
assertj-core,0,0.012282163,0,0,0,0,0
assertj-core,0,0.0007826516,0,0,0,0,0
assertj-core,0,0.002637114,0,0,0,0,0
assertj-core,0,0.0011243942,0,0,0,0,0
assertj-core,0,0.001141749,0,0,0,0,0
assertj-core,0,0.0208039,0,0,0,0,0
assertj-core,0,0.021045111,0,0,0,0,0
assertj-core,0,0.040126834,0,0,0,1,0
assertj-core,0,0.0017879657,0,0,0,0,0
assertj-core,0,0.040126834,0,0,0,1,0
assertj-core,0,0.0033768353,0,0,0,0,0
assertj-core,0,0.0011243942,0,0,0,0,0
assertj-core,0,0.0005096882,0,0,0,0,0
assertj-core,0,0.0005096882,0,0,0,0,0
assertj-core,0,0.0003461465,0,0,0,0,0
assertj-core,0,0.00031663215,0,0,0,0,0
assertj-core,0,0.00048576106,0,0,0,0,0
assertj-core,0,0.05514936,0,0,0,1,1
assertj-core,0,0.00042896016,0,0,0,0,0
assertj-core,0,0.001141749,0,0,0,0,0
assertj-core,0,0.011423113,0,0,0,0,0
assertj-core,0,0.0007852273,0,0,0,0,0
assertj-core,0,0.010287262,0,0,0,0,0
assertj-core,0,0.0007852273,0,0,0,0,0
assertj-core,0,0.025413338,0,0,0,0,0
assertj-core,0,0.0013342261,0,0,0,0,0
assertj-core,0,0.0011763715,0,0,0,0,0
assertj-core,0,0.001494216,0,0,0,0,0
assertj-core,0,0.016520202,0,0,0,0,0
assertj-core,0,0.00068942754,0,0,0,0,0
assertj-core,0,0.0006276799,0,0,0,0,0
assertj-core,0,0.011799035,0,0,0,0,0
assertj-core,0,0.0031439343,0,0,0,0,0
assertj-core,0,0.011776572,0,0,0,0,0
assertj-core,0,0.0029047495,0,0,0,0,0
assertj-core,0,0.020568129,0,0,0,0,0
assertj-core,0,0.0034137408,0,0,0,0,0
assertj-core,0,0.0029047495,0,0,0,0,0
assertj-core,0,0.009697896,0,0,0,0,0
assertj-core,0,0.0040090024,0,0,0,0,0
assertj-core,0,0.0031439343,0,0,0,0,0
assertj-core,0,0.009295699,0,0,0,0,0
assertj-core,0,0.004013319,0,0,0,0,0
assertj-core,0,0.0030742313,0,0,0,0,0
assertj-core,0,0.015797753,0,0,0,0,0
assertj-core,0,0.005529018,0,0,0,0,0
assertj-core,0,0.036409818,0,0,0,0,0
assertj-core,0,0.0051188283,0,0,0,0,0
assertj-core,0,0.0008210759,0,0,0,0,0
assertj-core,0,0.0008210759,0,0,0,0,0
assertj-core,0,0.00750766,0,0,0,0,0
assertj-core,0,0.03855517,0,0,0,0,0
assertj-core,0,0.0054955594,0,0,0,0,0
assertj-core,0,0.0068856776,0,0,0,0,0
assertj-core,0,0.002416575,0,0,0,0,0
assertj-core,0,0.0009815155,0,0,0,0,0
assertj-core,0,0.023781436,0,0,0,0,0
assertj-core,0,0.00047007456,0,0,0,0,0
assertj-core,0,0.00047007456,0,0,0,0,0
assertj-core,0,0.0010839485,0,0,0,0,0
assertj-core,0,0.01364218,0,0,0,0,0
assertj-core,0,0.0005090146,0,0,0,0,0
assertj-core,0,0.0004007893,0,0,0,0,0
assertj-core,0,0.00047572624,0,0,0,0,0
assertj-core,0,0.011423113,0,0,0,0,0
assertj-core,0,0.005656842,0,0,0,0,0
assertj-core,0,0.0014697157,0,0,0,0,0
assertj-core,0,0.0013384504,0,0,0,0,0
assertj-core,0,0.0030604955,0,0,0,0,0
assertj-core,0,0.0007543654,0,0,0,0,0
assertj-core,0,0.00096037163,0,0,0,0,0
assertj-core,0,0.0005680919,0,0,0,0,0
assertj-core,0,0.005325217,0,0,0,0,0
assertj-core,0,0.00068942754,0,0,0,0,0
assertj-core,0,0.0046984414,0,0,0,0,0
assertj-core,0,0.0006276799,0,0,0,0,0
assertj-core,0,0.0023508866,0,0,0,0,0
assertj-core,0,0.0015657531,0,0,0,0,0
assertj-core,0,0.010080585,0,0,0,0,0
assertj-core,0,0.0011478278,0,0,0,0,0
assertj-core,0,0.0013599731,0,0,0,0,0
assertj-core,0,0.013512017,0,0,0,0,0
assertj-core,0,0.00056955765,0,0,0,0,0
assertj-core,0,0.0028567675,0,0,0,0,0
assertj-core,0,0.001141749,0,0,0,0,0
assertj-core,0,0.0032776447,0,0,0,0,0
assertj-core,0,0.0006276799,0,0,0,0,0
assertj-core,0,0.0050650565,0,0,0,0,0
assertj-core,0,0.019007996,0,0,0,0,0
assertj-core,0,0.011121253,0,0,0,0,0
assertj-core,0,0.10466775,0,0,0,1,1
assertj-core,0,0.0014304876,0,0,0,0,0
assertj-core,0,0.024002017,0,0,0,0,0
assertj-core,0,0.0013914156,0,0,0,0,0
assertj-core,0,0.01699243,0,0,0,0,0
assertj-core,0,0.018127453,0,0,0,0,0
assertj-core,0,0.0006538436,0,0,0,0,0
assertj-core,0,0.0010099299,0,0,0,0,0
assertj-core,0,0.011301461,0,0,0,0,0
assertj-core,0,0.012365009,0,0,0,0,0
assertj-core,0,0.003087889,0,0,0,0,0
